2026-08-16 08:59:35,891 | INFO | در حال بارگذاری رکوردهای موجود از دیتابیس (برای resume-safe بودن)...
2026-08-16 08:59:46,000 | INFO | 236071 رکورد در 10.1 ثانیه بارگذاری شد.
2026-08-16 08:59:46,000 | INFO | شروع پردازش چانک‌ها...
2026-08-16 08:59:46,223 | INFO | چانک 1 | 5267 ردیف | clean: 0.01s | load: 0.12s | جمع کل: 5267 رکورد
2026-08-16 08:59:46,375 | INFO | چانک 2 | 4796 ردیف | clean: 0.00s | load: 0.07s | جمع کل: 10063 رکورد
2026-08-16 08:59:46,512 | INFO | چانک 3 | 4936 ردیف | clean: 0.00s | load: 0.08s | جمع کل: 14999 رکورد
2026-08-16 08:59:46,670 | INFO | چانک 4 | 5027 ردیف | clean: 0.01s | load: 0.08s | جمع کل: 20026 رکورد
2026-08-16 08:59:46,892 | INFO | چانک 5 | 5284 ردیف | clean: 0.00s | load: 0.13s | جمع کل: 25310 رکورد
2026-08-16 08:59:47,052 | INFO | چانک 6 | 5244 ردیف | clean: 0.00s | load: 0.08s | جمع کل: 30554 رکورد
2026-08-16 08:59:47,230 | INFO | چانک 7 | 4958 ردیف | clean: 0.00s | load: 0.11s | جمع کل: 35512 رکورد
2026-08-16 08:59:47,385 | INFO | چانک 8 | 4855 ردیف | clean: 0.00s | load: 0.10s | جمع کل: 40367 رکورد
2026-08-16 08:59:47,543 | INFO | چانک 9 | 4831 ردیف | clean: 0.00s | load: 0.08s | جمع کل: 45198 رکورد
2026-08-16 08:59:47,700 | INFO | چانک 10 | 5710 ردیف | clean: 0.01s | load: 0.09s | جمع کل: 50908 رکورد
2026-08-16 08:59:47,884 | INFO | چانک 11 | 6208 ردیف | clean: 0.01s | load: 0.12s | جمع کل: 57116 رکورد
2026-08-16 08:59:48,065 | INFO | چانک 12 | 5645 ردیف | clean: 0.00s | load: 0.11s | جمع کل: 62761 رکورد
2026-08-16 08:59:48,269 | INFO | چانک 13 | 5809 ردیف | clean: 0.01s | load: 0.12s | جمع کل: 68570 رکورد
2026-08-16 08:59:48,421 | INFO | چانک 14 | 5840 ردیف | clean: 0.01s | load: 0.09s | جمع کل: 74410 رکورد
2026-08-16 08:59:48,589 | INFO | چانک 15 | 5242 ردیف | clean: 0.01s | load: 0.11s | جمع کل: 79652 رکورد
2026-08-16 08:59:48,787 | INFO | چانک 16 | 5689 ردیف | clean: 0.01s | load: 0.11s | جمع کل: 85341 رکورد
2026-08-16 08:59:48,952 | INFO | چانک 17 | 5056 ردیف | clean: 0.01s | load: 0.11s | جمع کل: 90397 رکورد
2026-08-16 08:59:49,112 | INFO | چانک 18 | 4731 ردیف | clean: 0.00s | load: 0.07s | جمع کل: 95128 رکورد
2026-08-16 08:59:49,283 | INFO | چانک 19 | 4771 ردیف | clean: 0.00s | load: 0.11s | جمع کل: 99899 رکورد
2026-08-16 08:59:49,444 | INFO | چانک 20 | 4742 ردیف | clean: 0.00s | load: 0.07s | جمع کل: 104641 رکورد
2026-08-16 08:59:49,585 | INFO | چانک 21 | 5270 ردیف | clean: 0.00s | load: 0.08s | جمع کل: 109911 رکورد
2026-08-16 08:59:49,750 | INFO | چانک 22 | 5142 ردیف | clean: 0.01s | load: 0.08s | جمع کل: 115053 رکورد
2026-08-16 08:59:49,958 | INFO | چانک 23 | 4989 ردیف | clean: 0.01s | load: 0.11s | جمع کل: 120042 رکورد
2026-08-16 08:59:50,091 | INFO | چانک 24 | 4984 ردیف | clean: 0.00s | load: 0.08s | جمع کل: 125026 رکورد
2026-08-16 08:59:50,219 | INFO | چانک 25 | 4740 ردیف | clean: 0.00s | load: 0.07s | جمع کل: 129766 رکورد
2026-08-16 08:59:50,353 | INFO | چانک 26 | 4850 ردیف | clean: 0.01s | load: 0.07s | جمع کل: 134616 رکورد
2026-08-16 08:59:50,511 | INFO | چانک 27 | 5832 ردیف | clean: 0.00s | load: 0.09s | جمع کل: 140448 رکورد
2026-08-16 08:59:50,743 | INFO | چانک 28 | 6229 ردیف | clean: 0.01s | load: 0.17s | جمع کل: 146677 رکورد
2026-08-16 08:59:50,968 | INFO | چانک 29 | 5668 ردیف | clean: 0.01s | load: 0.11s | جمع کل: 152345 رکورد
2026-08-16 08:59:51,125 | INFO | چانک 30 | 5796 ردیف | clean: 0.00s | load: 0.10s | جمع کل: 158141 رکورد
2026-08-16 08:59:51,321 | INFO | چانک 31 | 5778 ردیف | clean: 0.01s | load: 0.11s | جمع کل: 163919 رکورد
2026-08-16 08:59:51,512 | INFO | چانک 32 | 5101 ردیف | clean: 0.01s | load: 0.08s | جمع کل: 169020 رکورد
2026-08-16 08:59:51,668 | INFO | چانک 33 | 5727 ردیف | clean: 0.01s | load: 0.09s | جمع کل: 174747 رکورد
2026-08-16 08:59:51,802 | INFO | چانک 34 | 4910 ردیف | clean: 0.00s | load: 0.08s | جمع کل: 179657 رکورد
2026-08-16 08:59:51,971 | INFO | چانک 35 | 4803 ردیف | clean: 0.01s | load: 0.11s | جمع کل: 184460 رکورد
2026-08-16 08:59:52,127 | INFO | چانک 36 | 4800 ردیف | clean: 0.00s | load: 0.07s | جمع کل: 189260 رکورد
2026-08-16 08:59:52,281 | INFO | چانک 37 | 4737 ردیف | clean: 0.00s | load: 0.10s | جمع کل: 193997 رکورد
2026-08-16 08:59:52,437 | INFO | چانک 38 | 5346 ردیف | clean: 0.00s | load: 0.08s | جمع کل: 199343 رکورد
2026-08-16 08:59:52,579 | INFO | چانک 39 | 5164 ردیف | clean: 0.01s | load: 0.08s | جمع کل: 204507 رکورد
2026-08-16 08:59:52,719 | INFO | چانک 40 | 5156 ردیف | clean: 0.00s | load: 0.08s | جمع کل: 209663 رکورد
2026-08-16 08:59:52,917 | INFO | چانک 41 | 4890 ردیف | clean: 0.01s | load: 0.12s | جمع کل: 214553 رکورد
2026-08-16 08:59:53,075 | INFO | چانک 42 | 4804 ردیف | clean: 0.00s | load: 0.07s | جمع کل: 219357 رکورد
2026-08-16 08:59:53,249 | INFO | چانک 43 | 5291 ردیف | clean: 0.01s | load: 0.09s | جمع کل: 224648 رکورد
2026-08-16 08:59:53,402 | INFO | چانک 44 | 5608 ردیف | clean: 0.01s | load: 0.09s | جمع کل: 230256 رکورد
2026-08-16 08:59:53,553 | INFO | چانک 45 | 5846 ردیف | clean: 0.01s | load: 0.09s | جمع کل: 236102 رکورد
2026-08-16 09:00:00,188 | INFO | چانک 46 | 5597 ردیف | clean: 0.01s | load: 6.58s | جمع کل: 241699 رکورد
2026-08-16 09:00:11,033 | INFO | چانک 47 | 5996 ردیف | clean: 0.01s | load: 10.73s | جمع کل: 247695 رکورد
2026-08-16 09:00:20,453 | INFO | چانک 48 | 5601 ردیف | clean: 0.01s | load: 9.31s | جمع کل: 253296 رکورد
2026-08-16 09:00:29,701 | INFO | چانک 49 | 5276 ردیف | clean: 0.01s | load: 9.10s | جمع کل: 258572 رکورد
2026-08-16 09:00:38,941 | INFO | چانک 50 | 5357 ردیف | clean: 0.01s | load: 9.13s | جمع کل: 263929 رکورد
2026-08-16 09:00:47,394 | INFO | چانک 51 | 4881 ردیف | clean: 0.00s | load: 8.36s | جمع کل: 268810 رکورد
2026-08-16 09:00:56,491 | INFO | چانک 52 | 4927 ردیف | clean: 0.01s | load: 8.95s | جمع کل: 273737 رکورد
2026-08-16 09:01:03,856 | INFO | چانک 53 | 4653 ردیف | clean: 0.01s | load: 7.26s | جمع کل: 278390 رکورد
2026-08-16 09:01:12,851 | INFO | چانک 54 | 5005 ردیف | clean: 0.00s | load: 8.90s | جمع کل: 283395 رکورد
2026-08-16 09:01:23,202 | INFO | چانک 55 | 5375 ردیف | clean: 0.01s | load: 10.24s | جمع کل: 288770 رکورد
2026-08-16 09:01:32,680 | INFO | چانک 56 | 5203 ردیف | clean: 0.01s | load: 9.34s | جمع کل: 293973 رکورد
2026-08-16 09:01:41,099 | INFO | چانک 57 | 4960 ردیف | clean: 0.01s | load: 8.28s | جمع کل: 298933 رکورد
2026-08-16 09:01:49,679 | INFO | چانک 58 | 4872 ردیف | clean: 0.01s | load: 8.47s | جمع کل: 303805 رکورد
2026-08-16 09:01:57,399 | INFO | چانک 59 | 4879 ردیف | clean: 0.01s | load: 7.61s | جمع کل: 308684 رکورد
2026-08-16 09:02:06,787 | INFO | چانک 60 | 5634 ردیف | clean: 0.01s | load: 9.29s | جمع کل: 314318 رکورد
2026-08-16 09:02:16,718 | INFO | چانک 61 | 5847 ردیف | clean: 0.01s | load: 9.82s | جمع کل: 320165 رکورد
2026-08-16 09:02:26,860 | INFO | چانک 62 | 5975 ردیف | clean: 0.01s | load: 10.01s | جمع کل: 326140 رکورد
2026-08-16 09:02:36,668 | INFO | چانک 63 | 5694 ردیف | clean: 0.00s | load: 9.71s | جمع کل: 331834 رکورد
2026-08-16 09:02:46,998 | INFO | چانک 64 | 6015 ردیف | clean: 0.01s | load: 10.21s | جمع کل: 337849 رکورد
2026-08-16 09:02:56,158 | INFO | چانک 65 | 5445 ردیف | clean: 0.01s | load: 9.05s | جمع کل: 343294 رکورد
2026-08-16 09:03:04,940 | INFO | چانک 66 | 5363 ردیف | clean: 0.01s | load: 8.67s | جمع کل: 348657 رکورد
2026-08-16 09:03:13,341 | INFO | چانک 67 | 5391 ردیف | clean: 0.01s | load: 8.29s | جمع کل: 354048 رکورد
2026-08-16 09:03:20,617 | INFO | چانک 68 | 4779 ردیف | clean: 0.01s | load: 7.17s | جمع کل: 358827 رکورد
2026-08-16 09:03:28,057 | INFO | چانک 69 | 4808 ردیف | clean: 0.01s | load: 7.34s | جمع کل: 363635 رکورد
2026-08-16 09:03:35,199 | INFO | چانک 70 | 4632 ردیف | clean: 0.01s | load: 7.03s | جمع کل: 368267 رکورد
2026-08-16 09:03:43,524 | INFO | چانک 71 | 5229 ردیف | clean: 0.01s | load: 8.21s | جمع کل: 373496 رکورد
2026-08-16 09:03:51,903 | INFO | چانک 72 | 5214 ردیف | clean: 0.01s | load: 8.27s | جمع کل: 378710 رکورد
2026-08-16 09:03:59,911 | INFO | چانک 73 | 5159 ردیف | clean: 0.01s | load: 7.90s | جمع کل: 383869 رکورد
2026-08-16 09:04:07,447 | INFO | چانک 74 | 4971 ردیف | clean: 0.01s | load: 7.43s | جمع کل: 388840 رکورد
2026-08-16 09:04:14,991 | INFO | چانک 75 | 4986 ردیف | clean: 0.01s | load: 7.44s | جمع کل: 393826 رکورد
2026-08-16 09:04:21,679 | INFO | چانک 76 | 4749 ردیف | clean: 0.01s | load: 6.59s | جمع کل: 398575 رکورد
2026-08-16 09:04:30,725 | INFO | چانک 77 | 5783 ردیف | clean: 0.00s | load: 8.94s | جمع کل: 404358 رکورد
2026-08-16 09:04:40,640 | INFO | چانک 78 | 6046 ردیف | clean: 0.01s | load: 9.81s | جمع کل: 410404 رکورد
2026-08-16 09:04:49,687 | INFO | چانک 79 | 5699 ردیف | clean: 0.01s | load: 8.94s | جمع کل: 416103 رکورد
2026-08-16 09:05:00,847 | INFO | چانک 80 | 5922 ردیف | clean: 0.01s | load: 11.05s | جمع کل: 422025 رکورد
2026-08-16 09:05:10,848 | INFO | چانک 81 | 5798 ردیف | clean: 0.00s | load: 9.93s | جمع کل: 427823 رکورد
2026-08-16 09:05:19,176 | INFO | چانک 82 | 5130 ردیف | clean: 0.00s | load: 8.24s | جمع کل: 432953 رکورد
2026-08-16 09:05:28,558 | INFO | چانک 83 | 5712 ردیف | clean: 0.01s | load: 9.28s | جمع کل: 438665 رکورد
2026-08-16 09:05:36,482 | INFO | چانک 84 | 5086 ردیف | clean: 0.01s | load: 7.82s | جمع کل: 443751 رکورد
2026-08-16 09:05:43,887 | INFO | چانک 85 | 4775 ردیف | clean: 0.00s | load: 7.32s | جمع کل: 448526 رکورد
2026-08-16 09:05:51,467 | INFO | چانک 86 | 4971 ردیف | clean: 0.01s | load: 7.48s | جمع کل: 453497 رکورد
2026-08-16 09:05:58,630 | INFO | چانک 87 | 4597 ردیف | clean: 0.00s | load: 7.07s | جمع کل: 458094 رکورد
2026-08-16 09:06:07,115 | INFO | چانک 88 | 5314 ردیف | clean: 0.01s | load: 8.37s | جمع کل: 463408 رکورد
2026-08-16 09:06:15,479 | INFO | چانک 89 | 5200 ردیف | clean: 0.01s | load: 8.25s | جمع کل: 468608 رکورد
2026-08-16 09:06:23,748 | INFO | چانک 90 | 5075 ردیف | clean: 0.01s | load: 8.15s | جمع کل: 473683 رکورد
2026-08-16 09:06:32,883 | INFO | چانک 91 | 5099 ردیف | clean: 0.01s | load: 9.02s | جمع کل: 478782 رکورد
2026-08-16 09:06:40,816 | INFO | چانک 92 | 4914 ردیف | clean: 0.01s | load: 7.83s | جمع کل: 483696 رکورد
2026-08-16 09:06:48,183 | INFO | چانک 93 | 4742 ردیف | clean: 0.01s | load: 7.26s | جمع کل: 488438 رکورد
2026-08-16 09:06:58,857 | INFO | چانک 94 | 5830 ردیف | clean: 0.01s | load: 10.57s | جمع کل: 494268 رکورد
2026-08-16 09:07:10,483 | INFO | چانک 95 | 6266 ردیف | clean: 0.01s | load: 11.51s | جمع کل: 500534 رکورد
2026-08-16 09:07:20,177 | INFO | چانک 96 | 5634 ردیف | clean: 0.01s | load: 9.55s | جمع کل: 506168 رکورد
2026-08-16 09:07:30,705 | INFO | چانک 97 | 5948 ردیف | clean: 0.01s | load: 10.38s | جمع کل: 512116 رکورد
2026-08-16 09:07:40,886 | INFO | چانک 98 | 5684 ردیف | clean: 0.01s | load: 10.04s | جمع کل: 517800 رکورد
2026-08-16 09:07:49,509 | INFO | چانک 99 | 5199 ردیف | clean: 0.01s | load: 8.48s | جمع کل: 522999 رکورد
2026-08-16 09:08:00,166 | INFO | چانک 100 | 5714 ردیف | clean: 0.01s | load: 10.48s | جمع کل: 528713 رکورد
2026-08-16 09:08:08,820 | INFO | چانک 101 | 4922 ردیف | clean: 0.01s | load: 8.48s | جمع کل: 533635 رکورد
2026-08-16 09:08:16,736 | INFO | چانک 102 | 4765 ردیف | clean: 0.01s | load: 7.77s | جمع کل: 538400 رکورد
2026-08-16 09:08:24,936 | INFO | چانک 103 | 4855 ردیف | clean: 0.01s | load: 8.05s | جمع کل: 543255 رکورد
2026-08-16 09:08:32,935 | INFO | چانک 104 | 4859 ردیف | clean: 0.01s | load: 7.85s | جمع کل: 548114 رکورد
2026-08-16 09:08:42,379 | INFO | چانک 105 | 5322 ردیف | clean: 0.01s | load: 9.30s | جمع کل: 553436 رکورد
2026-08-16 09:08:51,469 | INFO | چانک 106 | 5222 ردیف | clean: 0.01s | load: 8.93s | جمع کل: 558658 رکورد
2026-08-16 09:08:59,779 | INFO | چانک 107 | 5010 ردیف | clean: 0.01s | load: 8.17s | جمع کل: 563668 رکورد
2026-08-16 09:09:08,064 | INFO | چانک 108 | 5061 ردیف | clean: 0.01s | load: 8.13s | جمع کل: 568729 رکورد
2026-08-16 09:09:15,827 | INFO | چانک 109 | 4818 ردیف | clean: 0.01s | load: 7.62s | جمع کل: 573547 رکورد
2026-08-16 09:09:23,792 | INFO | چانک 110 | 4843 ردیف | clean: 0.01s | load: 7.81s | جمع کل: 578390 رکورد
2026-08-16 09:09:35,046 | INFO | چانک 111 | 5810 ردیف | clean: 0.01s | load: 11.14s | جمع کل: 584200 رکورد
2026-08-16 09:09:46,736 | INFO | چانک 112 | 5962 ردیف | clean: 0.01s | load: 11.52s | جمع کل: 590162 رکورد
2026-08-16 09:09:57,367 | INFO | چانک 113 | 5760 ردیف | clean: 0.01s | load: 10.47s | جمع کل: 595922 رکورد
2026-08-16 09:10:07,960 | INFO | چانک 114 | 5835 ردیف | clean: 0.01s | load: 10.43s | جمع کل: 601757 رکورد
2026-08-16 09:10:18,028 | INFO | چانک 115 | 5970 ردیف | clean: 0.01s | load: 9.97s | جمع کل: 607727 رکورد
2026-08-16 09:10:26,618 | INFO | چانک 116 | 5357 ردیف | clean: 0.01s | load: 8.45s | جمع کل: 613084 رکورد
2026-08-16 09:10:36,600 | INFO | چانک 117 | 5502 ردیف | clean: 0.01s | load: 9.82s | جمع کل: 618586 رکورد
2026-08-16 09:12:03,277 | INFO | در حال بارگذاری رکوردهای موجود از دیتابیس (برای resume-safe بودن)...
2026-08-16 09:12:29,399 | INFO | 618462 رکورد در 26.1 ثانیه بارگذاری شد.
2026-08-16 09:12:29,400 | INFO | شروع پردازش چانک‌ها...
2026-08-16 09:12:29,719 | INFO |   -> to_dict/clean: 0.11s | loop(5267): 0.02s | insert(0): 0.00s | update(0): 0.00s | commit: 0.00s
2026-08-16 09:12:29,721 | INFO | چانک 1 | 5267 ردیف | clean: 0.03s | load: 0.14s | جمع کل: 5267 رکورد
2026-08-16 09:12:29,891 | INFO |   -> to_dict/clean: 0.06s | loop(4796): 0.02s | insert(0): 0.00s | update(0): 0.00s | commit: 0.00s
2026-08-16 09:12:29,893 | INFO | چانک 2 | 4796 ردیف | clean: 0.00s | load: 0.08s | جمع کل: 10063 رکورد
2026-08-16 09:12:30,073 | INFO |   -> to_dict/clean: 0.06s | loop(4936): 0.02s | insert(0): 0.00s | update(0): 0.00s | commit: 0.00s
2026-08-16 09:12:30,074 | INFO | چانک 3 | 4936 ردیف | clean: 0.01s | load: 0.08s | جمع کل: 14999 رکورد
2026-08-16 09:12:30,267 | INFO |   -> to_dict/clean: 0.07s | loop(5027): 0.02s | insert(0): 0.00s | update(0): 0.00s | commit: 0.00s
2026-08-16 09:12:30,268 | INFO | چانک 4 | 5027 ردیف | clean: 0.01s | load: 0.09s | جمع کل: 20026 رکورد
2026-08-16 09:12:30,437 | INFO |   -> to_dict/clean: 0.08s | loop(5284): 0.03s | insert(0): 0.00s | update(0): 0.00s | commit: 0.00s
2026-08-16 09:12:30,439 | INFO | چانک 5 | 5284 ردیف | clean: 0.00s | load: 0.11s | جمع کل: 25310 رکورد
2026-08-16 09:12:30,611 | INFO |   -> to_dict/clean: 0.09s | loop(5244): 0.02s | insert(0): 0.00s | update(0): 0.00s | commit: 0.00s
2026-08-16 09:12:30,613 | INFO | چانک 6 | 5244 ردیف | clean: 0.01s | load: 0.11s | جمع کل: 30554 رکورد
2026-08-16 09:12:30,772 | INFO |   -> to_dict/clean: 0.08s | loop(4958): 0.02s | insert(0): 0.00s | update(0): 0.00s | commit: 0.00s
2026-08-16 09:12:30,774 | INFO | چانک 7 | 4958 ردیف | clean: 0.00s | load: 0.10s | جمع کل: 35512 رکورد
2026-08-16 09:12:30,947 | INFO |   -> to_dict/clean: 0.07s | loop(4855): 0.02s | insert(0): 0.00s | update(0): 0.00s | commit: 0.00s
2026-08-16 09:12:30,949 | INFO | چانک 8 | 4855 ردیف | clean: 0.01s | load: 0.10s | جمع کل: 40367 رکورد
2026-08-16 09:12:31,113 | INFO |   -> to_dict/clean: 0.06s | loop(4831): 0.02s | insert(0): 0.00s | update(0): 0.00s | commit: 0.00s
2026-08-16 09:12:31,114 | INFO | چانک 9 | 4831 ردیف | clean: 0.00s | load: 0.08s | جمع کل: 45198 رکورد
2026-08-16 09:12:31,298 | INFO |   -> to_dict/clean: 0.07s | loop(5710): 0.02s | insert(0): 0.00s | update(0): 0.00s | commit: 0.00s
2026-08-16 09:12:31,300 | INFO | چانک 10 | 5710 ردیف | clean: 0.00s | load: 0.09s | جمع کل: 50908 رکورد
2026-08-16 09:12:31,488 | INFO |   -> to_dict/clean: 0.08s | loop(6208): 0.02s | insert(0): 0.00s | update(0): 0.00s | commit: 0.00s
2026-08-16 09:12:31,490 | INFO | چانک 11 | 6208 ردیف | clean: 0.01s | load: 0.11s | جمع کل: 57116 رکورد
2026-08-16 09:12:31,682 | INFO |   -> to_dict/clean: 0.08s | loop(5645): 0.02s | insert(0): 0.00s | update(0): 0.00s | commit: 0.00s
2026-08-16 09:12:31,684 | INFO | چانک 12 | 5645 ردیف | clean: 0.01s | load: 0.11s | جمع کل: 62761 رکورد
2026-08-16 09:12:31,857 | INFO |   -> to_dict/clean: 0.07s | loop(5809): 0.02s | insert(0): 0.00s | update(0): 0.00s | commit: 0.00s
2026-08-16 09:12:31,859 | INFO | چانک 13 | 5809 ردیف | clean: 0.01s | load: 0.09s | جمع کل: 68570 رکورد
2026-08-16 09:12:32,073 | INFO |   -> to_dict/clean: 0.12s | loop(5840): 0.02s | insert(0): 0.00s | update(0): 0.00s | commit: 0.00s
2026-08-16 09:12:32,075 | INFO | چانک 14 | 5840 ردیف | clean: 0.01s | load: 0.14s | جمع کل: 74410 رکورد
2026-08-16 09:12:32,216 | INFO |   -> to_dict/clean: 0.06s | loop(5242): 0.03s | insert(0): 0.00s | update(0): 0.00s | commit: 0.00s
2026-08-16 09:12:32,218 | INFO | چانک 15 | 5242 ردیف | clean: 0.00s | load: 0.09s | جمع کل: 79652 رکورد
2026-08-16 09:12:32,416 | INFO |   -> to_dict/clean: 0.07s | loop(5689): 0.02s | insert(0): 0.00s | update(0): 0.00s | commit: 0.00s
2026-08-16 09:12:32,417 | INFO | چانک 16 | 5689 ردیف | clean: 0.00s | load: 0.09s | جمع کل: 85341 رکورد
2026-08-16 09:12:32,577 | INFO |   -> to_dict/clean: 0.07s | loop(5056): 0.02s | insert(0): 0.00s | update(0): 0.00s | commit: 0.00s
2026-08-16 09:12:32,579 | INFO | چانک 17 | 5056 ردیف | clean: 0.01s | load: 0.09s | جمع کل: 90397 رکورد
2026-08-16 09:12:32,806 | INFO |   -> to_dict/clean: 0.13s | loop(4731): 0.04s | insert(0): 0.00s | update(0): 0.00s | commit: 0.00s
2026-08-16 09:12:32,809 | INFO | چانک 18 | 4731 ردیف | clean: 0.00s | load: 0.17s | جمع کل: 95128 رکورد
2026-08-16 09:12:33,157 | INFO |   -> to_dict/clean: 0.15s | loop(4771): 0.04s | insert(0): 0.00s | update(0): 0.00s | commit: 0.00s
2026-08-16 09:12:33,160 | INFO | چانک 19 | 4771 ردیف | clean: 0.01s | load: 0.20s | جمع کل: 99899 رکورد
2026-08-16 09:12:33,498 | INFO |   -> to_dict/clean: 0.15s | loop(4742): 0.04s | insert(0): 0.00s | update(0): 0.00s | commit: 0.00s
2026-08-16 09:12:33,501 | INFO | چانک 20 | 4742 ردیف | clean: 0.01s | load: 0.20s | جمع کل: 104641 رکورد
2026-08-16 09:12:33,867 | INFO |   -> to_dict/clean: 0.17s | loop(5270): 0.04s | insert(0): 0.00s | update(0): 0.00s | commit: 0.00s
2026-08-16 09:12:33,870 | INFO | چانک 21 | 5270 ردیف | clean: 0.01s | load: 0.22s | جمع کل: 109911 رکورد
2026-08-16 09:12:34,243 | INFO |   -> to_dict/clean: 0.18s | loop(5142): 0.04s | insert(0): 0.00s | update(0): 0.00s | commit: 0.00s
2026-08-16 09:12:34,246 | INFO | چانک 22 | 5142 ردیف | clean: 0.01s | load: 0.22s | جمع کل: 115053 رکورد
2026-08-16 09:12:34,615 | INFO |   -> to_dict/clean: 0.16s | loop(4989): 0.04s | insert(0): 0.00s | update(0): 0.00s | commit: 0.00s
2026-08-16 09:12:34,618 | INFO | چانک 23 | 4989 ردیف | clean: 0.01s | load: 0.21s | جمع کل: 120042 رکورد
2026-08-16 09:12:34,969 | INFO |   -> to_dict/clean: 0.16s | loop(4984): 0.04s | insert(0): 0.00s | update(0): 0.00s | commit: 0.00s
2026-08-16 09:12:34,973 | INFO | چانک 24 | 4984 ردیف | clean: 0.01s | load: 0.21s | جمع کل: 125026 رکورد
2026-08-16 09:12:35,301 | INFO |   -> to_dict/clean: 0.15s | loop(4740): 0.04s | insert(0): 0.00s | update(0): 0.00s | commit: 0.00s
2026-08-16 09:12:35,305 | INFO | چانک 25 | 4740 ردیف | clean: 0.01s | load: 0.20s | جمع کل: 129766 رکورد
2026-08-16 09:12:35,654 | INFO |   -> to_dict/clean: 0.16s | loop(4850): 0.04s | insert(0): 0.00s | update(0): 0.00s | commit: 0.00s
2026-08-16 09:12:35,658 | INFO | چانک 26 | 4850 ردیف | clean: 0.01s | load: 0.20s | جمع کل: 134616 رکورد
2026-08-16 09:12:36,067 | INFO |   -> to_dict/clean: 0.19s | loop(5832): 0.05s | insert(0): 0.00s | update(0): 0.00s | commit: 0.00s
2026-08-16 09:12:36,070 | INFO | چانک 27 | 5832 ردیف | clean: 0.01s | load: 0.24s | جمع کل: 140448 رکورد
2026-08-16 09:12:36,485 | INFO |   -> to_dict/clean: 0.20s | loop(6229): 0.05s | insert(0): 0.00s | update(0): 0.00s | commit: 0.00s
2026-08-16 09:12:36,492 | INFO | چانک 28 | 6229 ردیف | clean: 0.01s | load: 0.26s | جمع کل: 146677 رکورد
2026-08-16 09:12:36,880 | INFO |   -> to_dict/clean: 0.19s | loop(5668): 0.05s | insert(0): 0.00s | update(0): 0.00s | commit: 0.00s
2026-08-16 09:12:36,884 | INFO | چانک 29 | 5668 ردیف | clean: 0.01s | load: 0.24s | جمع کل: 152345 رکورد
2026-08-16 09:12:37,282 | INFO |   -> to_dict/clean: 0.18s | loop(5796): 0.05s | insert(0): 0.00s | update(0): 0.00s | commit: 0.00s
2026-08-16 09:12:37,286 | INFO | چانک 30 | 5796 ردیف | clean: 0.01s | load: 0.24s | جمع کل: 158141 رکورد
2026-08-16 09:12:37,665 | INFO |   -> to_dict/clean: 0.19s | loop(5778): 0.05s | insert(0): 0.00s | update(0): 0.00s | commit: 0.00s
2026-08-16 09:12:37,669 | INFO | چانک 31 | 5778 ردیف | clean: 0.01s | load: 0.24s | جمع کل: 163919 رکورد
2026-08-16 09:12:38,169 | INFO |   -> to_dict/clean: 0.16s | loop(5101): 0.04s | insert(0): 0.00s | update(0): 0.00s | commit: 0.00s
2026-08-16 09:12:38,172 | INFO | چانک 32 | 5101 ردیف | clean: 0.01s | load: 0.21s | جمع کل: 169020 رکورد
2026-08-16 09:12:38,570 | INFO |   -> to_dict/clean: 0.19s | loop(5727): 0.05s | insert(0): 0.00s | update(0): 0.00s | commit: 0.00s
2026-08-16 09:12:38,573 | INFO | چانک 33 | 5727 ردیف | clean: 0.01s | load: 0.24s | جمع کل: 174747 رکورد
2026-08-16 09:12:38,914 | INFO |   -> to_dict/clean: 0.16s | loop(4910): 0.04s | insert(0): 0.00s | update(0): 0.00s | commit: 0.00s
2026-08-16 09:12:38,916 | INFO | چانک 34 | 4910 ردیف | clean: 0.01s | load: 0.20s | جمع کل: 179657 رکورد
2026-08-16 09:12:39,255 | INFO |   -> to_dict/clean: 0.15s | loop(4803): 0.04s | insert(0): 0.00s | update(0): 0.00s | commit: 0.00s
2026-08-16 09:12:39,258 | INFO | چانک 35 | 4803 ردیف | clean: 0.01s | load: 0.20s | جمع کل: 184460 رکورد
2026-08-16 09:12:39,601 | INFO |   -> to_dict/clean: 0.16s | loop(4800): 0.04s | insert(0): 0.00s | update(0): 0.00s | commit: 0.00s
2026-08-16 09:12:39,604 | INFO | چانک 36 | 4800 ردیف | clean: 0.01s | load: 0.20s | جمع کل: 189260 رکورد
2026-08-16 09:12:39,942 | INFO |   -> to_dict/clean: 0.16s | loop(4737): 0.04s | insert(0): 0.00s | update(0): 0.00s | commit: 0.00s
2026-08-16 09:12:39,944 | INFO | چانک 37 | 4737 ردیف | clean: 0.01s | load: 0.20s | جمع کل: 193997 رکورد
2026-08-16 09:12:40,310 | INFO |   -> to_dict/clean: 0.17s | loop(5346): 0.04s | insert(0): 0.00s | update(0): 0.00s | commit: 0.00s
2026-08-16 09:12:40,314 | INFO | چانک 38 | 5346 ردیف | clean: 0.01s | load: 0.22s | جمع کل: 199343 رکورد
2026-08-16 09:12:40,691 | INFO |   -> to_dict/clean: 0.18s | loop(5164): 0.04s | insert(0): 0.00s | update(0): 0.00s | commit: 0.00s
2026-08-16 09:12:40,694 | INFO | چانک 39 | 5164 ردیف | clean: 0.02s | load: 0.23s | جمع کل: 204507 رکورد
2026-08-16 09:12:41,053 | INFO |   -> to_dict/clean: 0.17s | loop(5156): 0.04s | insert(0): 0.00s | update(0): 0.00s | commit: 0.00s
2026-08-16 09:12:41,055 | INFO | چانک 40 | 5156 ردیف | clean: 0.01s | load: 0.21s | جمع کل: 209663 رکورد
2026-08-16 09:12:41,396 | INFO |   -> to_dict/clean: 0.16s | loop(4890): 0.04s | insert(0): 0.00s | update(0): 0.00s | commit: 0.00s
2026-08-16 09:12:41,399 | INFO | چانک 41 | 4890 ردیف | clean: 0.01s | load: 0.20s | جمع کل: 214553 رکورد
2026-08-16 09:12:41,754 | INFO |   -> to_dict/clean: 0.16s | loop(4804): 0.06s | insert(0): 0.00s | update(0): 0.00s | commit: 0.00s
2026-08-16 09:12:41,757 | INFO | چانک 42 | 4804 ردیف | clean: 0.01s | load: 0.22s | جمع کل: 219357 رکورد
2026-08-16 09:12:42,130 | INFO |   -> to_dict/clean: 0.17s | loop(5291): 0.04s | insert(0): 0.00s | update(0): 0.00s | commit: 0.00s
2026-08-16 09:12:42,133 | INFO | چانک 43 | 5291 ردیف | clean: 0.01s | load: 0.22s | جمع کل: 224648 رکورد
2026-08-16 09:12:42,521 | INFO |   -> to_dict/clean: 0.18s | loop(5608): 0.05s | insert(0): 0.00s | update(0): 0.00s | commit: 0.00s
2026-08-16 09:12:42,524 | INFO | چانک 44 | 5608 ردیف | clean: 0.01s | load: 0.23s | جمع کل: 230256 رکورد
2026-08-16 09:12:42,918 | INFO |   -> to_dict/clean: 0.19s | loop(5846): 0.05s | insert(0): 0.00s | update(0): 0.00s | commit: 0.00s
2026-08-16 09:12:42,921 | INFO | چانک 45 | 5846 ردیف | clean: 0.01s | load: 0.24s | جمع کل: 236102 رکورد
2026-08-16 09:12:43,296 | INFO |   -> to_dict/clean: 0.18s | loop(5597): 0.05s | insert(0): 0.00s | update(0): 0.00s | commit: 0.00s
2026-08-16 09:12:43,300 | INFO | چانک 46 | 5597 ردیف | clean: 0.01s | load: 0.23s | جمع کل: 241699 رکورد
2026-08-16 09:12:43,697 | INFO |   -> to_dict/clean: 0.19s | loop(5996): 0.05s | insert(0): 0.00s | update(0): 0.00s | commit: 0.00s
2026-08-16 09:12:43,700 | INFO | چانک 47 | 5996 ردیف | clean: 0.01s | load: 0.25s | جمع کل: 247695 رکورد
2026-08-16 09:12:44,075 | INFO |   -> to_dict/clean: 0.18s | loop(5601): 0.04s | insert(0): 0.00s | update(0): 0.00s | commit: 0.00s
2026-08-16 09:12:44,078 | INFO | چانک 48 | 5601 ردیف | clean: 0.01s | load: 0.23s | جمع کل: 253296 رکورد
2026-08-16 09:12:44,441 | INFO |   -> to_dict/clean: 0.18s | loop(5276): 0.04s | insert(0): 0.00s | update(0): 0.00s | commit: 0.00s
2026-08-16 09:12:44,444 | INFO | چانک 49 | 5276 ردیف | clean: 0.01s | load: 0.22s | جمع کل: 258572 رکورد
2026-08-16 09:12:44,811 | INFO |   -> to_dict/clean: 0.17s | loop(5357): 0.04s | insert(0): 0.00s | update(0): 0.00s | commit: 0.00s
2026-08-16 09:12:44,814 | INFO | چانک 50 | 5357 ردیف | clean: 0.01s | load: 0.22s | جمع کل: 263929 رکورد
2026-08-16 09:12:45,150 | INFO |   -> to_dict/clean: 0.16s | loop(4881): 0.04s | insert(0): 0.00s | update(0): 0.00s | commit: 0.00s
2026-08-16 09:12:45,152 | INFO | چانک 51 | 4881 ردیف | clean: 0.01s | load: 0.20s | جمع کل: 268810 رکورد
2026-08-16 09:12:45,502 | INFO |   -> to_dict/clean: 0.17s | loop(4927): 0.04s | insert(0): 0.00s | update(0): 0.00s | commit: 0.00s
2026-08-16 09:12:45,504 | INFO | چانک 52 | 4927 ردیف | clean: 0.01s | load: 0.21s | جمع کل: 273737 رکورد
2026-08-16 09:12:45,841 | INFO |   -> to_dict/clean: 0.15s | loop(4653): 0.04s | insert(0): 0.00s | update(0): 0.00s | commit: 0.00s
2026-08-16 09:12:45,844 | INFO | چانک 53 | 4653 ردیف | clean: 0.01s | load: 0.19s | جمع کل: 278390 رکورد
2026-08-16 09:12:46,274 | INFO |   -> to_dict/clean: 0.22s | loop(5005): 0.07s | insert(0): 0.00s | update(0): 0.00s | commit: 0.00s
2026-08-16 09:12:46,277 | INFO | چانک 54 | 5005 ردیف | clean: 0.01s | load: 0.29s | جمع کل: 283395 رکورد
2026-08-16 09:12:46,658 | INFO |   -> to_dict/clean: 0.17s | loop(5375): 0.04s | insert(0): 0.00s | update(0): 0.00s | commit: 0.00s
2026-08-16 09:12:46,661 | INFO | چانک 55 | 5375 ردیف | clean: 0.01s | load: 0.22s | جمع کل: 288770 رکورد
2026-08-16 09:12:47,230 | INFO |   -> to_dict/clean: 0.38s | loop(5203): 0.04s | insert(0): 0.00s | update(0): 0.00s | commit: 0.00s
2026-08-16 09:12:47,233 | INFO | چانک 56 | 5203 ردیف | clean: 0.01s | load: 0.42s | جمع کل: 293973 رکورد
2026-08-16 09:12:47,596 | INFO |   -> to_dict/clean: 0.17s | loop(4960): 0.04s | insert(0): 0.00s | update(0): 0.00s | commit: 0.00s
2026-08-16 09:12:47,603 | INFO | چانک 57 | 4960 ردیف | clean: 0.01s | load: 0.22s | جمع کل: 298933 رکورد
2026-08-16 09:12:47,978 | INFO |   -> to_dict/clean: 0.16s | loop(4872): 0.04s | insert(0): 0.00s | update(0): 0.00s | commit: 0.00s
2026-08-16 09:12:47,980 | INFO | چانک 58 | 4872 ردیف | clean: 0.01s | load: 0.20s | جمع کل: 303805 رکورد
2026-08-16 09:12:48,312 | INFO |   -> to_dict/clean: 0.16s | loop(4879): 0.04s | insert(0): 0.00s | update(0): 0.00s | commit: 0.00s
2026-08-16 09:12:48,315 | INFO | چانک 59 | 4879 ردیف | clean: 0.01s | load: 0.20s | جمع کل: 308684 رکورد
2026-08-16 09:12:48,724 | INFO |   -> to_dict/clean: 0.20s | loop(5634): 0.05s | insert(0): 0.00s | update(0): 0.00s | commit: 0.00s
2026-08-16 09:12:48,727 | INFO | چانک 60 | 5634 ردیف | clean: 0.01s | load: 0.25s | جمع کل: 314318 رکورد
2026-08-16 09:12:49,138 | INFO |   -> to_dict/clean: 0.20s | loop(5847): 0.05s | insert(0): 0.00s | update(0): 0.00s | commit: 0.00s
2026-08-16 09:12:49,142 | INFO | چانک 61 | 5847 ردیف | clean: 0.01s | load: 0.25s | جمع کل: 320165 رکورد
2026-08-16 09:12:49,544 | INFO |   -> to_dict/clean: 0.20s | loop(5975): 0.05s | insert(0): 0.00s | update(0): 0.00s | commit: 0.00s
2026-08-16 09:12:49,547 | INFO | چانک 62 | 5975 ردیف | clean: 0.01s | load: 0.25s | جمع کل: 326140 رکورد
2026-08-16 09:12:49,925 | INFO |   -> to_dict/clean: 0.19s | loop(5694): 0.05s | insert(0): 0.00s | update(0): 0.00s | commit: 0.00s
2026-08-16 09:12:49,928 | INFO | چانک 63 | 5694 ردیف | clean: 0.01s | load: 0.24s | جمع کل: 331834 رکورد
2026-08-16 09:12:50,324 | INFO |   -> to_dict/clean: 0.19s | loop(6015): 0.05s | insert(0): 0.00s | update(0): 0.00s | commit: 0.00s
2026-08-16 09:12:50,327 | INFO | چانک 64 | 6015 ردیف | clean: 0.01s | load: 0.25s | جمع کل: 337849 رکورد
2026-08-16 09:12:50,695 | INFO |   -> to_dict/clean: 0.18s | loop(5445): 0.04s | insert(0): 0.00s | update(0): 0.00s | commit: 0.00s
2026-08-16 09:12:50,698 | INFO | چانک 65 | 5445 ردیف | clean: 0.02s | load: 0.22s | جمع کل: 343294 رکورد
2026-08-16 09:12:51,071 | INFO |   -> to_dict/clean: 0.18s | loop(5363): 0.04s | insert(0): 0.00s | update(0): 0.00s | commit: 0.00s
2026-08-16 09:12:51,074 | INFO | چانک 66 | 5363 ردیف | clean: 0.01s | load: 0.22s | جمع کل: 348657 رکورد
2026-08-16 09:12:51,447 | INFO |   -> to_dict/clean: 0.18s | loop(5391): 0.05s | insert(0): 0.00s | update(0): 0.00s | commit: 0.00s
2026-08-16 09:12:51,451 | INFO | چانک 67 | 5391 ردیف | clean: 0.01s | load: 0.23s | جمع کل: 354048 رکورد
2026-08-16 09:12:51,799 | INFO |   -> to_dict/clean: 0.16s | loop(4779): 0.04s | insert(0): 0.00s | update(0): 0.00s | commit: 0.00s
2026-08-16 09:12:51,802 | INFO | چانک 68 | 4779 ردیف | clean: 0.01s | load: 0.20s | جمع کل: 358827 رکورد
2026-08-16 09:12:52,145 | INFO |   -> to_dict/clean: 0.16s | loop(4808): 0.04s | insert(0): 0.00s | update(0): 0.00s | commit: 0.00s
2026-08-16 09:12:52,148 | INFO | چانک 69 | 4808 ردیف | clean: 0.01s | load: 0.20s | جمع کل: 363635 رکورد
2026-08-16 09:12:52,488 | INFO |   -> to_dict/clean: 0.15s | loop(4632): 0.04s | insert(0): 0.00s | update(0): 0.00s | commit: 0.00s
2026-08-16 09:12:52,491 | INFO | چانک 70 | 4632 ردیف | clean: 0.01s | load: 0.20s | جمع کل: 368267 رکورد
2026-08-16 09:12:52,866 | INFO |   -> to_dict/clean: 0.17s | loop(5229): 0.05s | insert(0): 0.00s | update(0): 0.00s | commit: 0.00s
2026-08-16 09:12:52,869 | INFO | چانک 71 | 5229 ردیف | clean: 0.01s | load: 0.23s | جمع کل: 373496 رکورد
2026-08-16 09:12:53,299 | INFO |   -> to_dict/clean: 0.17s | loop(5214): 0.04s | insert(0): 0.00s | update(0): 0.00s | commit: 0.00s
2026-08-16 09:12:53,302 | INFO | چانک 72 | 5214 ردیف | clean: 0.01s | load: 0.21s | جمع کل: 378710 رکورد
2026-08-16 09:12:53,665 | INFO |   -> to_dict/clean: 0.17s | loop(5159): 0.04s | insert(0): 0.00s | update(0): 0.00s | commit: 0.00s
2026-08-16 09:12:53,668 | INFO | چانک 73 | 5159 ردیف | clean: 0.01s | load: 0.22s | جمع کل: 383869 رکورد
2026-08-16 09:12:54,021 | INFO |   -> to_dict/clean: 0.16s | loop(4971): 0.04s | insert(0): 0.00s | update(0): 0.00s | commit: 0.00s
2026-08-16 09:12:54,024 | INFO | چانک 74 | 4971 ردیف | clean: 0.01s | load: 0.21s | جمع کل: 388840 رکورد
2026-08-16 09:12:54,371 | INFO |   -> to_dict/clean: 0.16s | loop(4986): 0.04s | insert(0): 0.00s | update(0): 0.00s | commit: 0.00s
2026-08-16 09:12:54,374 | INFO | چانک 75 | 4986 ردیف | clean: 0.01s | load: 0.20s | جمع کل: 393826 رکورد
2026-08-16 09:12:54,709 | INFO |   -> to_dict/clean: 0.16s | loop(4749): 0.04s | insert(0): 0.00s | update(0): 0.00s | commit: 0.00s
2026-08-16 09:12:54,712 | INFO | چانک 76 | 4749 ردیف | clean: 0.01s | load: 0.20s | جمع کل: 398575 رکورد
2026-08-16 09:12:55,129 | INFO |   -> to_dict/clean: 0.19s | loop(5783): 0.05s | insert(0): 0.00s | update(0): 0.00s | commit: 0.00s
2026-08-16 09:12:55,134 | INFO | چانک 77 | 5783 ردیف | clean: 0.01s | load: 0.25s | جمع کل: 404358 رکورد
2026-08-16 09:12:55,543 | INFO |   -> to_dict/clean: 0.20s | loop(6046): 0.05s | insert(0): 0.00s | update(0): 0.00s | commit: 0.00s
2026-08-16 09:12:55,547 | INFO | چانک 78 | 6046 ردیف | clean: 0.01s | load: 0.25s | جمع کل: 410404 رکورد
2026-08-16 09:12:55,929 | INFO |   -> to_dict/clean: 0.19s | loop(5699): 0.05s | insert(0): 0.00s | update(0): 0.00s | commit: 0.00s
2026-08-16 09:12:55,933 | INFO | چانک 79 | 5699 ردیف | clean: 0.01s | load: 0.24s | جمع کل: 416103 رکورد
2026-08-16 09:12:56,331 | INFO |   -> to_dict/clean: 0.20s | loop(5922): 0.05s | insert(0): 0.00s | update(0): 0.00s | commit: 0.00s
2026-08-16 09:12:56,334 | INFO | چانک 80 | 5922 ردیف | clean: 0.01s | load: 0.25s | جمع کل: 422025 رکورد
2026-08-16 09:12:56,723 | INFO |   -> to_dict/clean: 0.19s | loop(5798): 0.05s | insert(0): 0.00s | update(0): 0.00s | commit: 0.00s
2026-08-16 09:12:56,726 | INFO | چانک 81 | 5798 ردیف | clean: 0.01s | load: 0.24s | جمع کل: 427823 رکورد
2026-08-16 09:12:57,088 | INFO |   -> to_dict/clean: 0.17s | loop(5130): 0.04s | insert(0): 0.00s | update(0): 0.00s | commit: 0.00s
2026-08-16 09:12:57,091 | INFO | چانک 82 | 5130 ردیف | clean: 0.01s | load: 0.22s | جمع کل: 432953 رکورد
2026-08-16 09:12:57,482 | INFO |   -> to_dict/clean: 0.19s | loop(5712): 0.05s | insert(0): 0.00s | update(0): 0.00s | commit: 0.00s
2026-08-16 09:12:57,486 | INFO | چانک 83 | 5712 ردیف | clean: 0.01s | load: 0.24s | جمع کل: 438665 رکورد
2026-08-16 09:12:57,867 | INFO |   -> to_dict/clean: 0.18s | loop(5086): 0.05s | insert(0): 0.00s | update(0): 0.00s | commit: 0.00s
2026-08-16 09:12:57,871 | INFO | چانک 84 | 5086 ردیف | clean: 0.01s | load: 0.23s | جمع کل: 443751 رکورد
2026-08-16 09:12:58,247 | INFO |   -> to_dict/clean: 0.17s | loop(4775): 0.04s | insert(0): 0.00s | update(0): 0.00s | commit: 0.00s
2026-08-16 09:12:58,250 | INFO | چانک 85 | 4775 ردیف | clean: 0.02s | load: 0.21s | جمع کل: 448526 رکورد
2026-08-16 09:12:58,707 | INFO |   -> to_dict/clean: 0.17s | loop(4971): 0.04s | insert(0): 0.00s | update(0): 0.00s | commit: 0.00s
2026-08-16 09:12:58,710 | INFO | چانک 86 | 4971 ردیف | clean: 0.02s | load: 0.21s | جمع کل: 453497 رکورد
2026-08-16 09:12:59,045 | INFO |   -> to_dict/clean: 0.16s | loop(4597): 0.04s | insert(0): 0.00s | update(0): 0.00s | commit: 0.00s
2026-08-16 09:12:59,048 | INFO | چانک 87 | 4597 ردیف | clean: 0.01s | load: 0.20s | جمع کل: 458094 رکورد
2026-08-16 09:12:59,415 | INFO |   -> to_dict/clean: 0.17s | loop(5314): 0.04s | insert(0): 0.00s | update(0): 0.00s | commit: 0.00s
2026-08-16 09:12:59,418 | INFO | چانک 88 | 5314 ردیف | clean: 0.01s | load: 0.22s | جمع کل: 463408 رکورد
2026-08-16 09:12:59,788 | INFO |   -> to_dict/clean: 0.17s | loop(5200): 0.05s | insert(0): 0.00s | update(0): 0.00s | commit: 0.00s
2026-08-16 09:12:59,791 | INFO | چانک 89 | 5200 ردیف | clean: 0.01s | load: 0.22s | جمع کل: 468608 رکورد
2026-08-16 09:13:00,143 | INFO |   -> to_dict/clean: 0.17s | loop(5075): 0.04s | insert(0): 0.00s | update(0): 0.00s | commit: 0.00s
2026-08-16 09:13:00,146 | INFO | چانک 90 | 5075 ردیف | clean: 0.01s | load: 0.21s | جمع کل: 473683 رکورد
2026-08-16 09:13:00,508 | INFO |   -> to_dict/clean: 0.17s | loop(5099): 0.05s | insert(0): 0.00s | update(0): 0.00s | commit: 0.00s
2026-08-16 09:13:00,512 | INFO | چانک 91 | 5099 ردیف | clean: 0.01s | load: 0.22s | جمع کل: 478782 رکورد
2026-08-16 09:13:00,853 | INFO |   -> to_dict/clean: 0.16s | loop(4914): 0.04s | insert(0): 0.00s | update(0): 0.00s | commit: 0.00s
2026-08-16 09:13:00,856 | INFO | چانک 92 | 4914 ردیف | clean: 0.01s | load: 0.20s | جمع کل: 483696 رکورد
2026-08-16 09:13:01,188 | INFO |   -> to_dict/clean: 0.16s | loop(4742): 0.04s | insert(0): 0.00s | update(0): 0.00s | commit: 0.00s
2026-08-16 09:13:01,191 | INFO | چانک 93 | 4742 ردیف | clean: 0.01s | load: 0.20s | جمع کل: 488438 رکورد
2026-08-16 09:13:01,603 | INFO |   -> to_dict/clean: 0.19s | loop(5830): 0.05s | insert(0): 0.00s | update(0): 0.00s | commit: 0.00s
2026-08-16 09:13:01,607 | INFO | چانک 94 | 5830 ردیف | clean: 0.01s | load: 0.25s | جمع کل: 494268 رکورد
2026-08-16 09:13:02,023 | INFO |   -> to_dict/clean: 0.20s | loop(6266): 0.05s | insert(0): 0.00s | update(0): 0.00s | commit: 0.00s
2026-08-16 09:13:02,027 | INFO | چانک 95 | 6266 ردیف | clean: 0.01s | load: 0.26s | جمع کل: 500534 رکورد
2026-08-16 09:13:02,407 | INFO |   -> to_dict/clean: 0.19s | loop(5634): 0.05s | insert(0): 0.00s | update(0): 0.00s | commit: 0.00s
2026-08-16 09:13:02,410 | INFO | چانک 96 | 5634 ردیف | clean: 0.01s | load: 0.24s | جمع کل: 506168 رکورد
2026-08-16 09:13:02,817 | INFO |   -> to_dict/clean: 0.20s | loop(5948): 0.05s | insert(0): 0.00s | update(0): 0.00s | commit: 0.00s
2026-08-16 09:13:02,821 | INFO | چانک 97 | 5948 ردیف | clean: 0.01s | load: 0.25s | جمع کل: 512116 رکورد
2026-08-16 09:13:03,200 | INFO |   -> to_dict/clean: 0.19s | loop(5684): 0.05s | insert(0): 0.00s | update(0): 0.00s | commit: 0.00s
2026-08-16 09:13:03,203 | INFO | چانک 98 | 5684 ردیف | clean: 0.01s | load: 0.24s | جمع کل: 517800 رکورد
2026-08-16 09:13:03,559 | INFO |   -> to_dict/clean: 0.17s | loop(5199): 0.04s | insert(0): 0.00s | update(0): 0.00s | commit: 0.00s
2026-08-16 09:13:03,562 | INFO | چانک 99 | 5199 ردیف | clean: 0.01s | load: 0.22s | جمع کل: 522999 رکورد
2026-08-16 09:13:03,957 | INFO |   -> to_dict/clean: 0.19s | loop(5714): 0.05s | insert(0): 0.00s | update(0): 0.00s | commit: 0.00s
2026-08-16 09:13:03,960 | INFO | چانک 100 | 5714 ردیف | clean: 0.01s | load: 0.24s | جمع کل: 528713 رکورد
2026-08-16 09:13:04,312 | INFO |   -> to_dict/clean: 0.16s | loop(4922): 0.04s | insert(0): 0.00s | update(0): 0.00s | commit: 0.00s
2026-08-16 09:13:04,315 | INFO | چانک 101 | 4922 ردیف | clean: 0.01s | load: 0.21s | جمع کل: 533635 رکورد
2026-08-16 09:13:04,666 | INFO |   -> to_dict/clean: 0.16s | loop(4765): 0.04s | insert(0): 0.00s | update(0): 0.00s | commit: 0.00s
2026-08-16 09:13:04,668 | INFO | چانک 102 | 4765 ردیف | clean: 0.01s | load: 0.20s | جمع کل: 538400 رکورد
2026-08-16 09:13:05,033 | INFO |   -> to_dict/clean: 0.18s | loop(4855): 0.04s | insert(0): 0.00s | update(0): 0.00s | commit: 0.00s
2026-08-16 09:13:05,036 | INFO | چانک 103 | 4855 ردیف | clean: 0.01s | load: 0.22s | جمع کل: 543255 رکورد
2026-08-16 09:13:05,384 | INFO |   -> to_dict/clean: 0.16s | loop(4859): 0.04s | insert(0): 0.00s | update(0): 0.00s | commit: 0.00s
2026-08-16 09:13:05,386 | INFO | چانک 104 | 4859 ردیف | clean: 0.01s | load: 0.21s | جمع کل: 548114 رکورد
2026-08-16 09:13:05,769 | INFO |   -> to_dict/clean: 0.17s | loop(5322): 0.05s | insert(0): 0.00s | update(0): 0.00s | commit: 0.00s
2026-08-16 09:13:05,772 | INFO | چانک 105 | 5322 ردیف | clean: 0.01s | load: 0.22s | جمع کل: 553436 رکورد
2026-08-16 09:13:06,134 | INFO |   -> to_dict/clean: 0.17s | loop(5222): 0.04s | insert(0): 0.00s | update(0): 0.00s | commit: 0.00s
2026-08-16 09:13:06,137 | INFO | چانک 106 | 5222 ردیف | clean: 0.01s | load: 0.22s | جمع کل: 558658 رکورد
2026-08-16 09:13:06,485 | INFO |   -> to_dict/clean: 0.16s | loop(5010): 0.04s | insert(0): 0.00s | update(0): 0.00s | commit: 0.00s
2026-08-16 09:13:06,488 | INFO | چانک 107 | 5010 ردیف | clean: 0.01s | load: 0.21s | جمع کل: 563668 رکورد
2026-08-16 09:13:06,839 | INFO |   -> to_dict/clean: 0.16s | loop(5061): 0.04s | insert(0): 0.00s | update(0): 0.00s | commit: 0.00s
2026-08-16 09:13:06,842 | INFO | چانک 108 | 5061 ردیف | clean: 0.01s | load: 0.21s | جمع کل: 568729 رکورد
2026-08-16 09:13:07,178 | INFO |   -> to_dict/clean: 0.16s | loop(4818): 0.04s | insert(0): 0.00s | update(0): 0.00s | commit: 0.00s
2026-08-16 09:13:07,181 | INFO | چانک 109 | 4818 ردیف | clean: 0.01s | load: 0.20s | جمع کل: 573547 رکورد
2026-08-16 09:13:07,515 | INFO |   -> to_dict/clean: 0.16s | loop(4843): 0.04s | insert(0): 0.00s | update(0): 0.00s | commit: 0.00s
2026-08-16 09:13:07,518 | INFO | چانک 110 | 4843 ردیف | clean: 0.01s | load: 0.20s | جمع کل: 578390 رکورد
2026-08-16 09:13:07,940 | INFO |   -> to_dict/clean: 0.19s | loop(5810): 0.05s | insert(0): 0.00s | update(0): 0.00s | commit: 0.00s
2026-08-16 09:13:07,943 | INFO | چانک 111 | 5810 ردیف | clean: 0.01s | load: 0.25s | جمع کل: 584200 رکورد
2026-08-16 09:13:08,345 | INFO |   -> to_dict/clean: 0.19s | loop(5962): 0.05s | insert(0): 0.00s | update(0): 0.00s | commit: 0.00s
2026-08-16 09:13:08,349 | INFO | چانک 112 | 5962 ردیف | clean: 0.01s | load: 0.25s | جمع کل: 590162 رکورد
2026-08-16 09:13:08,745 | INFO |   -> to_dict/clean: 0.19s | loop(5760): 0.05s | insert(0): 0.00s | update(0): 0.00s | commit: 0.00s
2026-08-16 09:13:08,750 | INFO | چانک 113 | 5760 ردیف | clean: 0.01s | load: 0.25s | جمع کل: 595922 رکورد
2026-08-16 09:13:09,159 | INFO |   -> to_dict/clean: 0.20s | loop(5835): 0.05s | insert(0): 0.00s | update(0): 0.00s | commit: 0.00s
2026-08-16 09:13:09,162 | INFO | چانک 114 | 5835 ردیف | clean: 0.01s | load: 0.25s | جمع کل: 601757 رکورد
2026-08-16 09:13:09,575 | INFO |   -> to_dict/clean: 0.20s | loop(5970): 0.05s | insert(0): 0.00s | update(0): 0.00s | commit: 0.00s
2026-08-16 09:13:09,578 | INFO | چانک 115 | 5970 ردیف | clean: 0.01s | load: 0.26s | جمع کل: 607727 رکورد
2026-08-16 09:13:10,048 | INFO |   -> to_dict/clean: 0.19s | loop(5357): 0.04s | insert(0): 0.00s | update(0): 0.00s | commit: 0.00s
2026-08-16 09:13:10,051 | INFO | چانک 116 | 5357 ردیف | clean: 0.02s | load: 0.23s | جمع کل: 613084 رکورد
2026-08-16 09:13:10,598 | INFO |   -> to_dict/clean: 0.29s | loop(5502): 0.05s | insert(0): 0.00s | update(0): 0.00s | commit: 0.00s
2026-08-16 09:13:10,601 | INFO | چانک 117 | 5502 ردیف | clean: 0.01s | load: 0.34s | جمع کل: 618586 رکورد
2026-08-16 09:13:18,530 | INFO |   -> to_dict/clean: 0.17s | loop(5108): 0.06s | insert(5108): 7.55s | update(0): 0.00s | commit: 0.01s
2026-08-16 09:13:18,533 | INFO | چانک 118 | 5108 ردیف | clean: 0.01s | load: 7.79s | جمع کل: 623694 رکورد
2026-08-16 09:13:26,451 | INFO |   -> to_dict/clean: 0.15s | loop(4750): 0.03s | insert(4750): 7.58s | update(0): 0.00s | commit: 0.01s
2026-08-16 09:13:26,453 | INFO | چانک 119 | 4750 ردیف | clean: 0.01s | load: 7.78s | جمع کل: 628444 رکورد
2026-08-16 09:13:34,244 | INFO |   -> to_dict/clean: 0.06s | loop(4889): 0.01s | insert(4889): 7.61s | update(0): 0.00s | commit: 0.01s
2026-08-16 09:13:34,246 | INFO | چانک 120 | 4889 ردیف | clean: 0.00s | load: 7.70s | جمع کل: 633333 رکورد
2026-08-16 09:13:41,515 | INFO |   -> to_dict/clean: 0.11s | loop(4687): 0.02s | insert(4686): 7.02s | update(0): 0.00s | commit: 0.01s
2026-08-16 09:13:41,519 | INFO | چانک 121 | 4687 ردیف | clean: 0.01s | load: 7.17s | جمع کل: 638020 رکورد
2026-08-16 09:13:50,663 | INFO |   -> to_dict/clean: 0.07s | loop(5427): 0.02s | insert(5427): 8.96s | update(0): 0.00s | commit: 0.01s
2026-08-16 09:13:50,666 | INFO | چانک 122 | 5427 ردیف | clean: 0.01s | load: 9.06s | جمع کل: 643447 رکورد
2026-08-16 09:13:59,694 | INFO |   -> to_dict/clean: 0.06s | loop(5188): 0.02s | insert(5188): 8.85s | update(0): 0.00s | commit: 0.01s
2026-08-16 09:13:59,697 | INFO | چانک 123 | 5188 ردیف | clean: 0.01s | load: 8.94s | جمع کل: 648635 رکورد
2026-08-16 09:14:07,776 | INFO |   -> to_dict/clean: 0.06s | loop(5067): 0.02s | insert(5067): 7.89s | update(0): 0.00s | commit: 0.01s
2026-08-16 09:14:07,778 | INFO | چانک 124 | 5067 ردیف | clean: 0.00s | load: 7.99s | جمع کل: 653702 رکورد
2026-08-16 09:14:16,342 | INFO |   -> to_dict/clean: 0.17s | loop(5058): 0.03s | insert(5058): 8.20s | update(0): 0.00s | commit: 0.01s
2026-08-16 09:14:16,345 | INFO | چانک 125 | 5058 ردیف | clean: 0.01s | load: 8.42s | جمع کل: 658760 رکورد
2026-08-16 09:14:23,652 | INFO |   -> to_dict/clean: 0.06s | loop(4809): 0.01s | insert(4809): 7.14s | update(0): 0.00s | commit: 0.01s
2026-08-16 09:14:23,654 | INFO | چانک 126 | 4809 ردیف | clean: 0.00s | load: 7.22s | جمع کل: 663569 رکورد
2026-08-16 09:14:31,669 | INFO |   -> to_dict/clean: 0.13s | loop(5022): 0.03s | insert(5011): 7.72s | update(0): 0.00s | commit: 0.00s
2026-08-16 09:14:31,671 | INFO | چانک 127 | 5022 ردیف | clean: 0.01s | load: 7.88s | جمع کل: 668591 رکورد
2026-08-16 09:14:41,596 | INFO |   -> to_dict/clean: 0.14s | loop(6055): 0.03s | insert(6055): 9.64s | update(0): 0.00s | commit: 0.01s
2026-08-16 09:14:41,599 | INFO | چانک 128 | 6055 ردیف | clean: 0.01s | load: 9.84s | جمع کل: 674646 رکورد
2026-08-16 09:14:51,620 | INFO |   -> to_dict/clean: 0.07s | loop(5793): 0.02s | insert(5788): 9.83s | update(0): 0.00s | commit: 0.01s
2026-08-16 09:14:51,623 | INFO | چانک 129 | 5793 ردیف | clean: 0.00s | load: 9.93s | جمع کل: 680439 رکورد
2026-08-16 09:15:00,554 | INFO |   -> to_dict/clean: 0.08s | loop(5672): 0.02s | insert(5672): 8.72s | update(0): 0.00s | commit: 0.01s
2026-08-16 09:15:00,557 | INFO | چانک 130 | 5672 ردیف | clean: 0.01s | load: 8.83s | جمع کل: 686111 رکورد
2026-08-16 09:15:11,398 | INFO |   -> to_dict/clean: 0.08s | loop(5992): 0.02s | insert(5992): 10.62s | update(0): 0.00s | commit: 0.01s
2026-08-16 09:15:11,401 | INFO | چانک 131 | 5992 ردیف | clean: 0.01s | load: 10.73s | جمع کل: 692103 رکورد
2026-08-16 09:15:21,208 | INFO |   -> to_dict/clean: 0.18s | loop(5585): 0.04s | insert(5582): 9.43s | update(0): 0.00s | commit: 0.01s
2026-08-16 09:15:21,211 | INFO | چانک 132 | 5585 ردیف | clean: 0.01s | load: 9.67s | جمع کل: 697688 رکورد
2026-08-16 09:15:29,995 | INFO |   -> to_dict/clean: 0.17s | loop(5112): 0.09s | insert(5111): 8.38s | update(0): 0.00s | commit: 0.00s
2026-08-16 09:15:29,997 | INFO | چانک 133 | 5112 ردیف | clean: 0.01s | load: 8.64s | جمع کل: 702800 رکورد
2026-08-16 09:15:39,177 | INFO |   -> to_dict/clean: 0.09s | loop(5567): 0.02s | insert(5567): 8.98s | update(0): 0.00s | commit: 0.01s
2026-08-16 09:15:39,180 | INFO | چانک 134 | 5567 ردیف | clean: 0.01s | load: 9.11s | جمع کل: 708367 رکورد
2026-08-16 09:15:47,794 | INFO |   -> to_dict/clean: 0.06s | loop(4833): 0.01s | insert(4832): 8.44s | update(0): 0.00s | commit: 0.01s
2026-08-16 09:15:47,797 | INFO | چانک 135 | 4833 ردیف | clean: 0.00s | load: 8.53s | جمع کل: 713200 رکورد
2026-08-16 09:15:55,976 | INFO |   -> to_dict/clean: 0.23s | loop(4645): 0.07s | insert(4644): 7.73s | update(0): 0.00s | commit: 0.01s
2026-08-16 09:15:55,978 | INFO | چانک 136 | 4645 ردیف | clean: 0.01s | load: 8.04s | جمع کل: 717845 رکورد
2026-08-16 09:16:04,323 | INFO |   -> to_dict/clean: 0.16s | loop(4833): 0.03s | insert(4832): 7.98s | update(1): 0.01s | commit: 0.01s
2026-08-16 09:16:04,326 | INFO | چانک 137 | 4833 ردیف | clean: 0.01s | load: 8.20s | جمع کل: 722678 رکورد
2026-08-16 09:16:12,243 | INFO |   -> to_dict/clean: 0.15s | loop(4791): 0.03s | insert(4788): 7.58s | update(0): 0.00s | commit: 0.01s
2026-08-16 09:16:12,246 | INFO | چانک 138 | 4791 ردیف | clean: 0.01s | load: 7.78s | جمع کل: 727469 رکورد
2026-08-16 09:16:21,607 | INFO |   -> to_dict/clean: 0.17s | loop(5360): 0.04s | insert(5360): 8.99s | update(0): 0.00s | commit: 0.01s
2026-08-16 09:16:21,610 | INFO | چانک 139 | 5360 ردیف | clean: 0.01s | load: 9.22s | جمع کل: 732829 رکورد
2026-08-16 09:16:30,314 | INFO |   -> to_dict/clean: 0.17s | loop(5192): 0.04s | insert(5192): 8.34s | update(0): 0.00s | commit: 0.01s
2026-08-16 09:16:30,318 | INFO | چانک 140 | 5192 ردیف | clean: 0.01s | load: 8.57s | جمع کل: 738021 رکورد
2026-08-16 09:16:38,655 | INFO |   -> to_dict/clean: 0.16s | loop(4991): 0.04s | insert(4991): 7.99s | update(0): 0.00s | commit: 0.01s
2026-08-16 09:16:38,658 | INFO | چانک 141 | 4991 ردیف | clean: 0.01s | load: 8.20s | جمع کل: 743012 رکورد
2026-08-16 09:16:46,496 | INFO |   -> to_dict/clean: 0.08s | loop(4946): 0.01s | insert(4946): 7.64s | update(0): 0.00s | commit: 0.01s
2026-08-16 09:16:46,498 | INFO | چانک 142 | 4946 ردیف | clean: 0.01s | load: 7.74s | جمع کل: 747958 رکورد
2026-08-16 09:16:53,486 | INFO |   -> to_dict/clean: 0.10s | loop(4721): 0.02s | insert(4721): 6.76s | update(0): 0.00s | commit: 0.01s
2026-08-16 09:16:53,489 | INFO | چانک 143 | 4721 ردیف | clean: 0.01s | load: 6.89s | جمع کل: 752679 رکورد
2026-08-16 09:17:01,767 | INFO |   -> to_dict/clean: 0.06s | loop(5239): 0.01s | insert(5231): 8.10s | update(0): 0.00s | commit: 0.01s
2026-08-16 09:17:01,770 | INFO | چانک 144 | 5239 ردیف | clean: 0.00s | load: 8.19s | جمع کل: 757918 رکورد
2026-08-16 09:17:11,183 | INFO |   -> to_dict/clean: 0.12s | loop(5748): 0.02s | insert(5748): 9.14s | update(0): 0.00s | commit: 0.01s
2026-08-16 09:17:11,187 | INFO | چانک 145 | 5748 ردیف | clean: 0.01s | load: 9.29s | جمع کل: 763666 رکورد
2026-08-16 09:17:20,767 | INFO |   -> to_dict/clean: 0.11s | loop(5862): 0.02s | insert(5859): 9.32s | update(0): 0.00s | commit: 0.01s
2026-08-16 09:17:20,770 | INFO | چانک 146 | 5862 ردیف | clean: 0.01s | load: 9.46s | جمع کل: 769528 رکورد
2026-08-16 09:17:29,848 | INFO |   -> to_dict/clean: 0.07s | loop(5745): 0.02s | insert(5745): 8.89s | update(0): 0.00s | commit: 0.01s
2026-08-16 09:17:29,851 | INFO | چانک 147 | 5745 ردیف | clean: 0.00s | load: 8.99s | جمع کل: 775273 رکورد
2026-08-16 09:17:38,634 | INFO |   -> to_dict/clean: 0.07s | loop(5699): 0.02s | insert(5699): 8.60s | update(0): 0.00s | commit: 0.01s
2026-08-16 09:17:38,636 | INFO | چانک 148 | 5699 ردیف | clean: 0.00s | load: 8.70s | جمع کل: 780972 رکورد
2026-08-16 09:17:49,271 | INFO |   -> to_dict/clean: 0.07s | loop(5710): 0.02s | insert(5708): 10.45s | update(0): 0.00s | commit: 0.01s
2026-08-16 09:17:49,274 | INFO | چانک 149 | 5710 ردیف | clean: 0.00s | load: 10.55s | جمع کل: 786682 رکورد
2026-08-16 09:17:57,705 | INFO |   -> to_dict/clean: 0.17s | loop(5130): 0.04s | insert(5129): 8.06s | update(0): 0.00s | commit: 0.01s
2026-08-16 09:17:57,707 | INFO | چانک 150 | 5130 ردیف | clean: 0.01s | load: 8.29s | جمع کل: 791812 رکورد
2026-08-16 09:18:07,665 | INFO |   -> to_dict/clean: 0.19s | loop(5715): 0.04s | insert(5715): 9.56s | update(0): 0.00s | commit: 0.01s
2026-08-16 09:18:07,667 | INFO | چانک 151 | 5715 ردیف | clean: 0.01s | load: 9.81s | جمع کل: 797527 رکورد
2026-08-16 09:18:15,282 | INFO |   -> to_dict/clean: 0.06s | loop(4845): 0.01s | insert(4844): 7.41s | update(1): 0.00s | commit: 0.01s
2026-08-16 09:18:15,285 | INFO | چانک 152 | 4845 ردیف | clean: 0.00s | load: 7.51s | جمع کل: 802372 رکورد
2026-08-16 09:18:23,127 | INFO |   -> to_dict/clean: 0.16s | loop(4789): 0.03s | insert(4785): 7.48s | update(1): 0.00s | commit: 0.01s
2026-08-16 09:18:23,129 | INFO | چانک 153 | 4789 ردیف | clean: 0.01s | load: 7.69s | جمع کل: 807161 رکورد
2026-08-16 09:18:31,092 | INFO |   -> to_dict/clean: 0.07s | loop(4895): 0.01s | insert(4893): 7.76s | update(0): 0.00s | commit: 0.01s
2026-08-16 09:18:31,094 | INFO | چانک 154 | 4895 ردیف | clean: 0.01s | load: 7.85s | جمع کل: 812056 رکورد
2026-08-16 09:18:40,405 | INFO |   -> to_dict/clean: 0.06s | loop(5021): 0.01s | insert(5019): 9.13s | update(0): 0.00s | commit: 0.01s
2026-08-16 09:18:40,412 | INFO | چانک 155 | 5021 ردیف | clean: 0.00s | load: 9.23s | جمع کل: 817077 رکورد
2026-08-16 09:18:51,245 | INFO |   -> to_dict/clean: 0.18s | loop(5380): 0.04s | insert(5380): 10.37s | update(0): 0.00s | commit: 0.01s
2026-08-16 09:18:51,247 | INFO | چانک 156 | 5380 ردیف | clean: 0.01s | load: 10.61s | جمع کل: 822457 رکورد
2026-08-16 09:20:42,259 | INFO | در حال بارگذاری رکوردهای موجود از دیتابیس (برای resume-safe بودن)...
2026-08-16 09:21:17,060 | INFO | 822283 رکورد در 34.8 ثانیه بارگذاری شد.
2026-08-16 09:21:17,060 | INFO | شروع پردازش چانک‌ها...
2026-08-16 09:21:17,255 | INFO |   -> to_dict/clean: 0.07s | loop(5267): 0.02s | insert(0): 0.00s | update(0): 0.00s | commit: 0.00s
2026-08-16 09:21:17,257 | INFO | چانک 1 | 5267 ردیف | clean: 0.01s | load: 0.09s | جمع کل: 5267 رکورد
2026-08-16 09:21:17,385 | INFO |   -> to_dict/clean: 0.05s | loop(4796): 0.02s | insert(0): 0.00s | update(0): 0.00s | commit: 0.00s
2026-08-16 09:21:17,387 | INFO | چانک 2 | 4796 ردیف | clean: 0.00s | load: 0.07s | جمع کل: 10063 رکورد
2026-08-16 09:21:17,518 | INFO |   -> to_dict/clean: 0.06s | loop(4936): 0.02s | insert(0): 0.00s | update(0): 0.00s | commit: 0.00s
2026-08-16 09:21:17,520 | INFO | چانک 3 | 4936 ردیف | clean: 0.00s | load: 0.07s | جمع کل: 14999 رکورد
2026-08-16 09:21:17,696 | INFO |   -> to_dict/clean: 0.07s | loop(5027): 0.03s | insert(0): 0.00s | update(0): 0.00s | commit: 0.00s
2026-08-16 09:21:17,698 | INFO | چانک 4 | 5027 ردیف | clean: 0.00s | load: 0.10s | جمع کل: 20026 رکورد
2026-08-16 09:21:17,892 | INFO |   -> to_dict/clean: 0.06s | loop(5284): 0.02s | insert(0): 0.00s | update(0): 0.00s | commit: 0.00s
2026-08-16 09:21:17,894 | INFO | چانک 5 | 5284 ردیف | clean: 0.01s | load: 0.08s | جمع کل: 25310 رکورد
2026-08-16 09:21:18,033 | INFO |   -> to_dict/clean: 0.06s | loop(5244): 0.02s | insert(0): 0.00s | update(0): 0.00s | commit: 0.00s
2026-08-16 09:21:18,035 | INFO | چانک 6 | 5244 ردیف | clean: 0.00s | load: 0.08s | جمع کل: 30554 رکورد
2026-08-16 09:21:18,208 | INFO |   -> to_dict/clean: 0.10s | loop(4958): 0.02s | insert(0): 0.00s | update(0): 0.00s | commit: 0.00s
2026-08-16 09:21:18,209 | INFO | چانک 7 | 4958 ردیف | clean: 0.01s | load: 0.12s | جمع کل: 35512 رکورد
2026-08-16 09:21:18,339 | INFO |   -> to_dict/clean: 0.06s | loop(4855): 0.02s | insert(0): 0.00s | update(0): 0.00s | commit: 0.00s
2026-08-16 09:21:18,341 | INFO | چانک 8 | 4855 ردیف | clean: 0.00s | load: 0.08s | جمع کل: 40367 رکورد
2026-08-16 09:21:18,516 | INFO |   -> to_dict/clean: 0.09s | loop(4831): 0.04s | insert(0): 0.00s | update(0): 0.00s | commit: 0.00s
2026-08-16 09:21:18,519 | INFO | چانک 9 | 4831 ردیف | clean: 0.00s | load: 0.12s | جمع کل: 45198 رکورد
2026-08-16 09:21:18,772 | INFO |   -> to_dict/clean: 0.12s | loop(5710): 0.02s | insert(0): 0.00s | update(0): 0.00s | commit: 0.00s
2026-08-16 09:21:18,774 | INFO | چانک 10 | 5710 ردیف | clean: 0.01s | load: 0.14s | جمع کل: 50908 رکورد
2026-08-16 09:21:18,939 | INFO |   -> to_dict/clean: 0.07s | loop(6208): 0.03s | insert(0): 0.00s | update(0): 0.00s | commit: 0.00s
2026-08-16 09:21:18,942 | INFO | چانک 11 | 6208 ردیف | clean: 0.01s | load: 0.10s | جمع کل: 57116 رکورد
2026-08-16 09:21:19,171 | INFO |   -> to_dict/clean: 0.09s | loop(5645): 0.02s | insert(0): 0.00s | update(0): 0.00s | commit: 0.00s
2026-08-16 09:21:19,193 | INFO | چانک 12 | 5645 ردیف | clean: 0.01s | load: 0.14s | جمع کل: 62761 رکورد
2026-08-16 09:21:19,499 | INFO |   -> to_dict/clean: 0.13s | loop(5809): 0.04s | insert(0): 0.00s | update(0): 0.00s | commit: 0.00s
2026-08-16 09:21:19,501 | INFO | چانک 13 | 5809 ردیف | clean: 0.01s | load: 0.17s | جمع کل: 68570 رکورد
2026-08-16 09:21:19,720 | INFO |   -> to_dict/clean: 0.08s | loop(5840): 0.02s | insert(0): 0.00s | update(0): 0.00s | commit: 0.00s
2026-08-16 09:21:19,722 | INFO | چانک 14 | 5840 ردیف | clean: 0.01s | load: 0.10s | جمع کل: 74410 رکورد
2026-08-16 09:21:19,860 | INFO |   -> to_dict/clean: 0.06s | loop(5242): 0.02s | insert(0): 0.00s | update(0): 0.00s | commit: 0.00s
2026-08-16 09:21:19,862 | INFO | چانک 15 | 5242 ردیف | clean: 0.00s | load: 0.08s | جمع کل: 79652 رکورد
2026-08-16 09:21:20,032 | INFO |   -> to_dict/clean: 0.07s | loop(5689): 0.02s | insert(0): 0.00s | update(0): 0.00s | commit: 0.00s
2026-08-16 09:21:20,034 | INFO | چانک 16 | 5689 ردیف | clean: 0.00s | load: 0.09s | جمع کل: 85341 رکورد
2026-08-16 09:21:20,206 | INFO |   -> to_dict/clean: 0.09s | loop(5056): 0.03s | insert(0): 0.00s | update(0): 0.00s | commit: 0.00s
2026-08-16 09:21:20,208 | INFO | چانک 17 | 5056 ردیف | clean: 0.00s | load: 0.12s | جمع کل: 90397 رکورد
2026-08-16 09:21:20,332 | INFO |   -> to_dict/clean: 0.05s | loop(4731): 0.02s | insert(0): 0.00s | update(0): 0.00s | commit: 0.00s
2026-08-16 09:21:20,333 | INFO | چانک 18 | 4731 ردیف | clean: 0.00s | load: 0.07s | جمع کل: 95128 رکورد
2026-08-16 09:21:20,463 | INFO |   -> to_dict/clean: 0.06s | loop(4771): 0.02s | insert(0): 0.00s | update(0): 0.00s | commit: 0.00s
2026-08-16 09:21:20,465 | INFO | چانک 19 | 4771 ردیف | clean: 0.00s | load: 0.07s | جمع کل: 99899 رکورد
2026-08-16 09:21:20,598 | INFO |   -> to_dict/clean: 0.06s | loop(4742): 0.02s | insert(0): 0.00s | update(0): 0.00s | commit: 0.00s
2026-08-16 09:21:20,600 | INFO | چانک 20 | 4742 ردیف | clean: 0.00s | load: 0.08s | جمع کل: 104641 رکورد
2026-08-16 09:21:20,777 | INFO |   -> to_dict/clean: 0.07s | loop(5270): 0.02s | insert(0): 0.00s | update(0): 0.00s | commit: 0.00s
2026-08-16 09:21:20,778 | INFO | چانک 21 | 5270 ردیف | clean: 0.01s | load: 0.09s | جمع کل: 109911 رکورد
2026-08-16 09:21:20,948 | INFO |   -> to_dict/clean: 0.07s | loop(5142): 0.02s | insert(0): 0.00s | update(0): 0.00s | commit: 0.00s
2026-08-16 09:21:20,949 | INFO | چانک 22 | 5142 ردیف | clean: 0.01s | load: 0.09s | جمع کل: 115053 رکورد
2026-08-16 09:21:21,109 | INFO |   -> to_dict/clean: 0.06s | loop(4989): 0.02s | insert(0): 0.00s | update(0): 0.00s | commit: 0.00s
2026-08-16 09:21:21,111 | INFO | چانک 23 | 4989 ردیف | clean: 0.00s | load: 0.08s | جمع کل: 120042 رکورد
2026-08-16 09:21:21,302 | INFO |   -> to_dict/clean: 0.08s | loop(4984): 0.03s | insert(0): 0.00s | update(0): 0.00s | commit: 0.00s
2026-08-16 09:21:21,304 | INFO | چانک 24 | 4984 ردیف | clean: 0.00s | load: 0.11s | جمع کل: 125026 رکورد
2026-08-16 09:21:21,491 | INFO |   -> to_dict/clean: 0.08s | loop(4740): 0.02s | insert(0): 0.00s | update(0): 0.00s | commit: 0.00s
2026-08-16 09:21:21,493 | INFO | چانک 25 | 4740 ردیف | clean: 0.01s | load: 0.10s | جمع کل: 129766 رکورد
2026-08-16 09:21:21,712 | INFO |   -> to_dict/clean: 0.10s | loop(4850): 0.02s | insert(0): 0.00s | update(0): 0.00s | commit: 0.00s
2026-08-16 09:21:21,713 | INFO | چانک 26 | 4850 ردیف | clean: 0.01s | load: 0.12s | جمع کل: 134616 رکورد
2026-08-16 09:21:21,896 | INFO |   -> to_dict/clean: 0.07s | loop(5832): 0.02s | insert(0): 0.00s | update(0): 0.00s | commit: 0.00s
2026-08-16 09:21:21,898 | INFO | چانک 27 | 5832 ردیف | clean: 0.00s | load: 0.09s | جمع کل: 140448 رکورد
2026-08-16 09:21:22,179 | INFO |   -> to_dict/clean: 0.17s | loop(6229): 0.03s | insert(0): 0.00s | update(0): 0.00s | commit: 0.00s
2026-08-16 09:21:22,181 | INFO | چانک 28 | 6229 ردیف | clean: 0.01s | load: 0.20s | جمع کل: 146677 رکورد
2026-08-16 09:21:22,389 | INFO |   -> to_dict/clean: 0.11s | loop(5668): 0.03s | insert(0): 0.00s | update(0): 0.00s | commit: 0.00s
2026-08-16 09:21:22,391 | INFO | چانک 29 | 5668 ردیف | clean: 0.01s | load: 0.15s | جمع کل: 152345 رکورد
2026-08-16 09:21:22,561 | INFO |   -> to_dict/clean: 0.07s | loop(5796): 0.02s | insert(0): 0.00s | update(0): 0.00s | commit: 0.00s
2026-08-16 09:21:22,563 | INFO | چانک 30 | 5796 ردیف | clean: 0.00s | load: 0.09s | جمع کل: 158141 رکورد
2026-08-16 09:21:22,771 | INFO |   -> to_dict/clean: 0.11s | loop(5778): 0.02s | insert(0): 0.00s | update(0): 0.00s | commit: 0.00s
2026-08-16 09:21:22,773 | INFO | چانک 31 | 5778 ردیف | clean: 0.00s | load: 0.13s | جمع کل: 163919 رکورد
2026-08-16 09:21:22,905 | INFO |   -> to_dict/clean: 0.06s | loop(5101): 0.02s | insert(0): 0.00s | update(0): 0.00s | commit: 0.00s
2026-08-16 09:21:22,907 | INFO | چانک 32 | 5101 ردیف | clean: 0.00s | load: 0.08s | جمع کل: 169020 رکورد
2026-08-16 09:21:23,074 | INFO |   -> to_dict/clean: 0.07s | loop(5727): 0.02s | insert(0): 0.00s | update(0): 0.00s | commit: 0.00s
2026-08-16 09:21:23,076 | INFO | چانک 33 | 5727 ردیف | clean: 0.00s | load: 0.09s | جمع کل: 174747 رکورد
2026-08-16 09:21:23,247 | INFO |   -> to_dict/clean: 0.07s | loop(4910): 0.02s | insert(0): 0.00s | update(0): 0.00s | commit: 0.00s
2026-08-16 09:21:23,248 | INFO | چانک 34 | 4910 ردیف | clean: 0.01s | load: 0.08s | جمع کل: 179657 رکورد
2026-08-16 09:21:23,378 | INFO |   -> to_dict/clean: 0.06s | loop(4803): 0.02s | insert(0): 0.00s | update(0): 0.00s | commit: 0.00s
2026-08-16 09:21:23,380 | INFO | چانک 35 | 4803 ردیف | clean: 0.00s | load: 0.08s | جمع کل: 184460 رکورد
2026-08-16 09:21:23,559 | INFO |   -> to_dict/clean: 0.08s | loop(4800): 0.02s | insert(0): 0.00s | update(0): 0.00s | commit: 0.00s
2026-08-16 09:21:23,560 | INFO | چانک 36 | 4800 ردیف | clean: 0.01s | load: 0.09s | جمع کل: 189260 رکورد
2026-08-16 09:21:23,733 | INFO |   -> to_dict/clean: 0.06s | loop(4737): 0.02s | insert(0): 0.00s | update(0): 0.00s | commit: 0.00s
2026-08-16 09:21:23,735 | INFO | چانک 37 | 4737 ردیف | clean: 0.01s | load: 0.08s | جمع کل: 193997 رکورد
2026-08-16 09:21:23,922 | INFO |   -> to_dict/clean: 0.10s | loop(5346): 0.03s | insert(0): 0.00s | update(0): 0.00s | commit: 0.00s
2026-08-16 09:21:23,924 | INFO | چانک 38 | 5346 ردیف | clean: 0.00s | load: 0.13s | جمع کل: 199343 رکورد
2026-08-16 09:21:24,094 | INFO |   -> to_dict/clean: 0.06s | loop(5164): 0.02s | insert(0): 0.00s | update(0): 0.00s | commit: 0.00s
2026-08-16 09:21:24,096 | INFO | چانک 39 | 5164 ردیف | clean: 0.01s | load: 0.08s | جمع کل: 204507 رکورد
2026-08-16 09:21:24,359 | INFO |   -> to_dict/clean: 0.12s | loop(5156): 0.03s | insert(0): 0.00s | update(0): 0.00s | commit: 0.00s
2026-08-16 09:21:24,360 | INFO | چانک 40 | 5156 ردیف | clean: 0.03s | load: 0.15s | جمع کل: 209663 رکورد
2026-08-16 09:21:24,500 | INFO |   -> to_dict/clean: 0.06s | loop(4890): 0.02s | insert(0): 0.00s | update(0): 0.00s | commit: 0.00s
2026-08-16 09:21:24,501 | INFO | چانک 41 | 4890 ردیف | clean: 0.01s | load: 0.08s | جمع کل: 214553 رکورد
2026-08-16 09:21:24,658 | INFO |   -> to_dict/clean: 0.06s | loop(4804): 0.02s | insert(0): 0.00s | update(0): 0.00s | commit: 0.00s
2026-08-16 09:21:24,660 | INFO | چانک 42 | 4804 ردیف | clean: 0.00s | load: 0.08s | جمع کل: 219357 رکورد
2026-08-16 09:21:24,810 | INFO |   -> to_dict/clean: 0.07s | loop(5291): 0.02s | insert(0): 0.00s | update(0): 0.00s | commit: 0.00s
2026-08-16 09:21:24,812 | INFO | چانک 43 | 5291 ردیف | clean: 0.01s | load: 0.09s | جمع کل: 224648 رکورد
2026-08-16 09:21:25,100 | INFO |   -> to_dict/clean: 0.19s | loop(5608): 0.02s | insert(0): 0.00s | update(0): 0.00s | commit: 0.00s
2026-08-16 09:21:25,102 | INFO | چانک 44 | 5608 ردیف | clean: 0.01s | load: 0.22s | جمع کل: 230256 رکورد
2026-08-16 09:21:25,333 | INFO |   -> to_dict/clean: 0.10s | loop(5846): 0.02s | insert(0): 0.00s | update(0): 0.00s | commit: 0.00s
2026-08-16 09:21:25,334 | INFO | چانک 45 | 5846 ردیف | clean: 0.01s | load: 0.13s | جمع کل: 236102 رکورد
2026-08-16 09:21:25,508 | INFO |   -> to_dict/clean: 0.07s | loop(5597): 0.02s | insert(0): 0.00s | update(0): 0.00s | commit: 0.00s
2026-08-16 09:21:25,510 | INFO | چانک 46 | 5597 ردیف | clean: 0.01s | load: 0.10s | جمع کل: 241699 رکورد
2026-08-16 09:21:25,713 | INFO |   -> to_dict/clean: 0.11s | loop(5996): 0.02s | insert(0): 0.00s | update(0): 0.00s | commit: 0.00s
2026-08-16 09:21:25,715 | INFO | چانک 47 | 5996 ردیف | clean: 0.01s | load: 0.14s | جمع کل: 247695 رکورد
2026-08-16 09:21:25,880 | INFO |   -> to_dict/clean: 0.07s | loop(5601): 0.02s | insert(0): 0.00s | update(0): 0.00s | commit: 0.00s
2026-08-16 09:21:25,882 | INFO | چانک 48 | 5601 ردیف | clean: 0.01s | load: 0.09s | جمع کل: 253296 رکورد
2026-08-16 09:21:26,152 | INFO |   -> to_dict/clean: 0.13s | loop(5276): 0.03s | insert(0): 0.00s | update(0): 0.00s | commit: 0.00s
2026-08-16 09:21:26,154 | INFO | چانک 49 | 5276 ردیف | clean: 0.01s | load: 0.16s | جمع کل: 258572 رکورد
2026-08-16 09:21:26,335 | INFO |   -> to_dict/clean: 0.07s | loop(5357): 0.02s | insert(0): 0.00s | update(0): 0.00s | commit: 0.00s
2026-08-16 09:21:26,337 | INFO | چانک 50 | 5357 ردیف | clean: 0.01s | load: 0.09s | جمع کل: 263929 رکورد
2026-08-16 09:21:26,552 | INFO |   -> to_dict/clean: 0.09s | loop(4881): 0.02s | insert(0): 0.00s | update(0): 0.00s | commit: 0.00s
2026-08-16 09:21:26,554 | INFO | چانک 51 | 4881 ردیف | clean: 0.01s | load: 0.11s | جمع کل: 268810 رکورد
2026-08-16 09:21:26,710 | INFO |   -> to_dict/clean: 0.06s | loop(4927): 0.02s | insert(0): 0.00s | update(0): 0.00s | commit: 0.00s
2026-08-16 09:21:26,711 | INFO | چانک 52 | 4927 ردیف | clean: 0.01s | load: 0.08s | جمع کل: 273737 رکورد
2026-08-16 09:21:26,846 | INFO |   -> to_dict/clean: 0.06s | loop(4653): 0.02s | insert(0): 0.00s | update(0): 0.00s | commit: 0.00s
2026-08-16 09:21:26,848 | INFO | چانک 53 | 4653 ردیف | clean: 0.00s | load: 0.07s | جمع کل: 278390 رکورد
2026-08-16 09:21:27,012 | INFO |   -> to_dict/clean: 0.06s | loop(5005): 0.02s | insert(0): 0.00s | update(0): 0.00s | commit: 0.00s
2026-08-16 09:21:27,015 | INFO | چانک 54 | 5005 ردیف | clean: 0.01s | load: 0.08s | جمع کل: 283395 رکورد
2026-08-16 09:21:27,296 | INFO |   -> to_dict/clean: 0.15s | loop(5375): 0.04s | insert(0): 0.00s | update(0): 0.00s | commit: 0.00s
2026-08-16 09:21:27,298 | INFO | چانک 55 | 5375 ردیف | clean: 0.01s | load: 0.20s | جمع کل: 288770 رکورد
2026-08-16 09:21:27,451 | INFO |   -> to_dict/clean: 0.07s | loop(5203): 0.02s | insert(0): 0.00s | update(0): 0.00s | commit: 0.00s
2026-08-16 09:21:27,453 | INFO | چانک 56 | 5203 ردیف | clean: 0.01s | load: 0.09s | جمع کل: 293973 رکورد
2026-08-16 09:21:27,611 | INFO |   -> to_dict/clean: 0.06s | loop(4960): 0.02s | insert(0): 0.00s | update(0): 0.00s | commit: 0.00s
2026-08-16 09:21:27,613 | INFO | چانک 57 | 4960 ردیف | clean: 0.01s | load: 0.08s | جمع کل: 298933 رکورد
2026-08-16 09:21:27,864 | INFO |   -> to_dict/clean: 0.11s | loop(4872): 0.02s | insert(0): 0.00s | update(0): 0.00s | commit: 0.00s
2026-08-16 09:21:27,867 | INFO | چانک 58 | 4872 ردیف | clean: 0.01s | load: 0.13s | جمع کل: 303805 رکورد
2026-08-16 09:21:28,035 | INFO |   -> to_dict/clean: 0.06s | loop(4879): 0.02s | insert(0): 0.00s | update(0): 0.00s | commit: 0.00s
2026-08-16 09:21:28,036 | INFO | چانک 59 | 4879 ردیف | clean: 0.00s | load: 0.08s | جمع کل: 308684 رکورد
2026-08-16 09:21:28,363 | INFO |   -> to_dict/clean: 0.14s | loop(5634): 0.03s | insert(0): 0.00s | update(0): 0.00s | commit: 0.00s
2026-08-16 09:21:28,365 | INFO | چانک 60 | 5634 ردیف | clean: 0.01s | load: 0.17s | جمع کل: 314318 رکورد
2026-08-16 09:21:28,523 | INFO |   -> to_dict/clean: 0.07s | loop(5847): 0.02s | insert(0): 0.00s | update(0): 0.00s | commit: 0.00s
2026-08-16 09:21:28,525 | INFO | چانک 61 | 5847 ردیف | clean: 0.01s | load: 0.10s | جمع کل: 320165 رکورد
2026-08-16 09:21:28,717 | INFO |   -> to_dict/clean: 0.11s | loop(5975): 0.02s | insert(0): 0.00s | update(0): 0.00s | commit: 0.00s
2026-08-16 09:21:28,719 | INFO | چانک 62 | 5975 ردیف | clean: 0.01s | load: 0.13s | جمع کل: 326140 رکورد
2026-08-16 09:21:28,876 | INFO |   -> to_dict/clean: 0.08s | loop(5694): 0.02s | insert(0): 0.00s | update(0): 0.00s | commit: 0.00s
2026-08-16 09:21:28,877 | INFO | چانک 63 | 5694 ردیف | clean: 0.01s | load: 0.10s | جمع کل: 331834 رکورد
2026-08-16 09:21:29,061 | INFO |   -> to_dict/clean: 0.08s | loop(6015): 0.03s | insert(0): 0.00s | update(0): 0.00s | commit: 0.00s
2026-08-16 09:21:29,063 | INFO | چانک 64 | 6015 ردیف | clean: 0.01s | load: 0.12s | جمع کل: 337849 رکورد
2026-08-16 09:21:29,370 | INFO |   -> to_dict/clean: 0.15s | loop(5445): 0.05s | insert(0): 0.00s | update(0): 0.00s | commit: 0.00s
2026-08-16 09:21:29,373 | INFO | چانک 65 | 5445 ردیف | clean: 0.01s | load: 0.20s | جمع کل: 343294 رکورد
2026-08-16 09:21:29,589 | INFO |   -> to_dict/clean: 0.07s | loop(5363): 0.03s | insert(0): 0.00s | update(0): 0.00s | commit: 0.00s
2026-08-16 09:21:29,591 | INFO | چانک 66 | 5363 ردیف | clean: 0.01s | load: 0.11s | جمع کل: 348657 رکورد
2026-08-16 09:21:29,864 | INFO |   -> to_dict/clean: 0.13s | loop(5391): 0.02s | insert(0): 0.00s | update(0): 0.00s | commit: 0.00s
2026-08-16 09:21:29,866 | INFO | چانک 67 | 5391 ردیف | clean: 0.01s | load: 0.15s | جمع کل: 354048 رکورد
2026-08-16 09:21:30,060 | INFO |   -> to_dict/clean: 0.08s | loop(4779): 0.03s | insert(0): 0.00s | update(0): 0.00s | commit: 0.00s
2026-08-16 09:21:30,062 | INFO | چانک 68 | 4779 ردیف | clean: 0.01s | load: 0.11s | جمع کل: 358827 رکورد
2026-08-16 09:21:30,292 | INFO |   -> to_dict/clean: 0.08s | loop(4808): 0.02s | insert(0): 0.00s | update(0): 0.00s | commit: 0.00s
2026-08-16 09:21:30,294 | INFO | چانک 69 | 4808 ردیف | clean: 0.01s | load: 0.10s | جمع کل: 363635 رکورد
2026-08-16 09:21:30,452 | INFO |   -> to_dict/clean: 0.07s | loop(4632): 0.02s | insert(0): 0.00s | update(0): 0.00s | commit: 0.00s
2026-08-16 09:21:30,454 | INFO | چانک 70 | 4632 ردیف | clean: 0.01s | load: 0.08s | جمع کل: 368267 رکورد
2026-08-16 09:21:30,603 | INFO |   -> to_dict/clean: 0.07s | loop(5229): 0.02s | insert(0): 0.00s | update(0): 0.00s | commit: 0.00s
2026-08-16 09:21:30,606 | INFO | چانک 71 | 5229 ردیف | clean: 0.01s | load: 0.09s | جمع کل: 373496 رکورد
2026-08-16 09:21:30,842 | INFO |   -> to_dict/clean: 0.12s | loop(5214): 0.02s | insert(0): 0.00s | update(0): 0.00s | commit: 0.00s
2026-08-16 09:21:30,844 | INFO | چانک 72 | 5214 ردیف | clean: 0.01s | load: 0.14s | جمع کل: 378710 رکورد
2026-08-16 09:21:31,019 | INFO |   -> to_dict/clean: 0.06s | loop(5159): 0.02s | insert(0): 0.00s | update(0): 0.00s | commit: 0.00s
2026-08-16 09:21:31,022 | INFO | چانک 73 | 5159 ردیف | clean: 0.01s | load: 0.09s | جمع کل: 383869 رکورد
2026-08-16 09:21:31,163 | INFO |   -> to_dict/clean: 0.06s | loop(4971): 0.02s | insert(0): 0.00s | update(0): 0.00s | commit: 0.00s
2026-08-16 09:21:31,165 | INFO | چانک 74 | 4971 ردیف | clean: 0.00s | load: 0.08s | جمع کل: 388840 رکورد
2026-08-16 09:21:31,344 | INFO |   -> to_dict/clean: 0.08s | loop(4986): 0.02s | insert(0): 0.00s | update(0): 0.00s | commit: 0.00s
2026-08-16 09:21:31,345 | INFO | چانک 75 | 4986 ردیف | clean: 0.00s | load: 0.10s | جمع کل: 393826 رکورد
2026-08-16 09:21:31,487 | INFO |   -> to_dict/clean: 0.06s | loop(4749): 0.02s | insert(0): 0.00s | update(0): 0.00s | commit: 0.00s
2026-08-16 09:21:31,489 | INFO | چانک 76 | 4749 ردیف | clean: 0.00s | load: 0.08s | جمع کل: 398575 رکورد
2026-08-16 09:21:31,657 | INFO |   -> to_dict/clean: 0.07s | loop(5783): 0.02s | insert(0): 0.00s | update(0): 0.00s | commit: 0.00s
2026-08-16 09:21:31,659 | INFO | چانک 77 | 5783 ردیف | clean: 0.00s | load: 0.09s | جمع کل: 404358 رکورد
2026-08-16 09:21:31,823 | INFO |   -> to_dict/clean: 0.08s | loop(6046): 0.02s | insert(0): 0.00s | update(0): 0.00s | commit: 0.00s
2026-08-16 09:21:31,824 | INFO | چانک 78 | 6046 ردیف | clean: 0.01s | load: 0.10s | جمع کل: 410404 رکورد
2026-08-16 09:21:32,016 | INFO |   -> to_dict/clean: 0.09s | loop(5699): 0.02s | insert(0): 0.00s | update(0): 0.00s | commit: 0.00s
2026-08-16 09:21:32,018 | INFO | چانک 79 | 5699 ردیف | clean: 0.01s | load: 0.11s | جمع کل: 416103 رکورد
2026-08-16 09:21:32,219 | INFO |   -> to_dict/clean: 0.08s | loop(5922): 0.02s | insert(0): 0.00s | update(0): 0.00s | commit: 0.00s
2026-08-16 09:21:32,221 | INFO | چانک 80 | 5922 ردیف | clean: 0.01s | load: 0.10s | جمع کل: 422025 رکورد
2026-08-16 09:21:32,392 | INFO |   -> to_dict/clean: 0.07s | loop(5798): 0.02s | insert(0): 0.00s | update(0): 0.00s | commit: 0.00s
2026-08-16 09:21:32,394 | INFO | چانک 81 | 5798 ردیف | clean: 0.01s | load: 0.10s | جمع کل: 427823 رکورد
2026-08-16 09:21:32,536 | INFO |   -> to_dict/clean: 0.06s | loop(5130): 0.02s | insert(0): 0.00s | update(0): 0.00s | commit: 0.00s
2026-08-16 09:21:32,537 | INFO | چانک 82 | 5130 ردیف | clean: 0.00s | load: 0.08s | جمع کل: 432953 رکورد
2026-08-16 09:21:32,755 | INFO |   -> to_dict/clean: 0.10s | loop(5712): 0.02s | insert(0): 0.00s | update(0): 0.00s | commit: 0.00s
2026-08-16 09:21:32,757 | INFO | چانک 83 | 5712 ردیف | clean: 0.01s | load: 0.13s | جمع کل: 438665 رکورد
2026-08-16 09:21:32,905 | INFO |   -> to_dict/clean: 0.06s | loop(5086): 0.02s | insert(0): 0.00s | update(0): 0.00s | commit: 0.00s
2026-08-16 09:21:32,906 | INFO | چانک 84 | 5086 ردیف | clean: 0.01s | load: 0.08s | جمع کل: 443751 رکورد
2026-08-16 09:21:33,067 | INFO |   -> to_dict/clean: 0.08s | loop(4775): 0.02s | insert(0): 0.00s | update(0): 0.00s | commit: 0.00s
2026-08-16 09:21:33,069 | INFO | چانک 85 | 4775 ردیف | clean: 0.00s | load: 0.10s | جمع کل: 448526 رکورد
2026-08-16 09:21:33,215 | INFO |   -> to_dict/clean: 0.06s | loop(4971): 0.02s | insert(0): 0.00s | update(0): 0.00s | commit: 0.00s
2026-08-16 09:21:33,217 | INFO | چانک 86 | 4971 ردیف | clean: 0.00s | load: 0.08s | جمع کل: 453497 رکورد
2026-08-16 09:21:33,349 | INFO |   -> to_dict/clean: 0.06s | loop(4597): 0.02s | insert(0): 0.00s | update(0): 0.00s | commit: 0.00s
2026-08-16 09:21:33,351 | INFO | چانک 87 | 4597 ردیف | clean: 0.01s | load: 0.07s | جمع کل: 458094 رکورد
2026-08-16 09:21:33,499 | INFO |   -> to_dict/clean: 0.07s | loop(5314): 0.02s | insert(0): 0.00s | update(0): 0.00s | commit: 0.00s
2026-08-16 09:21:33,500 | INFO | چانک 88 | 5314 ردیف | clean: 0.01s | load: 0.09s | جمع کل: 463408 رکورد
2026-08-16 09:21:33,644 | INFO |   -> to_dict/clean: 0.06s | loop(5200): 0.02s | insert(0): 0.00s | update(0): 0.00s | commit: 0.00s
2026-08-16 09:21:33,646 | INFO | چانک 89 | 5200 ردیف | clean: 0.00s | load: 0.08s | جمع کل: 468608 رکورد
2026-08-16 09:21:33,788 | INFO |   -> to_dict/clean: 0.06s | loop(5075): 0.02s | insert(0): 0.00s | update(0): 0.00s | commit: 0.00s
2026-08-16 09:21:33,790 | INFO | چانک 90 | 5075 ردیف | clean: 0.01s | load: 0.08s | جمع کل: 473683 رکورد
2026-08-16 09:21:33,935 | INFO |   -> to_dict/clean: 0.06s | loop(5099): 0.02s | insert(0): 0.00s | update(0): 0.00s | commit: 0.00s
2026-08-16 09:21:33,936 | INFO | چانک 91 | 5099 ردیف | clean: 0.01s | load: 0.08s | جمع کل: 478782 رکورد
2026-08-16 09:21:34,078 | INFO |   -> to_dict/clean: 0.06s | loop(4914): 0.02s | insert(0): 0.00s | update(0): 0.00s | commit: 0.00s
2026-08-16 09:21:34,079 | INFO | چانک 92 | 4914 ردیف | clean: 0.01s | load: 0.08s | جمع کل: 483696 رکورد
2026-08-16 09:21:34,212 | INFO |   -> to_dict/clean: 0.06s | loop(4742): 0.02s | insert(0): 0.00s | update(0): 0.00s | commit: 0.00s
2026-08-16 09:21:34,213 | INFO | چانک 93 | 4742 ردیف | clean: 0.00s | load: 0.08s | جمع کل: 488438 رکورد
2026-08-16 09:21:34,388 | INFO |   -> to_dict/clean: 0.08s | loop(5830): 0.02s | insert(0): 0.00s | update(0): 0.00s | commit: 0.00s
2026-08-16 09:21:34,390 | INFO | چانک 94 | 5830 ردیف | clean: 0.01s | load: 0.10s | جمع کل: 494268 رکورد
2026-08-16 09:21:34,587 | INFO |   -> to_dict/clean: 0.10s | loop(6266): 0.02s | insert(0): 0.00s | update(0): 0.00s | commit: 0.00s
2026-08-16 09:21:34,589 | INFO | چانک 95 | 6266 ردیف | clean: 0.01s | load: 0.12s | جمع کل: 500534 رکورد
2026-08-16 09:21:34,742 | INFO |   -> to_dict/clean: 0.07s | loop(5634): 0.02s | insert(0): 0.00s | update(0): 0.00s | commit: 0.00s
2026-08-16 09:21:34,744 | INFO | چانک 96 | 5634 ردیف | clean: 0.00s | load: 0.09s | جمع کل: 506168 رکورد
2026-08-16 09:21:34,917 | INFO |   -> to_dict/clean: 0.07s | loop(5948): 0.02s | insert(0): 0.00s | update(0): 0.00s | commit: 0.00s
2026-08-16 09:21:34,919 | INFO | چانک 97 | 5948 ردیف | clean: 0.00s | load: 0.10s | جمع کل: 512116 رکورد
2026-08-16 09:21:35,093 | INFO |   -> to_dict/clean: 0.08s | loop(5684): 0.03s | insert(0): 0.00s | update(0): 0.00s | commit: 0.00s
2026-08-16 09:21:35,095 | INFO | چانک 98 | 5684 ردیف | clean: 0.00s | load: 0.12s | جمع کل: 517800 رکورد
2026-08-16 09:21:35,267 | INFO |   -> to_dict/clean: 0.06s | loop(5199): 0.02s | insert(0): 0.00s | update(0): 0.00s | commit: 0.00s
2026-08-16 09:21:35,268 | INFO | چانک 99 | 5199 ردیف | clean: 0.01s | load: 0.08s | جمع کل: 522999 رکورد
2026-08-16 09:21:35,444 | INFO |   -> to_dict/clean: 0.07s | loop(5714): 0.02s | insert(0): 0.00s | update(0): 0.00s | commit: 0.00s
2026-08-16 09:21:35,446 | INFO | چانک 100 | 5714 ردیف | clean: 0.00s | load: 0.09s | جمع کل: 528713 رکورد
2026-08-16 09:21:35,603 | INFO |   -> to_dict/clean: 0.08s | loop(4922): 0.02s | insert(0): 0.00s | update(0): 0.00s | commit: 0.00s
2026-08-16 09:21:35,605 | INFO | چانک 101 | 4922 ردیف | clean: 0.00s | load: 0.10s | جمع کل: 533635 رکورد
2026-08-16 09:21:35,786 | INFO |   -> to_dict/clean: 0.06s | loop(4765): 0.02s | insert(0): 0.00s | update(0): 0.00s | commit: 0.00s
2026-08-16 09:21:35,787 | INFO | چانک 102 | 4765 ردیف | clean: 0.01s | load: 0.08s | جمع کل: 538400 رکورد
2026-08-16 09:21:35,955 | INFO |   -> to_dict/clean: 0.09s | loop(4855): 0.02s | insert(0): 0.00s | update(0): 0.00s | commit: 0.00s
2026-08-16 09:21:35,956 | INFO | چانک 103 | 4855 ردیف | clean: 0.01s | load: 0.11s | جمع کل: 543255 رکورد
2026-08-16 09:21:36,110 | INFO |   -> to_dict/clean: 0.08s | loop(4859): 0.02s | insert(0): 0.00s | update(0): 0.00s | commit: 0.00s
2026-08-16 09:21:36,112 | INFO | چانک 104 | 4859 ردیف | clean: 0.01s | load: 0.10s | جمع کل: 548114 رکورد
2026-08-16 09:21:36,255 | INFO |   -> to_dict/clean: 0.06s | loop(5322): 0.02s | insert(0): 0.00s | update(0): 0.00s | commit: 0.00s
2026-08-16 09:21:36,256 | INFO | چانک 105 | 5322 ردیف | clean: 0.01s | load: 0.08s | جمع کل: 553436 رکورد
2026-08-16 09:21:36,421 | INFO |   -> to_dict/clean: 0.06s | loop(5222): 0.02s | insert(0): 0.00s | update(0): 0.00s | commit: 0.00s
2026-08-16 09:21:36,423 | INFO | چانک 106 | 5222 ردیف | clean: 0.00s | load: 0.08s | جمع کل: 558658 رکورد
2026-08-16 09:21:36,563 | INFO |   -> to_dict/clean: 0.06s | loop(5010): 0.02s | insert(0): 0.00s | update(0): 0.00s | commit: 0.00s
2026-08-16 09:21:36,565 | INFO | چانک 107 | 5010 ردیف | clean: 0.00s | load: 0.08s | جمع کل: 563668 رکورد
2026-08-16 09:21:36,706 | INFO |   -> to_dict/clean: 0.06s | loop(5061): 0.02s | insert(0): 0.00s | update(0): 0.00s | commit: 0.00s
2026-08-16 09:21:36,708 | INFO | چانک 108 | 5061 ردیف | clean: 0.01s | load: 0.08s | جمع کل: 568729 رکورد
2026-08-16 09:21:36,860 | INFO |   -> to_dict/clean: 0.06s | loop(4818): 0.02s | insert(0): 0.00s | update(0): 0.00s | commit: 0.00s
2026-08-16 09:21:36,862 | INFO | چانک 109 | 4818 ردیف | clean: 0.01s | load: 0.09s | جمع کل: 573547 رکورد
2026-08-16 09:21:37,042 | INFO |   -> to_dict/clean: 0.07s | loop(4843): 0.02s | insert(0): 0.00s | update(0): 0.00s | commit: 0.00s
2026-08-16 09:21:37,043 | INFO | چانک 110 | 4843 ردیف | clean: 0.01s | load: 0.09s | جمع کل: 578390 رکورد
2026-08-16 09:21:37,285 | INFO |   -> to_dict/clean: 0.09s | loop(5810): 0.02s | insert(0): 0.00s | update(0): 0.00s | commit: 0.00s
2026-08-16 09:21:37,287 | INFO | چانک 111 | 5810 ردیف | clean: 0.01s | load: 0.11s | جمع کل: 584200 رکورد
2026-08-16 09:21:37,445 | INFO |   -> to_dict/clean: 0.07s | loop(5962): 0.02s | insert(0): 0.00s | update(0): 0.00s | commit: 0.00s
2026-08-16 09:21:37,453 | INFO | چانک 112 | 5962 ردیف | clean: 0.00s | load: 0.10s | جمع کل: 590162 رکورد
2026-08-16 09:21:37,633 | INFO |   -> to_dict/clean: 0.08s | loop(5760): 0.02s | insert(0): 0.00s | update(0): 0.00s | commit: 0.00s
2026-08-16 09:21:37,634 | INFO | چانک 113 | 5760 ردیف | clean: 0.01s | load: 0.10s | جمع کل: 595922 رکورد
2026-08-16 09:21:37,790 | INFO |   -> to_dict/clean: 0.07s | loop(5835): 0.02s | insert(0): 0.00s | update(0): 0.00s | commit: 0.00s
2026-08-16 09:21:37,792 | INFO | چانک 114 | 5835 ردیف | clean: 0.01s | load: 0.09s | جمع کل: 601757 رکورد
2026-08-16 09:21:37,968 | INFO |   -> to_dict/clean: 0.07s | loop(5970): 0.02s | insert(0): 0.00s | update(0): 0.00s | commit: 0.00s
2026-08-16 09:21:37,970 | INFO | چانک 115 | 5970 ردیف | clean: 0.01s | load: 0.10s | جمع کل: 607727 رکورد
2026-08-16 09:21:38,160 | INFO |   -> to_dict/clean: 0.08s | loop(5357): 0.03s | insert(0): 0.00s | update(0): 0.00s | commit: 0.00s
2026-08-16 09:21:38,162 | INFO | چانک 116 | 5357 ردیف | clean: 0.00s | load: 0.11s | جمع کل: 613084 رکورد
2026-08-16 09:21:38,356 | INFO |   -> to_dict/clean: 0.07s | loop(5502): 0.02s | insert(0): 0.00s | update(0): 0.00s | commit: 0.00s
2026-08-16 09:21:38,357 | INFO | چانک 117 | 5502 ردیف | clean: 0.01s | load: 0.10s | جمع کل: 618586 رکورد
2026-08-16 09:21:38,523 | INFO |   -> to_dict/clean: 0.07s | loop(5108): 0.02s | insert(0): 0.00s | update(0): 0.00s | commit: 0.00s
2026-08-16 09:21:38,525 | INFO | چانک 118 | 5108 ردیف | clean: 0.01s | load: 0.09s | جمع کل: 623694 رکورد
2026-08-16 09:21:38,700 | INFO |   -> to_dict/clean: 0.06s | loop(4750): 0.02s | insert(0): 0.00s | update(0): 0.00s | commit: 0.00s
2026-08-16 09:21:38,701 | INFO | چانک 119 | 4750 ردیف | clean: 0.01s | load: 0.08s | جمع کل: 628444 رکورد
2026-08-16 09:21:38,878 | INFO |   -> to_dict/clean: 0.07s | loop(4889): 0.02s | insert(0): 0.00s | update(0): 0.00s | commit: 0.00s
2026-08-16 09:21:38,879 | INFO | چانک 120 | 4889 ردیف | clean: 0.01s | load: 0.09s | جمع کل: 633333 رکورد
2026-08-16 09:21:39,036 | INFO |   -> to_dict/clean: 0.06s | loop(4687): 0.02s | insert(0): 0.00s | update(0): 0.00s | commit: 0.00s
2026-08-16 09:21:39,037 | INFO | چانک 121 | 4687 ردیف | clean: 0.01s | load: 0.08s | جمع کل: 638020 رکورد
2026-08-16 09:21:39,193 | INFO |   -> to_dict/clean: 0.07s | loop(5427): 0.02s | insert(0): 0.00s | update(0): 0.00s | commit: 0.00s
2026-08-16 09:21:39,195 | INFO | چانک 122 | 5427 ردیف | clean: 0.01s | load: 0.09s | جمع کل: 643447 رکورد
2026-08-16 09:21:39,338 | INFO |   -> to_dict/clean: 0.06s | loop(5188): 0.02s | insert(0): 0.00s | update(0): 0.00s | commit: 0.00s
2026-08-16 09:21:39,340 | INFO | چانک 123 | 5188 ردیف | clean: 0.00s | load: 0.09s | جمع کل: 648635 رکورد
2026-08-16 09:21:39,494 | INFO |   -> to_dict/clean: 0.06s | loop(5067): 0.02s | insert(0): 0.00s | update(0): 0.00s | commit: 0.00s
2026-08-16 09:21:39,496 | INFO | چانک 124 | 5067 ردیف | clean: 0.00s | load: 0.08s | جمع کل: 653702 رکورد
2026-08-16 09:21:39,685 | INFO |   -> to_dict/clean: 0.08s | loop(5058): 0.03s | insert(0): 0.00s | update(0): 0.00s | commit: 0.00s
2026-08-16 09:21:39,688 | INFO | چانک 125 | 5058 ردیف | clean: 0.01s | load: 0.11s | جمع کل: 658760 رکورد
2026-08-16 09:21:39,926 | INFO |   -> to_dict/clean: 0.10s | loop(4809): 0.02s | insert(0): 0.00s | update(0): 0.00s | commit: 0.00s
2026-08-16 09:21:39,927 | INFO | چانک 126 | 4809 ردیف | clean: 0.01s | load: 0.12s | جمع کل: 663569 رکورد
2026-08-16 09:21:40,072 | INFO |   -> to_dict/clean: 0.06s | loop(5022): 0.02s | insert(0): 0.00s | update(0): 0.00s | commit: 0.00s
2026-08-16 09:21:40,074 | INFO | چانک 127 | 5022 ردیف | clean: 0.00s | load: 0.08s | جمع کل: 668591 رکورد
2026-08-16 09:21:40,354 | INFO |   -> to_dict/clean: 0.11s | loop(6055): 0.02s | insert(0): 0.00s | update(0): 0.00s | commit: 0.00s
2026-08-16 09:21:40,356 | INFO | چانک 128 | 6055 ردیف | clean: 0.01s | load: 0.14s | جمع کل: 674646 رکورد
2026-08-16 09:21:40,526 | INFO |   -> to_dict/clean: 0.07s | loop(5793): 0.02s | insert(0): 0.00s | update(0): 0.00s | commit: 0.00s
2026-08-16 09:21:40,527 | INFO | چانک 129 | 5793 ردیف | clean: 0.01s | load: 0.10s | جمع کل: 680439 رکورد
2026-08-16 09:21:40,797 | INFO |   -> to_dict/clean: 0.15s | loop(5672): 0.04s | insert(0): 0.00s | update(0): 0.00s | commit: 0.00s
2026-08-16 09:21:40,800 | INFO | چانک 130 | 5672 ردیف | clean: 0.01s | load: 0.19s | جمع کل: 686111 رکورد
2026-08-16 09:21:41,034 | INFO |   -> to_dict/clean: 0.12s | loop(5992): 0.02s | insert(0): 0.00s | update(0): 0.00s | commit: 0.00s
2026-08-16 09:21:41,036 | INFO | چانک 131 | 5992 ردیف | clean: 0.01s | load: 0.14s | جمع کل: 692103 رکورد
2026-08-16 09:21:41,248 | INFO |   -> to_dict/clean: 0.10s | loop(5585): 0.02s | insert(0): 0.00s | update(0): 0.00s | commit: 0.00s
2026-08-16 09:21:41,250 | INFO | چانک 132 | 5585 ردیف | clean: 0.01s | load: 0.12s | جمع کل: 697688 رکورد
2026-08-16 09:21:41,476 | INFO |   -> to_dict/clean: 0.12s | loop(5112): 0.02s | insert(0): 0.00s | update(0): 0.00s | commit: 0.00s
2026-08-16 09:21:41,490 | INFO | چانک 133 | 5112 ردیف | clean: 0.00s | load: 0.16s | جمع کل: 702800 رکورد
2026-08-16 09:21:41,660 | INFO |   -> to_dict/clean: 0.07s | loop(5567): 0.02s | insert(0): 0.00s | update(0): 0.00s | commit: 0.00s
2026-08-16 09:21:41,662 | INFO | چانک 134 | 5567 ردیف | clean: 0.01s | load: 0.09s | جمع کل: 708367 رکورد
2026-08-16 09:21:41,812 | INFO |   -> to_dict/clean: 0.06s | loop(4833): 0.02s | insert(0): 0.00s | update(0): 0.00s | commit: 0.00s
2026-08-16 09:21:41,813 | INFO | چانک 135 | 4833 ردیف | clean: 0.01s | load: 0.08s | جمع کل: 713200 رکورد
2026-08-16 09:21:41,959 | INFO |   -> to_dict/clean: 0.06s | loop(4645): 0.02s | insert(0): 0.00s | update(0): 0.00s | commit: 0.00s
2026-08-16 09:21:41,961 | INFO | چانک 136 | 4645 ردیف | clean: 0.00s | load: 0.07s | جمع کل: 717845 رکورد
2026-08-16 09:21:42,097 | INFO |   -> to_dict/clean: 0.06s | loop(4833): 0.02s | insert(0): 0.00s | update(0): 0.00s | commit: 0.00s
2026-08-16 09:21:42,099 | INFO | چانک 137 | 4833 ردیف | clean: 0.00s | load: 0.08s | جمع کل: 722678 رکورد
2026-08-16 09:21:42,299 | INFO |   -> to_dict/clean: 0.06s | loop(4791): 0.02s | insert(0): 0.00s | update(0): 0.00s | commit: 0.00s
2026-08-16 09:21:42,302 | INFO | چانک 138 | 4791 ردیف | clean: 0.01s | load: 0.09s | جمع کل: 727469 رکورد
2026-08-16 09:21:42,460 | INFO |   -> to_dict/clean: 0.06s | loop(5360): 0.02s | insert(0): 0.00s | update(0): 0.00s | commit: 0.00s
2026-08-16 09:21:42,462 | INFO | چانک 139 | 5360 ردیف | clean: 0.00s | load: 0.08s | جمع کل: 732829 رکورد
2026-08-16 09:21:42,639 | INFO |   -> to_dict/clean: 0.06s | loop(5192): 0.02s | insert(0): 0.00s | update(0): 0.00s | commit: 0.00s
2026-08-16 09:21:42,640 | INFO | چانک 140 | 5192 ردیف | clean: 0.01s | load: 0.08s | جمع کل: 738021 رکورد
2026-08-16 09:21:42,794 | INFO |   -> to_dict/clean: 0.06s | loop(4991): 0.02s | insert(0): 0.00s | update(0): 0.00s | commit: 0.00s
2026-08-16 09:21:42,795 | INFO | چانک 141 | 4991 ردیف | clean: 0.00s | load: 0.08s | جمع کل: 743012 رکورد
2026-08-16 09:21:42,950 | INFO |   -> to_dict/clean: 0.07s | loop(4946): 0.03s | insert(0): 0.00s | update(0): 0.00s | commit: 0.00s
2026-08-16 09:21:42,952 | INFO | چانک 142 | 4946 ردیف | clean: 0.00s | load: 0.10s | جمع کل: 747958 رکورد
2026-08-16 09:21:43,087 | INFO |   -> to_dict/clean: 0.06s | loop(4721): 0.02s | insert(0): 0.00s | update(0): 0.00s | commit: 0.00s
2026-08-16 09:21:43,089 | INFO | چانک 143 | 4721 ردیف | clean: 0.01s | load: 0.08s | جمع کل: 752679 رکورد
2026-08-16 09:21:43,282 | INFO |   -> to_dict/clean: 0.07s | loop(5239): 0.02s | insert(0): 0.00s | update(0): 0.00s | commit: 0.00s
2026-08-16 09:21:43,284 | INFO | چانک 144 | 5239 ردیف | clean: 0.01s | load: 0.09s | جمع کل: 757918 رکورد
2026-08-16 09:21:43,535 | INFO |   -> to_dict/clean: 0.11s | loop(5748): 0.02s | insert(0): 0.00s | update(0): 0.00s | commit: 0.00s
2026-08-16 09:21:43,537 | INFO | چانک 145 | 5748 ردیف | clean: 0.01s | load: 0.14s | جمع کل: 763666 رکورد
2026-08-16 09:21:43,689 | INFO |   -> to_dict/clean: 0.07s | loop(5862): 0.02s | insert(0): 0.00s | update(0): 0.00s | commit: 0.00s
2026-08-16 09:21:43,691 | INFO | چانک 146 | 5862 ردیف | clean: 0.01s | load: 0.09s | جمع کل: 769528 رکورد
2026-08-16 09:21:43,881 | INFO |   -> to_dict/clean: 0.09s | loop(5745): 0.02s | insert(0): 0.00s | update(0): 0.00s | commit: 0.00s
2026-08-16 09:21:43,883 | INFO | چانک 147 | 5745 ردیف | clean: 0.01s | load: 0.11s | جمع کل: 775273 رکورد
2026-08-16 09:21:44,082 | INFO |   -> to_dict/clean: 0.10s | loop(5699): 0.02s | insert(0): 0.00s | update(0): 0.00s | commit: 0.00s
2026-08-16 09:21:44,084 | INFO | چانک 148 | 5699 ردیف | clean: 0.01s | load: 0.13s | جمع کل: 780972 رکورد
2026-08-16 09:21:44,252 | INFO |   -> to_dict/clean: 0.07s | loop(5710): 0.02s | insert(0): 0.00s | update(0): 0.00s | commit: 0.00s
2026-08-16 09:21:44,253 | INFO | چانک 149 | 5710 ردیف | clean: 0.01s | load: 0.10s | جمع کل: 786682 رکورد
2026-08-16 09:21:44,403 | INFO |   -> to_dict/clean: 0.06s | loop(5130): 0.02s | insert(0): 0.00s | update(0): 0.00s | commit: 0.00s
2026-08-16 09:21:44,405 | INFO | چانک 150 | 5130 ردیف | clean: 0.00s | load: 0.08s | جمع کل: 791812 رکورد
2026-08-16 09:21:44,554 | INFO |   -> to_dict/clean: 0.07s | loop(5715): 0.02s | insert(0): 0.00s | update(0): 0.00s | commit: 0.00s
2026-08-16 09:21:44,555 | INFO | چانک 151 | 5715 ردیف | clean: 0.00s | load: 0.09s | جمع کل: 797527 رکورد
2026-08-16 09:21:44,722 | INFO |   -> to_dict/clean: 0.06s | loop(4845): 0.02s | insert(0): 0.00s | update(0): 0.00s | commit: 0.00s
2026-08-16 09:21:44,724 | INFO | چانک 152 | 4845 ردیف | clean: 0.01s | load: 0.08s | جمع کل: 802372 رکورد
2026-08-16 09:21:44,895 | INFO |   -> to_dict/clean: 0.07s | loop(4789): 0.02s | insert(0): 0.00s | update(0): 0.00s | commit: 0.00s
2026-08-16 09:21:44,897 | INFO | چانک 153 | 4789 ردیف | clean: 0.01s | load: 0.09s | جمع کل: 807161 رکورد
2026-08-16 09:21:45,071 | INFO |   -> to_dict/clean: 0.06s | loop(4895): 0.02s | insert(0): 0.00s | update(0): 0.00s | commit: 0.00s
2026-08-16 09:21:45,072 | INFO | چانک 154 | 4895 ردیف | clean: 0.01s | load: 0.08s | جمع کل: 812056 رکورد
2026-08-16 09:21:45,274 | INFO |   -> to_dict/clean: 0.08s | loop(5021): 0.02s | insert(0): 0.00s | update(0): 0.00s | commit: 0.00s
2026-08-16 09:21:45,276 | INFO | چانک 155 | 5021 ردیف | clean: 0.01s | load: 0.10s | جمع کل: 817077 رکورد
2026-08-16 09:21:45,419 | INFO |   -> to_dict/clean: 0.06s | loop(5380): 0.02s | insert(0): 0.00s | update(0): 0.00s | commit: 0.00s
2026-08-16 09:21:45,421 | INFO | چانک 156 | 5380 ردیف | clean: 0.00s | load: 0.09s | جمع کل: 822457 رکورد
2026-08-16 09:21:52,282 | INFO |   -> to_dict/clean: 0.07s | loop(5179): 0.05s | insert(5179): 6.66s | update(0): 0.00s | commit: 0.01s
2026-08-16 09:21:52,284 | INFO | چانک 157 | 5179 ردیف | clean: 0.00s | load: 6.79s | جمع کل: 827636 رکورد
2026-08-16 09:21:58,980 | INFO |   -> to_dict/clean: 0.08s | loop(5105): 0.01s | insert(5105): 6.48s | update(0): 0.00s | commit: 0.01s
2026-08-16 09:21:58,983 | INFO | چانک 158 | 5105 ردیف | clean: 0.01s | load: 6.59s | جمع کل: 832741 رکورد
2026-08-16 09:22:05,498 | INFO |   -> to_dict/clean: 0.07s | loop(5014): 0.02s | insert(5014): 6.31s | update(0): 0.00s | commit: 0.01s
2026-08-16 09:22:05,501 | INFO | چانک 159 | 5014 ردیف | clean: 0.00s | load: 6.42s | جمع کل: 837755 رکورد
2026-08-16 09:22:11,009 | INFO |   -> to_dict/clean: 0.10s | loop(4695): 0.01s | insert(4695): 5.28s | update(0): 0.00s | commit: 0.01s
2026-08-16 09:22:11,011 | INFO | چانک 160 | 4695 ردیف | clean: 0.01s | load: 5.41s | جمع کل: 842450 رکورد
2026-08-16 09:22:19,350 | INFO |   -> to_dict/clean: 0.10s | loop(5551): 0.02s | insert(5535): 8.08s | update(0): 0.00s | commit: 0.01s
2026-08-16 09:22:19,352 | INFO | چانک 161 | 5551 ردیف | clean: 0.01s | load: 8.21s | جمع کل: 848001 رکورد
2026-08-16 09:22:27,368 | INFO |   -> to_dict/clean: 0.07s | loop(5551): 0.02s | insert(5546): 7.84s | update(0): 0.00s | commit: 0.01s
2026-08-16 09:22:27,371 | INFO | چانک 162 | 5551 ردیف | clean: 0.00s | load: 7.93s | جمع کل: 853552 رکورد
2026-08-16 09:22:35,930 | INFO |   -> to_dict/clean: 0.07s | loop(5786): 0.02s | insert(5782): 8.37s | update(0): 0.00s | commit: 0.01s
2026-08-16 09:22:35,933 | INFO | چانک 163 | 5786 ردیف | clean: 0.01s | load: 8.47s | جمع کل: 859338 رکورد
2026-08-16 09:22:43,627 | INFO |   -> to_dict/clean: 0.07s | loop(5710): 0.02s | insert(5710): 7.49s | update(0): 0.00s | commit: 0.01s
2026-08-16 09:22:43,630 | INFO | چانک 164 | 5710 ردیف | clean: 0.01s | load: 7.60s | جمع کل: 865048 رکورد
2026-08-16 09:22:52,367 | INFO |   -> to_dict/clean: 0.09s | loop(5966): 0.02s | insert(5965): 8.50s | update(0): 0.00s | commit: 0.01s
2026-08-16 09:22:52,370 | INFO | چانک 165 | 5966 ردیف | clean: 0.01s | load: 8.62s | جمع کل: 871014 رکورد
2026-08-16 09:22:59,629 | INFO |   -> to_dict/clean: 0.07s | loop(5274): 0.02s | insert(5267): 7.08s | update(0): 0.00s | commit: 0.01s
2026-08-16 09:22:59,632 | INFO | چانک 166 | 5274 ردیف | clean: 0.00s | load: 7.18s | جمع کل: 876288 رکورد
2026-08-16 09:28:03,543 | INFO | در حال بارگذاری رکوردهای موجود از دیتابیس (برای resume-safe بودن)...
2026-08-16 09:28:38,712 | INFO | 876081 رکورد در 35.2 ثانیه بارگذاری شد.
2026-08-16 09:28:38,713 | INFO | شروع پردازش چانک‌ها...
2026-08-16 09:28:39,104 | INFO |   -> to_dict/clean: 0.18s | loop(5267): 0.04s | insert(0): 0.00s | update(0): 0.00s | commit: 0.00s
2026-08-16 09:28:39,106 | INFO | چانک 1 | 5267 ردیف | clean: 0.02s | load: 0.23s | جمع کل: 5267 رکورد
2026-08-16 09:28:39,451 | INFO |   -> to_dict/clean: 0.16s | loop(4796): 0.04s | insert(0): 0.00s | update(0): 0.00s | commit: 0.00s
2026-08-16 09:28:39,453 | INFO | چانک 2 | 4796 ردیف | clean: 0.01s | load: 0.20s | جمع کل: 10063 رکورد
2026-08-16 09:28:39,809 | INFO |   -> to_dict/clean: 0.16s | loop(4936): 0.04s | insert(0): 0.00s | update(0): 0.00s | commit: 0.00s
2026-08-16 09:28:39,812 | INFO | چانک 3 | 4936 ردیف | clean: 0.01s | load: 0.20s | جمع کل: 14999 رکورد
2026-08-16 09:28:40,276 | INFO |   -> to_dict/clean: 0.27s | loop(5027): 0.04s | insert(0): 0.00s | update(0): 0.00s | commit: 0.00s
2026-08-16 09:28:40,279 | INFO | چانک 4 | 5027 ردیف | clean: 0.01s | load: 0.31s | جمع کل: 20026 رکورد
2026-08-16 09:28:40,647 | INFO |   -> to_dict/clean: 0.17s | loop(5284): 0.04s | insert(0): 0.00s | update(0): 0.00s | commit: 0.00s
2026-08-16 09:28:40,650 | INFO | چانک 5 | 5284 ردیف | clean: 0.01s | load: 0.22s | جمع کل: 25310 رکورد
2026-08-16 09:28:41,010 | INFO |   -> to_dict/clean: 0.17s | loop(5244): 0.04s | insert(0): 0.00s | update(0): 0.00s | commit: 0.00s
2026-08-16 09:28:41,013 | INFO | چانک 6 | 5244 ردیف | clean: 0.01s | load: 0.21s | جمع کل: 30554 رکورد
2026-08-16 09:28:41,362 | INFO |   -> to_dict/clean: 0.16s | loop(4958): 0.04s | insert(0): 0.00s | update(0): 0.00s | commit: 0.00s
2026-08-16 09:28:41,365 | INFO | چانک 7 | 4958 ردیف | clean: 0.01s | load: 0.21s | جمع کل: 35512 رکورد
2026-08-16 09:28:41,709 | INFO |   -> to_dict/clean: 0.16s | loop(4855): 0.04s | insert(0): 0.00s | update(0): 0.00s | commit: 0.00s
2026-08-16 09:28:41,711 | INFO | چانک 8 | 4855 ردیف | clean: 0.01s | load: 0.20s | جمع کل: 40367 رکورد
2026-08-16 09:28:42,049 | INFO |   -> to_dict/clean: 0.16s | loop(4831): 0.04s | insert(0): 0.00s | update(0): 0.00s | commit: 0.00s
2026-08-16 09:28:42,052 | INFO | چانک 9 | 4831 ردیف | clean: 0.01s | load: 0.20s | جمع کل: 45198 رکورد
2026-08-16 09:28:42,462 | INFO |   -> to_dict/clean: 0.19s | loop(5710): 0.05s | insert(0): 0.00s | update(0): 0.00s | commit: 0.00s
2026-08-16 09:28:42,465 | INFO | چانک 10 | 5710 ردیف | clean: 0.01s | load: 0.24s | جمع کل: 50908 رکورد
2026-08-16 09:28:42,881 | INFO |   -> to_dict/clean: 0.20s | loop(6208): 0.05s | insert(0): 0.00s | update(0): 0.00s | commit: 0.00s
2026-08-16 09:28:42,885 | INFO | چانک 11 | 6208 ردیف | clean: 0.01s | load: 0.26s | جمع کل: 57116 رکورد
2026-08-16 09:28:43,265 | INFO |   -> to_dict/clean: 0.18s | loop(5645): 0.05s | insert(0): 0.00s | update(0): 0.00s | commit: 0.00s
2026-08-16 09:28:43,268 | INFO | چانک 12 | 5645 ردیف | clean: 0.01s | load: 0.23s | جمع کل: 62761 رکورد
2026-08-16 09:28:43,664 | INFO |   -> to_dict/clean: 0.19s | loop(5809): 0.05s | insert(0): 0.00s | update(0): 0.00s | commit: 0.00s
2026-08-16 09:28:43,667 | INFO | چانک 13 | 5809 ردیف | clean: 0.01s | load: 0.24s | جمع کل: 68570 رکورد
2026-08-16 09:28:44,059 | INFO |   -> to_dict/clean: 0.19s | loop(5840): 0.05s | insert(0): 0.00s | update(0): 0.00s | commit: 0.00s
2026-08-16 09:28:44,062 | INFO | چانک 14 | 5840 ردیف | clean: 0.01s | load: 0.24s | جمع کل: 74410 رکورد
2026-08-16 09:28:44,419 | INFO |   -> to_dict/clean: 0.17s | loop(5242): 0.04s | insert(0): 0.00s | update(0): 0.00s | commit: 0.00s
2026-08-16 09:28:44,422 | INFO | چانک 15 | 5242 ردیف | clean: 0.01s | load: 0.22s | جمع کل: 79652 رکورد
2026-08-16 09:28:44,823 | INFO |   -> to_dict/clean: 0.19s | loop(5689): 0.05s | insert(0): 0.00s | update(0): 0.00s | commit: 0.00s
2026-08-16 09:28:44,826 | INFO | چانک 16 | 5689 ردیف | clean: 0.01s | load: 0.24s | جمع کل: 85341 رکورد
2026-08-16 09:28:45,182 | INFO |   -> to_dict/clean: 0.17s | loop(5056): 0.04s | insert(0): 0.00s | update(0): 0.00s | commit: 0.00s
2026-08-16 09:28:45,185 | INFO | چانک 17 | 5056 ردیف | clean: 0.01s | load: 0.21s | جمع کل: 90397 رکورد
2026-08-16 09:28:45,532 | INFO |   -> to_dict/clean: 0.16s | loop(4731): 0.04s | insert(0): 0.00s | update(0): 0.00s | commit: 0.00s
2026-08-16 09:28:45,535 | INFO | چانک 18 | 4731 ردیف | clean: 0.01s | load: 0.20s | جمع کل: 95128 رکورد
2026-08-16 09:28:45,887 | INFO |   -> to_dict/clean: 0.16s | loop(4771): 0.04s | insert(0): 0.00s | update(0): 0.00s | commit: 0.00s
2026-08-16 09:28:45,890 | INFO | چانک 19 | 4771 ردیف | clean: 0.01s | load: 0.20s | جمع کل: 99899 رکورد
2026-08-16 09:28:46,226 | INFO |   -> to_dict/clean: 0.15s | loop(4742): 0.04s | insert(0): 0.00s | update(0): 0.00s | commit: 0.00s
2026-08-16 09:28:46,229 | INFO | چانک 20 | 4742 ردیف | clean: 0.01s | load: 0.20s | جمع کل: 104641 رکورد
2026-08-16 09:28:46,593 | INFO |   -> to_dict/clean: 0.17s | loop(5270): 0.04s | insert(0): 0.00s | update(0): 0.00s | commit: 0.00s
2026-08-16 09:28:46,596 | INFO | چانک 21 | 5270 ردیف | clean: 0.01s | load: 0.22s | جمع کل: 109911 رکورد
2026-08-16 09:28:46,955 | INFO |   -> to_dict/clean: 0.17s | loop(5142): 0.04s | insert(0): 0.00s | update(0): 0.00s | commit: 0.00s
2026-08-16 09:28:46,958 | INFO | چانک 22 | 5142 ردیف | clean: 0.01s | load: 0.21s | جمع کل: 115053 رکورد
2026-08-16 09:28:47,300 | INFO |   -> to_dict/clean: 0.16s | loop(4989): 0.04s | insert(0): 0.00s | update(0): 0.00s | commit: 0.00s
2026-08-16 09:28:47,303 | INFO | چانک 23 | 4989 ردیف | clean: 0.01s | load: 0.20s | جمع کل: 120042 رکورد
2026-08-16 09:28:47,658 | INFO |   -> to_dict/clean: 0.17s | loop(4984): 0.04s | insert(0): 0.00s | update(0): 0.00s | commit: 0.00s
2026-08-16 09:28:47,662 | INFO | چانک 24 | 4984 ردیف | clean: 0.01s | load: 0.21s | جمع کل: 125026 رکورد
2026-08-16 09:28:48,002 | INFO |   -> to_dict/clean: 0.16s | loop(4740): 0.04s | insert(0): 0.00s | update(0): 0.00s | commit: 0.00s
2026-08-16 09:28:48,004 | INFO | چانک 25 | 4740 ردیف | clean: 0.01s | load: 0.20s | جمع کل: 129766 رکورد
2026-08-16 09:28:48,407 | INFO |   -> to_dict/clean: 0.20s | loop(4850): 0.06s | insert(0): 0.00s | update(0): 0.00s | commit: 0.00s
2026-08-16 09:28:48,436 | INFO | چانک 26 | 4850 ردیف | clean: 0.01s | load: 0.29s | جمع کل: 134616 رکورد
2026-08-16 09:28:48,872 | INFO |   -> to_dict/clean: 0.20s | loop(5832): 0.05s | insert(0): 0.00s | update(0): 0.00s | commit: 0.00s
2026-08-16 09:28:48,875 | INFO | چانک 27 | 5832 ردیف | clean: 0.01s | load: 0.25s | جمع کل: 140448 رکورد
2026-08-16 09:28:49,288 | INFO |   -> to_dict/clean: 0.20s | loop(6229): 0.05s | insert(0): 0.00s | update(0): 0.00s | commit: 0.00s
2026-08-16 09:28:49,291 | INFO | چانک 28 | 6229 ردیف | clean: 0.01s | load: 0.25s | جمع کل: 146677 رکورد
2026-08-16 09:28:49,680 | INFO |   -> to_dict/clean: 0.19s | loop(5668): 0.05s | insert(0): 0.00s | update(0): 0.00s | commit: 0.00s
2026-08-16 09:28:49,683 | INFO | چانک 29 | 5668 ردیف | clean: 0.01s | load: 0.23s | جمع کل: 152345 رکورد
2026-08-16 09:28:50,068 | INFO |   -> to_dict/clean: 0.19s | loop(5796): 0.05s | insert(0): 0.00s | update(0): 0.00s | commit: 0.00s
2026-08-16 09:28:50,072 | INFO | چانک 30 | 5796 ردیف | clean: 0.01s | load: 0.24s | جمع کل: 158141 رکورد
2026-08-16 09:28:50,456 | INFO |   -> to_dict/clean: 0.19s | loop(5778): 0.05s | insert(0): 0.00s | update(0): 0.00s | commit: 0.00s
2026-08-16 09:28:50,460 | INFO | چانک 31 | 5778 ردیف | clean: 0.01s | load: 0.24s | جمع کل: 163919 رکورد
2026-08-16 09:28:50,815 | INFO |   -> to_dict/clean: 0.17s | loop(5101): 0.04s | insert(0): 0.00s | update(0): 0.00s | commit: 0.00s
2026-08-16 09:28:50,817 | INFO | چانک 32 | 5101 ردیف | clean: 0.01s | load: 0.22s | جمع کل: 169020 رکورد
2026-08-16 09:28:51,208 | INFO |   -> to_dict/clean: 0.19s | loop(5727): 0.05s | insert(0): 0.00s | update(0): 0.00s | commit: 0.00s
2026-08-16 09:28:51,211 | INFO | چانک 33 | 5727 ردیف | clean: 0.01s | load: 0.24s | جمع کل: 174747 رکورد
2026-08-16 09:28:51,550 | INFO |   -> to_dict/clean: 0.16s | loop(4910): 0.04s | insert(0): 0.00s | update(0): 0.00s | commit: 0.00s
2026-08-16 09:28:51,553 | INFO | چانک 34 | 4910 ردیف | clean: 0.01s | load: 0.20s | جمع کل: 179657 رکورد
2026-08-16 09:28:51,898 | INFO |   -> to_dict/clean: 0.16s | loop(4803): 0.04s | insert(0): 0.00s | update(0): 0.00s | commit: 0.00s
2026-08-16 09:28:51,901 | INFO | چانک 35 | 4803 ردیف | clean: 0.01s | load: 0.21s | جمع کل: 184460 رکورد
2026-08-16 09:28:52,245 | INFO |   -> to_dict/clean: 0.15s | loop(4800): 0.04s | insert(0): 0.00s | update(0): 0.00s | commit: 0.00s
2026-08-16 09:28:52,248 | INFO | چانک 36 | 4800 ردیف | clean: 0.01s | load: 0.20s | جمع کل: 189260 رکورد
2026-08-16 09:28:52,593 | INFO |   -> to_dict/clean: 0.16s | loop(4737): 0.04s | insert(0): 0.00s | update(0): 0.00s | commit: 0.00s
2026-08-16 09:28:52,596 | INFO | چانک 37 | 4737 ردیف | clean: 0.01s | load: 0.20s | جمع کل: 193997 رکورد
2026-08-16 09:28:52,971 | INFO |   -> to_dict/clean: 0.18s | loop(5346): 0.04s | insert(0): 0.00s | update(0): 0.00s | commit: 0.00s
2026-08-16 09:28:52,974 | INFO | چانک 38 | 5346 ردیف | clean: 0.01s | load: 0.22s | جمع کل: 199343 رکورد
2026-08-16 09:28:53,330 | INFO |   -> to_dict/clean: 0.17s | loop(5164): 0.04s | insert(0): 0.00s | update(0): 0.00s | commit: 0.00s
2026-08-16 09:28:53,332 | INFO | چانک 39 | 5164 ردیف | clean: 0.01s | load: 0.21s | جمع کل: 204507 رکورد
2026-08-16 09:28:53,697 | INFO |   -> to_dict/clean: 0.17s | loop(5156): 0.04s | insert(0): 0.00s | update(0): 0.00s | commit: 0.00s
2026-08-16 09:28:53,700 | INFO | چانک 40 | 5156 ردیف | clean: 0.01s | load: 0.22s | جمع کل: 209663 رکورد
2026-08-16 09:28:54,047 | INFO |   -> to_dict/clean: 0.16s | loop(4890): 0.04s | insert(0): 0.00s | update(0): 0.00s | commit: 0.00s
2026-08-16 09:28:54,050 | INFO | چانک 41 | 4890 ردیف | clean: 0.01s | load: 0.20s | جمع کل: 214553 رکورد
2026-08-16 09:28:54,384 | INFO |   -> to_dict/clean: 0.16s | loop(4804): 0.04s | insert(0): 0.00s | update(0): 0.00s | commit: 0.00s
2026-08-16 09:28:54,387 | INFO | چانک 42 | 4804 ردیف | clean: 0.01s | load: 0.20s | جمع کل: 219357 رکورد
2026-08-16 09:28:54,770 | INFO |   -> to_dict/clean: 0.18s | loop(5291): 0.04s | insert(0): 0.00s | update(0): 0.00s | commit: 0.00s
2026-08-16 09:28:54,774 | INFO | چانک 43 | 5291 ردیف | clean: 0.01s | load: 0.23s | جمع کل: 224648 رکورد
2026-08-16 09:28:55,164 | INFO |   -> to_dict/clean: 0.18s | loop(5608): 0.04s | insert(0): 0.00s | update(0): 0.00s | commit: 0.00s
2026-08-16 09:28:55,167 | INFO | چانک 44 | 5608 ردیف | clean: 0.01s | load: 0.23s | جمع کل: 230256 رکورد
2026-08-16 09:28:55,566 | INFO |   -> to_dict/clean: 0.20s | loop(5846): 0.05s | insert(0): 0.00s | update(0): 0.00s | commit: 0.00s
2026-08-16 09:28:55,570 | INFO | چانک 45 | 5846 ردیف | clean: 0.01s | load: 0.25s | جمع کل: 236102 رکورد
2026-08-16 09:28:55,967 | INFO |   -> to_dict/clean: 0.20s | loop(5597): 0.05s | insert(0): 0.00s | update(0): 0.00s | commit: 0.00s
2026-08-16 09:28:55,970 | INFO | چانک 46 | 5597 ردیف | clean: 0.01s | load: 0.25s | جمع کل: 241699 رکورد
2026-08-16 09:28:56,378 | INFO |   -> to_dict/clean: 0.21s | loop(5996): 0.05s | insert(0): 0.00s | update(0): 0.00s | commit: 0.00s
2026-08-16 09:28:56,382 | INFO | چانک 47 | 5996 ردیف | clean: 0.01s | load: 0.26s | جمع کل: 247695 رکورد
2026-08-16 09:28:56,757 | INFO |   -> to_dict/clean: 0.19s | loop(5601): 0.05s | insert(0): 0.00s | update(0): 0.00s | commit: 0.00s
2026-08-16 09:28:56,761 | INFO | چانک 48 | 5601 ردیف | clean: 0.01s | load: 0.24s | جمع کل: 253296 رکورد
2026-08-16 09:28:57,124 | INFO |   -> to_dict/clean: 0.17s | loop(5276): 0.04s | insert(0): 0.00s | update(0): 0.00s | commit: 0.00s
2026-08-16 09:28:57,127 | INFO | چانک 49 | 5276 ردیف | clean: 0.01s | load: 0.22s | جمع کل: 258572 رکورد
2026-08-16 09:28:57,498 | INFO |   -> to_dict/clean: 0.18s | loop(5357): 0.04s | insert(0): 0.00s | update(0): 0.00s | commit: 0.00s
2026-08-16 09:28:57,501 | INFO | چانک 50 | 5357 ردیف | clean: 0.01s | load: 0.23s | جمع کل: 263929 رکورد
2026-08-16 09:28:57,843 | INFO |   -> to_dict/clean: 0.16s | loop(4881): 0.04s | insert(0): 0.00s | update(0): 0.00s | commit: 0.00s
2026-08-16 09:28:57,846 | INFO | چانک 51 | 4881 ردیف | clean: 0.01s | load: 0.20s | جمع کل: 268810 رکورد
2026-08-16 09:28:58,190 | INFO |   -> to_dict/clean: 0.16s | loop(4927): 0.04s | insert(0): 0.00s | update(0): 0.00s | commit: 0.00s
2026-08-16 09:28:58,193 | INFO | چانک 52 | 4927 ردیف | clean: 0.01s | load: 0.20s | جمع کل: 273737 رکورد
2026-08-16 09:28:58,587 | INFO |   -> to_dict/clean: 0.17s | loop(4653): 0.04s | insert(0): 0.00s | update(0): 0.00s | commit: 0.00s
2026-08-16 09:28:58,590 | INFO | چانک 53 | 4653 ردیف | clean: 0.01s | load: 0.21s | جمع کل: 278390 رکورد
2026-08-16 09:28:58,942 | INFO |   -> to_dict/clean: 0.17s | loop(5005): 0.04s | insert(0): 0.00s | update(0): 0.00s | commit: 0.00s
2026-08-16 09:28:58,946 | INFO | چانک 54 | 5005 ردیف | clean: 0.01s | load: 0.21s | جمع کل: 283395 رکورد
2026-08-16 09:28:59,316 | INFO |   -> to_dict/clean: 0.18s | loop(5375): 0.04s | insert(0): 0.00s | update(0): 0.00s | commit: 0.00s
2026-08-16 09:28:59,319 | INFO | چانک 55 | 5375 ردیف | clean: 0.01s | load: 0.23s | جمع کل: 288770 رکورد
2026-08-16 09:28:59,682 | INFO |   -> to_dict/clean: 0.17s | loop(5203): 0.04s | insert(0): 0.00s | update(0): 0.00s | commit: 0.00s
2026-08-16 09:28:59,686 | INFO | چانک 56 | 5203 ردیف | clean: 0.01s | load: 0.22s | جمع کل: 293973 رکورد
2026-08-16 09:29:00,115 | INFO |   -> to_dict/clean: 0.19s | loop(4960): 0.04s | insert(0): 0.00s | update(0): 0.00s | commit: 0.00s
2026-08-16 09:29:00,118 | INFO | چانک 57 | 4960 ردیف | clean: 0.01s | load: 0.23s | جمع کل: 298933 رکورد
2026-08-16 09:29:00,461 | INFO |   -> to_dict/clean: 0.16s | loop(4872): 0.04s | insert(0): 0.00s | update(0): 0.00s | commit: 0.00s
2026-08-16 09:29:00,464 | INFO | چانک 58 | 4872 ردیف | clean: 0.01s | load: 0.21s | جمع کل: 303805 رکورد
2026-08-16 09:29:00,802 | INFO |   -> to_dict/clean: 0.16s | loop(4879): 0.04s | insert(0): 0.00s | update(0): 0.00s | commit: 0.00s
2026-08-16 09:29:00,804 | INFO | چانک 59 | 4879 ردیف | clean: 0.01s | load: 0.21s | جمع کل: 308684 رکورد
2026-08-16 09:29:01,202 | INFO |   -> to_dict/clean: 0.19s | loop(5634): 0.05s | insert(0): 0.00s | update(0): 0.00s | commit: 0.00s
2026-08-16 09:29:01,205 | INFO | چانک 60 | 5634 ردیف | clean: 0.01s | load: 0.24s | جمع کل: 314318 رکورد
2026-08-16 09:29:01,603 | INFO |   -> to_dict/clean: 0.19s | loop(5847): 0.05s | insert(0): 0.00s | update(0): 0.00s | commit: 0.00s
2026-08-16 09:29:01,606 | INFO | چانک 61 | 5847 ردیف | clean: 0.01s | load: 0.25s | جمع کل: 320165 رکورد
2026-08-16 09:29:02,008 | INFO |   -> to_dict/clean: 0.20s | loop(5975): 0.05s | insert(0): 0.00s | update(0): 0.00s | commit: 0.00s
2026-08-16 09:29:02,011 | INFO | چانک 62 | 5975 ردیف | clean: 0.01s | load: 0.25s | جمع کل: 326140 رکورد
2026-08-16 09:29:02,389 | INFO |   -> to_dict/clean: 0.19s | loop(5694): 0.05s | insert(0): 0.00s | update(0): 0.00s | commit: 0.00s
2026-08-16 09:29:02,392 | INFO | چانک 63 | 5694 ردیف | clean: 0.01s | load: 0.24s | جمع کل: 331834 رکورد
2026-08-16 09:29:02,798 | INFO |   -> to_dict/clean: 0.20s | loop(6015): 0.05s | insert(0): 0.00s | update(0): 0.00s | commit: 0.00s
2026-08-16 09:29:02,801 | INFO | چانک 64 | 6015 ردیف | clean: 0.01s | load: 0.26s | جمع کل: 337849 رکورد
2026-08-16 09:29:03,167 | INFO |   -> to_dict/clean: 0.18s | loop(5445): 0.04s | insert(0): 0.00s | update(0): 0.00s | commit: 0.00s
2026-08-16 09:29:03,170 | INFO | چانک 65 | 5445 ردیف | clean: 0.02s | load: 0.22s | جمع کل: 343294 رکورد
2026-08-16 09:29:03,536 | INFO |   -> to_dict/clean: 0.17s | loop(5363): 0.04s | insert(0): 0.00s | update(0): 0.00s | commit: 0.00s
2026-08-16 09:29:03,539 | INFO | چانک 66 | 5363 ردیف | clean: 0.01s | load: 0.22s | جمع کل: 348657 رکورد
2026-08-16 09:29:03,915 | INFO |   -> to_dict/clean: 0.18s | loop(5391): 0.04s | insert(0): 0.00s | update(0): 0.00s | commit: 0.00s
2026-08-16 09:29:03,918 | INFO | چانک 67 | 5391 ردیف | clean: 0.01s | load: 0.22s | جمع کل: 354048 رکورد
2026-08-16 09:29:04,251 | INFO |   -> to_dict/clean: 0.16s | loop(4779): 0.04s | insert(0): 0.00s | update(0): 0.00s | commit: 0.00s
2026-08-16 09:29:04,254 | INFO | چانک 68 | 4779 ردیف | clean: 0.01s | load: 0.20s | جمع کل: 358827 رکورد
2026-08-16 09:29:04,601 | INFO |   -> to_dict/clean: 0.16s | loop(4808): 0.04s | insert(0): 0.00s | update(0): 0.00s | commit: 0.00s
2026-08-16 09:29:04,604 | INFO | چانک 69 | 4808 ردیف | clean: 0.01s | load: 0.20s | جمع کل: 363635 رکورد
2026-08-16 09:29:04,946 | INFO |   -> to_dict/clean: 0.16s | loop(4632): 0.04s | insert(0): 0.00s | update(0): 0.00s | commit: 0.00s
2026-08-16 09:29:04,949 | INFO | چانک 70 | 4632 ردیف | clean: 0.01s | load: 0.20s | جمع کل: 368267 رکورد
2026-08-16 09:29:05,307 | INFO |   -> to_dict/clean: 0.17s | loop(5229): 0.04s | insert(0): 0.00s | update(0): 0.00s | commit: 0.00s
2026-08-16 09:29:05,310 | INFO | چانک 71 | 5229 ردیف | clean: 0.01s | load: 0.22s | جمع کل: 373496 رکورد
2026-08-16 09:29:05,677 | INFO |   -> to_dict/clean: 0.17s | loop(5214): 0.04s | insert(0): 0.00s | update(0): 0.00s | commit: 0.00s
2026-08-16 09:29:05,680 | INFO | چانک 72 | 5214 ردیف | clean: 0.01s | load: 0.22s | جمع کل: 378710 رکورد
2026-08-16 09:29:06,042 | INFO |   -> to_dict/clean: 0.17s | loop(5159): 0.04s | insert(0): 0.00s | update(0): 0.00s | commit: 0.00s
2026-08-16 09:29:06,045 | INFO | چانک 73 | 5159 ردیف | clean: 0.01s | load: 0.21s | جمع کل: 383869 رکورد
2026-08-16 09:29:06,402 | INFO |   -> to_dict/clean: 0.17s | loop(4971): 0.04s | insert(0): 0.00s | update(0): 0.00s | commit: 0.00s
2026-08-16 09:29:06,405 | INFO | چانک 74 | 4971 ردیف | clean: 0.01s | load: 0.21s | جمع کل: 388840 رکورد
2026-08-16 09:29:06,765 | INFO |   -> to_dict/clean: 0.17s | loop(4986): 0.04s | insert(0): 0.00s | update(0): 0.00s | commit: 0.00s
2026-08-16 09:29:06,768 | INFO | چانک 75 | 4986 ردیف | clean: 0.01s | load: 0.22s | جمع کل: 393826 رکورد
2026-08-16 09:29:07,103 | INFO |   -> to_dict/clean: 0.16s | loop(4749): 0.04s | insert(0): 0.00s | update(0): 0.00s | commit: 0.00s
2026-08-16 09:29:07,106 | INFO | چانک 76 | 4749 ردیف | clean: 0.01s | load: 0.20s | جمع کل: 398575 رکورد
2026-08-16 09:29:07,518 | INFO |   -> to_dict/clean: 0.20s | loop(5783): 0.05s | insert(0): 0.00s | update(0): 0.00s | commit: 0.00s
2026-08-16 09:29:07,522 | INFO | چانک 77 | 5783 ردیف | clean: 0.01s | load: 0.25s | جمع کل: 404358 رکورد
2026-08-16 09:29:07,927 | INFO |   -> to_dict/clean: 0.20s | loop(6046): 0.05s | insert(0): 0.00s | update(0): 0.00s | commit: 0.00s
2026-08-16 09:29:07,930 | INFO | چانک 78 | 6046 ردیف | clean: 0.01s | load: 0.25s | جمع کل: 410404 رکورد
2026-08-16 09:29:08,306 | INFO |   -> to_dict/clean: 0.19s | loop(5699): 0.05s | insert(0): 0.00s | update(0): 0.00s | commit: 0.00s
2026-08-16 09:29:08,309 | INFO | چانک 79 | 5699 ردیف | clean: 0.01s | load: 0.24s | جمع کل: 416103 رکورد
2026-08-16 09:29:08,702 | INFO |   -> to_dict/clean: 0.19s | loop(5922): 0.05s | insert(0): 0.00s | update(0): 0.00s | commit: 0.00s
2026-08-16 09:29:08,706 | INFO | چانک 80 | 5922 ردیف | clean: 0.01s | load: 0.25s | جمع کل: 422025 رکورد
2026-08-16 09:29:09,091 | INFO |   -> to_dict/clean: 0.19s | loop(5798): 0.05s | insert(0): 0.00s | update(0): 0.00s | commit: 0.00s
2026-08-16 09:29:09,094 | INFO | چانک 81 | 5798 ردیف | clean: 0.01s | load: 0.24s | جمع کل: 427823 رکورد
2026-08-16 09:29:09,443 | INFO |   -> to_dict/clean: 0.17s | loop(5130): 0.04s | insert(0): 0.00s | update(0): 0.00s | commit: 0.00s
2026-08-16 09:29:09,446 | INFO | چانک 82 | 5130 ردیف | clean: 0.01s | load: 0.21s | جمع کل: 432953 رکورد
2026-08-16 09:29:09,850 | INFO |   -> to_dict/clean: 0.20s | loop(5712): 0.05s | insert(0): 0.00s | update(0): 0.00s | commit: 0.00s
2026-08-16 09:29:09,853 | INFO | چانک 83 | 5712 ردیف | clean: 0.01s | load: 0.26s | جمع کل: 438665 رکورد
2026-08-16 09:29:10,201 | INFO |   -> to_dict/clean: 0.17s | loop(5086): 0.04s | insert(0): 0.00s | update(0): 0.00s | commit: 0.00s
2026-08-16 09:29:10,204 | INFO | چانک 84 | 5086 ردیف | clean: 0.01s | load: 0.21s | جمع کل: 443751 رکورد
2026-08-16 09:29:10,539 | INFO |   -> to_dict/clean: 0.16s | loop(4775): 0.04s | insert(0): 0.00s | update(0): 0.00s | commit: 0.00s
2026-08-16 09:29:10,542 | INFO | چانک 85 | 4775 ردیف | clean: 0.01s | load: 0.20s | جمع کل: 448526 رکورد
2026-08-16 09:29:10,925 | INFO |   -> to_dict/clean: 0.17s | loop(4971): 0.06s | insert(0): 0.00s | update(0): 0.00s | commit: 0.00s
2026-08-16 09:29:10,955 | INFO | چانک 86 | 4971 ردیف | clean: 0.01s | load: 0.27s | جمع کل: 453497 رکورد
2026-08-16 09:29:11,345 | INFO |   -> to_dict/clean: 0.16s | loop(4597): 0.04s | insert(0): 0.00s | update(0): 0.00s | commit: 0.00s
2026-08-16 09:29:11,348 | INFO | چانک 87 | 4597 ردیف | clean: 0.01s | load: 0.20s | جمع کل: 458094 رکورد
2026-08-16 09:29:11,801 | INFO |   -> to_dict/clean: 0.09s | loop(5314): 0.11s | insert(0): 0.00s | update(0): 0.00s | commit: 0.00s
2026-08-16 09:29:11,851 | INFO | چانک 88 | 5314 ردیف | clean: 0.01s | load: 0.25s | جمع کل: 463408 رکورد
2026-08-16 09:29:12,186 | INFO |   -> to_dict/clean: 0.12s | loop(5200): 0.03s | insert(0): 0.00s | update(0): 0.00s | commit: 0.00s
2026-08-16 09:29:12,187 | INFO | چانک 89 | 5200 ردیف | clean: 0.01s | load: 0.16s | جمع کل: 468608 رکورد
2026-08-16 09:29:12,345 | INFO |   -> to_dict/clean: 0.06s | loop(5075): 0.02s | insert(0): 0.00s | update(0): 0.00s | commit: 0.00s
2026-08-16 09:29:12,347 | INFO | چانک 90 | 5075 ردیف | clean: 0.01s | load: 0.08s | جمع کل: 473683 رکورد
2026-08-16 09:29:12,515 | INFO |   -> to_dict/clean: 0.07s | loop(5099): 0.02s | insert(0): 0.00s | update(0): 0.00s | commit: 0.00s
2026-08-16 09:29:12,517 | INFO | چانک 91 | 5099 ردیف | clean: 0.01s | load: 0.09s | جمع کل: 478782 رکورد
2026-08-16 09:29:12,673 | INFO |   -> to_dict/clean: 0.07s | loop(4914): 0.02s | insert(0): 0.00s | update(0): 0.00s | commit: 0.00s
2026-08-16 09:29:12,674 | INFO | چانک 92 | 4914 ردیف | clean: 0.01s | load: 0.09s | جمع کل: 483696 رکورد
2026-08-16 09:29:12,912 | INFO |   -> to_dict/clean: 0.13s | loop(4742): 0.02s | insert(0): 0.00s | update(0): 0.00s | commit: 0.00s
2026-08-16 09:29:12,914 | INFO | چانک 93 | 4742 ردیف | clean: 0.01s | load: 0.15s | جمع کل: 488438 رکورد
2026-08-16 09:29:13,137 | INFO |   -> to_dict/clean: 0.07s | loop(5830): 0.02s | insert(0): 0.00s | update(0): 0.00s | commit: 0.00s
2026-08-16 09:29:13,139 | INFO | چانک 94 | 5830 ردیف | clean: 0.01s | load: 0.09s | جمع کل: 494268 رکورد
2026-08-16 09:29:13,431 | INFO |   -> to_dict/clean: 0.19s | loop(6266): 0.03s | insert(0): 0.00s | update(0): 0.00s | commit: 0.00s
2026-08-16 09:29:13,433 | INFO | چانک 95 | 6266 ردیف | clean: 0.01s | load: 0.22s | جمع کل: 500534 رکورد
2026-08-16 09:29:13,681 | INFO |   -> to_dict/clean: 0.11s | loop(5634): 0.02s | insert(0): 0.00s | update(0): 0.00s | commit: 0.00s
2026-08-16 09:29:13,682 | INFO | چانک 96 | 5634 ردیف | clean: 0.01s | load: 0.13s | جمع کل: 506168 رکورد
2026-08-16 09:29:13,847 | INFO |   -> to_dict/clean: 0.08s | loop(5948): 0.02s | insert(0): 0.00s | update(0): 0.00s | commit: 0.00s
2026-08-16 09:29:13,849 | INFO | چانک 97 | 5948 ردیف | clean: 0.01s | load: 0.10s | جمع کل: 512116 رکورد
2026-08-16 09:29:14,006 | INFO |   -> to_dict/clean: 0.07s | loop(5684): 0.02s | insert(0): 0.00s | update(0): 0.00s | commit: 0.00s
2026-08-16 09:29:14,008 | INFO | چانک 98 | 5684 ردیف | clean: 0.00s | load: 0.10s | جمع کل: 517800 رکورد
2026-08-16 09:29:14,152 | INFO |   -> to_dict/clean: 0.07s | loop(5199): 0.02s | insert(0): 0.00s | update(0): 0.00s | commit: 0.00s
2026-08-16 09:29:14,153 | INFO | چانک 99 | 5199 ردیف | clean: 0.00s | load: 0.09s | جمع کل: 522999 رکورد
2026-08-16 09:29:14,318 | INFO |   -> to_dict/clean: 0.07s | loop(5714): 0.02s | insert(0): 0.00s | update(0): 0.00s | commit: 0.00s
2026-08-16 09:29:14,320 | INFO | چانک 100 | 5714 ردیف | clean: 0.01s | load: 0.10s | جمع کل: 528713 رکورد
2026-08-16 09:29:14,497 | INFO |   -> to_dict/clean: 0.08s | loop(4922): 0.02s | insert(0): 0.00s | update(0): 0.00s | commit: 0.00s
2026-08-16 09:29:14,499 | INFO | چانک 101 | 4922 ردیف | clean: 0.01s | load: 0.10s | جمع کل: 533635 رکورد
2026-08-16 09:29:14,637 | INFO |   -> to_dict/clean: 0.06s | loop(4765): 0.02s | insert(0): 0.00s | update(0): 0.00s | commit: 0.00s
2026-08-16 09:29:14,639 | INFO | چانک 102 | 4765 ردیف | clean: 0.01s | load: 0.08s | جمع کل: 538400 رکورد
2026-08-16 09:29:14,838 | INFO |   -> to_dict/clean: 0.08s | loop(4855): 0.02s | insert(0): 0.00s | update(0): 0.00s | commit: 0.00s
2026-08-16 09:29:14,840 | INFO | چانک 103 | 4855 ردیف | clean: 0.01s | load: 0.10s | جمع کل: 543255 رکورد
2026-08-16 09:29:15,021 | INFO |   -> to_dict/clean: 0.08s | loop(4859): 0.02s | insert(0): 0.00s | update(0): 0.00s | commit: 0.00s
2026-08-16 09:29:15,023 | INFO | چانک 104 | 4859 ردیف | clean: 0.01s | load: 0.10s | جمع کل: 548114 رکورد
2026-08-16 09:29:15,189 | INFO |   -> to_dict/clean: 0.07s | loop(5322): 0.03s | insert(0): 0.00s | update(0): 0.00s | commit: 0.00s
2026-08-16 09:29:15,192 | INFO | چانک 105 | 5322 ردیف | clean: 0.00s | load: 0.10s | جمع کل: 553436 رکورد
2026-08-16 09:29:15,343 | INFO |   -> to_dict/clean: 0.07s | loop(5222): 0.02s | insert(0): 0.00s | update(0): 0.00s | commit: 0.00s
2026-08-16 09:29:15,345 | INFO | چانک 106 | 5222 ردیف | clean: 0.00s | load: 0.09s | جمع کل: 558658 رکورد
2026-08-16 09:29:15,499 | INFO |   -> to_dict/clean: 0.06s | loop(5010): 0.02s | insert(0): 0.00s | update(0): 0.00s | commit: 0.00s
2026-08-16 09:29:15,500 | INFO | چانک 107 | 5010 ردیف | clean: 0.00s | load: 0.08s | جمع کل: 563668 رکورد
2026-08-16 09:29:15,671 | INFO |   -> to_dict/clean: 0.07s | loop(5061): 0.03s | insert(0): 0.00s | update(0): 0.00s | commit: 0.00s
2026-08-16 09:29:15,673 | INFO | چانک 108 | 5061 ردیف | clean: 0.00s | load: 0.10s | جمع کل: 568729 رکورد
2026-08-16 09:29:15,819 | INFO |   -> to_dict/clean: 0.06s | loop(4818): 0.02s | insert(0): 0.00s | update(0): 0.00s | commit: 0.00s
2026-08-16 09:29:15,821 | INFO | چانک 109 | 4818 ردیف | clean: 0.01s | load: 0.08s | جمع کل: 573547 رکورد
2026-08-16 09:29:15,963 | INFO |   -> to_dict/clean: 0.06s | loop(4843): 0.02s | insert(0): 0.00s | update(0): 0.00s | commit: 0.00s
2026-08-16 09:29:15,965 | INFO | چانک 110 | 4843 ردیف | clean: 0.01s | load: 0.08s | جمع کل: 578390 رکورد
2026-08-16 09:29:16,160 | INFO |   -> to_dict/clean: 0.10s | loop(5810): 0.02s | insert(0): 0.00s | update(0): 0.00s | commit: 0.00s
2026-08-16 09:29:16,162 | INFO | چانک 111 | 5810 ردیف | clean: 0.00s | load: 0.12s | جمع کل: 584200 رکورد
2026-08-16 09:29:16,339 | INFO |   -> to_dict/clean: 0.07s | loop(5962): 0.02s | insert(0): 0.00s | update(0): 0.00s | commit: 0.00s
2026-08-16 09:29:16,341 | INFO | چانک 112 | 5962 ردیف | clean: 0.00s | load: 0.10s | جمع کل: 590162 رکورد
2026-08-16 09:29:16,536 | INFO |   -> to_dict/clean: 0.08s | loop(5760): 0.02s | insert(0): 0.00s | update(0): 0.00s | commit: 0.00s
2026-08-16 09:29:16,538 | INFO | چانک 113 | 5760 ردیف | clean: 0.01s | load: 0.10s | جمع کل: 595922 رکورد
2026-08-16 09:29:16,697 | INFO |   -> to_dict/clean: 0.07s | loop(5835): 0.02s | insert(0): 0.00s | update(0): 0.00s | commit: 0.00s
2026-08-16 09:29:16,703 | INFO | چانک 114 | 5835 ردیف | clean: 0.00s | load: 0.10s | جمع کل: 601757 رکورد
2026-08-16 09:29:17,026 | INFO |   -> to_dict/clean: 0.18s | loop(5970): 0.04s | insert(0): 0.00s | update(0): 0.00s | commit: 0.00s
2026-08-16 09:29:17,030 | INFO | چانک 115 | 5970 ردیف | clean: 0.01s | load: 0.22s | جمع کل: 607727 رکورد
2026-08-16 09:29:17,279 | INFO |   -> to_dict/clean: 0.12s | loop(5357): 0.03s | insert(0): 0.00s | update(0): 0.00s | commit: 0.00s
2026-08-16 09:29:17,281 | INFO | چانک 116 | 5357 ردیف | clean: 0.01s | load: 0.15s | جمع کل: 613084 رکورد
2026-08-16 09:29:17,513 | INFO |   -> to_dict/clean: 0.11s | loop(5502): 0.02s | insert(0): 0.00s | update(0): 0.00s | commit: 0.00s
2026-08-16 09:29:17,515 | INFO | چانک 117 | 5502 ردیف | clean: 0.01s | load: 0.13s | جمع کل: 618586 رکورد
2026-08-16 09:29:17,762 | INFO |   -> to_dict/clean: 0.14s | loop(5108): 0.04s | insert(0): 0.00s | update(0): 0.00s | commit: 0.00s
2026-08-16 09:29:17,774 | INFO | چانک 118 | 5108 ردیف | clean: 0.01s | load: 0.19s | جمع کل: 623694 رکورد
2026-08-16 09:29:18,000 | INFO |   -> to_dict/clean: 0.08s | loop(4750): 0.03s | insert(0): 0.00s | update(0): 0.00s | commit: 0.00s
2026-08-16 09:29:18,002 | INFO | چانک 119 | 4750 ردیف | clean: 0.01s | load: 0.12s | جمع کل: 628444 رکورد
2026-08-16 09:29:18,236 | INFO |   -> to_dict/clean: 0.11s | loop(4889): 0.02s | insert(0): 0.00s | update(0): 0.00s | commit: 0.00s
2026-08-16 09:29:18,237 | INFO | چانک 120 | 4889 ردیف | clean: 0.01s | load: 0.13s | جمع کل: 633333 رکورد
2026-08-16 09:29:18,424 | INFO |   -> to_dict/clean: 0.06s | loop(4687): 0.02s | insert(0): 0.00s | update(0): 0.00s | commit: 0.00s
2026-08-16 09:29:18,426 | INFO | چانک 121 | 4687 ردیف | clean: 0.01s | load: 0.08s | جمع کل: 638020 رکورد
2026-08-16 09:29:18,697 | INFO |   -> to_dict/clean: 0.12s | loop(5427): 0.02s | insert(0): 0.00s | update(0): 0.00s | commit: 0.00s
2026-08-16 09:29:18,699 | INFO | چانک 122 | 5427 ردیف | clean: 0.01s | load: 0.14s | جمع کل: 643447 رکورد
2026-08-16 09:29:18,955 | INFO |   -> to_dict/clean: 0.12s | loop(5188): 0.03s | insert(0): 0.00s | update(0): 0.00s | commit: 0.00s
2026-08-16 09:29:18,958 | INFO | چانک 123 | 5188 ردیف | clean: 0.01s | load: 0.15s | جمع کل: 648635 رکورد
2026-08-16 09:29:19,239 | INFO |   -> to_dict/clean: 0.13s | loop(5067): 0.03s | insert(0): 0.00s | update(0): 0.00s | commit: 0.00s
2026-08-16 09:29:19,241 | INFO | چانک 124 | 5067 ردیف | clean: 0.01s | load: 0.16s | جمع کل: 653702 رکورد
2026-08-16 09:29:19,473 | INFO |   -> to_dict/clean: 0.11s | loop(5058): 0.03s | insert(0): 0.00s | update(0): 0.00s | commit: 0.00s
2026-08-16 09:29:19,475 | INFO | چانک 125 | 5058 ردیف | clean: 0.00s | load: 0.14s | جمع کل: 658760 رکورد
2026-08-16 09:29:19,777 | INFO |   -> to_dict/clean: 0.15s | loop(4809): 0.04s | insert(0): 0.00s | update(0): 0.00s | commit: 0.00s
2026-08-16 09:29:19,781 | INFO | چانک 126 | 4809 ردیف | clean: 0.01s | load: 0.19s | جمع کل: 663569 رکورد
2026-08-16 09:29:20,030 | INFO |   -> to_dict/clean: 0.09s | loop(5022): 0.02s | insert(0): 0.00s | update(0): 0.00s | commit: 0.00s
2026-08-16 09:29:20,032 | INFO | چانک 127 | 5022 ردیف | clean: 0.01s | load: 0.11s | جمع کل: 668591 رکورد
2026-08-16 09:29:20,309 | INFO |   -> to_dict/clean: 0.14s | loop(6055): 0.04s | insert(0): 0.00s | update(0): 0.00s | commit: 0.00s
2026-08-16 09:29:20,313 | INFO | چانک 128 | 6055 ردیف | clean: 0.01s | load: 0.19s | جمع کل: 674646 رکورد
2026-08-16 09:29:20,644 | INFO |   -> to_dict/clean: 0.16s | loop(5793): 0.03s | insert(0): 0.00s | update(0): 0.00s | commit: 0.00s
2026-08-16 09:29:20,646 | INFO | چانک 129 | 5793 ردیف | clean: 0.01s | load: 0.20s | جمع کل: 680439 رکورد
2026-08-16 09:29:20,795 | INFO |   -> to_dict/clean: 0.07s | loop(5672): 0.02s | insert(0): 0.00s | update(0): 0.00s | commit: 0.00s
2026-08-16 09:29:20,797 | INFO | چانک 130 | 5672 ردیف | clean: 0.00s | load: 0.09s | جمع کل: 686111 رکورد
2026-08-16 09:29:20,985 | INFO |   -> to_dict/clean: 0.08s | loop(5992): 0.03s | insert(0): 0.00s | update(0): 0.00s | commit: 0.00s
2026-08-16 09:29:20,988 | INFO | چانک 131 | 5992 ردیف | clean: 0.01s | load: 0.11s | جمع کل: 692103 رکورد
2026-08-16 09:29:21,233 | INFO |   -> to_dict/clean: 0.13s | loop(5585): 0.04s | insert(0): 0.00s | update(0): 0.00s | commit: 0.00s
2026-08-16 09:29:21,235 | INFO | چانک 132 | 5585 ردیف | clean: 0.01s | load: 0.16s | جمع کل: 697688 رکورد
2026-08-16 09:29:21,454 | INFO |   -> to_dict/clean: 0.09s | loop(5112): 0.02s | insert(0): 0.00s | update(0): 0.00s | commit: 0.00s
2026-08-16 09:29:21,456 | INFO | چانک 133 | 5112 ردیف | clean: 0.01s | load: 0.11s | جمع کل: 702800 رکورد
2026-08-16 09:29:21,621 | INFO |   -> to_dict/clean: 0.07s | loop(5567): 0.02s | insert(0): 0.00s | update(0): 0.00s | commit: 0.00s
2026-08-16 09:29:21,623 | INFO | چانک 134 | 5567 ردیف | clean: 0.00s | load: 0.09s | جمع کل: 708367 رکورد
2026-08-16 09:29:21,760 | INFO |   -> to_dict/clean: 0.06s | loop(4833): 0.02s | insert(0): 0.00s | update(0): 0.00s | commit: 0.00s
2026-08-16 09:29:21,761 | INFO | چانک 135 | 4833 ردیف | clean: 0.01s | load: 0.08s | جمع کل: 713200 رکورد
2026-08-16 09:29:21,935 | INFO |   -> to_dict/clean: 0.06s | loop(4645): 0.02s | insert(0): 0.00s | update(0): 0.00s | commit: 0.00s
2026-08-16 09:29:21,936 | INFO | چانک 136 | 4645 ردیف | clean: 0.01s | load: 0.08s | جمع کل: 717845 رکورد
2026-08-16 09:29:22,214 | INFO |   -> to_dict/clean: 0.14s | loop(4833): 0.04s | insert(0): 0.00s | update(0): 0.00s | commit: 0.00s
2026-08-16 09:29:22,217 | INFO | چانک 137 | 4833 ردیف | clean: 0.01s | load: 0.18s | جمع کل: 722678 رکورد
2026-08-16 09:29:22,409 | INFO |   -> to_dict/clean: 0.08s | loop(4791): 0.02s | insert(0): 0.00s | update(0): 0.00s | commit: 0.00s
2026-08-16 09:29:22,411 | INFO | چانک 138 | 4791 ردیف | clean: 0.01s | load: 0.10s | جمع کل: 727469 رکورد
2026-08-16 09:29:22,574 | INFO |   -> to_dict/clean: 0.07s | loop(5360): 0.02s | insert(0): 0.00s | update(0): 0.00s | commit: 0.00s
2026-08-16 09:29:22,576 | INFO | چانک 139 | 5360 ردیف | clean: 0.00s | load: 0.09s | جمع کل: 732829 رکورد
2026-08-16 09:29:22,757 | INFO |   -> to_dict/clean: 0.08s | loop(5192): 0.03s | insert(0): 0.00s | update(0): 0.00s | commit: 0.00s
2026-08-16 09:29:22,759 | INFO | چانک 140 | 5192 ردیف | clean: 0.00s | load: 0.12s | جمع کل: 738021 رکورد
2026-08-16 09:29:22,970 | INFO |   -> to_dict/clean: 0.07s | loop(4991): 0.02s | insert(0): 0.00s | update(0): 0.00s | commit: 0.00s
2026-08-16 09:29:22,971 | INFO | چانک 141 | 4991 ردیف | clean: 0.01s | load: 0.09s | جمع کل: 743012 رکورد
2026-08-16 09:29:23,121 | INFO |   -> to_dict/clean: 0.06s | loop(4946): 0.02s | insert(0): 0.00s | update(0): 0.00s | commit: 0.00s
2026-08-16 09:29:23,122 | INFO | چانک 142 | 4946 ردیف | clean: 0.00s | load: 0.08s | جمع کل: 747958 رکورد
2026-08-16 09:29:23,319 | INFO |   -> to_dict/clean: 0.10s | loop(4721): 0.02s | insert(0): 0.00s | update(0): 0.00s | commit: 0.00s
2026-08-16 09:29:23,320 | INFO | چانک 143 | 4721 ردیف | clean: 0.01s | load: 0.12s | جمع کل: 752679 رکورد
2026-08-16 09:29:23,471 | INFO |   -> to_dict/clean: 0.06s | loop(5239): 0.02s | insert(0): 0.00s | update(0): 0.00s | commit: 0.00s
2026-08-16 09:29:23,473 | INFO | چانک 144 | 5239 ردیف | clean: 0.01s | load: 0.09s | جمع کل: 757918 رکورد
2026-08-16 09:29:23,652 | INFO |   -> to_dict/clean: 0.07s | loop(5748): 0.02s | insert(0): 0.00s | update(0): 0.00s | commit: 0.00s
2026-08-16 09:29:23,654 | INFO | چانک 145 | 5748 ردیف | clean: 0.01s | load: 0.09s | جمع کل: 763666 رکورد
2026-08-16 09:29:23,857 | INFO |   -> to_dict/clean: 0.10s | loop(5862): 0.02s | insert(0): 0.00s | update(0): 0.00s | commit: 0.00s
2026-08-16 09:29:23,859 | INFO | چانک 146 | 5862 ردیف | clean: 0.01s | load: 0.12s | جمع کل: 769528 رکورد
2026-08-16 09:29:24,061 | INFO |   -> to_dict/clean: 0.08s | loop(5745): 0.02s | insert(0): 0.00s | update(0): 0.00s | commit: 0.00s
2026-08-16 09:29:24,063 | INFO | چانک 147 | 5745 ردیف | clean: 0.01s | load: 0.11s | جمع کل: 775273 رکورد
2026-08-16 09:29:24,229 | INFO |   -> to_dict/clean: 0.07s | loop(5699): 0.02s | insert(0): 0.00s | update(0): 0.00s | commit: 0.00s
2026-08-16 09:29:24,231 | INFO | چانک 148 | 5699 ردیف | clean: 0.01s | load: 0.09s | جمع کل: 780972 رکورد
2026-08-16 09:29:24,387 | INFO |   -> to_dict/clean: 0.07s | loop(5710): 0.02s | insert(0): 0.00s | update(0): 0.00s | commit: 0.00s
2026-08-16 09:29:24,389 | INFO | چانک 149 | 5710 ردیف | clean: 0.00s | load: 0.09s | جمع کل: 786682 رکورد
2026-08-16 09:29:24,542 | INFO |   -> to_dict/clean: 0.06s | loop(5130): 0.02s | insert(0): 0.00s | update(0): 0.00s | commit: 0.00s
2026-08-16 09:29:24,543 | INFO | چانک 150 | 5130 ردیف | clean: 0.00s | load: 0.08s | جمع کل: 791812 رکورد
2026-08-16 09:29:24,727 | INFO |   -> to_dict/clean: 0.07s | loop(5715): 0.02s | insert(0): 0.00s | update(0): 0.00s | commit: 0.00s
2026-08-16 09:29:24,729 | INFO | چانک 151 | 5715 ردیف | clean: 0.01s | load: 0.09s | جمع کل: 797527 رکورد
2026-08-16 09:29:24,944 | INFO |   -> to_dict/clean: 0.12s | loop(4845): 0.02s | insert(0): 0.00s | update(0): 0.00s | commit: 0.00s
2026-08-16 09:29:24,946 | INFO | چانک 152 | 4845 ردیف | clean: 0.01s | load: 0.14s | جمع کل: 802372 رکورد
2026-08-16 09:29:25,108 | INFO |   -> to_dict/clean: 0.08s | loop(4789): 0.02s | insert(0): 0.00s | update(0): 0.00s | commit: 0.00s
2026-08-16 09:29:25,109 | INFO | چانک 153 | 4789 ردیف | clean: 0.01s | load: 0.10s | جمع کل: 807161 رکورد
2026-08-16 09:29:25,303 | INFO |   -> to_dict/clean: 0.11s | loop(4895): 0.02s | insert(0): 0.00s | update(0): 0.00s | commit: 0.00s
2026-08-16 09:29:25,304 | INFO | چانک 154 | 4895 ردیف | clean: 0.01s | load: 0.12s | جمع کل: 812056 رکورد
2026-08-16 09:29:25,530 | INFO |   -> to_dict/clean: 0.15s | loop(5021): 0.02s | insert(0): 0.00s | update(0): 0.00s | commit: 0.00s
2026-08-16 09:29:25,532 | INFO | چانک 155 | 5021 ردیف | clean: 0.00s | load: 0.17s | جمع کل: 817077 رکورد
2026-08-16 09:29:25,734 | INFO |   -> to_dict/clean: 0.10s | loop(5380): 0.02s | insert(0): 0.00s | update(0): 0.00s | commit: 0.00s
2026-08-16 09:29:25,736 | INFO | چانک 156 | 5380 ردیف | clean: 0.00s | load: 0.12s | جمع کل: 822457 رکورد
2026-08-16 09:29:25,932 | INFO |   -> to_dict/clean: 0.08s | loop(5179): 0.02s | insert(0): 0.00s | update(0): 0.00s | commit: 0.00s
2026-08-16 09:29:25,934 | INFO | چانک 157 | 5179 ردیف | clean: 0.01s | load: 0.10s | جمع کل: 827636 رکورد
2026-08-16 09:29:26,176 | INFO |   -> to_dict/clean: 0.10s | loop(5105): 0.03s | insert(0): 0.00s | update(0): 0.00s | commit: 0.00s
2026-08-16 09:29:26,179 | INFO | چانک 158 | 5105 ردیف | clean: 0.01s | load: 0.14s | جمع کل: 832741 رکورد
2026-08-16 09:29:26,348 | INFO |   -> to_dict/clean: 0.06s | loop(5014): 0.02s | insert(0): 0.00s | update(0): 0.00s | commit: 0.00s
2026-08-16 09:29:26,349 | INFO | چانک 159 | 5014 ردیف | clean: 0.00s | load: 0.08s | جمع کل: 837755 رکورد
2026-08-16 09:29:26,480 | INFO |   -> to_dict/clean: 0.06s | loop(4695): 0.02s | insert(0): 0.00s | update(0): 0.00s | commit: 0.00s
2026-08-16 09:29:26,482 | INFO | چانک 160 | 4695 ردیف | clean: 0.00s | load: 0.08s | جمع کل: 842450 رکورد
2026-08-16 09:29:26,654 | INFO |   -> to_dict/clean: 0.07s | loop(5551): 0.02s | insert(0): 0.00s | update(0): 0.00s | commit: 0.00s
2026-08-16 09:29:26,656 | INFO | چانک 161 | 5551 ردیف | clean: 0.00s | load: 0.09s | جمع کل: 848001 رکورد
2026-08-16 09:29:26,863 | INFO |   -> to_dict/clean: 0.11s | loop(5551): 0.02s | insert(0): 0.00s | update(0): 0.00s | commit: 0.00s
2026-08-16 09:29:26,866 | INFO | چانک 162 | 5551 ردیف | clean: 0.01s | load: 0.14s | جمع کل: 853552 رکورد
2026-08-16 09:29:27,104 | INFO |   -> to_dict/clean: 0.12s | loop(5786): 0.03s | insert(0): 0.00s | update(0): 0.00s | commit: 0.00s
2026-08-16 09:29:27,107 | INFO | چانک 163 | 5786 ردیف | clean: 0.01s | load: 0.15s | جمع کل: 859338 رکورد
2026-08-16 09:29:27,375 | INFO |   -> to_dict/clean: 0.13s | loop(5710): 0.02s | insert(0): 0.00s | update(0): 0.00s | commit: 0.00s
2026-08-16 09:29:27,377 | INFO | چانک 164 | 5710 ردیف | clean: 0.01s | load: 0.16s | جمع کل: 865048 رکورد
2026-08-16 09:29:27,572 | INFO |   -> to_dict/clean: 0.09s | loop(5966): 0.03s | insert(0): 0.00s | update(0): 0.00s | commit: 0.00s
2026-08-16 09:29:27,575 | INFO | چانک 165 | 5966 ردیف | clean: 0.01s | load: 0.13s | جمع کل: 871014 رکورد
2026-08-16 09:29:27,790 | INFO |   -> to_dict/clean: 0.11s | loop(5274): 0.02s | insert(0): 0.00s | update(0): 0.00s | commit: 0.00s
2026-08-16 09:29:27,792 | INFO | چانک 166 | 5274 ردیف | clean: 0.01s | load: 0.14s | جمع کل: 876288 رکورد
2026-08-16 09:29:28,060 | INFO |   -> تعداد شکل‌های متفاوت کلید در to_insert: 1
2026-08-16 09:29:34,120 | INFO |   -> to_dict/clean: 0.13s | loop(5364): 0.05s | insert(5364): 6.06s | update(0): 0.00s | commit: 0.01s
2026-08-16 09:29:34,122 | INFO | چانک 167 | 5364 ردیف | clean: 0.01s | load: 6.25s | جمع کل: 881652 رکورد
2026-08-16 09:29:34,413 | INFO |   -> تعداد شکل‌های متفاوت کلید در to_insert: 1
2026-08-16 09:29:39,686 | INFO |   -> to_dict/clean: 0.15s | loop(5289): 0.04s | insert(5289): 5.27s | update(0): 0.00s | commit: 0.01s
2026-08-16 09:29:39,689 | INFO | چانک 168 | 5289 ردیف | clean: 0.01s | load: 5.46s | جمع کل: 886941 رکورد
2026-08-16 09:29:39,855 | INFO |   -> تعداد شکل‌های متفاوت کلید در to_insert: 1
2026-08-16 09:29:45,767 | INFO |   -> to_dict/clean: 0.06s | loop(4738): 0.01s | insert(4735): 5.84s | update(0): 0.00s | commit: 0.08s
2026-08-16 09:29:45,777 | INFO | چانک 169 | 4738 ردیف | clean: 0.00s | load: 6.00s | جمع کل: 891679 رکورد
2026-08-16 09:29:45,986 | INFO |   -> تعداد شکل‌های متفاوت کلید در to_insert: 1
2026-08-16 09:29:51,179 | INFO |   -> to_dict/clean: 0.10s | loop(4780): 0.02s | insert(4779): 5.19s | update(0): 0.00s | commit: 0.01s
2026-08-16 09:29:51,181 | INFO | چانک 170 | 4780 ردیف | clean: 0.01s | load: 5.33s | جمع کل: 896459 رکورد
2026-08-16 09:29:51,338 | INFO |   -> تعداد شکل‌های متفاوت کلید در to_insert: 1
2026-08-16 09:29:57,345 | INFO |   -> to_dict/clean: 0.06s | loop(4496): 0.01s | insert(4491): 6.00s | update(0): 0.00s | commit: 0.01s
2026-08-16 09:29:57,347 | INFO | چانک 171 | 4496 ردیف | clean: 0.00s | load: 6.08s | جمع کل: 900955 رکورد
2026-08-16 09:29:57,546 | INFO |   -> تعداد شکل‌های متفاوت کلید در to_insert: 1
2026-08-16 09:30:06,036 | INFO |   -> to_dict/clean: 0.08s | loop(5299): 0.02s | insert(5298): 8.48s | update(0): 0.00s | commit: 0.01s
2026-08-16 09:30:06,039 | INFO | چانک 172 | 5299 ردیف | clean: 0.01s | load: 8.59s | جمع کل: 906254 رکورد
2026-08-16 09:30:06,406 | INFO |   -> تعداد شکل‌های متفاوت کلید در to_insert: 1
2026-08-16 09:30:15,357 | INFO |   -> to_dict/clean: 0.18s | loop(5338): 0.04s | insert(5338): 8.95s | update(0): 0.00s | commit: 0.01s
2026-08-16 09:30:15,360 | INFO | چانک 173 | 5338 ردیف | clean: 0.01s | load: 9.18s | جمع کل: 911592 رکورد
2026-08-16 09:30:15,776 | INFO |   -> تعداد شکل‌های متفاوت کلید در to_insert: 1
2026-08-16 09:30:23,333 | INFO |   -> to_dict/clean: 0.18s | loop(5274): 0.04s | insert(5274): 7.56s | update(0): 0.00s | commit: 0.01s
2026-08-16 09:30:23,338 | INFO | چانک 174 | 5274 ردیف | clean: 0.02s | load: 7.79s | جمع کل: 916866 رکورد
2026-08-16 09:30:23,512 | INFO |   -> تعداد شکل‌های متفاوت کلید در to_insert: 1
2026-08-16 09:30:30,136 | INFO |   -> to_dict/clean: 0.06s | loop(4956): 0.01s | insert(4956): 6.62s | update(0): 0.00s | commit: 0.01s
2026-08-16 09:30:30,139 | INFO | چانک 175 | 4956 ردیف | clean: 0.00s | load: 6.70s | جمع کل: 921822 رکورد
2026-08-16 09:30:30,396 | INFO |   -> تعداد شکل‌های متفاوت کلید در to_insert: 1
2026-08-16 09:30:36,293 | INFO |   -> to_dict/clean: 0.15s | loop(4890): 0.01s | insert(4890): 5.89s | update(0): 0.00s | commit: 0.01s
2026-08-16 09:30:36,295 | INFO | چانک 176 | 4890 ردیف | clean: 0.00s | load: 6.07s | جمع کل: 926712 رکورد
2026-08-16 09:30:36,509 | INFO |   -> تعداد شکل‌های متفاوت کلید در to_insert: 1
2026-08-16 09:30:41,661 | INFO |   -> to_dict/clean: 0.10s | loop(4737): 0.01s | insert(4737): 5.14s | update(0): 0.00s | commit: 0.01s
2026-08-16 09:30:41,663 | INFO | چانک 177 | 4737 ردیف | clean: 0.01s | load: 5.27s | جمع کل: 931449 رکورد
2026-08-16 09:30:42,139 | INFO |   -> تعداد شکل‌های متفاوت کلید در to_insert: 1
2026-08-16 09:30:51,927 | INFO |   -> to_dict/clean: 0.27s | loop(5873): 0.05s | insert(5839): 9.79s | update(0): 0.00s | commit: 0.01s
2026-08-16 09:30:51,930 | INFO | چانک 178 | 5873 ردیف | clean: 0.01s | load: 10.12s | جمع کل: 937322 رکورد
2026-08-16 09:30:52,314 | INFO |   -> تعداد شکل‌های متفاوت کلید در to_insert: 1
2026-08-16 09:31:01,811 | INFO |   -> to_dict/clean: 0.19s | loop(5793): 0.04s | insert(5791): 9.49s | update(0): 0.00s | commit: 0.01s
2026-08-16 09:31:01,814 | INFO | چانک 179 | 5793 ردیف | clean: 0.01s | load: 9.74s | جمع کل: 943115 رکورد
2026-08-16 09:31:02,213 | INFO |   -> تعداد شکل‌های متفاوت کلید در to_insert: 1
2026-08-16 09:31:12,659 | INFO |   -> to_dict/clean: 0.20s | loop(5870): 0.04s | insert(5869): 10.44s | update(0): 0.00s | commit: 0.01s
2026-08-16 09:31:12,662 | INFO | چانک 180 | 5870 ردیف | clean: 0.01s | load: 10.70s | جمع کل: 948985 رکورد
2026-08-16 09:31:13,046 | INFO |   -> تعداد شکل‌های متفاوت کلید در to_insert: 1
2026-08-16 09:31:22,064 | INFO |   -> to_dict/clean: 0.19s | loop(5688): 0.04s | insert(5688): 9.01s | update(0): 0.00s | commit: 0.01s
2026-08-16 09:31:22,068 | INFO | چانک 181 | 5688 ردیف | clean: 0.01s | load: 9.26s | جمع کل: 954673 رکورد
2026-08-16 09:31:22,474 | INFO |   -> تعداد شکل‌های متفاوت کلید در to_insert: 1
2026-08-16 09:31:32,934 | INFO |   -> to_dict/clean: 0.20s | loop(5985): 0.04s | insert(5978): 10.46s | update(0): 0.00s | commit: 0.01s
2026-08-16 09:31:32,941 | INFO | چانک 182 | 5985 ردیف | clean: 0.01s | load: 10.72s | جمع کل: 960658 رکورد
2026-08-16 09:31:33,315 | INFO |   -> تعداد شکل‌های متفاوت کلید در to_insert: 1
2026-08-16 09:31:43,297 | INFO |   -> to_dict/clean: 0.18s | loop(5456): 0.04s | insert(5452): 9.98s | update(0): 0.00s | commit: 0.01s
2026-08-16 09:31:43,300 | INFO | چانک 183 | 5456 ردیف | clean: 0.01s | load: 10.22s | جمع کل: 966114 رکورد
2026-08-16 09:31:43,672 | INFO |   -> تعداد شکل‌های متفاوت کلید در to_insert: 1
2026-08-16 09:31:53,004 | INFO |   -> to_dict/clean: 0.18s | loop(5382): 0.04s | insert(5382): 9.32s | update(0): 0.00s | commit: 0.01s
2026-08-16 09:31:53,011 | INFO | چانک 184 | 5382 ردیف | clean: 0.01s | load: 9.57s | جمع کل: 971496 رکورد
2026-08-16 09:31:53,385 | INFO |   -> تعداد شکل‌های متفاوت کلید در to_insert: 1
2026-08-16 09:32:02,348 | INFO |   -> to_dict/clean: 0.17s | loop(5250): 0.04s | insert(5250): 8.96s | update(0): 0.00s | commit: 0.01s
2026-08-16 09:32:02,352 | INFO | چانک 185 | 5250 ردیف | clean: 0.01s | load: 9.19s | جمع کل: 976746 رکورد
2026-08-16 09:32:02,703 | INFO |   -> تعداد شکل‌های متفاوت کلید در to_insert: 1
2026-08-16 09:32:10,634 | INFO |   -> to_dict/clean: 0.16s | loop(4801): 0.03s | insert(4799): 7.92s | update(1): 0.01s | commit: 0.01s
2026-08-16 09:32:10,638 | INFO | چانک 186 | 4801 ردیف | clean: 0.01s | load: 8.14s | جمع کل: 981547 رکورد
2026-08-16 09:32:10,991 | INFO |   -> تعداد شکل‌های متفاوت کلید در to_insert: 1
2026-08-16 09:32:18,283 | INFO |   -> to_dict/clean: 0.17s | loop(4846): 0.04s | insert(4846): 7.29s | update(0): 0.00s | commit: 0.01s
2026-08-16 09:32:18,286 | INFO | چانک 187 | 4846 ردیف | clean: 0.01s | load: 7.51s | جمع کل: 986393 رکورد
2026-08-16 09:32:18,642 | INFO |   -> تعداد شکل‌های متفاوت کلید در to_insert: 1
2026-08-16 09:32:26,157 | INFO |   -> to_dict/clean: 0.16s | loop(4691): 0.03s | insert(4688): 7.51s | update(0): 0.00s | commit: 0.01s
2026-08-16 09:32:26,160 | INFO | چانک 188 | 4691 ردیف | clean: 0.01s | load: 7.72s | جمع کل: 991084 رکورد
2026-08-16 09:32:26,530 | INFO |   -> تعداد شکل‌های متفاوت کلید در to_insert: 1
2026-08-16 09:32:34,909 | INFO |   -> to_dict/clean: 0.18s | loop(5296): 0.04s | insert(5296): 8.38s | update(0): 0.00s | commit: 0.01s
2026-08-16 09:32:34,912 | INFO | چانک 189 | 5296 ردیف | clean: 0.01s | load: 8.61s | جمع کل: 996380 رکورد
2026-08-16 09:32:35,278 | INFO |   -> تعداد شکل‌های متفاوت کلید در to_insert: 1
2026-08-16 09:32:44,017 | INFO |   -> to_dict/clean: 0.18s | loop(5356): 0.04s | insert(5356): 8.74s | update(0): 0.00s | commit: 0.01s
2026-08-16 09:32:44,020 | INFO | چانک 190 | 5356 ردیف | clean: 0.01s | load: 8.97s | جمع کل: 1001736 رکورد
2026-08-16 09:32:44,370 | INFO |   -> تعداد شکل‌های متفاوت کلید در to_insert: 1
2026-08-16 09:32:52,031 | INFO |   -> to_dict/clean: 0.17s | loop(5063): 0.04s | insert(5063): 7.66s | update(0): 0.00s | commit: 0.01s
2026-08-16 09:32:52,034 | INFO | چانک 191 | 5063 ردیف | clean: 0.01s | load: 7.88s | جمع کل: 1006799 رکورد
2026-08-16 09:32:52,388 | INFO |   -> تعداد شکل‌های متفاوت کلید در to_insert: 1
2026-08-16 09:32:59,829 | INFO |   -> to_dict/clean: 0.17s | loop(4969): 0.04s | insert(4969): 7.44s | update(0): 0.00s | commit: 0.01s
2026-08-16 09:32:59,832 | INFO | چانک 192 | 4969 ردیف | clean: 0.01s | load: 7.66s | جمع کل: 1011768 رکورد
2026-08-16 09:33:00,169 | INFO |   -> تعداد شکل‌های متفاوت کلید در to_insert: 1
2026-08-16 09:33:06,835 | INFO |   -> to_dict/clean: 0.15s | loop(4762): 0.03s | insert(4762): 6.66s | update(0): 0.00s | commit: 0.01s
2026-08-16 09:33:06,840 | INFO | چانک 193 | 4762 ردیف | clean: 0.01s | load: 6.87s | جمع کل: 1016530 رکورد
2026-08-16 09:33:07,186 | INFO |   -> تعداد شکل‌های متفاوت کلید در to_insert: 1
2026-08-16 09:33:14,335 | INFO |   -> to_dict/clean: 0.16s | loop(4945): 0.04s | insert(4920): 7.15s | update(0): 0.00s | commit: 0.01s
2026-08-16 09:33:14,340 | INFO | چانک 194 | 4945 ردیف | clean: 0.01s | load: 7.37s | جمع کل: 1021475 رکورد
2026-08-16 09:33:14,786 | INFO |   -> تعداد شکل‌های متفاوت کلید در to_insert: 1
2026-08-16 09:33:25,945 | INFO |   -> to_dict/clean: 0.21s | loop(6267): 0.05s | insert(6265): 11.16s | update(0): 0.00s | commit: 0.01s
2026-08-16 09:33:25,949 | INFO | چانک 195 | 6267 ردیف | clean: 0.01s | load: 11.44s | جمع کل: 1027742 رکورد
2026-08-16 09:33:26,342 | INFO |   -> تعداد شکل‌های متفاوت کلید در to_insert: 1
2026-08-16 09:33:36,365 | INFO |   -> to_dict/clean: 0.19s | loop(5912): 0.04s | insert(5910): 10.02s | update(0): 0.00s | commit: 0.01s
2026-08-16 09:33:36,368 | INFO | چانک 196 | 5912 ردیف | clean: 0.01s | load: 10.27s | جمع کل: 1033654 رکورد
2026-08-16 09:33:36,754 | INFO |   -> تعداد شکل‌های متفاوت کلید در to_insert: 1
2026-08-16 09:33:44,682 | INFO |   -> to_dict/clean: 0.19s | loop(5769): 0.04s | insert(5768): 7.93s | update(0): 0.00s | commit: 0.01s
2026-08-16 09:33:44,687 | INFO | چانک 197 | 5769 ردیف | clean: 0.01s | load: 8.17s | جمع کل: 1039423 رکورد
2026-08-16 09:33:44,914 | INFO |   -> تعداد شکل‌های متفاوت کلید در to_insert: 1
2026-08-16 09:33:53,379 | INFO |   -> to_dict/clean: 0.10s | loop(5931): 0.02s | insert(5928): 8.46s | update(0): 0.00s | commit: 0.01s
2026-08-16 09:33:53,383 | INFO | چانک 198 | 5931 ردیف | clean: 0.01s | load: 8.59s | جمع کل: 1045354 رکورد
2026-08-16 09:33:53,750 | INFO |   -> تعداد شکل‌های متفاوت کلید در to_insert: 1
2026-08-16 09:34:01,592 | INFO |   -> to_dict/clean: 0.17s | loop(5167): 0.04s | insert(5167): 7.84s | update(0): 0.00s | commit: 0.01s
2026-08-16 09:34:01,595 | INFO | چانک 199 | 5167 ردیف | clean: 0.01s | load: 8.06s | جمع کل: 1050521 رکورد
2026-08-16 09:34:01,965 | INFO |   -> تعداد شکل‌های متفاوت کلید در to_insert: 1
2026-08-16 09:34:10,366 | INFO |   -> to_dict/clean: 0.17s | loop(5239): 0.04s | insert(5233): 8.40s | update(0): 0.00s | commit: 0.01s
2026-08-16 09:34:10,369 | INFO | چانک 200 | 5239 ردیف | clean: 0.01s | load: 8.63s | جمع کل: 1055760 رکورد
2026-08-16 09:34:10,748 | INFO |   -> تعداد شکل‌های متفاوت کلید در to_insert: 1
2026-08-16 09:34:18,955 | INFO |   -> to_dict/clean: 0.18s | loop(5402): 0.04s | insert(5402): 8.21s | update(0): 0.00s | commit: 0.01s
2026-08-16 09:34:18,957 | INFO | چانک 201 | 5402 ردیف | clean: 0.01s | load: 8.44s | جمع کل: 1061162 رکورد
2026-08-16 09:34:19,201 | INFO |   -> تعداد شکل‌های متفاوت کلید در to_insert: 1
2026-08-16 09:34:25,258 | INFO |   -> to_dict/clean: 0.13s | loop(4956): 0.02s | insert(4956): 6.05s | update(0): 0.00s | commit: 0.01s
2026-08-16 09:34:25,260 | INFO | چانک 202 | 4956 ردیف | clean: 0.01s | load: 6.22s | جمع کل: 1066118 رکورد
2026-08-16 09:34:25,433 | INFO |   -> تعداد شکل‌های متفاوت کلید در to_insert: 1
2026-08-16 09:34:31,716 | INFO |   -> to_dict/clean: 0.06s | loop(4854): 0.02s | insert(4854): 6.28s | update(0): 0.00s | commit: 0.01s
2026-08-16 09:34:31,718 | INFO | چانک 203 | 4854 ردیف | clean: 0.00s | load: 6.37s | جمع کل: 1070972 رکورد
2026-08-16 09:34:31,879 | INFO |   -> تعداد شکل‌های متفاوت کلید در to_insert: 1
2026-08-16 09:34:37,594 | INFO |   -> to_dict/clean: 0.06s | loop(4672): 0.01s | insert(4666): 5.71s | update(0): 0.00s | commit: 0.01s
2026-08-16 09:34:37,596 | INFO | چانک 204 | 4672 ردیف | clean: 0.00s | load: 5.79s | جمع کل: 1075644 رکورد
2026-08-16 09:34:37,751 | INFO |   -> تعداد شکل‌های متفاوت کلید در to_insert: 1
2026-08-16 09:34:43,477 | INFO |   -> to_dict/clean: 0.06s | loop(5213): 0.02s | insert(5213): 5.72s | update(0): 0.00s | commit: 0.01s
2026-08-16 09:34:43,480 | INFO | چانک 205 | 5213 ردیف | clean: 0.00s | load: 5.81s | جمع کل: 1080857 رکورد
2026-08-16 09:34:43,652 | INFO |   -> تعداد شکل‌های متفاوت کلید در to_insert: 1
2026-08-16 09:34:50,289 | INFO |   -> to_dict/clean: 0.07s | loop(5333): 0.02s | insert(5333): 6.63s | update(0): 0.00s | commit: 0.01s
2026-08-16 09:34:50,292 | INFO | چانک 206 | 5333 ردیف | clean: 0.00s | load: 6.73s | جمع کل: 1086190 رکورد
2026-08-16 09:34:50,570 | INFO |   -> تعداد شکل‌های متفاوت کلید در to_insert: 1
2026-08-16 09:34:57,723 | INFO |   -> to_dict/clean: 0.12s | loop(5208): 0.03s | insert(5208): 7.15s | update(0): 0.00s | commit: 0.01s
2026-08-16 09:34:57,725 | INFO | چانک 207 | 5208 ردیف | clean: 0.01s | load: 7.31s | جمع کل: 1091398 رکورد
2026-08-16 09:34:57,939 | INFO |   -> تعداد شکل‌های متفاوت کلید در to_insert: 1
2026-08-16 09:35:04,808 | INFO |   -> to_dict/clean: 0.07s | loop(5009): 0.01s | insert(5009): 6.86s | update(0): 0.00s | commit: 0.01s
2026-08-16 09:35:04,810 | INFO | چانک 208 | 5009 ردیف | clean: 0.01s | load: 6.96s | جمع کل: 1096407 رکورد
2026-08-16 09:35:04,974 | INFO |   -> تعداد شکل‌های متفاوت کلید در to_insert: 1
2026-08-16 09:35:11,115 | INFO |   -> to_dict/clean: 0.06s | loop(5007): 0.01s | insert(5007): 6.13s | update(0): 0.00s | commit: 0.01s
2026-08-16 09:35:11,118 | INFO | چانک 209 | 5007 ردیف | clean: 0.00s | load: 6.22s | جمع کل: 1101414 رکورد
2026-08-16 09:35:11,281 | INFO |   -> تعداد شکل‌های متفاوت کلید در to_insert: 1
2026-08-16 09:35:16,586 | INFO |   -> to_dict/clean: 0.06s | loop(4887): 0.01s | insert(4887): 5.30s | update(0): 0.00s | commit: 0.01s
2026-08-16 09:35:16,588 | INFO | چانک 210 | 4887 ردیف | clean: 0.00s | load: 5.39s | جمع کل: 1106301 رکورد
2026-08-16 09:35:16,811 | INFO |   -> تعداد شکل‌های متفاوت کلید در to_insert: 1
2026-08-16 09:35:23,521 | INFO |   -> to_dict/clean: 0.11s | loop(5429): 0.02s | insert(5394): 6.71s | update(0): 0.00s | commit: 0.01s
2026-08-16 09:35:23,524 | INFO | چانک 211 | 5429 ردیف | clean: 0.00s | load: 6.85s | جمع کل: 1111730 رکورد
2026-08-16 09:35:23,725 | INFO |   -> تعداد شکل‌های متفاوت کلید در to_insert: 1
2026-08-16 09:35:31,127 | INFO |   -> to_dict/clean: 0.09s | loop(5565): 0.02s | insert(5564): 7.40s | update(0): 0.00s | commit: 0.01s
2026-08-16 09:35:31,130 | INFO | چانک 212 | 5565 ردیف | clean: 0.00s | load: 7.52s | جمع کل: 1117295 رکورد
2026-08-16 09:35:31,396 | INFO |   -> تعداد شکل‌های متفاوت کلید در to_insert: 1
2026-08-16 09:35:40,159 | INFO |   -> to_dict/clean: 0.11s | loop(6029): 0.03s | insert(6027): 8.65s | update(0): 0.00s | commit: 0.11s
2026-08-16 09:35:40,166 | INFO | چانک 213 | 6029 ردیف | clean: 0.01s | load: 8.92s | جمع کل: 1123324 رکورد
2026-08-16 09:35:40,355 | INFO |   -> تعداد شکل‌های متفاوت کلید در to_insert: 1
2026-08-16 09:35:48,433 | INFO |   -> to_dict/clean: 0.09s | loop(5752): 0.02s | insert(5750): 8.07s | update(0): 0.00s | commit: 0.01s
2026-08-16 09:35:48,436 | INFO | چانک 214 | 5752 ردیف | clean: 0.01s | load: 8.20s | جمع کل: 1129076 رکورد
2026-08-16 09:35:48,617 | INFO |   -> تعداد شکل‌های متفاوت کلید در to_insert: 1
2026-08-16 09:36:02,460 | INFO | در حال بارگذاری رکوردهای موجود از دیتابیس (برای resume-safe بودن)...
2026-08-16 09:36:47,451 | INFO | 1128721 رکورد در 45.0 ثانیه بارگذاری شد.
2026-08-16 09:36:47,451 | INFO | شروع پردازش چانک‌ها...
2026-08-16 09:36:47,642 | ERROR | خطا در حین پردازش
Traceback (most recent call last):
  File "c:\Users\w\Desktop\amoozesh_python\digikala\src\Back\ETL\run\run_comments.py", line 49, in <module>
    load_comments(chunk, session, seen)
    ~~~~~~~~~~~~~^^^^^^^^^^^^^^^^^^^^^^
  File "C:\Users\w\Desktop\amoozesh_python\digikala\src\Back\ETL\load\load_comment.py", line 118, in load_comments
    f"insert({len(to_insert)}): {t_insert - t_loop:.2f}s | "
                                 ^^^^^^^^
NameError: name 't_insert' is not defined. Did you mean: 'to_insert'?
2026-08-16 09:37:25,370 | INFO | در حال بارگذاری رکوردهای موجود از دیتابیس (برای resume-safe بودن)...
2026-08-16 09:38:23,322 | INFO | 1128721 رکورد در 58.0 ثانیه بارگذاری شد.
2026-08-16 09:38:23,323 | INFO | شروع پردازش چانک‌ها...
2026-08-16 09:38:23,667 | ERROR | خطا در حین پردازش
Traceback (most recent call last):
  File "c:\Users\w\Desktop\amoozesh_python\digikala\src\Back\ETL\run\run_comments.py", line 49, in <module>
    load_comments(chunk, session, seen)
    ~~~~~~~~~~~~~^^^^^^^^^^^^^^^^^^^^^^
  File "C:\Users\w\Desktop\amoozesh_python\digikala\src\Back\ETL\load\load_comment.py", line 118, in load_comments
NameError: name 't_insert' is not defined. Did you mean: 'to_insert'?
2026-08-16 09:38:30,753 | INFO | در حال بارگذاری رکوردهای موجود از دیتابیس (برای resume-safe بودن)...
2026-08-16 09:39:18,243 | INFO | 1128721 رکورد در 47.5 ثانیه بارگذاری شد.
2026-08-16 09:39:18,244 | INFO | شروع پردازش چانک‌ها...
2026-08-16 09:39:18,432 | INFO |   -> to_dict/clean: 0.09s | loop(5267): 0.02s | insert(0): 0.00s | update(0): 0.00s | commit: 0.01s
2026-08-16 09:39:18,434 | INFO | چانک 1 | 5267 ردیف | clean: 0.01s | load: 0.12s | جمع کل: 5267 رکورد
2026-08-16 09:39:18,562 | INFO |   -> to_dict/clean: 0.06s | loop(4796): 0.02s | insert(0): 0.00s | update(0): 0.00s | commit: 0.00s
2026-08-16 09:39:18,563 | INFO | چانک 2 | 4796 ردیف | clean: 0.00s | load: 0.07s | جمع کل: 10063 رکورد
2026-08-16 09:39:18,796 | INFO |   -> to_dict/clean: 0.07s | loop(4936): 0.02s | insert(0): 0.00s | update(0): 0.00s | commit: 0.00s
2026-08-16 09:39:18,797 | INFO | چانک 3 | 4936 ردیف | clean: 0.02s | load: 0.09s | جمع کل: 14999 رکورد
2026-08-16 09:39:19,030 | INFO |   -> to_dict/clean: 0.09s | loop(5027): 0.03s | insert(0): 0.00s | update(0): 0.00s | commit: 0.00s
2026-08-16 09:39:19,033 | INFO | چانک 4 | 5027 ردیف | clean: 0.01s | load: 0.13s | جمع کل: 20026 رکورد
2026-08-16 09:39:19,233 | INFO |   -> to_dict/clean: 0.07s | loop(5284): 0.02s | insert(0): 0.00s | update(0): 0.00s | commit: 0.00s
2026-08-16 09:39:19,235 | INFO | چانک 5 | 5284 ردیف | clean: 0.01s | load: 0.10s | جمع کل: 25310 رکورد
2026-08-16 09:39:19,446 | INFO |   -> to_dict/clean: 0.09s | loop(5244): 0.04s | insert(0): 0.00s | update(0): 0.00s | commit: 0.00s
2026-08-16 09:39:19,449 | INFO | چانک 6 | 5244 ردیف | clean: 0.01s | load: 0.13s | جمع کل: 30554 رکورد
2026-08-16 09:39:19,636 | INFO |   -> to_dict/clean: 0.06s | loop(4958): 0.02s | insert(0): 0.00s | update(0): 0.00s | commit: 0.00s
2026-08-16 09:39:19,638 | INFO | چانک 7 | 4958 ردیف | clean: 0.01s | load: 0.08s | جمع کل: 35512 رکورد
2026-08-16 09:39:19,811 | INFO |   -> to_dict/clean: 0.06s | loop(4855): 0.02s | insert(0): 0.00s | update(0): 0.00s | commit: 0.00s
2026-08-16 09:39:19,813 | INFO | چانک 8 | 4855 ردیف | clean: 0.00s | load: 0.08s | جمع کل: 40367 رکورد
2026-08-16 09:39:19,973 | INFO |   -> to_dict/clean: 0.09s | loop(4831): 0.02s | insert(0): 0.00s | update(0): 0.00s | commit: 0.00s
2026-08-16 09:39:19,976 | INFO | چانک 9 | 4831 ردیف | clean: 0.00s | load: 0.11s | جمع کل: 45198 رکورد
2026-08-16 09:39:20,151 | INFO |   -> to_dict/clean: 0.07s | loop(5710): 0.02s | insert(0): 0.00s | update(0): 0.00s | commit: 0.00s
2026-08-16 09:39:20,153 | INFO | چانک 10 | 5710 ردیف | clean: 0.01s | load: 0.10s | جمع کل: 50908 رکورد
2026-08-16 09:39:20,333 | INFO |   -> to_dict/clean: 0.07s | loop(6208): 0.02s | insert(0): 0.00s | update(0): 0.00s | commit: 0.00s
2026-08-16 09:39:20,335 | INFO | چانک 11 | 6208 ردیف | clean: 0.00s | load: 0.10s | جمع کل: 57116 رکورد
2026-08-16 09:39:20,479 | INFO |   -> to_dict/clean: 0.07s | loop(5645): 0.02s | insert(0): 0.00s | update(0): 0.00s | commit: 0.00s
2026-08-16 09:39:20,481 | INFO | چانک 12 | 5645 ردیف | clean: 0.00s | load: 0.09s | جمع کل: 62761 رکورد
2026-08-16 09:39:20,672 | INFO |   -> to_dict/clean: 0.09s | loop(5809): 0.03s | insert(0): 0.00s | update(0): 0.00s | commit: 0.00s
2026-08-16 09:39:20,674 | INFO | چانک 13 | 5809 ردیف | clean: 0.01s | load: 0.12s | جمع کل: 68570 رکورد
2026-08-16 09:39:20,972 | INFO |   -> to_dict/clean: 0.19s | loop(5840): 0.02s | insert(0): 0.00s | update(0): 0.00s | commit: 0.00s
2026-08-16 09:39:20,974 | INFO | چانک 14 | 5840 ردیف | clean: 0.01s | load: 0.22s | جمع کل: 74410 رکورد
2026-08-16 09:39:21,116 | INFO |   -> to_dict/clean: 0.06s | loop(5242): 0.02s | insert(0): 0.00s | update(0): 0.00s | commit: 0.00s
2026-08-16 09:39:21,118 | INFO | چانک 15 | 5242 ردیف | clean: 0.01s | load: 0.09s | جمع کل: 79652 رکورد
2026-08-16 09:39:21,305 | INFO |   -> to_dict/clean: 0.07s | loop(5689): 0.02s | insert(0): 0.00s | update(0): 0.00s | commit: 0.00s
2026-08-16 09:39:21,307 | INFO | چانک 16 | 5689 ردیف | clean: 0.01s | load: 0.09s | جمع کل: 85341 رکورد
2026-08-16 09:39:21,447 | INFO |   -> to_dict/clean: 0.06s | loop(5056): 0.02s | insert(0): 0.00s | update(0): 0.00s | commit: 0.00s
2026-08-16 09:39:21,449 | INFO | چانک 17 | 5056 ردیف | clean: 0.01s | load: 0.08s | جمع کل: 90397 رکورد
2026-08-16 09:39:21,584 | INFO |   -> to_dict/clean: 0.06s | loop(4731): 0.02s | insert(0): 0.00s | update(0): 0.00s | commit: 0.00s
2026-08-16 09:39:21,585 | INFO | چانک 18 | 4731 ردیف | clean: 0.00s | load: 0.08s | جمع کل: 95128 رکورد
2026-08-16 09:39:21,744 | INFO |   -> to_dict/clean: 0.08s | loop(4771): 0.02s | insert(0): 0.00s | update(0): 0.00s | commit: 0.00s
2026-08-16 09:39:21,745 | INFO | چانک 19 | 4771 ردیف | clean: 0.01s | load: 0.10s | جمع کل: 99899 رکورد
2026-08-16 09:39:21,959 | INFO |   -> to_dict/clean: 0.10s | loop(4742): 0.03s | insert(0): 0.00s | update(0): 0.00s | commit: 0.00s
2026-08-16 09:39:21,962 | INFO | چانک 20 | 4742 ردیف | clean: 0.01s | load: 0.13s | جمع کل: 104641 رکورد
2026-08-16 09:39:22,157 | INFO |   -> to_dict/clean: 0.06s | loop(5270): 0.02s | insert(0): 0.00s | update(0): 0.00s | commit: 0.00s
2026-08-16 09:39:22,159 | INFO | چانک 21 | 5270 ردیف | clean: 0.01s | load: 0.09s | جمع کل: 109911 رکورد
2026-08-16 09:39:22,321 | INFO |   -> to_dict/clean: 0.06s | loop(5142): 0.02s | insert(0): 0.00s | update(0): 0.00s | commit: 0.00s
2026-08-16 09:39:22,323 | INFO | چانک 22 | 5142 ردیف | clean: 0.00s | load: 0.08s | جمع کل: 115053 رکورد
2026-08-16 09:39:22,458 | INFO |   -> to_dict/clean: 0.06s | loop(4989): 0.02s | insert(0): 0.00s | update(0): 0.00s | commit: 0.00s
2026-08-16 09:39:22,460 | INFO | چانک 23 | 4989 ردیف | clean: 0.01s | load: 0.08s | جمع کل: 120042 رکورد
2026-08-16 09:39:22,636 | INFO |   -> to_dict/clean: 0.09s | loop(4984): 0.03s | insert(0): 0.00s | update(0): 0.00s | commit: 0.00s
2026-08-16 09:39:22,638 | INFO | چانک 24 | 4984 ردیف | clean: 0.01s | load: 0.12s | جمع کل: 125026 رکورد
2026-08-16 09:39:22,835 | INFO |   -> to_dict/clean: 0.07s | loop(4740): 0.02s | insert(0): 0.00s | update(0): 0.00s | commit: 0.00s
2026-08-16 09:39:22,837 | INFO | چانک 25 | 4740 ردیف | clean: 0.01s | load: 0.09s | جمع کل: 129766 رکورد
2026-08-16 09:39:22,972 | INFO |   -> to_dict/clean: 0.06s | loop(4850): 0.02s | insert(0): 0.00s | update(0): 0.00s | commit: 0.00s
2026-08-16 09:39:22,973 | INFO | چانک 26 | 4850 ردیف | clean: 0.00s | load: 0.08s | جمع کل: 134616 رکورد
2026-08-16 09:39:23,131 | INFO |   -> to_dict/clean: 0.07s | loop(5832): 0.02s | insert(0): 0.00s | update(0): 0.00s | commit: 0.00s
2026-08-16 09:39:23,133 | INFO | چانک 27 | 5832 ردیف | clean: 0.00s | load: 0.09s | جمع کل: 140448 رکورد
2026-08-16 09:39:23,296 | INFO |   -> to_dict/clean: 0.08s | loop(6229): 0.02s | insert(0): 0.00s | update(0): 0.00s | commit: 0.00s
2026-08-16 09:39:23,297 | INFO | چانک 28 | 6229 ردیف | clean: 0.01s | load: 0.10s | جمع کل: 146677 رکورد
2026-08-16 09:39:23,446 | INFO |   -> to_dict/clean: 0.07s | loop(5668): 0.02s | insert(0): 0.00s | update(0): 0.00s | commit: 0.00s
2026-08-16 09:39:23,448 | INFO | چانک 29 | 5668 ردیف | clean: 0.01s | load: 0.09s | جمع کل: 152345 رکورد
2026-08-16 09:39:23,620 | INFO |   -> to_dict/clean: 0.09s | loop(5796): 0.02s | insert(0): 0.00s | update(0): 0.00s | commit: 0.00s
2026-08-16 09:39:23,623 | INFO | چانک 30 | 5796 ردیف | clean: 0.01s | load: 0.11s | جمع کل: 158141 رکورد
2026-08-16 09:39:23,828 | INFO |   -> to_dict/clean: 0.07s | loop(5778): 0.02s | insert(0): 0.00s | update(0): 0.00s | commit: 0.00s
2026-08-16 09:39:23,829 | INFO | چانک 31 | 5778 ردیف | clean: 0.01s | load: 0.10s | جمع کل: 163919 رکورد
2026-08-16 09:39:24,019 | INFO |   -> to_dict/clean: 0.10s | loop(5101): 0.02s | insert(0): 0.00s | update(0): 0.00s | commit: 0.00s
2026-08-16 09:39:24,020 | INFO | چانک 32 | 5101 ردیف | clean: 0.01s | load: 0.12s | جمع کل: 169020 رکورد
2026-08-16 09:39:24,235 | INFO |   -> to_dict/clean: 0.12s | loop(5727): 0.02s | insert(0): 0.00s | update(0): 0.00s | commit: 0.00s
2026-08-16 09:39:24,237 | INFO | چانک 33 | 5727 ردیف | clean: 0.01s | load: 0.14s | جمع کل: 174747 رکورد
2026-08-16 09:39:24,500 | INFO |   -> to_dict/clean: 0.12s | loop(4910): 0.02s | insert(0): 0.00s | update(0): 0.00s | commit: 0.00s
2026-08-16 09:39:24,501 | INFO | چانک 34 | 4910 ردیف | clean: 0.01s | load: 0.15s | جمع کل: 179657 رکورد
2026-08-16 09:39:24,667 | INFO |   -> to_dict/clean: 0.09s | loop(4803): 0.02s | insert(0): 0.00s | update(0): 0.00s | commit: 0.00s
2026-08-16 09:39:24,669 | INFO | چانک 35 | 4803 ردیف | clean: 0.01s | load: 0.11s | جمع کل: 184460 رکورد
2026-08-16 09:39:24,883 | INFO |   -> to_dict/clean: 0.09s | loop(4800): 0.02s | insert(0): 0.00s | update(0): 0.00s | commit: 0.00s
2026-08-16 09:39:24,884 | INFO | چانک 36 | 4800 ردیف | clean: 0.01s | load: 0.11s | جمع کل: 189260 رکورد
2026-08-16 09:39:25,019 | INFO |   -> to_dict/clean: 0.06s | loop(4737): 0.02s | insert(0): 0.00s | update(0): 0.00s | commit: 0.00s
2026-08-16 09:39:25,021 | INFO | چانک 37 | 4737 ردیف | clean: 0.00s | load: 0.08s | جمع کل: 193997 رکورد
2026-08-16 09:39:25,340 | INFO |   -> to_dict/clean: 0.14s | loop(5346): 0.03s | insert(0): 0.00s | update(0): 0.00s | commit: 0.00s
2026-08-16 09:39:25,343 | INFO | چانک 38 | 5346 ردیف | clean: 0.01s | load: 0.18s | جمع کل: 199343 رکورد
2026-08-16 09:39:25,599 | INFO |   -> to_dict/clean: 0.12s | loop(5164): 0.03s | insert(0): 0.00s | update(0): 0.00s | commit: 0.00s
2026-08-16 09:39:25,601 | INFO | چانک 39 | 5164 ردیف | clean: 0.01s | load: 0.15s | جمع کل: 204507 رکورد
2026-08-16 09:39:25,860 | INFO |   -> to_dict/clean: 0.13s | loop(5156): 0.03s | insert(0): 0.00s | update(0): 0.00s | commit: 0.00s
2026-08-16 09:39:25,861 | INFO | چانک 40 | 5156 ردیف | clean: 0.01s | load: 0.16s | جمع کل: 209663 رکورد
2026-08-16 09:39:26,029 | INFO |   -> to_dict/clean: 0.06s | loop(4890): 0.03s | insert(0): 0.00s | update(0): 0.00s | commit: 0.00s
2026-08-16 09:39:26,033 | INFO | چانک 41 | 4890 ردیف | clean: 0.01s | load: 0.09s | جمع کل: 214553 رکورد
2026-08-16 09:39:26,267 | INFO |   -> to_dict/clean: 0.09s | loop(4804): 0.04s | insert(0): 0.00s | update(0): 0.00s | commit: 0.00s
2026-08-16 09:39:26,269 | INFO | چانک 42 | 4804 ردیف | clean: 0.01s | load: 0.13s | جمع کل: 219357 رکورد
2026-08-16 09:39:26,465 | INFO |   -> to_dict/clean: 0.07s | loop(5291): 0.02s | insert(0): 0.00s | update(0): 0.00s | commit: 0.00s
2026-08-16 09:39:26,467 | INFO | چانک 43 | 5291 ردیف | clean: 0.01s | load: 0.09s | جمع کل: 224648 رکورد
2026-08-16 09:39:26,712 | INFO |   -> to_dict/clean: 0.14s | loop(5608): 0.03s | insert(0): 0.00s | update(0): 0.00s | commit: 0.00s
2026-08-16 09:39:26,714 | INFO | چانک 44 | 5608 ردیف | clean: 0.01s | load: 0.17s | جمع کل: 230256 رکورد
2026-08-16 09:39:26,953 | INFO |   -> to_dict/clean: 0.10s | loop(5846): 0.02s | insert(0): 0.00s | update(0): 0.00s | commit: 0.00s
2026-08-16 09:39:26,955 | INFO | چانک 45 | 5846 ردیف | clean: 0.01s | load: 0.13s | جمع کل: 236102 رکورد
2026-08-16 09:39:27,264 | INFO |   -> to_dict/clean: 0.15s | loop(5597): 0.04s | insert(0): 0.00s | update(0): 0.00s | commit: 0.00s
2026-08-16 09:39:27,266 | INFO | چانک 46 | 5597 ردیف | clean: 0.01s | load: 0.19s | جمع کل: 241699 رکورد
2026-08-16 09:39:27,444 | INFO |   -> to_dict/clean: 0.08s | loop(5996): 0.03s | insert(0): 0.00s | update(0): 0.00s | commit: 0.00s
2026-08-16 09:39:27,446 | INFO | چانک 47 | 5996 ردیف | clean: 0.01s | load: 0.11s | جمع کل: 247695 رکورد
2026-08-16 09:39:27,624 | INFO |   -> to_dict/clean: 0.09s | loop(5601): 0.03s | insert(0): 0.00s | update(0): 0.00s | commit: 0.00s
2026-08-16 09:39:27,627 | INFO | چانک 48 | 5601 ردیف | clean: 0.00s | load: 0.12s | جمع کل: 253296 رکورد
2026-08-16 09:39:27,845 | INFO |   -> to_dict/clean: 0.09s | loop(5276): 0.02s | insert(0): 0.00s | update(0): 0.00s | commit: 0.00s
2026-08-16 09:39:27,847 | INFO | چانک 49 | 5276 ردیف | clean: 0.01s | load: 0.11s | جمع کل: 258572 رکورد
2026-08-16 09:39:28,016 | INFO |   -> to_dict/clean: 0.07s | loop(5357): 0.02s | insert(0): 0.00s | update(0): 0.00s | commit: 0.00s
2026-08-16 09:39:28,017 | INFO | چانک 50 | 5357 ردیف | clean: 0.01s | load: 0.09s | جمع کل: 263929 رکورد
2026-08-16 09:39:28,169 | INFO |   -> to_dict/clean: 0.08s | loop(4881): 0.02s | insert(0): 0.00s | update(0): 0.00s | commit: 0.00s
2026-08-16 09:39:28,170 | INFO | چانک 51 | 4881 ردیف | clean: 0.01s | load: 0.10s | جمع کل: 268810 رکورد
2026-08-16 09:39:28,310 | INFO |   -> to_dict/clean: 0.06s | loop(4927): 0.02s | insert(0): 0.00s | update(0): 0.00s | commit: 0.00s
2026-08-16 09:39:28,311 | INFO | چانک 52 | 4927 ردیف | clean: 0.01s | load: 0.08s | جمع کل: 273737 رکورد
2026-08-16 09:39:28,452 | INFO |   -> to_dict/clean: 0.06s | loop(4653): 0.02s | insert(0): 0.00s | update(0): 0.00s | commit: 0.00s
2026-08-16 09:39:28,453 | INFO | چانک 53 | 4653 ردیف | clean: 0.00s | load: 0.08s | جمع کل: 278390 رکورد
2026-08-16 09:39:28,612 | INFO |   -> to_dict/clean: 0.07s | loop(5005): 0.03s | insert(0): 0.00s | update(0): 0.00s | commit: 0.00s
2026-08-16 09:39:28,614 | INFO | چانک 54 | 5005 ردیف | clean: 0.01s | load: 0.10s | جمع کل: 283395 رکورد
2026-08-16 09:39:28,946 | INFO |   -> to_dict/clean: 0.16s | loop(5375): 0.03s | insert(0): 0.00s | update(0): 0.00s | commit: 0.00s
2026-08-16 09:39:28,949 | INFO | چانک 55 | 5375 ردیف | clean: 0.01s | load: 0.20s | جمع کل: 288770 رکورد
2026-08-16 09:39:29,140 | INFO |   -> to_dict/clean: 0.06s | loop(5203): 0.02s | insert(0): 0.00s | update(0): 0.00s | commit: 0.00s
2026-08-16 09:39:29,141 | INFO | چانک 56 | 5203 ردیف | clean: 0.01s | load: 0.08s | جمع کل: 293973 رکورد
2026-08-16 09:39:29,369 | INFO |   -> to_dict/clean: 0.11s | loop(4960): 0.04s | insert(0): 0.00s | update(0): 0.00s | commit: 0.00s
2026-08-16 09:39:29,371 | INFO | چانک 57 | 4960 ردیف | clean: 0.01s | load: 0.15s | جمع کل: 298933 رکورد
2026-08-16 09:39:29,634 | INFO |   -> to_dict/clean: 0.10s | loop(4872): 0.03s | insert(0): 0.00s | update(0): 0.00s | commit: 0.00s
2026-08-16 09:39:29,637 | INFO | چانک 58 | 4872 ردیف | clean: 0.01s | load: 0.14s | جمع کل: 303805 رکورد
2026-08-16 09:39:29,861 | INFO |   -> to_dict/clean: 0.10s | loop(4879): 0.02s | insert(0): 0.00s | update(0): 0.00s | commit: 0.00s
2026-08-16 09:39:29,863 | INFO | چانک 59 | 4879 ردیف | clean: 0.01s | load: 0.12s | جمع کل: 308684 رکورد
2026-08-16 09:39:30,033 | INFO |   -> to_dict/clean: 0.07s | loop(5634): 0.02s | insert(0): 0.00s | update(0): 0.00s | commit: 0.00s
2026-08-16 09:39:30,035 | INFO | چانک 60 | 5634 ردیف | clean: 0.01s | load: 0.09s | جمع کل: 314318 رکورد
2026-08-16 09:39:30,294 | INFO |   -> to_dict/clean: 0.12s | loop(5847): 0.02s | insert(0): 0.00s | update(0): 0.00s | commit: 0.00s
2026-08-16 09:39:30,295 | INFO | چانک 61 | 5847 ردیف | clean: 0.01s | load: 0.15s | جمع کل: 320165 رکورد
2026-08-16 09:39:30,473 | INFO |   -> to_dict/clean: 0.08s | loop(5975): 0.02s | insert(0): 0.00s | update(0): 0.00s | commit: 0.00s
2026-08-16 09:39:30,475 | INFO | چانک 62 | 5975 ردیف | clean: 0.01s | load: 0.10s | جمع کل: 326140 رکورد
2026-08-16 09:39:30,640 | INFO |   -> to_dict/clean: 0.07s | loop(5694): 0.02s | insert(0): 0.00s | update(0): 0.00s | commit: 0.00s
2026-08-16 09:39:30,643 | INFO | چانک 63 | 5694 ردیف | clean: 0.01s | load: 0.10s | جمع کل: 331834 رکورد
2026-08-16 09:39:30,902 | INFO |   -> to_dict/clean: 0.11s | loop(6015): 0.04s | insert(0): 0.00s | update(0): 0.00s | commit: 0.00s
2026-08-16 09:39:30,904 | INFO | چانک 64 | 6015 ردیف | clean: 0.01s | load: 0.16s | جمع کل: 337849 رکورد
2026-08-16 09:39:31,075 | INFO |   -> to_dict/clean: 0.07s | loop(5445): 0.02s | insert(0): 0.00s | update(0): 0.00s | commit: 0.00s
2026-08-16 09:39:31,077 | INFO | چانک 65 | 5445 ردیف | clean: 0.00s | load: 0.09s | جمع کل: 343294 رکورد
2026-08-16 09:39:31,268 | INFO |   -> to_dict/clean: 0.08s | loop(5363): 0.03s | insert(0): 0.00s | update(0): 0.00s | commit: 0.00s
2026-08-16 09:39:31,270 | INFO | چانک 66 | 5363 ردیف | clean: 0.01s | load: 0.11s | جمع کل: 348657 رکورد
2026-08-16 09:39:31,515 | INFO |   -> to_dict/clean: 0.12s | loop(5391): 0.03s | insert(0): 0.00s | update(0): 0.00s | commit: 0.00s
2026-08-16 09:39:31,545 | INFO | چانک 67 | 5391 ردیف | clean: 0.01s | load: 0.17s | جمع کل: 354048 رکورد
2026-08-16 09:39:31,768 | INFO |   -> to_dict/clean: 0.09s | loop(4779): 0.03s | insert(0): 0.00s | update(0): 0.00s | commit: 0.00s
2026-08-16 09:39:31,770 | INFO | چانک 68 | 4779 ردیف | clean: 0.01s | load: 0.12s | جمع کل: 358827 رکورد
2026-08-16 09:39:31,966 | INFO |   -> to_dict/clean: 0.07s | loop(4808): 0.02s | insert(0): 0.00s | update(0): 0.00s | commit: 0.00s
2026-08-16 09:39:31,967 | INFO | چانک 69 | 4808 ردیف | clean: 0.01s | load: 0.09s | جمع کل: 363635 رکورد
2026-08-16 09:39:32,129 | INFO |   -> to_dict/clean: 0.07s | loop(4632): 0.02s | insert(0): 0.00s | update(0): 0.00s | commit: 0.00s
2026-08-16 09:39:32,130 | INFO | چانک 70 | 4632 ردیف | clean: 0.01s | load: 0.09s | جمع کل: 368267 رکورد
2026-08-16 09:39:32,293 | INFO |   -> to_dict/clean: 0.07s | loop(5229): 0.02s | insert(0): 0.00s | update(0): 0.00s | commit: 0.00s
2026-08-16 09:39:32,295 | INFO | چانک 71 | 5229 ردیف | clean: 0.01s | load: 0.09s | جمع کل: 373496 رکورد
2026-08-16 09:39:32,444 | INFO |   -> to_dict/clean: 0.07s | loop(5214): 0.02s | insert(0): 0.00s | update(0): 0.00s | commit: 0.00s
2026-08-16 09:39:32,446 | INFO | چانک 72 | 5214 ردیف | clean: 0.00s | load: 0.09s | جمع کل: 378710 رکورد
2026-08-16 09:39:32,589 | INFO |   -> to_dict/clean: 0.06s | loop(5159): 0.02s | insert(0): 0.00s | update(0): 0.00s | commit: 0.00s
2026-08-16 09:39:32,591 | INFO | چانک 73 | 5159 ردیف | clean: 0.00s | load: 0.08s | جمع کل: 383869 رکورد
2026-08-16 09:39:32,837 | INFO |   -> to_dict/clean: 0.12s | loop(4971): 0.04s | insert(0): 0.00s | update(0): 0.00s | commit: 0.00s
2026-08-16 09:39:32,839 | INFO | چانک 74 | 4971 ردیف | clean: 0.01s | load: 0.16s | جمع کل: 388840 رکورد
2026-08-16 09:39:33,007 | INFO |   -> to_dict/clean: 0.06s | loop(4986): 0.02s | insert(0): 0.00s | update(0): 0.00s | commit: 0.00s
2026-08-16 09:39:33,009 | INFO | چانک 75 | 4986 ردیف | clean: 0.01s | load: 0.08s | جمع کل: 393826 رکورد
2026-08-16 09:39:33,163 | INFO |   -> to_dict/clean: 0.06s | loop(4749): 0.02s | insert(0): 0.00s | update(0): 0.00s | commit: 0.00s
2026-08-16 09:39:33,165 | INFO | چانک 76 | 4749 ردیف | clean: 0.00s | load: 0.08s | جمع کل: 398575 رکورد
2026-08-16 09:39:33,329 | INFO |   -> to_dict/clean: 0.07s | loop(5783): 0.02s | insert(0): 0.00s | update(0): 0.00s | commit: 0.00s
2026-08-16 09:39:33,331 | INFO | چانک 77 | 5783 ردیف | clean: 0.01s | load: 0.10s | جمع کل: 404358 رکورد
2026-08-16 09:39:33,545 | INFO |   -> to_dict/clean: 0.10s | loop(6046): 0.03s | insert(0): 0.00s | update(0): 0.00s | commit: 0.00s
2026-08-16 09:39:33,548 | INFO | چانک 78 | 6046 ردیف | clean: 0.01s | load: 0.13s | جمع کل: 410404 رکورد
2026-08-16 09:39:33,805 | INFO |   -> to_dict/clean: 0.13s | loop(5699): 0.02s | insert(0): 0.00s | update(0): 0.00s | commit: 0.00s
2026-08-16 09:39:33,807 | INFO | چانک 79 | 5699 ردیف | clean: 0.01s | load: 0.15s | جمع کل: 416103 رکورد
2026-08-16 09:39:34,056 | INFO |   -> to_dict/clean: 0.13s | loop(5922): 0.04s | insert(0): 0.00s | update(0): 0.00s | commit: 0.00s
2026-08-16 09:39:34,058 | INFO | چانک 80 | 5922 ردیف | clean: 0.01s | load: 0.17s | جمع کل: 422025 رکورد
2026-08-16 09:39:34,238 | INFO |   -> to_dict/clean: 0.07s | loop(5798): 0.02s | insert(0): 0.00s | update(0): 0.00s | commit: 0.00s
2026-08-16 09:39:34,240 | INFO | چانک 81 | 5798 ردیف | clean: 0.01s | load: 0.09s | جمع کل: 427823 رکورد
2026-08-16 09:39:34,383 | INFO |   -> to_dict/clean: 0.06s | loop(5130): 0.02s | insert(0): 0.00s | update(0): 0.00s | commit: 0.00s
2026-08-16 09:39:34,384 | INFO | چانک 82 | 5130 ردیف | clean: 0.01s | load: 0.08s | جمع کل: 432953 رکورد
2026-08-16 09:39:34,545 | INFO |   -> to_dict/clean: 0.07s | loop(5712): 0.02s | insert(0): 0.00s | update(0): 0.00s | commit: 0.00s
2026-08-16 09:39:34,546 | INFO | چانک 83 | 5712 ردیف | clean: 0.01s | load: 0.10s | جمع کل: 438665 رکورد
2026-08-16 09:39:34,703 | INFO |   -> to_dict/clean: 0.07s | loop(5086): 0.03s | insert(0): 0.00s | update(0): 0.00s | commit: 0.00s
2026-08-16 09:39:34,705 | INFO | چانک 84 | 5086 ردیف | clean: 0.01s | load: 0.10s | جمع کل: 443751 رکورد
2026-08-16 09:39:34,903 | INFO |   -> to_dict/clean: 0.07s | loop(4775): 0.03s | insert(0): 0.00s | update(0): 0.00s | commit: 0.00s
2026-08-16 09:39:34,906 | INFO | چانک 85 | 4775 ردیف | clean: 0.00s | load: 0.10s | جمع کل: 448526 رکورد
2026-08-16 09:39:35,085 | INFO |   -> to_dict/clean: 0.09s | loop(4971): 0.02s | insert(0): 0.00s | update(0): 0.00s | commit: 0.00s
2026-08-16 09:39:35,087 | INFO | چانک 86 | 4971 ردیف | clean: 0.01s | load: 0.11s | جمع کل: 453497 رکورد
2026-08-16 09:39:35,304 | INFO |   -> to_dict/clean: 0.12s | loop(4597): 0.02s | insert(0): 0.00s | update(0): 0.00s | commit: 0.00s
2026-08-16 09:39:35,306 | INFO | چانک 87 | 4597 ردیف | clean: 0.01s | load: 0.14s | جمع کل: 458094 رکورد
2026-08-16 09:39:35,467 | INFO |   -> to_dict/clean: 0.07s | loop(5314): 0.02s | insert(0): 0.00s | update(0): 0.00s | commit: 0.00s
2026-08-16 09:39:35,469 | INFO | چانک 88 | 5314 ردیف | clean: 0.01s | load: 0.09s | جمع کل: 463408 رکورد
2026-08-16 09:39:35,622 | INFO |   -> to_dict/clean: 0.06s | loop(5200): 0.02s | insert(0): 0.00s | update(0): 0.00s | commit: 0.00s
2026-08-16 09:39:35,624 | INFO | چانک 89 | 5200 ردیف | clean: 0.01s | load: 0.09s | جمع کل: 468608 رکورد
2026-08-16 09:39:35,858 | INFO |   -> to_dict/clean: 0.11s | loop(5075): 0.02s | insert(0): 0.00s | update(0): 0.00s | commit: 0.00s
2026-08-16 09:39:35,860 | INFO | چانک 90 | 5075 ردیف | clean: 0.01s | load: 0.13s | جمع کل: 473683 رکورد
2026-08-16 09:39:36,035 | INFO |   -> to_dict/clean: 0.06s | loop(5099): 0.02s | insert(0): 0.00s | update(0): 0.00s | commit: 0.00s
2026-08-16 09:39:36,037 | INFO | چانک 91 | 5099 ردیف | clean: 0.01s | load: 0.09s | جمع کل: 478782 رکورد
2026-08-16 09:39:36,173 | INFO |   -> to_dict/clean: 0.06s | loop(4914): 0.02s | insert(0): 0.00s | update(0): 0.00s | commit: 0.00s
2026-08-16 09:39:36,176 | INFO | چانک 92 | 4914 ردیف | clean: 0.00s | load: 0.08s | جمع کل: 483696 رکورد
2026-08-16 09:39:36,329 | INFO |   -> to_dict/clean: 0.07s | loop(4742): 0.02s | insert(0): 0.00s | update(0): 0.00s | commit: 0.00s
2026-08-16 09:39:36,331 | INFO | چانک 93 | 4742 ردیف | clean: 0.01s | load: 0.09s | جمع کل: 488438 رکورد
2026-08-16 09:39:36,668 | INFO |   -> to_dict/clean: 0.18s | loop(5830): 0.03s | insert(0): 0.00s | update(0): 0.00s | commit: 0.00s
2026-08-16 09:39:36,669 | INFO | چانک 94 | 5830 ردیف | clean: 0.01s | load: 0.22s | جمع کل: 494268 رکورد
2026-08-16 09:39:36,900 | INFO |   -> to_dict/clean: 0.11s | loop(6266): 0.03s | insert(0): 0.00s | update(0): 0.00s | commit: 0.00s
2026-08-16 09:39:36,902 | INFO | چانک 95 | 6266 ردیف | clean: 0.01s | load: 0.14s | جمع کل: 500534 رکورد
2026-08-16 09:39:37,060 | INFO |   -> to_dict/clean: 0.08s | loop(5634): 0.02s | insert(0): 0.00s | update(0): 0.00s | commit: 0.00s
2026-08-16 09:39:37,062 | INFO | چانک 96 | 5634 ردیف | clean: 0.01s | load: 0.10s | جمع کل: 506168 رکورد
2026-08-16 09:39:37,293 | INFO |   -> to_dict/clean: 0.10s | loop(5948): 0.02s | insert(0): 0.00s | update(0): 0.00s | commit: 0.00s
2026-08-16 09:39:37,295 | INFO | چانک 97 | 5948 ردیف | clean: 0.01s | load: 0.12s | جمع کل: 512116 رکورد
2026-08-16 09:39:37,468 | INFO |   -> to_dict/clean: 0.08s | loop(5684): 0.03s | insert(0): 0.00s | update(0): 0.00s | commit: 0.00s
2026-08-16 09:39:37,470 | INFO | چانک 98 | 5684 ردیف | clean: 0.00s | load: 0.12s | جمع کل: 517800 رکورد
2026-08-16 09:39:37,718 | INFO |   -> to_dict/clean: 0.13s | loop(5199): 0.03s | insert(0): 0.00s | update(0): 0.00s | commit: 0.00s
2026-08-16 09:39:37,721 | INFO | چانک 99 | 5199 ردیف | clean: 0.01s | load: 0.17s | جمع کل: 522999 رکورد
2026-08-16 09:39:37,900 | INFO |   -> to_dict/clean: 0.07s | loop(5714): 0.02s | insert(0): 0.00s | update(0): 0.00s | commit: 0.00s
2026-08-16 09:39:37,901 | INFO | چانک 100 | 5714 ردیف | clean: 0.00s | load: 0.09s | جمع کل: 528713 رکورد
2026-08-16 09:39:38,038 | INFO |   -> to_dict/clean: 0.06s | loop(4922): 0.02s | insert(0): 0.00s | update(0): 0.00s | commit: 0.00s
2026-08-16 09:39:38,039 | INFO | چانک 101 | 4922 ردیف | clean: 0.01s | load: 0.08s | جمع کل: 533635 رکورد
2026-08-16 09:39:38,204 | INFO |   -> to_dict/clean: 0.07s | loop(4765): 0.02s | insert(0): 0.00s | update(0): 0.00s | commit: 0.00s
2026-08-16 09:39:38,205 | INFO | چانک 102 | 4765 ردیف | clean: 0.00s | load: 0.09s | جمع کل: 538400 رکورد
2026-08-16 09:39:38,377 | INFO |   -> to_dict/clean: 0.09s | loop(4855): 0.02s | insert(0): 0.00s | update(0): 0.00s | commit: 0.00s
2026-08-16 09:39:38,379 | INFO | چانک 103 | 4855 ردیف | clean: 0.00s | load: 0.11s | جمع کل: 543255 رکورد
2026-08-16 09:39:38,517 | INFO |   -> to_dict/clean: 0.06s | loop(4859): 0.02s | insert(0): 0.00s | update(0): 0.00s | commit: 0.00s
2026-08-16 09:39:38,518 | INFO | چانک 104 | 4859 ردیف | clean: 0.00s | load: 0.08s | جمع کل: 548114 رکورد
2026-08-16 09:39:38,790 | INFO |   -> to_dict/clean: 0.14s | loop(5322): 0.03s | insert(0): 0.00s | update(0): 0.00s | commit: 0.00s
2026-08-16 09:39:38,793 | INFO | چانک 105 | 5322 ردیف | clean: 0.01s | load: 0.17s | جمع کل: 553436 رکورد
2026-08-16 09:39:38,938 | INFO |   -> to_dict/clean: 0.06s | loop(5222): 0.02s | insert(0): 0.00s | update(0): 0.00s | commit: 0.00s
2026-08-16 09:39:38,940 | INFO | چانک 106 | 5222 ردیف | clean: 0.00s | load: 0.09s | جمع کل: 558658 رکورد
2026-08-16 09:39:39,109 | INFO |   -> to_dict/clean: 0.07s | loop(5010): 0.03s | insert(0): 0.00s | update(0): 0.00s | commit: 0.00s
2026-08-16 09:39:39,111 | INFO | چانک 107 | 5010 ردیف | clean: 0.01s | load: 0.10s | جمع کل: 563668 رکورد
2026-08-16 09:39:39,364 | INFO |   -> to_dict/clean: 0.11s | loop(5061): 0.03s | insert(0): 0.00s | update(0): 0.00s | commit: 0.00s
2026-08-16 09:39:39,366 | INFO | چانک 108 | 5061 ردیف | clean: 0.01s | load: 0.14s | جمع کل: 568729 رکورد
2026-08-16 09:39:39,498 | INFO |   -> to_dict/clean: 0.06s | loop(4818): 0.02s | insert(0): 0.00s | update(0): 0.00s | commit: 0.00s
2026-08-16 09:39:39,500 | INFO | چانک 109 | 4818 ردیف | clean: 0.00s | load: 0.08s | جمع کل: 573547 رکورد
2026-08-16 09:39:39,720 | INFO |   -> to_dict/clean: 0.12s | loop(4843): 0.04s | insert(0): 0.00s | update(0): 0.00s | commit: 0.00s
2026-08-16 09:39:39,722 | INFO | چانک 110 | 4843 ردیف | clean: 0.01s | load: 0.16s | جمع کل: 578390 رکورد
2026-08-16 09:39:39,963 | INFO |   -> to_dict/clean: 0.10s | loop(5810): 0.03s | insert(0): 0.00s | update(0): 0.00s | commit: 0.00s
2026-08-16 09:39:39,966 | INFO | چانک 111 | 5810 ردیف | clean: 0.01s | load: 0.14s | جمع کل: 584200 رکورد
2026-08-16 09:39:40,255 | INFO |   -> to_dict/clean: 0.12s | loop(5962): 0.04s | insert(0): 0.00s | update(0): 0.00s | commit: 0.00s
2026-08-16 09:39:40,259 | INFO | چانک 112 | 5962 ردیف | clean: 0.01s | load: 0.17s | جمع کل: 590162 رکورد
2026-08-16 09:39:40,548 | INFO |   -> to_dict/clean: 0.16s | loop(5760): 0.04s | insert(0): 0.00s | update(0): 0.00s | commit: 0.00s
2026-08-16 09:39:40,551 | INFO | چانک 113 | 5760 ردیف | clean: 0.00s | load: 0.20s | جمع کل: 595922 رکورد
2026-08-16 09:39:40,836 | INFO |   -> to_dict/clean: 0.09s | loop(5835): 0.03s | insert(0): 0.00s | update(0): 0.00s | commit: 0.00s
2026-08-16 09:39:40,838 | INFO | چانک 114 | 5835 ردیف | clean: 0.01s | load: 0.12s | جمع کل: 601757 رکورد
2026-08-16 09:39:41,047 | INFO |   -> to_dict/clean: 0.10s | loop(5970): 0.03s | insert(0): 0.00s | update(0): 0.00s | commit: 0.00s
2026-08-16 09:39:41,049 | INFO | چانک 115 | 5970 ردیف | clean: 0.01s | load: 0.12s | جمع کل: 607727 رکورد
2026-08-16 09:39:41,316 | INFO |   -> to_dict/clean: 0.14s | loop(5357): 0.04s | insert(0): 0.00s | update(0): 0.00s | commit: 0.00s
2026-08-16 09:39:41,319 | INFO | چانک 116 | 5357 ردیف | clean: 0.01s | load: 0.18s | جمع کل: 613084 رکورد
2026-08-16 09:39:41,560 | INFO |   -> to_dict/clean: 0.13s | loop(5502): 0.02s | insert(0): 0.00s | update(0): 0.00s | commit: 0.00s
2026-08-16 09:39:41,562 | INFO | چانک 117 | 5502 ردیف | clean: 0.01s | load: 0.16s | جمع کل: 618586 رکورد
2026-08-16 09:39:41,778 | INFO |   -> to_dict/clean: 0.11s | loop(5108): 0.03s | insert(0): 0.00s | update(0): 0.00s | commit: 0.00s
2026-08-16 09:39:41,780 | INFO | چانک 118 | 5108 ردیف | clean: 0.00s | load: 0.14s | جمع کل: 623694 رکورد
2026-08-16 09:39:41,943 | INFO |   -> to_dict/clean: 0.06s | loop(4750): 0.02s | insert(0): 0.00s | update(0): 0.00s | commit: 0.00s
2026-08-16 09:39:41,945 | INFO | چانک 119 | 4750 ردیف | clean: 0.00s | load: 0.08s | جمع کل: 628444 رکورد
2026-08-16 09:39:42,092 | INFO |   -> to_dict/clean: 0.06s | loop(4889): 0.02s | insert(0): 0.00s | update(0): 0.00s | commit: 0.00s
2026-08-16 09:39:42,094 | INFO | چانک 120 | 4889 ردیف | clean: 0.00s | load: 0.08s | جمع کل: 633333 رکورد
2026-08-16 09:39:42,322 | INFO |   -> to_dict/clean: 0.12s | loop(4687): 0.02s | insert(0): 0.00s | update(0): 0.00s | commit: 0.00s
2026-08-16 09:39:42,323 | INFO | چانک 121 | 4687 ردیف | clean: 0.01s | load: 0.14s | جمع کل: 638020 رکورد
2026-08-16 09:39:42,530 | INFO |   -> to_dict/clean: 0.07s | loop(5427): 0.02s | insert(0): 0.00s | update(0): 0.00s | commit: 0.00s
2026-08-16 09:39:42,532 | INFO | چانک 122 | 5427 ردیف | clean: 0.01s | load: 0.10s | جمع کل: 643447 رکورد
2026-08-16 09:39:42,767 | INFO |   -> to_dict/clean: 0.12s | loop(5188): 0.03s | insert(0): 0.00s | update(0): 0.00s | commit: 0.00s
2026-08-16 09:39:42,805 | INFO | چانک 123 | 5188 ردیف | clean: 0.03s | load: 0.19s | جمع کل: 648635 رکورد
2026-08-16 09:39:43,077 | INFO |   -> to_dict/clean: 0.09s | loop(5067): 0.02s | insert(0): 0.00s | update(0): 0.00s | commit: 0.00s
2026-08-16 09:39:43,078 | INFO | چانک 124 | 5067 ردیف | clean: 0.01s | load: 0.12s | جمع کل: 653702 رکورد
2026-08-16 09:39:43,248 | INFO |   -> to_dict/clean: 0.07s | loop(5058): 0.02s | insert(0): 0.00s | update(0): 0.00s | commit: 0.00s
2026-08-16 09:39:43,250 | INFO | چانک 125 | 5058 ردیف | clean: 0.01s | load: 0.10s | جمع کل: 658760 رکورد
2026-08-16 09:39:43,420 | INFO |   -> to_dict/clean: 0.07s | loop(4809): 0.02s | insert(0): 0.00s | update(0): 0.00s | commit: 0.00s
2026-08-16 09:39:43,421 | INFO | چانک 126 | 4809 ردیف | clean: 0.00s | load: 0.09s | جمع کل: 663569 رکورد
2026-08-16 09:39:43,615 | INFO |   -> to_dict/clean: 0.08s | loop(5022): 0.02s | insert(0): 0.00s | update(0): 0.00s | commit: 0.00s
2026-08-16 09:39:43,616 | INFO | چانک 127 | 5022 ردیف | clean: 0.01s | load: 0.10s | جمع کل: 668591 رکورد
2026-08-16 09:39:43,880 | INFO |   -> to_dict/clean: 0.13s | loop(6055): 0.04s | insert(0): 0.00s | update(0): 0.00s | commit: 0.00s
2026-08-16 09:39:43,904 | INFO | چانک 128 | 6055 ردیف | clean: 0.01s | load: 0.19s | جمع کل: 674646 رکورد
2026-08-16 09:39:44,144 | INFO |   -> to_dict/clean: 0.10s | loop(5793): 0.03s | insert(0): 0.00s | update(0): 0.00s | commit: 0.00s
2026-08-16 09:39:44,146 | INFO | چانک 129 | 5793 ردیف | clean: 0.01s | load: 0.13s | جمع کل: 680439 رکورد
2026-08-16 09:39:44,361 | INFO |   -> to_dict/clean: 0.11s | loop(5672): 0.03s | insert(0): 0.00s | update(0): 0.00s | commit: 0.00s
2026-08-16 09:39:44,363 | INFO | چانک 130 | 5672 ردیف | clean: 0.01s | load: 0.15s | جمع کل: 686111 رکورد
2026-08-16 09:39:44,521 | INFO |   -> to_dict/clean: 0.07s | loop(5992): 0.02s | insert(0): 0.00s | update(0): 0.00s | commit: 0.00s
2026-08-16 09:39:44,523 | INFO | چانک 131 | 5992 ردیف | clean: 0.00s | load: 0.10s | جمع کل: 692103 رکورد
2026-08-16 09:39:44,803 | INFO |   -> to_dict/clean: 0.09s | loop(5585): 0.03s | insert(0): 0.00s | update(0): 0.00s | commit: 0.00s
2026-08-16 09:39:44,805 | INFO | چانک 132 | 5585 ردیف | clean: 0.01s | load: 0.12s | جمع کل: 697688 رکورد
2026-08-16 09:39:45,002 | INFO |   -> to_dict/clean: 0.07s | loop(5112): 0.02s | insert(0): 0.00s | update(0): 0.00s | commit: 0.00s
2026-08-16 09:39:45,004 | INFO | چانک 133 | 5112 ردیف | clean: 0.01s | load: 0.09s | جمع کل: 702800 رکورد
2026-08-16 09:39:45,261 | INFO |   -> to_dict/clean: 0.14s | loop(5567): 0.03s | insert(0): 0.00s | update(0): 0.00s | commit: 0.00s
2026-08-16 09:39:45,263 | INFO | چانک 134 | 5567 ردیف | clean: 0.01s | load: 0.17s | جمع کل: 708367 رکورد
2026-08-16 09:39:45,477 | INFO |   -> to_dict/clean: 0.09s | loop(4833): 0.02s | insert(0): 0.00s | update(0): 0.00s | commit: 0.00s
2026-08-16 09:39:45,479 | INFO | چانک 135 | 4833 ردیف | clean: 0.01s | load: 0.11s | جمع کل: 713200 رکورد
2026-08-16 09:39:45,695 | INFO |   -> to_dict/clean: 0.09s | loop(4645): 0.03s | insert(0): 0.00s | update(0): 0.00s | commit: 0.00s
2026-08-16 09:39:45,698 | INFO | چانک 136 | 4645 ردیف | clean: 0.00s | load: 0.13s | جمع کل: 717845 رکورد
2026-08-16 09:39:45,980 | INFO |   -> to_dict/clean: 0.10s | loop(4833): 0.03s | insert(0): 0.00s | update(0): 0.00s | commit: 0.00s
2026-08-16 09:39:45,982 | INFO | چانک 137 | 4833 ردیف | clean: 0.01s | load: 0.13s | جمع کل: 722678 رکورد
2026-08-16 09:39:46,248 | INFO |   -> to_dict/clean: 0.12s | loop(4791): 0.03s | insert(0): 0.00s | update(0): 0.00s | commit: 0.00s
2026-08-16 09:39:46,249 | INFO | چانک 138 | 4791 ردیف | clean: 0.01s | load: 0.15s | جمع کل: 727469 رکورد
2026-08-16 09:39:46,505 | INFO |   -> to_dict/clean: 0.12s | loop(5360): 0.03s | insert(0): 0.00s | update(0): 0.00s | commit: 0.00s
2026-08-16 09:39:46,507 | INFO | چانک 139 | 5360 ردیف | clean: 0.01s | load: 0.15s | جمع کل: 732829 رکورد
2026-08-16 09:39:46,745 | INFO |   -> to_dict/clean: 0.11s | loop(5192): 0.03s | insert(0): 0.00s | update(0): 0.00s | commit: 0.00s
2026-08-16 09:39:46,747 | INFO | چانک 140 | 5192 ردیف | clean: 0.01s | load: 0.15s | جمع کل: 738021 رکورد
2026-08-16 09:39:46,995 | INFO |   -> to_dict/clean: 0.12s | loop(4991): 0.02s | insert(0): 0.00s | update(0): 0.00s | commit: 0.00s
2026-08-16 09:39:46,997 | INFO | چانک 141 | 4991 ردیف | clean: 0.01s | load: 0.15s | جمع کل: 743012 رکورد
2026-08-16 09:39:47,143 | INFO |   -> to_dict/clean: 0.06s | loop(4946): 0.03s | insert(0): 0.00s | update(0): 0.00s | commit: 0.00s
2026-08-16 09:39:47,146 | INFO | چانک 142 | 4946 ردیف | clean: 0.00s | load: 0.09s | جمع کل: 747958 رکورد
2026-08-16 09:39:47,376 | INFO |   -> to_dict/clean: 0.12s | loop(4721): 0.03s | insert(0): 0.00s | update(0): 0.00s | commit: 0.00s
2026-08-16 09:39:47,378 | INFO | چانک 143 | 4721 ردیف | clean: 0.01s | load: 0.15s | جمع کل: 752679 رکورد
2026-08-16 09:39:47,588 | INFO |   -> to_dict/clean: 0.07s | loop(5239): 0.02s | insert(0): 0.00s | update(0): 0.00s | commit: 0.00s
2026-08-16 09:39:47,590 | INFO | چانک 144 | 5239 ردیف | clean: 0.01s | load: 0.09s | جمع کل: 757918 رکورد
2026-08-16 09:39:47,803 | INFO |   -> to_dict/clean: 0.07s | loop(5748): 0.02s | insert(0): 0.00s | update(0): 0.00s | commit: 0.00s
2026-08-16 09:39:47,806 | INFO | چانک 145 | 5748 ردیف | clean: 0.01s | load: 0.10s | جمع کل: 763666 رکورد
2026-08-16 09:39:47,977 | INFO |   -> to_dict/clean: 0.08s | loop(5862): 0.03s | insert(0): 0.00s | update(0): 0.00s | commit: 0.00s
2026-08-16 09:39:47,980 | INFO | چانک 146 | 5862 ردیف | clean: 0.01s | load: 0.12s | جمع کل: 769528 رکورد
2026-08-16 09:39:48,208 | INFO |   -> to_dict/clean: 0.12s | loop(5745): 0.04s | insert(0): 0.00s | update(0): 0.00s | commit: 0.00s
2026-08-16 09:39:48,210 | INFO | چانک 147 | 5745 ردیف | clean: 0.01s | load: 0.15s | جمع کل: 775273 رکورد
2026-08-16 09:39:48,476 | INFO |   -> to_dict/clean: 0.12s | loop(5699): 0.04s | insert(0): 0.00s | update(0): 0.00s | commit: 0.00s
2026-08-16 09:39:48,479 | INFO | چانک 148 | 5699 ردیف | clean: 0.01s | load: 0.16s | جمع کل: 780972 رکورد
2026-08-16 09:39:48,672 | INFO |   -> to_dict/clean: 0.07s | loop(5710): 0.03s | insert(0): 0.00s | update(0): 0.00s | commit: 0.00s
2026-08-16 09:39:48,675 | INFO | چانک 149 | 5710 ردیف | clean: 0.00s | load: 0.10s | جمع کل: 786682 رکورد
2026-08-16 09:39:48,889 | INFO |   -> to_dict/clean: 0.11s | loop(5130): 0.03s | insert(0): 0.00s | update(0): 0.00s | commit: 0.00s
2026-08-16 09:39:48,934 | INFO | چانک 150 | 5130 ردیف | clean: 0.01s | load: 0.19s | جمع کل: 791812 رکورد
2026-08-16 09:39:49,186 | INFO |   -> to_dict/clean: 0.13s | loop(5715): 0.03s | insert(0): 0.00s | update(0): 0.00s | commit: 0.00s
2026-08-16 09:39:49,189 | INFO | چانک 151 | 5715 ردیف | clean: 0.01s | load: 0.16s | جمع کل: 797527 رکورد
2026-08-16 09:39:49,439 | INFO |   -> to_dict/clean: 0.11s | loop(4845): 0.03s | insert(0): 0.00s | update(0): 0.00s | commit: 0.00s
2026-08-16 09:39:49,442 | INFO | چانک 152 | 4845 ردیف | clean: 0.01s | load: 0.14s | جمع کل: 802372 رکورد
2026-08-16 09:39:49,629 | INFO |   -> to_dict/clean: 0.07s | loop(4789): 0.03s | insert(0): 0.00s | update(0): 0.00s | commit: 0.00s
2026-08-16 09:39:49,631 | INFO | چانک 153 | 4789 ردیف | clean: 0.01s | load: 0.10s | جمع کل: 807161 رکورد
2026-08-16 09:39:49,844 | INFO |   -> to_dict/clean: 0.09s | loop(4895): 0.02s | insert(0): 0.00s | update(0): 0.00s | commit: 0.00s
2026-08-16 09:39:49,846 | INFO | چانک 154 | 4895 ردیف | clean: 0.01s | load: 0.11s | جمع کل: 812056 رکورد
2026-08-16 09:39:50,016 | INFO |   -> to_dict/clean: 0.06s | loop(5021): 0.02s | insert(0): 0.00s | update(0): 0.00s | commit: 0.00s
2026-08-16 09:39:50,018 | INFO | چانک 155 | 5021 ردیف | clean: 0.01s | load: 0.08s | جمع کل: 817077 رکورد
2026-08-16 09:39:50,188 | INFO |   -> to_dict/clean: 0.07s | loop(5380): 0.02s | insert(0): 0.00s | update(0): 0.00s | commit: 0.00s
2026-08-16 09:39:50,190 | INFO | چانک 156 | 5380 ردیف | clean: 0.01s | load: 0.09s | جمع کل: 822457 رکورد
2026-08-16 09:39:50,418 | INFO |   -> to_dict/clean: 0.10s | loop(5179): 0.02s | insert(0): 0.00s | update(0): 0.00s | commit: 0.00s
2026-08-16 09:39:50,419 | INFO | چانک 157 | 5179 ردیف | clean: 0.01s | load: 0.13s | جمع کل: 827636 رکورد
2026-08-16 09:39:50,662 | INFO |   -> to_dict/clean: 0.10s | loop(5105): 0.04s | insert(0): 0.00s | update(0): 0.00s | commit: 0.00s
2026-08-16 09:39:50,664 | INFO | چانک 158 | 5105 ردیف | clean: 0.01s | load: 0.15s | جمع کل: 832741 رکورد
2026-08-16 09:39:50,886 | INFO |   -> to_dict/clean: 0.09s | loop(5014): 0.03s | insert(0): 0.00s | update(0): 0.00s | commit: 0.00s
2026-08-16 09:39:50,889 | INFO | چانک 159 | 5014 ردیف | clean: 0.01s | load: 0.13s | جمع کل: 837755 رکورد
2026-08-16 09:39:51,150 | INFO |   -> to_dict/clean: 0.12s | loop(4695): 0.03s | insert(0): 0.00s | update(0): 0.00s | commit: 0.00s
2026-08-16 09:39:51,153 | INFO | چانک 160 | 4695 ردیف | clean: 0.01s | load: 0.15s | جمع کل: 842450 رکورد
2026-08-16 09:39:51,384 | INFO |   -> to_dict/clean: 0.08s | loop(5551): 0.03s | insert(0): 0.00s | update(0): 0.00s | commit: 0.00s
2026-08-16 09:39:51,386 | INFO | چانک 161 | 5551 ردیف | clean: 0.01s | load: 0.11s | جمع کل: 848001 رکورد
2026-08-16 09:39:51,655 | INFO |   -> to_dict/clean: 0.12s | loop(5551): 0.03s | insert(0): 0.00s | update(0): 0.00s | commit: 0.00s
2026-08-16 09:39:51,657 | INFO | چانک 162 | 5551 ردیف | clean: 0.01s | load: 0.15s | جمع کل: 853552 رکورد
2026-08-16 09:39:51,920 | INFO |   -> to_dict/clean: 0.10s | loop(5786): 0.04s | insert(0): 0.00s | update(0): 0.00s | commit: 0.00s
2026-08-16 09:39:51,922 | INFO | چانک 163 | 5786 ردیف | clean: 0.01s | load: 0.14s | جمع کل: 859338 رکورد
2026-08-16 09:39:52,110 | INFO |   -> to_dict/clean: 0.07s | loop(5710): 0.02s | insert(0): 0.00s | update(0): 0.00s | commit: 0.00s
2026-08-16 09:39:52,111 | INFO | چانک 164 | 5710 ردیف | clean: 0.01s | load: 0.10s | جمع کل: 865048 رکورد
2026-08-16 09:39:52,331 | INFO |   -> to_dict/clean: 0.10s | loop(5966): 0.04s | insert(0): 0.00s | update(0): 0.00s | commit: 0.00s
2026-08-16 09:39:52,334 | INFO | چانک 165 | 5966 ردیف | clean: 0.01s | load: 0.14s | جمع کل: 871014 رکورد
2026-08-16 09:39:52,506 | INFO |   -> to_dict/clean: 0.08s | loop(5274): 0.02s | insert(0): 0.00s | update(0): 0.00s | commit: 0.00s
2026-08-16 09:39:52,508 | INFO | چانک 166 | 5274 ردیف | clean: 0.01s | load: 0.10s | جمع کل: 876288 رکورد
2026-08-16 09:39:52,678 | INFO |   -> to_dict/clean: 0.07s | loop(5364): 0.02s | insert(0): 0.00s | update(0): 0.00s | commit: 0.00s
2026-08-16 09:39:52,680 | INFO | چانک 167 | 5364 ردیف | clean: 0.01s | load: 0.09s | جمع کل: 881652 رکورد
2026-08-16 09:39:52,962 | INFO |   -> to_dict/clean: 0.10s | loop(5289): 0.03s | insert(0): 0.00s | update(0): 0.00s | commit: 0.00s
2026-08-16 09:39:52,965 | INFO | چانک 168 | 5289 ردیف | clean: 0.01s | load: 0.14s | جمع کل: 886941 رکورد
2026-08-16 09:39:53,132 | INFO |   -> to_dict/clean: 0.06s | loop(4738): 0.02s | insert(0): 0.00s | update(0): 0.00s | commit: 0.00s
2026-08-16 09:39:53,134 | INFO | چانک 169 | 4738 ردیف | clean: 0.01s | load: 0.07s | جمع کل: 891679 رکورد
2026-08-16 09:39:53,285 | INFO |   -> to_dict/clean: 0.07s | loop(4780): 0.03s | insert(0): 0.00s | update(0): 0.00s | commit: 0.00s
2026-08-16 09:39:53,287 | INFO | چانک 170 | 4780 ردیف | clean: 0.00s | load: 0.10s | جمع کل: 896459 رکورد
2026-08-16 09:39:53,436 | INFO |   -> to_dict/clean: 0.06s | loop(4496): 0.02s | insert(0): 0.00s | update(0): 0.00s | commit: 0.00s
2026-08-16 09:39:53,438 | INFO | چانک 171 | 4496 ردیف | clean: 0.00s | load: 0.07s | جمع کل: 900955 رکورد
2026-08-16 09:39:53,585 | INFO |   -> to_dict/clean: 0.07s | loop(5299): 0.02s | insert(0): 0.00s | update(0): 0.00s | commit: 0.00s
2026-08-16 09:39:53,586 | INFO | چانک 172 | 5299 ردیف | clean: 0.01s | load: 0.09s | جمع کل: 906254 رکورد
2026-08-16 09:39:53,852 | INFO |   -> to_dict/clean: 0.14s | loop(5338): 0.03s | insert(0): 0.00s | update(0): 0.00s | commit: 0.00s
2026-08-16 09:39:53,854 | INFO | چانک 173 | 5338 ردیف | clean: 0.01s | load: 0.17s | جمع کل: 911592 رکورد
2026-08-16 09:39:54,030 | INFO |   -> to_dict/clean: 0.06s | loop(5274): 0.02s | insert(0): 0.00s | update(0): 0.00s | commit: 0.00s
2026-08-16 09:39:54,031 | INFO | چانک 174 | 5274 ردیف | clean: 0.00s | load: 0.08s | جمع کل: 916866 رکورد
2026-08-16 09:39:54,185 | INFO |   -> to_dict/clean: 0.07s | loop(4956): 0.02s | insert(0): 0.00s | update(0): 0.00s | commit: 0.00s
2026-08-16 09:39:54,187 | INFO | چانک 175 | 4956 ردیف | clean: 0.01s | load: 0.09s | جمع کل: 921822 رکورد
2026-08-16 09:39:54,352 | INFO |   -> to_dict/clean: 0.06s | loop(4890): 0.02s | insert(0): 0.00s | update(0): 0.00s | commit: 0.00s
2026-08-16 09:39:54,354 | INFO | چانک 176 | 4890 ردیف | clean: 0.00s | load: 0.08s | جمع کل: 926712 رکورد
2026-08-16 09:39:54,529 | INFO |   -> to_dict/clean: 0.07s | loop(4737): 0.02s | insert(0): 0.00s | update(0): 0.00s | commit: 0.00s
2026-08-16 09:39:54,530 | INFO | چانک 177 | 4737 ردیف | clean: 0.01s | load: 0.08s | جمع کل: 931449 رکورد
2026-08-16 09:39:54,722 | INFO |   -> to_dict/clean: 0.08s | loop(5873): 0.03s | insert(0): 0.00s | update(0): 0.00s | commit: 0.00s
2026-08-16 09:39:54,724 | INFO | چانک 178 | 5873 ردیف | clean: 0.01s | load: 0.11s | جمع کل: 937322 رکورد
2026-08-16 09:39:54,909 | INFO |   -> to_dict/clean: 0.07s | loop(5793): 0.03s | insert(0): 0.00s | update(0): 0.00s | commit: 0.00s
2026-08-16 09:39:54,911 | INFO | چانک 179 | 5793 ردیف | clean: 0.00s | load: 0.10s | جمع کل: 943115 رکورد
2026-08-16 09:39:55,078 | INFO |   -> to_dict/clean: 0.08s | loop(5870): 0.02s | insert(0): 0.00s | update(0): 0.00s | commit: 0.00s
2026-08-16 09:39:55,080 | INFO | چانک 180 | 5870 ردیف | clean: 0.01s | load: 0.10s | جمع کل: 948985 رکورد
2026-08-16 09:39:55,256 | INFO |   -> to_dict/clean: 0.07s | loop(5688): 0.02s | insert(0): 0.00s | update(0): 0.00s | commit: 0.00s
2026-08-16 09:39:55,258 | INFO | چانک 181 | 5688 ردیف | clean: 0.00s | load: 0.09s | جمع کل: 954673 رکورد
2026-08-16 09:39:55,453 | INFO |   -> to_dict/clean: 0.08s | loop(5985): 0.02s | insert(0): 0.00s | update(0): 0.00s | commit: 0.00s
2026-08-16 09:39:55,455 | INFO | چانک 182 | 5985 ردیف | clean: 0.01s | load: 0.10s | جمع کل: 960658 رکورد
2026-08-16 09:39:55,601 | INFO |   -> to_dict/clean: 0.07s | loop(5456): 0.02s | insert(0): 0.00s | update(0): 0.00s | commit: 0.00s
2026-08-16 09:39:55,603 | INFO | چانک 183 | 5456 ردیف | clean: 0.01s | load: 0.09s | جمع کل: 966114 رکورد
2026-08-16 09:39:55,754 | INFO |   -> to_dict/clean: 0.07s | loop(5382): 0.02s | insert(0): 0.00s | update(0): 0.00s | commit: 0.00s
2026-08-16 09:39:55,756 | INFO | چانک 184 | 5382 ردیف | clean: 0.01s | load: 0.09s | جمع کل: 971496 رکورد
2026-08-16 09:39:55,901 | INFO |   -> to_dict/clean: 0.07s | loop(5250): 0.02s | insert(0): 0.00s | update(0): 0.00s | commit: 0.00s
2026-08-16 09:39:55,903 | INFO | چانک 185 | 5250 ردیف | clean: 0.01s | load: 0.09s | جمع کل: 976746 رکورد
2026-08-16 09:39:56,041 | INFO |   -> to_dict/clean: 0.06s | loop(4801): 0.02s | insert(0): 0.00s | update(0): 0.00s | commit: 0.00s
2026-08-16 09:39:56,043 | INFO | چانک 186 | 4801 ردیف | clean: 0.01s | load: 0.08s | جمع کل: 981547 رکورد
2026-08-16 09:39:56,233 | INFO |   -> to_dict/clean: 0.07s | loop(4846): 0.02s | insert(0): 0.00s | update(0): 0.00s | commit: 0.00s
2026-08-16 09:39:56,235 | INFO | چانک 187 | 4846 ردیف | clean: 0.01s | load: 0.09s | جمع کل: 986393 رکورد
2026-08-16 09:39:56,413 | INFO |   -> to_dict/clean: 0.06s | loop(4691): 0.02s | insert(0): 0.00s | update(0): 0.00s | commit: 0.00s
2026-08-16 09:39:56,414 | INFO | چانک 188 | 4691 ردیف | clean: 0.01s | load: 0.08s | جمع کل: 991084 رکورد
2026-08-16 09:39:56,740 | INFO |   -> to_dict/clean: 0.17s | loop(5296): 0.04s | insert(0): 0.00s | update(0): 0.00s | commit: 0.00s
2026-08-16 09:39:56,742 | INFO | چانک 189 | 5296 ردیف | clean: 0.01s | load: 0.21s | جمع کل: 996380 رکورد
2026-08-16 09:39:57,007 | INFO |   -> to_dict/clean: 0.12s | loop(5356): 0.03s | insert(0): 0.00s | update(0): 0.00s | commit: 0.00s
2026-08-16 09:39:57,011 | INFO | چانک 190 | 5356 ردیف | clean: 0.01s | load: 0.15s | جمع کل: 1001736 رکورد
2026-08-16 09:39:57,271 | INFO |   -> to_dict/clean: 0.13s | loop(5063): 0.02s | insert(0): 0.00s | update(0): 0.00s | commit: 0.00s
2026-08-16 09:39:57,273 | INFO | چانک 191 | 5063 ردیف | clean: 0.01s | load: 0.15s | جمع کل: 1006799 رکورد
2026-08-16 09:39:57,510 | INFO |   -> to_dict/clean: 0.10s | loop(4969): 0.03s | insert(0): 0.00s | update(0): 0.00s | commit: 0.00s
2026-08-16 09:39:57,512 | INFO | چانک 192 | 4969 ردیف | clean: 0.01s | load: 0.13s | جمع کل: 1011768 رکورد
2026-08-16 09:39:57,666 | INFO |   -> to_dict/clean: 0.06s | loop(4762): 0.02s | insert(0): 0.00s | update(0): 0.00s | commit: 0.00s
2026-08-16 09:39:57,668 | INFO | چانک 193 | 4762 ردیف | clean: 0.00s | load: 0.08s | جمع کل: 1016530 رکورد
2026-08-16 09:39:57,816 | INFO |   -> to_dict/clean: 0.06s | loop(4945): 0.02s | insert(0): 0.00s | update(0): 0.00s | commit: 0.00s
2026-08-16 09:39:57,818 | INFO | چانک 194 | 4945 ردیف | clean: 0.00s | load: 0.08s | جمع کل: 1021475 رکورد
2026-08-16 09:39:57,992 | INFO |   -> to_dict/clean: 0.08s | loop(6267): 0.02s | insert(0): 0.00s | update(0): 0.00s | commit: 0.00s
2026-08-16 09:39:57,994 | INFO | چانک 195 | 6267 ردیف | clean: 0.00s | load: 0.10s | جمع کل: 1027742 رکورد
2026-08-16 09:39:58,152 | INFO |   -> to_dict/clean: 0.07s | loop(5912): 0.02s | insert(0): 0.00s | update(0): 0.00s | commit: 0.00s
2026-08-16 09:39:58,154 | INFO | چانک 196 | 5912 ردیف | clean: 0.01s | load: 0.10s | جمع کل: 1033654 رکورد
2026-08-16 09:39:58,348 | INFO |   -> to_dict/clean: 0.11s | loop(5769): 0.02s | insert(0): 0.00s | update(0): 0.00s | commit: 0.00s
2026-08-16 09:39:58,350 | INFO | چانک 197 | 5769 ردیف | clean: 0.01s | load: 0.13s | جمع کل: 1039423 رکورد
2026-08-16 09:39:58,544 | INFO |   -> to_dict/clean: 0.07s | loop(5931): 0.02s | insert(0): 0.00s | update(0): 0.00s | commit: 0.00s
2026-08-16 09:39:58,546 | INFO | چانک 198 | 5931 ردیف | clean: 0.01s | load: 0.10s | جمع کل: 1045354 رکورد
2026-08-16 09:39:58,689 | INFO |   -> to_dict/clean: 0.06s | loop(5167): 0.02s | insert(0): 0.00s | update(0): 0.00s | commit: 0.00s
2026-08-16 09:39:58,691 | INFO | چانک 199 | 5167 ردیف | clean: 0.00s | load: 0.08s | جمع کل: 1050521 رکورد
2026-08-16 09:39:58,893 | INFO |   -> to_dict/clean: 0.07s | loop(5239): 0.02s | insert(0): 0.00s | update(0): 0.00s | commit: 0.00s
2026-08-16 09:39:58,895 | INFO | چانک 200 | 5239 ردیف | clean: 0.01s | load: 0.09s | جمع کل: 1055760 رکورد
2026-08-16 09:39:59,070 | INFO |   -> to_dict/clean: 0.08s | loop(5402): 0.02s | insert(0): 0.00s | update(0): 0.00s | commit: 0.00s
2026-08-16 09:39:59,072 | INFO | چانک 201 | 5402 ردیف | clean: 0.00s | load: 0.10s | جمع کل: 1061162 رکورد
2026-08-16 09:39:59,215 | INFO |   -> to_dict/clean: 0.06s | loop(4956): 0.02s | insert(0): 0.00s | update(0): 0.00s | commit: 0.00s
2026-08-16 09:39:59,217 | INFO | چانک 202 | 4956 ردیف | clean: 0.00s | load: 0.08s | جمع کل: 1066118 رکورد
2026-08-16 09:39:59,368 | INFO |   -> to_dict/clean: 0.06s | loop(4854): 0.02s | insert(0): 0.00s | update(0): 0.00s | commit: 0.00s
2026-08-16 09:39:59,370 | INFO | چانک 203 | 4854 ردیف | clean: 0.00s | load: 0.08s | جمع کل: 1070972 رکورد
2026-08-16 09:39:59,531 | INFO |   -> to_dict/clean: 0.08s | loop(4672): 0.02s | insert(0): 0.00s | update(0): 0.00s | commit: 0.00s
2026-08-16 09:39:59,533 | INFO | چانک 204 | 4672 ردیف | clean: 0.00s | load: 0.10s | جمع کل: 1075644 رکورد
2026-08-16 09:39:59,721 | INFO |   -> to_dict/clean: 0.10s | loop(5213): 0.02s | insert(0): 0.00s | update(0): 0.00s | commit: 0.00s
2026-08-16 09:39:59,747 | INFO | چانک 205 | 5213 ردیف | clean: 0.00s | load: 0.15s | جمع کل: 1080857 رکورد
2026-08-16 09:39:59,980 | INFO |   -> to_dict/clean: 0.11s | loop(5333): 0.03s | insert(0): 0.00s | update(0): 0.00s | commit: 0.00s
2026-08-16 09:39:59,982 | INFO | چانک 206 | 5333 ردیف | clean: 0.01s | load: 0.14s | جمع کل: 1086190 رکورد
2026-08-16 09:40:00,141 | INFO |   -> to_dict/clean: 0.07s | loop(5208): 0.02s | insert(0): 0.00s | update(0): 0.00s | commit: 0.00s
2026-08-16 09:40:00,143 | INFO | چانک 207 | 5208 ردیف | clean: 0.01s | load: 0.09s | جمع کل: 1091398 رکورد
2026-08-16 09:40:00,322 | INFO |   -> to_dict/clean: 0.08s | loop(5009): 0.02s | insert(0): 0.00s | update(0): 0.00s | commit: 0.00s
2026-08-16 09:40:00,324 | INFO | چانک 208 | 5009 ردیف | clean: 0.01s | load: 0.10s | جمع کل: 1096407 رکورد
2026-08-16 09:40:00,479 | INFO |   -> to_dict/clean: 0.06s | loop(5007): 0.02s | insert(0): 0.00s | update(0): 0.00s | commit: 0.00s
2026-08-16 09:40:00,480 | INFO | چانک 209 | 5007 ردیف | clean: 0.00s | load: 0.08s | جمع کل: 1101414 رکورد
2026-08-16 09:40:00,617 | INFO |   -> to_dict/clean: 0.06s | loop(4887): 0.02s | insert(0): 0.00s | update(0): 0.00s | commit: 0.00s
2026-08-16 09:40:00,618 | INFO | چانک 210 | 4887 ردیف | clean: 0.00s | load: 0.08s | جمع کل: 1106301 رکورد
2026-08-16 09:40:00,815 | INFO |   -> to_dict/clean: 0.10s | loop(5429): 0.03s | insert(0): 0.00s | update(0): 0.00s | commit: 0.00s
2026-08-16 09:40:00,817 | INFO | چانک 211 | 5429 ردیف | clean: 0.01s | load: 0.14s | جمع کل: 1111730 رکورد
2026-08-16 09:40:00,998 | INFO |   -> to_dict/clean: 0.08s | loop(5565): 0.02s | insert(0): 0.00s | update(0): 0.00s | commit: 0.00s
2026-08-16 09:40:01,000 | INFO | چانک 212 | 5565 ردیف | clean: 0.01s | load: 0.10s | جمع کل: 1117295 رکورد
2026-08-16 09:40:01,315 | INFO |   -> to_dict/clean: 0.17s | loop(6029): 0.04s | insert(0): 0.00s | update(0): 0.00s | commit: 0.00s
2026-08-16 09:40:01,319 | INFO | چانک 213 | 6029 ردیف | clean: 0.01s | load: 0.21s | جمع کل: 1123324 رکورد
2026-08-16 09:40:01,582 | INFO |   -> to_dict/clean: 0.12s | loop(5752): 0.02s | insert(0): 0.00s | update(0): 0.00s | commit: 0.00s
2026-08-16 09:40:01,584 | INFO | چانک 214 | 5752 ردیف | clean: 0.01s | load: 0.14s | جمع کل: 1129076 رکورد
2026-08-16 09:40:02,534 | INFO |   -> to_dict/clean: 0.12s | loop(5926): 0.04s | insert(5925): 0.67s | update(0): 0.00s | commit: 0.01s
2026-08-16 09:40:02,537 | INFO | چانک 215 | 5926 ردیف | clean: 0.01s | load: 0.85s | جمع کل: 1135002 رکورد
2026-08-16 09:40:03,450 | INFO |   -> to_dict/clean: 0.12s | loop(5459): 0.04s | insert(5448): 0.64s | update(0): 0.00s | commit: 0.01s
2026-08-16 09:40:03,452 | INFO | چانک 216 | 5459 ردیف | clean: 0.01s | load: 0.81s | جمع کل: 1140461 رکورد
2026-08-16 09:40:04,275 | INFO |   -> to_dict/clean: 0.07s | loop(5519): 0.02s | insert(5515): 0.63s | update(0): 0.00s | commit: 0.01s
2026-08-16 09:40:04,278 | INFO | چانک 217 | 5519 ردیف | clean: 0.00s | load: 0.73s | جمع کل: 1145980 رکورد
2026-08-16 09:40:05,092 | INFO |   -> to_dict/clean: 0.10s | loop(5288): 0.02s | insert(5288): 0.54s | update(0): 0.00s | commit: 0.02s
2026-08-16 09:40:05,095 | INFO | چانک 218 | 5288 ردیف | clean: 0.01s | load: 0.69s | جمع کل: 1151268 رکورد
2026-08-16 09:40:05,834 | INFO |   -> to_dict/clean: 0.06s | loop(4907): 0.01s | insert(4903): 0.56s | update(0): 0.00s | commit: 0.01s
2026-08-16 09:40:05,836 | INFO | چانک 219 | 4907 ردیف | clean: 0.00s | load: 0.65s | جمع کل: 1156175 رکورد
2026-08-16 09:40:06,529 | ERROR | خطا در حین پردازش
Traceback (most recent call last):
  File "c:\Users\w\Desktop\amoozesh_python\digikala\src\Back\ETL\run\run_comments.py", line 49, in <module>
    load_comments(chunk, session, seen)
    ~~~~~~~~~~~~~^^^^^^^^^^^^^^^^^^^^^^
  File "C:\Users\w\Desktop\amoozesh_python\digikala\src\Back\ETL\load\load_comment.py", line 107, in load_comments
    session.bulk_update_mappings(Comments, list(to_update.values()), render_nulls=True)
    ~~~~~~~~~~~~~~~~~~~~~~~~~~~~^^^^^^^^^^^^^^^^^^^^^^^^^^^^^^^^^^^^^^^^^^^^^^^^^^^^^^^
TypeError: Session.bulk_update_mappings() got an unexpected keyword argument 'render_nulls'
2026-08-16 09:42:36,691 | INFO | در حال بارگذاری رکوردهای موجود از دیتابیس (برای resume-safe بودن)...
2026-08-16 09:43:23,019 | INFO | 1155800 رکورد در 46.3 ثانیه بارگذاری شد.
2026-08-16 09:43:23,020 | INFO | شروع پردازش چانک‌ها...
2026-08-16 09:43:23,198 | INFO |   -> to_dict/clean: 0.07s | loop(5267): 0.02s | insert(0): 0.00s | update(0): 0.00s | commit: 0.00s
2026-08-16 09:43:23,199 | INFO | چانک 1 | 5267 ردیف | clean: 0.01s | load: 0.09s | جمع کل: 5267 رکورد
2026-08-16 09:43:23,370 | INFO |   -> to_dict/clean: 0.09s | loop(4796): 0.03s | insert(0): 0.00s | update(0): 0.00s | commit: 0.00s
2026-08-16 09:43:23,372 | INFO | چانک 2 | 4796 ردیف | clean: 0.00s | load: 0.12s | جمع کل: 10063 رکورد
2026-08-16 09:43:23,524 | INFO |   -> to_dict/clean: 0.06s | loop(4936): 0.02s | insert(0): 0.00s | update(0): 0.00s | commit: 0.00s
2026-08-16 09:43:23,526 | INFO | چانک 3 | 4936 ردیف | clean: 0.00s | load: 0.08s | جمع کل: 14999 رکورد
2026-08-16 09:43:23,667 | INFO |   -> to_dict/clean: 0.06s | loop(5027): 0.02s | insert(0): 0.00s | update(0): 0.00s | commit: 0.00s
2026-08-16 09:43:23,669 | INFO | چانک 4 | 5027 ردیف | clean: 0.01s | load: 0.08s | جمع کل: 20026 رکورد
2026-08-16 09:43:23,824 | INFO |   -> to_dict/clean: 0.06s | loop(5284): 0.02s | insert(0): 0.00s | update(0): 0.00s | commit: 0.00s
2026-08-16 09:43:23,825 | INFO | چانک 5 | 5284 ردیف | clean: 0.00s | load: 0.08s | جمع کل: 25310 رکورد
2026-08-16 09:43:24,062 | INFO |   -> to_dict/clean: 0.15s | loop(5244): 0.03s | insert(0): 0.00s | update(0): 0.00s | commit: 0.00s
2026-08-16 09:43:24,064 | INFO | چانک 6 | 5244 ردیف | clean: 0.00s | load: 0.18s | جمع کل: 30554 رکورد
2026-08-16 09:43:24,223 | INFO |   -> to_dict/clean: 0.06s | loop(4958): 0.02s | insert(0): 0.00s | update(0): 0.00s | commit: 0.00s
2026-08-16 09:43:24,224 | INFO | چانک 7 | 4958 ردیف | clean: 0.00s | load: 0.08s | جمع کل: 35512 رکورد
2026-08-16 09:43:24,386 | INFO |   -> to_dict/clean: 0.09s | loop(4855): 0.02s | insert(0): 0.00s | update(0): 0.00s | commit: 0.00s
2026-08-16 09:43:24,387 | INFO | چانک 8 | 4855 ردیف | clean: 0.00s | load: 0.11s | جمع کل: 40367 رکورد
2026-08-16 09:43:24,513 | INFO |   -> to_dict/clean: 0.06s | loop(4831): 0.02s | insert(0): 0.00s | update(0): 0.00s | commit: 0.00s
2026-08-16 09:43:24,515 | INFO | چانک 9 | 4831 ردیف | clean: 0.00s | load: 0.07s | جمع کل: 45198 رکورد
2026-08-16 09:43:24,668 | INFO |   -> to_dict/clean: 0.07s | loop(5710): 0.02s | insert(0): 0.00s | update(0): 0.00s | commit: 0.00s
2026-08-16 09:43:24,670 | INFO | چانک 10 | 5710 ردیف | clean: 0.00s | load: 0.09s | جمع کل: 50908 رکورد
2026-08-16 09:43:24,826 | INFO |   -> to_dict/clean: 0.07s | loop(6208): 0.02s | insert(0): 0.00s | update(0): 0.00s | commit: 0.00s
2026-08-16 09:43:24,827 | INFO | چانک 11 | 6208 ردیف | clean: 0.01s | load: 0.10s | جمع کل: 57116 رکورد
2026-08-16 09:43:25,032 | INFO |   -> to_dict/clean: 0.09s | loop(5645): 0.03s | insert(0): 0.00s | update(0): 0.00s | commit: 0.00s
2026-08-16 09:43:25,035 | INFO | چانک 12 | 5645 ردیف | clean: 0.01s | load: 0.13s | جمع کل: 62761 رکورد
2026-08-16 09:43:25,207 | INFO |   -> to_dict/clean: 0.07s | loop(5809): 0.02s | insert(0): 0.00s | update(0): 0.00s | commit: 0.00s
2026-08-16 09:43:25,209 | INFO | چانک 13 | 5809 ردیف | clean: 0.01s | load: 0.09s | جمع کل: 68570 رکورد
2026-08-16 09:43:25,372 | INFO |   -> to_dict/clean: 0.07s | loop(5840): 0.03s | insert(0): 0.00s | update(0): 0.00s | commit: 0.00s
2026-08-16 09:43:25,374 | INFO | چانک 14 | 5840 ردیف | clean: 0.00s | load: 0.11s | جمع کل: 74410 رکورد
2026-08-16 09:43:25,561 | INFO |   -> to_dict/clean: 0.09s | loop(5242): 0.02s | insert(0): 0.00s | update(0): 0.00s | commit: 0.00s
2026-08-16 09:43:25,562 | INFO | چانک 15 | 5242 ردیف | clean: 0.00s | load: 0.11s | جمع کل: 79652 رکورد
2026-08-16 09:43:25,748 | INFO |   -> to_dict/clean: 0.07s | loop(5689): 0.02s | insert(0): 0.00s | update(0): 0.00s | commit: 0.00s
2026-08-16 09:43:25,750 | INFO | چانک 16 | 5689 ردیف | clean: 0.00s | load: 0.09s | جمع کل: 85341 رکورد
2026-08-16 09:43:25,912 | INFO |   -> to_dict/clean: 0.06s | loop(5056): 0.02s | insert(0): 0.00s | update(0): 0.00s | commit: 0.00s
2026-08-16 09:43:25,914 | INFO | چانک 17 | 5056 ردیف | clean: 0.00s | load: 0.08s | جمع کل: 90397 رکورد
2026-08-16 09:43:26,071 | INFO |   -> to_dict/clean: 0.09s | loop(4731): 0.02s | insert(0): 0.00s | update(0): 0.00s | commit: 0.00s
2026-08-16 09:43:26,072 | INFO | چانک 18 | 4731 ردیف | clean: 0.00s | load: 0.11s | جمع کل: 95128 رکورد
2026-08-16 09:43:26,226 | INFO |   -> to_dict/clean: 0.06s | loop(4771): 0.02s | insert(0): 0.00s | update(0): 0.00s | commit: 0.00s
2026-08-16 09:43:26,228 | INFO | چانک 19 | 4771 ردیف | clean: 0.00s | load: 0.07s | جمع کل: 99899 رکورد
2026-08-16 09:43:26,361 | INFO |   -> to_dict/clean: 0.06s | loop(4742): 0.02s | insert(0): 0.00s | update(0): 0.00s | commit: 0.00s
2026-08-16 09:43:26,363 | INFO | چانک 20 | 4742 ردیف | clean: 0.00s | load: 0.08s | جمع کل: 104641 رکورد
2026-08-16 09:43:26,519 | INFO |   -> to_dict/clean: 0.06s | loop(5270): 0.02s | insert(0): 0.00s | update(0): 0.00s | commit: 0.00s
2026-08-16 09:43:26,521 | INFO | چانک 21 | 5270 ردیف | clean: 0.00s | load: 0.08s | جمع کل: 109911 رکورد
2026-08-16 09:43:26,658 | INFO |   -> to_dict/clean: 0.06s | loop(5142): 0.02s | insert(0): 0.00s | update(0): 0.00s | commit: 0.00s
2026-08-16 09:43:26,660 | INFO | چانک 22 | 5142 ردیف | clean: 0.00s | load: 0.08s | جمع کل: 115053 رکورد
2026-08-16 09:43:26,812 | INFO |   -> to_dict/clean: 0.07s | loop(4989): 0.02s | insert(0): 0.00s | update(0): 0.00s | commit: 0.00s
2026-08-16 09:43:26,814 | INFO | چانک 23 | 4989 ردیف | clean: 0.01s | load: 0.08s | جمع کل: 120042 رکورد
2026-08-16 09:43:26,946 | INFO |   -> to_dict/clean: 0.06s | loop(4984): 0.02s | insert(0): 0.00s | update(0): 0.00s | commit: 0.00s
2026-08-16 09:43:26,947 | INFO | چانک 24 | 4984 ردیف | clean: 0.00s | load: 0.08s | جمع کل: 125026 رکورد
2026-08-16 09:43:27,110 | INFO |   -> to_dict/clean: 0.07s | loop(4740): 0.02s | insert(0): 0.00s | update(0): 0.00s | commit: 0.00s
2026-08-16 09:43:27,112 | INFO | چانک 25 | 4740 ردیف | clean: 0.01s | load: 0.09s | جمع کل: 129766 رکورد
2026-08-16 09:43:27,239 | INFO |   -> to_dict/clean: 0.06s | loop(4850): 0.02s | insert(0): 0.00s | update(0): 0.00s | commit: 0.00s
2026-08-16 09:43:27,241 | INFO | چانک 26 | 4850 ردیف | clean: 0.00s | load: 0.07s | جمع کل: 134616 رکورد
2026-08-16 09:43:27,429 | INFO |   -> to_dict/clean: 0.09s | loop(5832): 0.02s | insert(0): 0.00s | update(0): 0.00s | commit: 0.00s
2026-08-16 09:43:27,430 | INFO | چانک 27 | 5832 ردیف | clean: 0.01s | load: 0.12s | جمع کل: 140448 رکورد
2026-08-16 09:43:27,677 | INFO |   -> to_dict/clean: 0.11s | loop(6229): 0.03s | insert(0): 0.00s | update(0): 0.00s | commit: 0.00s
2026-08-16 09:43:27,679 | INFO | چانک 28 | 6229 ردیف | clean: 0.01s | load: 0.14s | جمع کل: 146677 رکورد
2026-08-16 09:43:27,823 | INFO |   -> to_dict/clean: 0.07s | loop(5668): 0.02s | insert(0): 0.00s | update(0): 0.00s | commit: 0.00s
2026-08-16 09:43:27,824 | INFO | چانک 29 | 5668 ردیف | clean: 0.01s | load: 0.09s | جمع کل: 152345 رکورد
2026-08-16 09:43:27,976 | INFO |   -> to_dict/clean: 0.07s | loop(5796): 0.03s | insert(0): 0.00s | update(0): 0.00s | commit: 0.00s
2026-08-16 09:43:27,978 | INFO | چانک 30 | 5796 ردیف | clean: 0.01s | load: 0.10s | جمع کل: 158141 رکورد
2026-08-16 09:43:28,154 | INFO |   -> to_dict/clean: 0.07s | loop(5778): 0.02s | insert(0): 0.00s | update(0): 0.00s | commit: 0.00s
2026-08-16 09:43:28,156 | INFO | چانک 31 | 5778 ردیف | clean: 0.00s | load: 0.09s | جمع کل: 163919 رکورد
2026-08-16 09:43:28,311 | INFO |   -> to_dict/clean: 0.06s | loop(5101): 0.02s | insert(0): 0.00s | update(0): 0.00s | commit: 0.00s
2026-08-16 09:43:28,312 | INFO | چانک 32 | 5101 ردیف | clean: 0.00s | load: 0.08s | جمع کل: 169020 رکورد
2026-08-16 09:43:28,485 | INFO |   -> to_dict/clean: 0.07s | loop(5727): 0.02s | insert(0): 0.00s | update(0): 0.00s | commit: 0.00s
2026-08-16 09:43:28,487 | INFO | چانک 33 | 5727 ردیف | clean: 0.00s | load: 0.09s | جمع کل: 174747 رکورد
2026-08-16 09:43:28,616 | INFO |   -> to_dict/clean: 0.06s | loop(4910): 0.02s | insert(0): 0.00s | update(0): 0.00s | commit: 0.00s
2026-08-16 09:43:28,617 | INFO | چانک 34 | 4910 ردیف | clean: 0.00s | load: 0.08s | جمع کل: 179657 رکورد
2026-08-16 09:43:28,747 | INFO |   -> to_dict/clean: 0.06s | loop(4803): 0.02s | insert(0): 0.00s | update(0): 0.00s | commit: 0.00s
2026-08-16 09:43:28,748 | INFO | چانک 35 | 4803 ردیف | clean: 0.00s | load: 0.07s | جمع کل: 184460 رکورد
2026-08-16 09:43:28,882 | INFO |   -> to_dict/clean: 0.06s | loop(4800): 0.02s | insert(0): 0.00s | update(0): 0.00s | commit: 0.00s
2026-08-16 09:43:28,884 | INFO | چانک 36 | 4800 ردیف | clean: 0.00s | load: 0.08s | جمع کل: 189260 رکورد
2026-08-16 09:43:29,023 | INFO |   -> to_dict/clean: 0.06s | loop(4737): 0.02s | insert(0): 0.00s | update(0): 0.00s | commit: 0.00s
2026-08-16 09:43:29,026 | INFO | چانک 37 | 4737 ردیف | clean: 0.00s | load: 0.08s | جمع کل: 193997 رکورد
2026-08-16 09:43:29,222 | INFO |   -> to_dict/clean: 0.08s | loop(5346): 0.02s | insert(0): 0.00s | update(0): 0.00s | commit: 0.00s
2026-08-16 09:43:29,224 | INFO | چانک 38 | 5346 ردیف | clean: 0.01s | load: 0.10s | جمع کل: 199343 رکورد
2026-08-16 09:43:29,385 | INFO |   -> to_dict/clean: 0.06s | loop(5164): 0.02s | insert(0): 0.00s | update(0): 0.00s | commit: 0.00s
2026-08-16 09:43:29,387 | INFO | چانک 39 | 5164 ردیف | clean: 0.00s | load: 0.08s | جمع کل: 204507 رکورد
2026-08-16 09:43:29,522 | INFO |   -> to_dict/clean: 0.06s | loop(5156): 0.02s | insert(0): 0.00s | update(0): 0.00s | commit: 0.00s
2026-08-16 09:43:29,524 | INFO | چانک 40 | 5156 ردیف | clean: 0.00s | load: 0.08s | جمع کل: 209663 رکورد
2026-08-16 09:43:29,680 | INFO |   -> to_dict/clean: 0.07s | loop(4890): 0.02s | insert(0): 0.00s | update(0): 0.00s | commit: 0.00s
2026-08-16 09:43:29,681 | INFO | چانک 41 | 4890 ردیف | clean: 0.01s | load: 0.09s | جمع کل: 214553 رکورد
2026-08-16 09:43:29,809 | INFO |   -> to_dict/clean: 0.06s | loop(4804): 0.02s | insert(0): 0.00s | update(0): 0.00s | commit: 0.00s
2026-08-16 09:43:29,811 | INFO | چانک 42 | 4804 ردیف | clean: 0.00s | load: 0.08s | جمع کل: 219357 رکورد
2026-08-16 09:43:29,987 | INFO |   -> to_dict/clean: 0.06s | loop(5291): 0.03s | insert(0): 0.00s | update(0): 0.00s | commit: 0.00s
2026-08-16 09:43:29,990 | INFO | چانک 43 | 5291 ردیف | clean: 0.00s | load: 0.09s | جمع کل: 224648 رکورد
2026-08-16 09:43:30,164 | INFO |   -> to_dict/clean: 0.07s | loop(5608): 0.02s | insert(0): 0.00s | update(0): 0.00s | commit: 0.00s
2026-08-16 09:43:30,166 | INFO | چانک 44 | 5608 ردیف | clean: 0.00s | load: 0.09s | جمع کل: 230256 رکورد
2026-08-16 09:43:30,316 | INFO |   -> to_dict/clean: 0.07s | loop(5846): 0.02s | insert(0): 0.00s | update(0): 0.00s | commit: 0.00s
2026-08-16 09:43:30,318 | INFO | چانک 45 | 5846 ردیف | clean: 0.01s | load: 0.09s | جمع کل: 236102 رکورد
2026-08-16 09:43:30,459 | INFO |   -> to_dict/clean: 0.07s | loop(5597): 0.02s | insert(0): 0.00s | update(0): 0.00s | commit: 0.00s
2026-08-16 09:43:30,461 | INFO | چانک 46 | 5597 ردیف | clean: 0.00s | load: 0.09s | جمع کل: 241699 رکورد
2026-08-16 09:43:30,638 | INFO |   -> to_dict/clean: 0.07s | loop(5996): 0.02s | insert(0): 0.00s | update(0): 0.00s | commit: 0.00s
2026-08-16 09:43:30,640 | INFO | چانک 47 | 5996 ردیف | clean: 0.00s | load: 0.09s | جمع کل: 247695 رکورد
2026-08-16 09:43:30,782 | INFO |   -> to_dict/clean: 0.07s | loop(5601): 0.02s | insert(0): 0.00s | update(0): 0.00s | commit: 0.00s
2026-08-16 09:43:30,784 | INFO | چانک 48 | 5601 ردیف | clean: 0.00s | load: 0.09s | جمع کل: 253296 رکورد
2026-08-16 09:43:30,944 | INFO |   -> to_dict/clean: 0.06s | loop(5276): 0.02s | insert(0): 0.00s | update(0): 0.00s | commit: 0.00s
2026-08-16 09:43:30,946 | INFO | چانک 49 | 5276 ردیف | clean: 0.00s | load: 0.08s | جمع کل: 258572 رکورد
2026-08-16 09:43:31,118 | INFO |   -> to_dict/clean: 0.07s | loop(5357): 0.02s | insert(0): 0.00s | update(0): 0.00s | commit: 0.00s
2026-08-16 09:43:31,120 | INFO | چانک 50 | 5357 ردیف | clean: 0.01s | load: 0.09s | جمع کل: 263929 رکورد
2026-08-16 09:43:31,252 | INFO |   -> to_dict/clean: 0.06s | loop(4881): 0.02s | insert(0): 0.00s | update(0): 0.00s | commit: 0.00s
2026-08-16 09:43:31,254 | INFO | چانک 51 | 4881 ردیف | clean: 0.00s | load: 0.08s | جمع کل: 268810 رکورد
2026-08-16 09:43:31,411 | INFO |   -> to_dict/clean: 0.06s | loop(4927): 0.02s | insert(0): 0.00s | update(0): 0.00s | commit: 0.00s
2026-08-16 09:43:31,412 | INFO | چانک 52 | 4927 ردیف | clean: 0.00s | load: 0.08s | جمع کل: 273737 رکورد
2026-08-16 09:43:31,542 | INFO |   -> to_dict/clean: 0.06s | loop(4653): 0.02s | insert(0): 0.00s | update(0): 0.00s | commit: 0.00s
2026-08-16 09:43:31,543 | INFO | چانک 53 | 4653 ردیف | clean: 0.00s | load: 0.07s | جمع کل: 278390 رکورد
2026-08-16 09:43:31,676 | INFO |   -> to_dict/clean: 0.06s | loop(5005): 0.02s | insert(0): 0.00s | update(0): 0.00s | commit: 0.00s
2026-08-16 09:43:31,677 | INFO | چانک 54 | 5005 ردیف | clean: 0.00s | load: 0.08s | جمع کل: 283395 رکورد
2026-08-16 09:43:31,851 | INFO |   -> to_dict/clean: 0.08s | loop(5375): 0.02s | insert(0): 0.00s | update(0): 0.00s | commit: 0.00s
2026-08-16 09:43:31,853 | INFO | چانک 55 | 5375 ردیف | clean: 0.01s | load: 0.10s | جمع کل: 288770 رکورد
2026-08-16 09:43:32,021 | INFO |   -> to_dict/clean: 0.06s | loop(5203): 0.02s | insert(0): 0.00s | update(0): 0.00s | commit: 0.00s
2026-08-16 09:43:32,023 | INFO | چانک 56 | 5203 ردیف | clean: 0.00s | load: 0.09s | جمع کل: 293973 رکورد
2026-08-16 09:43:32,204 | INFO |   -> to_dict/clean: 0.06s | loop(4960): 0.02s | insert(0): 0.00s | update(0): 0.00s | commit: 0.00s
2026-08-16 09:43:32,205 | INFO | چانک 57 | 4960 ردیف | clean: 0.01s | load: 0.08s | جمع کل: 298933 رکورد
2026-08-16 09:43:32,337 | INFO |   -> to_dict/clean: 0.06s | loop(4872): 0.02s | insert(0): 0.00s | update(0): 0.00s | commit: 0.00s
2026-08-16 09:43:32,338 | INFO | چانک 58 | 4872 ردیف | clean: 0.00s | load: 0.08s | جمع کل: 303805 رکورد
2026-08-16 09:43:32,484 | INFO |   -> to_dict/clean: 0.06s | loop(4879): 0.03s | insert(0): 0.00s | update(0): 0.00s | commit: 0.00s
2026-08-16 09:43:32,486 | INFO | چانک 59 | 4879 ردیف | clean: 0.00s | load: 0.09s | جمع کل: 308684 رکورد
2026-08-16 09:43:32,640 | INFO |   -> to_dict/clean: 0.07s | loop(5634): 0.02s | insert(0): 0.00s | update(0): 0.00s | commit: 0.00s
2026-08-16 09:43:32,642 | INFO | چانک 60 | 5634 ردیف | clean: 0.00s | load: 0.09s | جمع کل: 314318 رکورد
2026-08-16 09:43:32,795 | INFO |   -> to_dict/clean: 0.07s | loop(5847): 0.02s | insert(0): 0.00s | update(0): 0.00s | commit: 0.00s
2026-08-16 09:43:32,796 | INFO | چانک 61 | 5847 ردیف | clean: 0.00s | load: 0.09s | جمع کل: 320165 رکورد
2026-08-16 09:43:32,946 | INFO |   -> to_dict/clean: 0.07s | loop(5975): 0.02s | insert(0): 0.00s | update(0): 0.00s | commit: 0.00s
2026-08-16 09:43:32,948 | INFO | چانک 62 | 5975 ردیف | clean: 0.00s | load: 0.09s | جمع کل: 326140 رکورد
2026-08-16 09:43:33,120 | INFO |   -> to_dict/clean: 0.07s | loop(5694): 0.02s | insert(0): 0.00s | update(0): 0.00s | commit: 0.00s
2026-08-16 09:43:33,121 | INFO | چانک 63 | 5694 ردیف | clean: 0.01s | load: 0.09s | جمع کل: 331834 رکورد
2026-08-16 09:43:33,299 | INFO |   -> to_dict/clean: 0.07s | loop(6015): 0.02s | insert(0): 0.00s | update(0): 0.00s | commit: 0.00s
2026-08-16 09:43:33,300 | INFO | چانک 64 | 6015 ردیف | clean: 0.00s | load: 0.10s | جمع کل: 337849 رکورد
2026-08-16 09:43:33,447 | INFO |   -> to_dict/clean: 0.07s | loop(5445): 0.02s | insert(0): 0.00s | update(0): 0.00s | commit: 0.00s
2026-08-16 09:43:33,449 | INFO | چانک 65 | 5445 ردیف | clean: 0.00s | load: 0.09s | جمع کل: 343294 رکورد
2026-08-16 09:43:33,670 | INFO |   -> to_dict/clean: 0.10s | loop(5363): 0.03s | insert(0): 0.00s | update(0): 0.00s | commit: 0.00s
2026-08-16 09:43:33,673 | INFO | چانک 66 | 5363 ردیف | clean: 0.01s | load: 0.13s | جمع کل: 348657 رکورد
2026-08-16 09:43:33,830 | INFO |   -> to_dict/clean: 0.07s | loop(5391): 0.02s | insert(0): 0.00s | update(0): 0.00s | commit: 0.00s
2026-08-16 09:43:33,832 | INFO | چانک 67 | 5391 ردیف | clean: 0.01s | load: 0.09s | جمع کل: 354048 رکورد
2026-08-16 09:43:33,967 | INFO |   -> to_dict/clean: 0.06s | loop(4779): 0.02s | insert(0): 0.00s | update(0): 0.00s | commit: 0.00s
2026-08-16 09:43:33,968 | INFO | چانک 68 | 4779 ردیف | clean: 0.00s | load: 0.08s | جمع کل: 358827 رکورد
2026-08-16 09:43:34,182 | INFO |   -> to_dict/clean: 0.12s | loop(4808): 0.02s | insert(0): 0.00s | update(0): 0.00s | commit: 0.00s
2026-08-16 09:43:34,183 | INFO | چانک 69 | 4808 ردیف | clean: 0.01s | load: 0.14s | جمع کل: 363635 رکورد
2026-08-16 09:43:34,312 | INFO |   -> to_dict/clean: 0.06s | loop(4632): 0.02s | insert(0): 0.00s | update(0): 0.00s | commit: 0.00s
2026-08-16 09:43:34,313 | INFO | چانک 70 | 4632 ردیف | clean: 0.00s | load: 0.07s | جمع کل: 368267 رکورد
2026-08-16 09:43:34,475 | INFO |   -> to_dict/clean: 0.06s | loop(5229): 0.02s | insert(0): 0.00s | update(0): 0.00s | commit: 0.00s
2026-08-16 09:43:34,477 | INFO | چانک 71 | 5229 ردیف | clean: 0.00s | load: 0.08s | جمع کل: 373496 رکورد
2026-08-16 09:43:34,616 | INFO |   -> to_dict/clean: 0.06s | loop(5214): 0.02s | insert(0): 0.00s | update(0): 0.00s | commit: 0.00s
2026-08-16 09:43:34,618 | INFO | چانک 72 | 5214 ردیف | clean: 0.00s | load: 0.08s | جمع کل: 378710 رکورد
2026-08-16 09:43:34,784 | INFO |   -> to_dict/clean: 0.07s | loop(5159): 0.02s | insert(0): 0.00s | update(0): 0.00s | commit: 0.00s
2026-08-16 09:43:34,785 | INFO | چانک 73 | 5159 ردیف | clean: 0.01s | load: 0.09s | جمع کل: 383869 رکورد
2026-08-16 09:43:34,977 | INFO |   -> to_dict/clean: 0.09s | loop(4971): 0.02s | insert(0): 0.00s | update(0): 0.00s | commit: 0.00s
2026-08-16 09:43:34,979 | INFO | چانک 74 | 4971 ردیف | clean: 0.00s | load: 0.11s | جمع کل: 388840 رکورد
2026-08-16 09:43:35,140 | INFO |   -> to_dict/clean: 0.07s | loop(4986): 0.02s | insert(0): 0.00s | update(0): 0.00s | commit: 0.00s
2026-08-16 09:43:35,142 | INFO | چانک 75 | 4986 ردیف | clean: 0.00s | load: 0.09s | جمع کل: 393826 رکورد
2026-08-16 09:43:35,317 | INFO |   -> to_dict/clean: 0.08s | loop(4749): 0.02s | insert(0): 0.00s | update(0): 0.00s | commit: 0.00s
2026-08-16 09:43:35,319 | INFO | چانک 76 | 4749 ردیف | clean: 0.01s | load: 0.10s | جمع کل: 398575 رکورد
2026-08-16 09:43:35,512 | INFO |   -> to_dict/clean: 0.07s | loop(5783): 0.02s | insert(0): 0.00s | update(0): 0.00s | commit: 0.00s
2026-08-16 09:43:35,515 | INFO | چانک 77 | 5783 ردیف | clean: 0.01s | load: 0.10s | جمع کل: 404358 رکورد
2026-08-16 09:43:35,697 | INFO |   -> to_dict/clean: 0.08s | loop(6046): 0.02s | insert(0): 0.00s | update(0): 0.00s | commit: 0.00s
2026-08-16 09:43:35,699 | INFO | چانک 78 | 6046 ردیف | clean: 0.01s | load: 0.11s | جمع کل: 410404 رکورد
2026-08-16 09:43:35,891 | INFO |   -> to_dict/clean: 0.07s | loop(5699): 0.02s | insert(0): 0.00s | update(0): 0.00s | commit: 0.00s
2026-08-16 09:43:35,892 | INFO | چانک 79 | 5699 ردیف | clean: 0.01s | load: 0.10s | جمع کل: 416103 رکورد
2026-08-16 09:43:36,135 | INFO |   -> to_dict/clean: 0.13s | loop(5922): 0.03s | insert(0): 0.00s | update(0): 0.00s | commit: 0.00s
2026-08-16 09:43:36,136 | INFO | چانک 80 | 5922 ردیف | clean: 0.01s | load: 0.17s | جمع کل: 422025 رکورد
2026-08-16 09:43:36,336 | INFO |   -> to_dict/clean: 0.08s | loop(5798): 0.02s | insert(0): 0.00s | update(0): 0.00s | commit: 0.00s
2026-08-16 09:43:36,338 | INFO | چانک 81 | 5798 ردیف | clean: 0.00s | load: 0.10s | جمع کل: 427823 رکورد
2026-08-16 09:43:36,509 | INFO |   -> to_dict/clean: 0.06s | loop(5130): 0.02s | insert(0): 0.00s | update(0): 0.00s | commit: 0.00s
2026-08-16 09:43:36,512 | INFO | چانک 82 | 5130 ردیف | clean: 0.00s | load: 0.09s | جمع کل: 432953 رکورد
2026-08-16 09:43:36,675 | INFO |   -> to_dict/clean: 0.07s | loop(5712): 0.02s | insert(0): 0.00s | update(0): 0.00s | commit: 0.00s
2026-08-16 09:43:36,677 | INFO | چانک 83 | 5712 ردیف | clean: 0.01s | load: 0.09s | جمع کل: 438665 رکورد
2026-08-16 09:43:36,815 | INFO |   -> to_dict/clean: 0.06s | loop(5086): 0.02s | insert(0): 0.00s | update(0): 0.00s | commit: 0.00s
2026-08-16 09:43:36,816 | INFO | چانک 84 | 5086 ردیف | clean: 0.00s | load: 0.08s | جمع کل: 443751 رکورد
2026-08-16 09:43:36,981 | INFO |   -> to_dict/clean: 0.06s | loop(4775): 0.02s | insert(0): 0.00s | update(0): 0.00s | commit: 0.00s
2026-08-16 09:43:36,982 | INFO | چانک 85 | 4775 ردیف | clean: 0.01s | load: 0.08s | جمع کل: 448526 رکورد
2026-08-16 09:43:37,142 | INFO |   -> to_dict/clean: 0.06s | loop(4971): 0.02s | insert(0): 0.00s | update(0): 0.00s | commit: 0.00s
2026-08-16 09:43:37,143 | INFO | چانک 86 | 4971 ردیف | clean: 0.01s | load: 0.09s | جمع کل: 453497 رکورد
2026-08-16 09:43:37,309 | INFO |   -> to_dict/clean: 0.08s | loop(4597): 0.02s | insert(0): 0.00s | update(0): 0.00s | commit: 0.00s
2026-08-16 09:43:37,310 | INFO | چانک 87 | 4597 ردیف | clean: 0.01s | load: 0.09s | جمع کل: 458094 رکورد
2026-08-16 09:43:37,550 | INFO |   -> to_dict/clean: 0.12s | loop(5314): 0.04s | insert(0): 0.00s | update(0): 0.00s | commit: 0.00s
2026-08-16 09:43:37,553 | INFO | چانک 88 | 5314 ردیف | clean: 0.00s | load: 0.15s | جمع کل: 463408 رکورد
2026-08-16 09:43:37,845 | INFO |   -> to_dict/clean: 0.15s | loop(5200): 0.03s | insert(0): 0.00s | update(0): 0.00s | commit: 0.00s
2026-08-16 09:43:37,849 | INFO | چانک 89 | 5200 ردیف | clean: 0.01s | load: 0.18s | جمع کل: 468608 رکورد
2026-08-16 09:43:38,043 | INFO |   -> to_dict/clean: 0.08s | loop(5075): 0.02s | insert(0): 0.00s | update(0): 0.00s | commit: 0.00s
2026-08-16 09:43:38,044 | INFO | چانک 90 | 5075 ردیف | clean: 0.00s | load: 0.10s | جمع کل: 473683 رکورد
2026-08-16 09:43:38,220 | INFO |   -> to_dict/clean: 0.07s | loop(5099): 0.02s | insert(0): 0.00s | update(0): 0.00s | commit: 0.00s
2026-08-16 09:43:38,222 | INFO | چانک 91 | 5099 ردیف | clean: 0.01s | load: 0.09s | جمع کل: 478782 رکورد
2026-08-16 09:43:38,379 | INFO |   -> to_dict/clean: 0.08s | loop(4914): 0.02s | insert(0): 0.00s | update(0): 0.00s | commit: 0.00s
2026-08-16 09:43:38,381 | INFO | چانک 92 | 4914 ردیف | clean: 0.00s | load: 0.10s | جمع کل: 483696 رکورد
2026-08-16 09:43:38,535 | INFO |   -> to_dict/clean: 0.06s | loop(4742): 0.02s | insert(0): 0.00s | update(0): 0.00s | commit: 0.00s
2026-08-16 09:43:38,537 | INFO | چانک 93 | 4742 ردیف | clean: 0.00s | load: 0.08s | جمع کل: 488438 رکورد
2026-08-16 09:43:38,721 | INFO |   -> to_dict/clean: 0.07s | loop(5830): 0.02s | insert(0): 0.00s | update(0): 0.00s | commit: 0.00s
2026-08-16 09:43:38,723 | INFO | چانک 94 | 5830 ردیف | clean: 0.00s | load: 0.10s | جمع کل: 494268 رکورد
2026-08-16 09:43:38,887 | INFO |   -> to_dict/clean: 0.08s | loop(6266): 0.02s | insert(0): 0.00s | update(0): 0.00s | commit: 0.00s
2026-08-16 09:43:38,888 | INFO | چانک 95 | 6266 ردیف | clean: 0.01s | load: 0.10s | جمع کل: 500534 رکورد
2026-08-16 09:43:39,130 | INFO |   -> to_dict/clean: 0.15s | loop(5634): 0.02s | insert(0): 0.00s | update(0): 0.00s | commit: 0.00s
2026-08-16 09:43:39,132 | INFO | چانک 96 | 5634 ردیف | clean: 0.01s | load: 0.17s | جمع کل: 506168 رکورد
2026-08-16 09:43:39,325 | INFO |   -> to_dict/clean: 0.09s | loop(5948): 0.02s | insert(0): 0.00s | update(0): 0.00s | commit: 0.00s
2026-08-16 09:43:39,327 | INFO | چانک 97 | 5948 ردیف | clean: 0.01s | load: 0.11s | جمع کل: 512116 رکورد
2026-08-16 09:43:39,492 | INFO |   -> to_dict/clean: 0.07s | loop(5684): 0.02s | insert(0): 0.00s | update(0): 0.00s | commit: 0.00s
2026-08-16 09:43:39,493 | INFO | چانک 98 | 5684 ردیف | clean: 0.00s | load: 0.09s | جمع کل: 517800 رکورد
2026-08-16 09:43:39,629 | INFO |   -> to_dict/clean: 0.06s | loop(5199): 0.02s | insert(0): 0.00s | update(0): 0.00s | commit: 0.00s
2026-08-16 09:43:39,631 | INFO | چانک 99 | 5199 ردیف | clean: 0.00s | load: 0.08s | جمع کل: 522999 رکورد
2026-08-16 09:43:39,780 | INFO |   -> to_dict/clean: 0.07s | loop(5714): 0.02s | insert(0): 0.00s | update(0): 0.00s | commit: 0.00s
2026-08-16 09:43:39,782 | INFO | چانک 100 | 5714 ردیف | clean: 0.00s | load: 0.09s | جمع کل: 528713 رکورد
2026-08-16 09:43:39,915 | INFO |   -> to_dict/clean: 0.06s | loop(4922): 0.02s | insert(0): 0.00s | update(0): 0.00s | commit: 0.00s
2026-08-16 09:43:39,916 | INFO | چانک 101 | 4922 ردیف | clean: 0.00s | load: 0.08s | جمع کل: 533635 رکورد
2026-08-16 09:43:40,073 | INFO |   -> to_dict/clean: 0.08s | loop(4765): 0.03s | insert(0): 0.00s | update(0): 0.00s | commit: 0.00s
2026-08-16 09:43:40,075 | INFO | چانک 102 | 4765 ردیف | clean: 0.00s | load: 0.11s | جمع کل: 538400 رکورد
2026-08-16 09:43:40,220 | INFO |   -> to_dict/clean: 0.06s | loop(4855): 0.02s | insert(0): 0.00s | update(0): 0.00s | commit: 0.00s
2026-08-16 09:43:40,222 | INFO | چانک 103 | 4855 ردیف | clean: 0.00s | load: 0.08s | جمع کل: 543255 رکورد
2026-08-16 09:43:40,398 | INFO |   -> to_dict/clean: 0.07s | loop(4859): 0.02s | insert(0): 0.00s | update(0): 0.00s | commit: 0.00s
2026-08-16 09:43:40,400 | INFO | چانک 104 | 4859 ردیف | clean: 0.01s | load: 0.09s | جمع کل: 548114 رکورد
2026-08-16 09:43:40,564 | INFO |   -> to_dict/clean: 0.07s | loop(5322): 0.02s | insert(0): 0.00s | update(0): 0.00s | commit: 0.00s
2026-08-16 09:43:40,566 | INFO | چانک 105 | 5322 ردیف | clean: 0.01s | load: 0.09s | جمع کل: 553436 رکورد
2026-08-16 09:43:40,732 | INFO |   -> to_dict/clean: 0.07s | loop(5222): 0.02s | insert(0): 0.00s | update(0): 0.00s | commit: 0.00s
2026-08-16 09:43:40,733 | INFO | چانک 106 | 5222 ردیف | clean: 0.01s | load: 0.09s | جمع کل: 558658 رکورد
2026-08-16 09:43:40,970 | INFO |   -> to_dict/clean: 0.12s | loop(5010): 0.03s | insert(0): 0.00s | update(0): 0.00s | commit: 0.00s
2026-08-16 09:43:40,974 | INFO | چانک 107 | 5010 ردیف | clean: 0.01s | load: 0.15s | جمع کل: 563668 رکورد
2026-08-16 09:43:41,317 | INFO |   -> to_dict/clean: 0.14s | loop(5061): 0.06s | insert(0): 0.00s | update(0): 0.00s | commit: 0.00s
2026-08-16 09:43:41,333 | INFO | چانک 108 | 5061 ردیف | clean: 0.01s | load: 0.21s | جمع کل: 568729 رکورد
2026-08-16 09:43:41,545 | INFO |   -> to_dict/clean: 0.07s | loop(4818): 0.02s | insert(0): 0.00s | update(0): 0.00s | commit: 0.00s
2026-08-16 09:43:41,546 | INFO | چانک 109 | 4818 ردیف | clean: 0.01s | load: 0.10s | جمع کل: 573547 رکورد
2026-08-16 09:43:41,683 | INFO |   -> to_dict/clean: 0.06s | loop(4843): 0.02s | insert(0): 0.00s | update(0): 0.00s | commit: 0.00s
2026-08-16 09:43:41,684 | INFO | چانک 110 | 4843 ردیف | clean: 0.00s | load: 0.08s | جمع کل: 578390 رکورد
2026-08-16 09:43:41,882 | INFO |   -> to_dict/clean: 0.07s | loop(5810): 0.02s | insert(0): 0.00s | update(0): 0.00s | commit: 0.00s
2026-08-16 09:43:41,884 | INFO | چانک 111 | 5810 ردیف | clean: 0.00s | load: 0.10s | جمع کل: 584200 رکورد
2026-08-16 09:43:42,115 | INFO |   -> to_dict/clean: 0.11s | loop(5962): 0.02s | insert(0): 0.00s | update(0): 0.00s | commit: 0.00s
2026-08-16 09:43:42,117 | INFO | چانک 112 | 5962 ردیف | clean: 0.01s | load: 0.14s | جمع کل: 590162 رکورد
2026-08-16 09:43:42,310 | INFO |   -> to_dict/clean: 0.08s | loop(5760): 0.02s | insert(0): 0.00s | update(0): 0.00s | commit: 0.00s
2026-08-16 09:43:42,312 | INFO | چانک 113 | 5760 ردیف | clean: 0.01s | load: 0.11s | جمع کل: 595922 رکورد
2026-08-16 09:43:42,488 | INFO |   -> to_dict/clean: 0.09s | loop(5835): 0.03s | insert(0): 0.00s | update(0): 0.00s | commit: 0.00s
2026-08-16 09:43:42,490 | INFO | چانک 114 | 5835 ردیف | clean: 0.01s | load: 0.12s | جمع کل: 601757 رکورد
2026-08-16 09:43:42,698 | INFO |   -> to_dict/clean: 0.10s | loop(5970): 0.02s | insert(0): 0.00s | update(0): 0.00s | commit: 0.00s
2026-08-16 09:43:42,700 | INFO | چانک 115 | 5970 ردیف | clean: 0.01s | load: 0.13s | جمع کل: 607727 رکورد
2026-08-16 09:43:42,859 | INFO |   -> to_dict/clean: 0.07s | loop(5357): 0.02s | insert(0): 0.00s | update(0): 0.00s | commit: 0.00s
2026-08-16 09:43:42,860 | INFO | چانک 116 | 5357 ردیف | clean: 0.01s | load: 0.09s | جمع کل: 613084 رکورد
2026-08-16 09:43:43,060 | INFO |   -> to_dict/clean: 0.11s | loop(5502): 0.02s | insert(0): 0.00s | update(0): 0.00s | commit: 0.00s
2026-08-16 09:43:43,062 | INFO | چانک 117 | 5502 ردیف | clean: 0.01s | load: 0.14s | جمع کل: 618586 رکورد
2026-08-16 09:43:43,321 | INFO |   -> to_dict/clean: 0.10s | loop(5108): 0.04s | insert(0): 0.00s | update(0): 0.00s | commit: 0.00s
2026-08-16 09:43:43,336 | INFO | چانک 118 | 5108 ردیف | clean: 0.01s | load: 0.15s | جمع کل: 623694 رکورد
2026-08-16 09:43:43,545 | INFO |   -> to_dict/clean: 0.09s | loop(4750): 0.02s | insert(0): 0.00s | update(0): 0.00s | commit: 0.00s
2026-08-16 09:43:43,547 | INFO | چانک 119 | 4750 ردیف | clean: 0.01s | load: 0.11s | جمع کل: 628444 رکورد
2026-08-16 09:43:43,743 | INFO |   -> to_dict/clean: 0.10s | loop(4889): 0.02s | insert(0): 0.00s | update(0): 0.00s | commit: 0.00s
2026-08-16 09:43:43,745 | INFO | چانک 120 | 4889 ردیف | clean: 0.01s | load: 0.12s | جمع کل: 633333 رکورد
2026-08-16 09:43:43,881 | INFO |   -> to_dict/clean: 0.06s | loop(4687): 0.02s | insert(0): 0.00s | update(0): 0.00s | commit: 0.00s
2026-08-16 09:43:43,882 | INFO | چانک 121 | 4687 ردیف | clean: 0.01s | load: 0.08s | جمع کل: 638020 رکورد
2026-08-16 09:43:44,116 | INFO |   -> to_dict/clean: 0.12s | loop(5427): 0.02s | insert(0): 0.00s | update(0): 0.00s | commit: 0.00s
2026-08-16 09:43:44,118 | INFO | چانک 122 | 5427 ردیف | clean: 0.01s | load: 0.14s | جمع کل: 643447 رکورد
2026-08-16 09:43:44,428 | INFO |   -> to_dict/clean: 0.15s | loop(5188): 0.03s | insert(0): 0.00s | update(0): 0.00s | commit: 0.00s
2026-08-16 09:43:44,433 | INFO | چانک 123 | 5188 ردیف | clean: 0.02s | load: 0.19s | جمع کل: 648635 رکورد
2026-08-16 09:43:44,722 | INFO |   -> to_dict/clean: 0.14s | loop(5067): 0.04s | insert(0): 0.00s | update(0): 0.00s | commit: 0.00s
2026-08-16 09:43:44,726 | INFO | چانک 124 | 5067 ردیف | clean: 0.01s | load: 0.18s | جمع کل: 653702 رکورد
2026-08-16 09:43:45,000 | INFO |   -> to_dict/clean: 0.12s | loop(5058): 0.03s | insert(0): 0.00s | update(0): 0.00s | commit: 0.00s
2026-08-16 09:43:45,002 | INFO | چانک 125 | 5058 ردیف | clean: 0.01s | load: 0.16s | جمع کل: 658760 رکورد
2026-08-16 09:43:45,302 | INFO |   -> to_dict/clean: 0.15s | loop(4809): 0.04s | insert(0): 0.00s | update(0): 0.00s | commit: 0.00s
2026-08-16 09:43:45,304 | INFO | چانک 126 | 4809 ردیف | clean: 0.01s | load: 0.19s | جمع کل: 663569 رکورد
2026-08-16 09:43:45,511 | INFO |   -> to_dict/clean: 0.07s | loop(5022): 0.02s | insert(0): 0.00s | update(0): 0.00s | commit: 0.00s
2026-08-16 09:43:45,512 | INFO | چانک 127 | 5022 ردیف | clean: 0.01s | load: 0.09s | جمع کل: 668591 رکورد
2026-08-16 09:43:45,709 | INFO |   -> to_dict/clean: 0.07s | loop(6055): 0.03s | insert(0): 0.00s | update(0): 0.00s | commit: 0.00s
2026-08-16 09:43:45,711 | INFO | چانک 128 | 6055 ردیف | clean: 0.00s | load: 0.10s | جمع کل: 674646 رکورد
2026-08-16 09:43:45,901 | INFO |   -> to_dict/clean: 0.07s | loop(5793): 0.02s | insert(0): 0.00s | update(0): 0.00s | commit: 0.00s
2026-08-16 09:43:45,902 | INFO | چانک 129 | 5793 ردیف | clean: 0.01s | load: 0.10s | جمع کل: 680439 رکورد
2026-08-16 09:43:46,106 | INFO |   -> to_dict/clean: 0.09s | loop(5672): 0.02s | insert(0): 0.00s | update(0): 0.00s | commit: 0.00s
2026-08-16 09:43:46,108 | INFO | چانک 130 | 5672 ردیف | clean: 0.01s | load: 0.11s | جمع کل: 686111 رکورد
2026-08-16 09:43:46,269 | INFO |   -> to_dict/clean: 0.07s | loop(5992): 0.02s | insert(0): 0.00s | update(0): 0.00s | commit: 0.00s
2026-08-16 09:43:46,271 | INFO | چانک 131 | 5992 ردیف | clean: 0.01s | load: 0.10s | جمع کل: 692103 رکورد
2026-08-16 09:43:46,421 | INFO |   -> to_dict/clean: 0.07s | loop(5585): 0.02s | insert(0): 0.00s | update(0): 0.00s | commit: 0.00s
2026-08-16 09:43:46,423 | INFO | چانک 132 | 5585 ردیف | clean: 0.01s | load: 0.09s | جمع کل: 697688 رکورد
2026-08-16 09:43:46,575 | INFO |   -> to_dict/clean: 0.06s | loop(5112): 0.02s | insert(0): 0.00s | update(0): 0.00s | commit: 0.00s
2026-08-16 09:43:46,576 | INFO | چانک 133 | 5112 ردیف | clean: 0.01s | load: 0.08s | جمع کل: 702800 رکورد
2026-08-16 09:43:46,768 | INFO |   -> to_dict/clean: 0.07s | loop(5567): 0.05s | insert(0): 0.00s | update(0): 0.00s | commit: 0.00s
2026-08-16 09:43:46,797 | INFO | چانک 134 | 5567 ردیف | clean: 0.01s | load: 0.15s | جمع کل: 708367 رکورد
2026-08-16 09:43:47,062 | INFO |   -> to_dict/clean: 0.11s | loop(4833): 0.03s | insert(0): 0.00s | update(0): 0.00s | commit: 0.00s
2026-08-16 09:43:47,065 | INFO | چانک 135 | 4833 ردیف | clean: 0.01s | load: 0.14s | جمع کل: 713200 رکورد
2026-08-16 09:43:47,224 | INFO |   -> to_dict/clean: 0.06s | loop(4645): 0.02s | insert(0): 0.00s | update(0): 0.00s | commit: 0.00s
2026-08-16 09:43:47,226 | INFO | چانک 136 | 4645 ردیف | clean: 0.00s | load: 0.08s | جمع کل: 717845 رکورد
2026-08-16 09:43:47,375 | INFO |   -> to_dict/clean: 0.06s | loop(4833): 0.02s | insert(0): 0.00s | update(0): 0.00s | commit: 0.00s
2026-08-16 09:43:47,376 | INFO | چانک 137 | 4833 ردیف | clean: 0.00s | load: 0.08s | جمع کل: 722678 رکورد
2026-08-16 09:43:47,528 | INFO |   -> to_dict/clean: 0.06s | loop(4791): 0.02s | insert(0): 0.00s | update(0): 0.00s | commit: 0.00s
2026-08-16 09:43:47,530 | INFO | چانک 138 | 4791 ردیف | clean: 0.01s | load: 0.08s | جمع کل: 727469 رکورد
2026-08-16 09:43:47,697 | INFO |   -> to_dict/clean: 0.07s | loop(5360): 0.02s | insert(0): 0.00s | update(0): 0.00s | commit: 0.00s
2026-08-16 09:43:47,699 | INFO | چانک 139 | 5360 ردیف | clean: 0.01s | load: 0.09s | جمع کل: 732829 رکورد
2026-08-16 09:43:47,839 | INFO |   -> to_dict/clean: 0.06s | loop(5192): 0.02s | insert(0): 0.00s | update(0): 0.00s | commit: 0.00s
2026-08-16 09:43:47,841 | INFO | چانک 140 | 5192 ردیف | clean: 0.00s | load: 0.08s | جمع کل: 738021 رکورد
2026-08-16 09:43:48,035 | INFO |   -> to_dict/clean: 0.08s | loop(4991): 0.03s | insert(0): 0.00s | update(0): 0.00s | commit: 0.00s
2026-08-16 09:43:48,037 | INFO | چانک 141 | 4991 ردیف | clean: 0.00s | load: 0.12s | جمع کل: 743012 رکورد
2026-08-16 09:43:48,186 | INFO |   -> to_dict/clean: 0.06s | loop(4946): 0.02s | insert(0): 0.00s | update(0): 0.00s | commit: 0.00s
2026-08-16 09:43:48,187 | INFO | چانک 142 | 4946 ردیف | clean: 0.00s | load: 0.08s | جمع کل: 747958 رکورد
2026-08-16 09:43:48,318 | INFO |   -> to_dict/clean: 0.06s | loop(4721): 0.02s | insert(0): 0.00s | update(0): 0.00s | commit: 0.00s
2026-08-16 09:43:48,319 | INFO | چانک 143 | 4721 ردیف | clean: 0.00s | load: 0.08s | جمع کل: 752679 رکورد
2026-08-16 09:43:48,473 | INFO |   -> to_dict/clean: 0.06s | loop(5239): 0.02s | insert(0): 0.00s | update(0): 0.00s | commit: 0.00s
2026-08-16 09:43:48,475 | INFO | چانک 144 | 5239 ردیف | clean: 0.00s | load: 0.09s | جمع کل: 757918 رکورد
2026-08-16 09:43:48,650 | INFO |   -> to_dict/clean: 0.07s | loop(5748): 0.02s | insert(0): 0.00s | update(0): 0.00s | commit: 0.00s
2026-08-16 09:43:48,652 | INFO | چانک 145 | 5748 ردیف | clean: 0.00s | load: 0.09s | جمع کل: 763666 رکورد
2026-08-16 09:43:48,864 | INFO |   -> to_dict/clean: 0.13s | loop(5862): 0.02s | insert(0): 0.00s | update(0): 0.00s | commit: 0.00s
2026-08-16 09:43:48,866 | INFO | چانک 146 | 5862 ردیف | clean: 0.01s | load: 0.15s | جمع کل: 769528 رکورد
2026-08-16 09:43:49,077 | INFO |   -> to_dict/clean: 0.10s | loop(5745): 0.02s | insert(0): 0.00s | update(0): 0.00s | commit: 0.00s
2026-08-16 09:43:49,079 | INFO | چانک 147 | 5745 ردیف | clean: 0.01s | load: 0.13s | جمع کل: 775273 رکورد
2026-08-16 09:43:49,245 | INFO |   -> to_dict/clean: 0.07s | loop(5699): 0.02s | insert(0): 0.00s | update(0): 0.00s | commit: 0.00s
2026-08-16 09:43:49,247 | INFO | چانک 148 | 5699 ردیف | clean: 0.00s | load: 0.09s | جمع کل: 780972 رکورد
2026-08-16 09:43:49,395 | INFO |   -> to_dict/clean: 0.07s | loop(5710): 0.02s | insert(0): 0.00s | update(0): 0.00s | commit: 0.00s
2026-08-16 09:43:49,397 | INFO | چانک 149 | 5710 ردیف | clean: 0.01s | load: 0.09s | جمع کل: 786682 رکورد
2026-08-16 09:43:49,540 | INFO |   -> to_dict/clean: 0.07s | loop(5130): 0.02s | insert(0): 0.00s | update(0): 0.00s | commit: 0.00s
2026-08-16 09:43:49,542 | INFO | چانک 150 | 5130 ردیف | clean: 0.01s | load: 0.09s | جمع کل: 791812 رکورد
2026-08-16 09:43:49,819 | INFO |   -> to_dict/clean: 0.09s | loop(5715): 0.03s | insert(0): 0.00s | update(0): 0.00s | commit: 0.00s
2026-08-16 09:43:49,822 | INFO | چانک 151 | 5715 ردیف | clean: 0.01s | load: 0.12s | جمع کل: 797527 رکورد
2026-08-16 09:43:50,012 | INFO |   -> to_dict/clean: 0.06s | loop(4845): 0.03s | insert(0): 0.00s | update(0): 0.00s | commit: 0.00s
2026-08-16 09:43:50,014 | INFO | چانک 152 | 4845 ردیف | clean: 0.00s | load: 0.09s | جمع کل: 802372 رکورد
2026-08-16 09:43:50,168 | INFO |   -> to_dict/clean: 0.06s | loop(4789): 0.02s | insert(0): 0.00s | update(0): 0.00s | commit: 0.00s
2026-08-16 09:43:50,170 | INFO | چانک 153 | 4789 ردیف | clean: 0.00s | load: 0.08s | جمع کل: 807161 رکورد
2026-08-16 09:43:50,309 | INFO |   -> to_dict/clean: 0.06s | loop(4895): 0.02s | insert(0): 0.00s | update(0): 0.00s | commit: 0.00s
2026-08-16 09:43:50,310 | INFO | چانک 154 | 4895 ردیف | clean: 0.00s | load: 0.08s | جمع کل: 812056 رکورد
2026-08-16 09:43:50,456 | INFO |   -> to_dict/clean: 0.07s | loop(5021): 0.02s | insert(0): 0.00s | update(0): 0.00s | commit: 0.00s
2026-08-16 09:43:50,457 | INFO | چانک 155 | 5021 ردیف | clean: 0.01s | load: 0.09s | جمع کل: 817077 رکورد
2026-08-16 09:43:50,618 | INFO |   -> to_dict/clean: 0.07s | loop(5380): 0.02s | insert(0): 0.00s | update(0): 0.00s | commit: 0.00s
2026-08-16 09:43:50,620 | INFO | چانک 156 | 5380 ردیف | clean: 0.01s | load: 0.10s | جمع کل: 822457 رکورد
2026-08-16 09:43:50,768 | INFO |   -> to_dict/clean: 0.06s | loop(5179): 0.02s | insert(0): 0.00s | update(0): 0.00s | commit: 0.00s
2026-08-16 09:43:50,770 | INFO | چانک 157 | 5179 ردیف | clean: 0.00s | load: 0.08s | جمع کل: 827636 رکورد
2026-08-16 09:43:50,969 | INFO |   -> to_dict/clean: 0.10s | loop(5105): 0.03s | insert(0): 0.00s | update(0): 0.00s | commit: 0.00s
2026-08-16 09:43:50,972 | INFO | چانک 158 | 5105 ردیف | clean: 0.01s | load: 0.13s | جمع کل: 832741 رکورد
2026-08-16 09:43:51,144 | INFO |   -> to_dict/clean: 0.06s | loop(5014): 0.02s | insert(0): 0.00s | update(0): 0.00s | commit: 0.00s
2026-08-16 09:43:51,146 | INFO | چانک 159 | 5014 ردیف | clean: 0.00s | load: 0.08s | جمع کل: 837755 رکورد
2026-08-16 09:43:51,277 | INFO |   -> to_dict/clean: 0.06s | loop(4695): 0.02s | insert(0): 0.00s | update(0): 0.00s | commit: 0.00s
2026-08-16 09:43:51,279 | INFO | چانک 160 | 4695 ردیف | clean: 0.00s | load: 0.07s | جمع کل: 842450 رکورد
2026-08-16 09:43:51,436 | INFO |   -> to_dict/clean: 0.07s | loop(5551): 0.02s | insert(0): 0.00s | update(0): 0.00s | commit: 0.00s
2026-08-16 09:43:51,438 | INFO | چانک 161 | 5551 ردیف | clean: 0.00s | load: 0.09s | جمع کل: 848001 رکورد
2026-08-16 09:43:51,595 | INFO |   -> to_dict/clean: 0.07s | loop(5551): 0.02s | insert(0): 0.00s | update(0): 0.00s | commit: 0.00s
2026-08-16 09:43:51,597 | INFO | چانک 162 | 5551 ردیف | clean: 0.01s | load: 0.09s | جمع کل: 853552 رکورد
2026-08-16 09:43:51,792 | INFO |   -> to_dict/clean: 0.07s | loop(5786): 0.02s | insert(0): 0.00s | update(0): 0.00s | commit: 0.00s
2026-08-16 09:43:51,794 | INFO | چانک 163 | 5786 ردیف | clean: 0.01s | load: 0.10s | جمع کل: 859338 رکورد
2026-08-16 09:43:52,070 | INFO |   -> to_dict/clean: 0.14s | loop(5710): 0.04s | insert(0): 0.00s | update(0): 0.00s | commit: 0.00s
2026-08-16 09:43:52,073 | INFO | چانک 164 | 5710 ردیف | clean: 0.01s | load: 0.18s | جمع کل: 865048 رکورد
2026-08-16 09:43:52,261 | INFO |   -> to_dict/clean: 0.08s | loop(5966): 0.02s | insert(0): 0.00s | update(0): 0.00s | commit: 0.00s
2026-08-16 09:43:52,263 | INFO | چانک 165 | 5966 ردیف | clean: 0.01s | load: 0.10s | جمع کل: 871014 رکورد
2026-08-16 09:43:52,417 | INFO |   -> to_dict/clean: 0.07s | loop(5274): 0.02s | insert(0): 0.00s | update(0): 0.00s | commit: 0.00s
2026-08-16 09:43:52,420 | INFO | چانک 166 | 5274 ردیف | clean: 0.01s | load: 0.09s | جمع کل: 876288 رکورد
2026-08-16 09:43:52,574 | INFO |   -> to_dict/clean: 0.07s | loop(5364): 0.02s | insert(0): 0.00s | update(0): 0.00s | commit: 0.00s
2026-08-16 09:43:52,576 | INFO | چانک 167 | 5364 ردیف | clean: 0.01s | load: 0.09s | جمع کل: 881652 رکورد
2026-08-16 09:43:52,811 | INFO |   -> to_dict/clean: 0.13s | loop(5289): 0.03s | insert(0): 0.00s | update(0): 0.00s | commit: 0.00s
2026-08-16 09:43:52,822 | INFO | چانک 168 | 5289 ردیف | clean: 0.00s | load: 0.18s | جمع کل: 886941 رکورد
2026-08-16 09:43:53,050 | INFO |   -> to_dict/clean: 0.11s | loop(4738): 0.02s | insert(0): 0.00s | update(0): 0.00s | commit: 0.00s
2026-08-16 09:43:53,053 | INFO | چانک 169 | 4738 ردیف | clean: 0.01s | load: 0.14s | جمع کل: 891679 رکورد
2026-08-16 09:43:53,190 | INFO |   -> to_dict/clean: 0.06s | loop(4780): 0.02s | insert(0): 0.00s | update(0): 0.00s | commit: 0.00s
2026-08-16 09:43:53,192 | INFO | چانک 170 | 4780 ردیف | clean: 0.00s | load: 0.08s | جمع کل: 896459 رکورد
2026-08-16 09:43:53,324 | INFO |   -> to_dict/clean: 0.06s | loop(4496): 0.02s | insert(0): 0.00s | update(0): 0.00s | commit: 0.00s
2026-08-16 09:43:53,325 | INFO | چانک 171 | 4496 ردیف | clean: 0.00s | load: 0.08s | جمع کل: 900955 رکورد
2026-08-16 09:43:53,515 | INFO |   -> to_dict/clean: 0.09s | loop(5299): 0.02s | insert(0): 0.00s | update(0): 0.00s | commit: 0.00s
2026-08-16 09:43:53,517 | INFO | چانک 172 | 5299 ردیف | clean: 0.01s | load: 0.11s | جمع کل: 906254 رکورد
2026-08-16 09:43:53,693 | INFO |   -> to_dict/clean: 0.07s | loop(5338): 0.02s | insert(0): 0.00s | update(0): 0.00s | commit: 0.00s
2026-08-16 09:43:53,695 | INFO | چانک 173 | 5338 ردیف | clean: 0.01s | load: 0.09s | جمع کل: 911592 رکورد
2026-08-16 09:43:53,838 | INFO |   -> to_dict/clean: 0.06s | loop(5274): 0.02s | insert(0): 0.00s | update(0): 0.00s | commit: 0.00s
2026-08-16 09:43:53,840 | INFO | چانک 174 | 5274 ردیف | clean: 0.01s | load: 0.09s | جمع کل: 916866 رکورد
2026-08-16 09:43:53,986 | INFO |   -> to_dict/clean: 0.07s | loop(4956): 0.02s | insert(0): 0.00s | update(0): 0.00s | commit: 0.00s
2026-08-16 09:43:53,988 | INFO | چانک 175 | 4956 ردیف | clean: 0.01s | load: 0.09s | جمع کل: 921822 رکورد
2026-08-16 09:43:54,265 | INFO |   -> to_dict/clean: 0.11s | loop(4890): 0.02s | insert(0): 0.00s | update(0): 0.00s | commit: 0.00s
2026-08-16 09:43:54,267 | INFO | چانک 176 | 4890 ردیف | clean: 0.01s | load: 0.13s | جمع کل: 926712 رکورد
2026-08-16 09:43:54,437 | INFO |   -> to_dict/clean: 0.06s | loop(4737): 0.02s | insert(0): 0.00s | update(0): 0.00s | commit: 0.00s
2026-08-16 09:43:54,438 | INFO | چانک 177 | 4737 ردیف | clean: 0.01s | load: 0.08s | جمع کل: 931449 رکورد
2026-08-16 09:43:54,606 | INFO |   -> to_dict/clean: 0.07s | loop(5873): 0.02s | insert(0): 0.00s | update(0): 0.00s | commit: 0.00s
2026-08-16 09:43:54,608 | INFO | چانک 178 | 5873 ردیف | clean: 0.00s | load: 0.09s | جمع کل: 937322 رکورد
2026-08-16 09:43:54,814 | INFO |   -> to_dict/clean: 0.12s | loop(5793): 0.02s | insert(0): 0.00s | update(0): 0.00s | commit: 0.00s
2026-08-16 09:43:54,816 | INFO | چانک 179 | 5793 ردیف | clean: 0.01s | load: 0.15s | جمع کل: 943115 رکورد
2026-08-16 09:43:55,098 | INFO |   -> to_dict/clean: 0.14s | loop(5870): 0.04s | insert(0): 0.00s | update(0): 0.00s | commit: 0.00s
2026-08-16 09:43:55,101 | INFO | چانک 180 | 5870 ردیف | clean: 0.01s | load: 0.18s | جمع کل: 948985 رکورد
2026-08-16 09:43:55,379 | INFO |   -> to_dict/clean: 0.13s | loop(5688): 0.03s | insert(0): 0.00s | update(0): 0.00s | commit: 0.00s
2026-08-16 09:43:55,381 | INFO | چانک 181 | 5688 ردیف | clean: 0.01s | load: 0.17s | جمع کل: 954673 رکورد
2026-08-16 09:43:55,545 | INFO |   -> to_dict/clean: 0.07s | loop(5985): 0.02s | insert(0): 0.00s | update(0): 0.00s | commit: 0.00s
2026-08-16 09:43:55,547 | INFO | چانک 182 | 5985 ردیف | clean: 0.01s | load: 0.10s | جمع کل: 960658 رکورد
2026-08-16 09:43:55,693 | INFO |   -> to_dict/clean: 0.07s | loop(5456): 0.02s | insert(0): 0.00s | update(0): 0.00s | commit: 0.00s
2026-08-16 09:43:55,695 | INFO | چانک 183 | 5456 ردیف | clean: 0.00s | load: 0.09s | جمع کل: 966114 رکورد
2026-08-16 09:43:55,899 | INFO |   -> to_dict/clean: 0.12s | loop(5382): 0.02s | insert(0): 0.00s | update(0): 0.00s | commit: 0.00s
2026-08-16 09:43:55,901 | INFO | چانک 184 | 5382 ردیف | clean: 0.01s | load: 0.14s | جمع کل: 971496 رکورد
2026-08-16 09:43:56,114 | INFO |   -> to_dict/clean: 0.09s | loop(5250): 0.02s | insert(0): 0.00s | update(0): 0.00s | commit: 0.00s
2026-08-16 09:43:56,116 | INFO | چانک 185 | 5250 ردیف | clean: 0.01s | load: 0.11s | جمع کل: 976746 رکورد
2026-08-16 09:43:56,307 | INFO |   -> to_dict/clean: 0.10s | loop(4801): 0.03s | insert(0): 0.00s | update(0): 0.00s | commit: 0.00s
2026-08-16 09:43:56,309 | INFO | چانک 186 | 4801 ردیف | clean: 0.01s | load: 0.13s | جمع کل: 981547 رکورد
2026-08-16 09:43:56,452 | INFO |   -> to_dict/clean: 0.06s | loop(4846): 0.02s | insert(0): 0.00s | update(0): 0.00s | commit: 0.00s
2026-08-16 09:43:56,454 | INFO | چانک 187 | 4846 ردیف | clean: 0.00s | load: 0.08s | جمع کل: 986393 رکورد
2026-08-16 09:43:56,660 | INFO |   -> to_dict/clean: 0.09s | loop(4691): 0.04s | insert(0): 0.00s | update(0): 0.00s | commit: 0.00s
2026-08-16 09:43:56,695 | INFO | چانک 188 | 4691 ردیف | clean: 0.01s | load: 0.16s | جمع کل: 991084 رکورد
2026-08-16 09:43:56,935 | INFO |   -> to_dict/clean: 0.11s | loop(5296): 0.02s | insert(0): 0.00s | update(0): 0.00s | commit: 0.00s
2026-08-16 09:43:56,938 | INFO | چانک 189 | 5296 ردیف | clean: 0.00s | load: 0.13s | جمع کل: 996380 رکورد
2026-08-16 09:43:57,140 | INFO |   -> to_dict/clean: 0.07s | loop(5356): 0.02s | insert(0): 0.00s | update(0): 0.00s | commit: 0.00s
2026-08-16 09:43:57,142 | INFO | چانک 190 | 5356 ردیف | clean: 0.01s | load: 0.09s | جمع کل: 1001736 رکورد
2026-08-16 09:43:57,279 | INFO |   -> to_dict/clean: 0.06s | loop(5063): 0.02s | insert(0): 0.00s | update(0): 0.00s | commit: 0.00s
2026-08-16 09:43:57,280 | INFO | چانک 191 | 5063 ردیف | clean: 0.00s | load: 0.08s | جمع کل: 1006799 رکورد
2026-08-16 09:43:57,420 | INFO |   -> to_dict/clean: 0.06s | loop(4969): 0.02s | insert(0): 0.00s | update(0): 0.00s | commit: 0.00s
2026-08-16 09:43:57,423 | INFO | چانک 192 | 4969 ردیف | clean: 0.00s | load: 0.09s | جمع کل: 1011768 رکورد
2026-08-16 09:43:57,603 | INFO |   -> to_dict/clean: 0.08s | loop(4762): 0.02s | insert(0): 0.00s | update(0): 0.00s | commit: 0.00s
2026-08-16 09:43:57,608 | INFO | چانک 193 | 4762 ردیف | clean: 0.01s | load: 0.11s | جمع کل: 1016530 رکورد
2026-08-16 09:43:57,779 | INFO |   -> to_dict/clean: 0.06s | loop(4945): 0.02s | insert(0): 0.00s | update(0): 0.00s | commit: 0.00s
2026-08-16 09:43:57,780 | INFO | چانک 194 | 4945 ردیف | clean: 0.00s | load: 0.08s | جمع کل: 1021475 رکورد
2026-08-16 09:43:57,969 | INFO |   -> to_dict/clean: 0.08s | loop(6267): 0.02s | insert(0): 0.00s | update(0): 0.00s | commit: 0.00s
2026-08-16 09:43:57,971 | INFO | چانک 195 | 6267 ردیف | clean: 0.01s | load: 0.10s | جمع کل: 1027742 رکورد
2026-08-16 09:43:58,156 | INFO |   -> to_dict/clean: 0.09s | loop(5912): 0.03s | insert(0): 0.00s | update(0): 0.00s | commit: 0.00s
2026-08-16 09:43:58,158 | INFO | چانک 196 | 5912 ردیف | clean: 0.01s | load: 0.12s | جمع کل: 1033654 رکورد
2026-08-16 09:43:58,339 | INFO |   -> to_dict/clean: 0.07s | loop(5769): 0.02s | insert(0): 0.00s | update(0): 0.00s | commit: 0.00s
2026-08-16 09:43:58,341 | INFO | چانک 197 | 5769 ردیف | clean: 0.01s | load: 0.10s | جمع کل: 1039423 رکورد
2026-08-16 09:43:58,498 | INFO |   -> to_dict/clean: 0.08s | loop(5931): 0.02s | insert(0): 0.00s | update(0): 0.00s | commit: 0.00s
2026-08-16 09:43:58,500 | INFO | چانک 198 | 5931 ردیف | clean: 0.01s | load: 0.10s | جمع کل: 1045354 رکورد
2026-08-16 09:43:58,642 | INFO |   -> to_dict/clean: 0.07s | loop(5167): 0.02s | insert(0): 0.00s | update(0): 0.00s | commit: 0.00s
2026-08-16 09:43:58,644 | INFO | چانک 199 | 5167 ردیف | clean: 0.01s | load: 0.09s | جمع کل: 1050521 رکورد
2026-08-16 09:43:58,799 | INFO |   -> to_dict/clean: 0.07s | loop(5239): 0.02s | insert(0): 0.00s | update(0): 0.00s | commit: 0.00s
2026-08-16 09:43:58,800 | INFO | چانک 200 | 5239 ردیف | clean: 0.01s | load: 0.09s | جمع کل: 1055760 رکورد
2026-08-16 09:43:58,968 | INFO |   -> to_dict/clean: 0.07s | loop(5402): 0.02s | insert(0): 0.00s | update(0): 0.00s | commit: 0.00s
2026-08-16 09:43:58,970 | INFO | چانک 201 | 5402 ردیف | clean: 0.00s | load: 0.09s | جمع کل: 1061162 رکورد
2026-08-16 09:43:59,160 | INFO |   -> to_dict/clean: 0.09s | loop(4956): 0.02s | insert(0): 0.00s | update(0): 0.00s | commit: 0.00s
2026-08-16 09:43:59,162 | INFO | چانک 202 | 4956 ردیف | clean: 0.01s | load: 0.11s | جمع کل: 1066118 رکورد
2026-08-16 09:43:59,348 | INFO |   -> to_dict/clean: 0.08s | loop(4854): 0.02s | insert(0): 0.00s | update(0): 0.00s | commit: 0.00s
2026-08-16 09:43:59,350 | INFO | چانک 203 | 4854 ردیف | clean: 0.01s | load: 0.10s | جمع کل: 1070972 رکورد
2026-08-16 09:43:59,503 | INFO |   -> to_dict/clean: 0.06s | loop(4672): 0.02s | insert(0): 0.00s | update(0): 0.00s | commit: 0.00s
2026-08-16 09:43:59,505 | INFO | چانک 204 | 4672 ردیف | clean: 0.00s | load: 0.08s | جمع کل: 1075644 رکورد
2026-08-16 09:43:59,727 | INFO |   -> to_dict/clean: 0.14s | loop(5213): 0.02s | insert(0): 0.00s | update(0): 0.00s | commit: 0.00s
2026-08-16 09:43:59,728 | INFO | چانک 205 | 5213 ردیف | clean: 0.00s | load: 0.17s | جمع کل: 1080857 رکورد
2026-08-16 09:43:59,956 | INFO |   -> to_dict/clean: 0.11s | loop(5333): 0.02s | insert(0): 0.00s | update(0): 0.00s | commit: 0.00s
2026-08-16 09:43:59,958 | INFO | چانک 206 | 5333 ردیف | clean: 0.01s | load: 0.13s | جمع کل: 1086190 رکورد
2026-08-16 09:44:00,112 | INFO |   -> to_dict/clean: 0.06s | loop(5208): 0.02s | insert(0): 0.00s | update(0): 0.00s | commit: 0.00s
2026-08-16 09:44:00,114 | INFO | چانک 207 | 5208 ردیف | clean: 0.00s | load: 0.08s | جمع کل: 1091398 رکورد
2026-08-16 09:44:00,343 | INFO |   -> to_dict/clean: 0.10s | loop(5009): 0.02s | insert(0): 0.00s | update(0): 0.00s | commit: 0.00s
2026-08-16 09:44:00,345 | INFO | چانک 208 | 5009 ردیف | clean: 0.01s | load: 0.12s | جمع کل: 1096407 رکورد
2026-08-16 09:44:00,482 | INFO |   -> to_dict/clean: 0.06s | loop(5007): 0.02s | insert(0): 0.00s | update(0): 0.00s | commit: 0.00s
2026-08-16 09:44:00,484 | INFO | چانک 209 | 5007 ردیف | clean: 0.00s | load: 0.08s | جمع کل: 1101414 رکورد
2026-08-16 09:44:00,642 | INFO |   -> to_dict/clean: 0.06s | loop(4887): 0.02s | insert(0): 0.00s | update(0): 0.00s | commit: 0.00s
2026-08-16 09:44:00,644 | INFO | چانک 210 | 4887 ردیف | clean: 0.00s | load: 0.08s | جمع کل: 1106301 رکورد
2026-08-16 09:44:00,813 | INFO |   -> to_dict/clean: 0.07s | loop(5429): 0.02s | insert(0): 0.00s | update(0): 0.00s | commit: 0.00s
2026-08-16 09:44:00,815 | INFO | چانک 211 | 5429 ردیف | clean: 0.01s | load: 0.09s | جمع کل: 1111730 رکورد
2026-08-16 09:44:00,972 | INFO |   -> to_dict/clean: 0.07s | loop(5565): 0.02s | insert(0): 0.00s | update(0): 0.00s | commit: 0.00s
2026-08-16 09:44:00,974 | INFO | چانک 212 | 5565 ردیف | clean: 0.00s | load: 0.09s | جمع کل: 1117295 رکورد
2026-08-16 09:44:01,149 | INFO |   -> to_dict/clean: 0.08s | loop(6029): 0.02s | insert(0): 0.00s | update(0): 0.00s | commit: 0.00s
2026-08-16 09:44:01,151 | INFO | چانک 213 | 6029 ردیف | clean: 0.01s | load: 0.10s | جمع کل: 1123324 رکورد
2026-08-16 09:44:01,327 | INFO |   -> to_dict/clean: 0.07s | loop(5752): 0.02s | insert(0): 0.00s | update(0): 0.00s | commit: 0.00s
2026-08-16 09:44:01,329 | INFO | چانک 214 | 5752 ردیف | clean: 0.01s | load: 0.09s | جمع کل: 1129076 رکورد
2026-08-16 09:44:01,509 | INFO |   -> to_dict/clean: 0.07s | loop(5926): 0.02s | insert(0): 0.00s | update(0): 0.00s | commit: 0.00s
2026-08-16 09:44:01,511 | INFO | چانک 215 | 5926 ردیف | clean: 0.01s | load: 0.10s | جمع کل: 1135002 رکورد
2026-08-16 09:44:01,666 | INFO |   -> to_dict/clean: 0.07s | loop(5459): 0.02s | insert(0): 0.00s | update(0): 0.00s | commit: 0.00s
2026-08-16 09:44:01,668 | INFO | چانک 216 | 5459 ردیف | clean: 0.01s | load: 0.10s | جمع کل: 1140461 رکورد
2026-08-16 09:44:01,854 | INFO |   -> to_dict/clean: 0.08s | loop(5519): 0.02s | insert(0): 0.00s | update(0): 0.00s | commit: 0.00s
2026-08-16 09:44:01,856 | INFO | چانک 217 | 5519 ردیف | clean: 0.01s | load: 0.10s | جمع کل: 1145980 رکورد
2026-08-16 09:44:02,019 | INFO |   -> to_dict/clean: 0.07s | loop(5288): 0.03s | insert(0): 0.00s | update(0): 0.00s | commit: 0.00s
2026-08-16 09:44:02,021 | INFO | چانک 218 | 5288 ردیف | clean: 0.00s | load: 0.09s | جمع کل: 1151268 رکورد
2026-08-16 09:44:02,179 | INFO |   -> to_dict/clean: 0.08s | loop(4907): 0.02s | insert(0): 0.00s | update(0): 0.00s | commit: 0.00s
2026-08-16 09:44:02,181 | INFO | چانک 219 | 4907 ردیف | clean: 0.00s | load: 0.10s | جمع کل: 1156175 رکورد
2026-08-16 09:44:02,838 | INFO |   -> to_dict/clean: 0.07s | loop(4897): 0.04s | insert(4895): 0.45s | update(1): 0.01s | commit: 0.01s
2026-08-16 09:44:02,841 | INFO | چانک 220 | 4897 ردیف | clean: 0.01s | load: 0.57s | جمع کل: 1161072 رکورد
2026-08-16 09:44:03,512 | INFO |   -> to_dict/clean: 0.06s | loop(4612): 0.01s | insert(4612): 0.48s | update(0): 0.00s | commit: 0.02s
2026-08-16 09:44:03,514 | INFO | چانک 221 | 4612 ردیف | clean: 0.00s | load: 0.57s | جمع کل: 1165684 رکورد
2026-08-16 09:44:04,226 | INFO |   -> to_dict/clean: 0.10s | loop(5183): 0.02s | insert(5182): 0.51s | update(0): 0.00s | commit: 0.01s
2026-08-16 09:44:04,229 | INFO | چانک 222 | 5183 ردیف | clean: 0.01s | load: 0.64s | جمع کل: 1170867 رکورد
2026-08-16 09:44:04,958 | INFO |   -> to_dict/clean: 0.08s | loop(5229): 0.02s | insert(5229): 0.51s | update(0): 0.00s | commit: 0.01s
2026-08-16 09:44:04,960 | INFO | چانک 223 | 5229 ردیف | clean: 0.01s | load: 0.62s | جمع کل: 1176096 رکورد
2026-08-16 09:44:05,773 | INFO |   -> to_dict/clean: 0.15s | loop(5095): 0.04s | insert(5095): 0.53s | update(0): 0.00s | commit: 0.01s
2026-08-16 09:44:05,775 | INFO | چانک 224 | 5095 ردیف | clean: 0.00s | load: 0.73s | جمع کل: 1181191 رکورد
2026-08-16 09:44:06,493 | INFO |   -> to_dict/clean: 0.08s | loop(4984): 0.01s | insert(4984): 0.49s | update(0): 0.00s | commit: 0.01s
2026-08-16 09:44:06,495 | INFO | چانک 225 | 4984 ردیف | clean: 0.01s | load: 0.60s | جمع کل: 1186175 رکورد
2026-08-16 09:44:07,153 | INFO |   -> to_dict/clean: 0.06s | loop(4952): 0.02s | insert(4952): 0.48s | update(0): 0.00s | commit: 0.01s
2026-08-16 09:44:07,156 | INFO | چانک 226 | 4952 ردیف | clean: 0.00s | load: 0.57s | جمع کل: 1191127 رکورد
2026-08-16 09:44:07,901 | INFO |   -> to_dict/clean: 0.07s | loop(4888): 0.01s | insert(4888): 0.48s | update(0): 0.00s | commit: 0.07s
2026-08-16 09:44:07,927 | INFO | چانک 227 | 4888 ردیف | clean: 0.01s | load: 0.67s | جمع کل: 1196015 رکورد
2026-08-16 09:44:08,874 | INFO |   -> to_dict/clean: 0.13s | loop(5907): 0.02s | insert(5879): 0.68s | update(0): 0.00s | commit: 0.02s
2026-08-16 09:44:08,879 | INFO | چانک 228 | 5907 ردیف | clean: 0.00s | load: 0.84s | جمع کل: 1201922 رکورد
2026-08-16 09:44:09,644 | INFO |   -> to_dict/clean: 0.07s | loop(5710): 0.03s | insert(5705): 0.58s | update(0): 0.00s | commit: 0.01s
2026-08-16 09:44:09,647 | INFO | چانک 229 | 5710 ردیف | clean: 0.00s | load: 0.70s | جمع کل: 1207632 رکورد
2026-08-16 09:44:10,848 | INFO |   -> to_dict/clean: 0.11s | loop(6069): 0.16s | insert(6067): 0.82s | update(0): 0.00s | commit: 0.01s
2026-08-16 09:44:10,851 | INFO | چانک 230 | 6069 ردیف | clean: 0.01s | load: 1.11s | جمع کل: 1213701 رکورد
2026-08-16 09:44:11,849 | INFO |   -> to_dict/clean: 0.21s | loop(5626): 0.02s | insert(5626): 0.66s | update(0): 0.00s | commit: 0.01s
2026-08-16 09:44:11,852 | INFO | چانک 231 | 5626 ردیف | clean: 0.01s | load: 0.91s | جمع کل: 1219327 رکورد
2026-08-16 09:44:12,842 | INFO |   -> to_dict/clean: 0.18s | loop(5922): 0.03s | insert(5922): 0.63s | update(0): 0.00s | commit: 0.01s
2026-08-16 09:44:12,844 | INFO | چانک 232 | 5922 ردیف | clean: 0.01s | load: 0.85s | جمع کل: 1225249 رکورد
2026-08-16 09:44:13,798 | INFO |   -> to_dict/clean: 0.17s | loop(5488): 0.03s | insert(5484): 0.63s | update(0): 0.00s | commit: 0.01s
2026-08-16 09:44:13,801 | INFO | چانک 233 | 5488 ردیف | clean: 0.01s | load: 0.84s | جمع کل: 1230737 رکورد
2026-08-16 09:44:14,548 | INFO |   -> to_dict/clean: 0.08s | loop(5386): 0.03s | insert(5385): 0.52s | update(0): 0.00s | commit: 0.01s
2026-08-16 09:44:14,551 | INFO | چانک 234 | 5386 ردیف | clean: 0.00s | load: 0.66s | جمع کل: 1236123 رکورد
2026-08-16 09:44:15,529 | INFO |   -> to_dict/clean: 0.11s | loop(5410): 0.02s | insert(5410): 0.70s | update(0): 0.00s | commit: 0.01s
2026-08-16 09:44:15,531 | INFO | چانک 235 | 5410 ردیف | clean: 0.01s | load: 0.84s | جمع کل: 1241533 رکورد
2026-08-16 09:44:16,476 | INFO |   -> to_dict/clean: 0.14s | loop(4764): 0.13s | insert(4760): 0.53s | update(0): 0.00s | commit: 0.01s
2026-08-16 09:44:16,481 | INFO | چانک 236 | 4764 ردیف | clean: 0.01s | load: 0.82s | جمع کل: 1246297 رکورد
2026-08-16 09:44:17,262 | INFO |   -> to_dict/clean: 0.13s | loop(4841): 0.02s | insert(4840): 0.52s | update(0): 0.00s | commit: 0.01s
2026-08-16 09:44:17,264 | INFO | چانک 237 | 4841 ردیف | clean: 0.01s | load: 0.68s | جمع کل: 1251138 رکورد
2026-08-16 09:44:17,989 | INFO |   -> to_dict/clean: 0.06s | loop(4823): 0.02s | insert(4818): 0.51s | update(3): 0.01s | commit: 0.01s
2026-08-16 09:44:17,992 | INFO | چانک 238 | 4823 ردیف | clean: 0.01s | load: 0.62s | جمع کل: 1255961 رکورد
2026-08-16 09:44:18,790 | INFO |   -> to_dict/clean: 0.07s | loop(5279): 0.02s | insert(5276): 0.57s | update(0): 0.00s | commit: 0.01s
2026-08-16 09:44:18,793 | INFO | چانک 239 | 5279 ردیف | clean: 0.01s | load: 0.67s | جمع کل: 1261240 رکورد
2026-08-16 09:44:19,850 | INFO |   -> to_dict/clean: 0.13s | loop(5347): 0.03s | insert(5347): 0.74s | update(0): 0.00s | commit: 0.01s
2026-08-16 09:44:19,855 | INFO | چانک 240 | 5347 ردیف | clean: 0.01s | load: 0.92s | جمع کل: 1266587 رکورد
2026-08-16 09:44:20,740 | INFO |   -> to_dict/clean: 0.16s | loop(5120): 0.02s | insert(5120): 0.56s | update(0): 0.00s | commit: 0.01s
2026-08-16 09:44:20,743 | INFO | چانک 241 | 5120 ردیف | clean: 0.01s | load: 0.75s | جمع کل: 1271707 رکورد
2026-08-16 09:44:21,550 | INFO |   -> to_dict/clean: 0.07s | loop(5011): 0.02s | insert(5011): 0.62s | update(0): 0.00s | commit: 0.01s
2026-08-16 09:44:21,554 | INFO | چانک 242 | 5011 ردیف | clean: 0.00s | load: 0.72s | جمع کل: 1276718 رکورد
2026-08-16 09:44:22,328 | INFO |   -> to_dict/clean: 0.08s | loop(4965): 0.01s | insert(4965): 0.57s | update(0): 0.00s | commit: 0.01s
2026-08-16 09:44:22,331 | INFO | چانک 243 | 4965 ردیف | clean: 0.00s | load: 0.68s | جمع کل: 1281683 رکورد
2026-08-16 09:44:23,112 | INFO |   -> to_dict/clean: 0.12s | loop(4785): 0.01s | insert(4740): 0.52s | update(0): 0.00s | commit: 0.01s
2026-08-16 09:44:23,115 | INFO | چانک 244 | 4785 ردیف | clean: 0.01s | load: 0.67s | جمع کل: 1286468 رکورد
2026-08-16 09:44:24,261 | INFO |   -> to_dict/clean: 0.21s | loop(5988): 0.04s | insert(5986): 0.75s | update(0): 0.00s | commit: 0.01s
2026-08-16 09:44:24,265 | INFO | چانک 245 | 5988 ردیف | clean: 0.01s | load: 1.01s | جمع کل: 1292456 رکورد
2026-08-16 09:44:25,256 | INFO |   -> to_dict/clean: 0.09s | loop(6105): 0.02s | insert(6103): 0.72s | update(0): 0.00s | commit: 0.01s
2026-08-16 09:44:25,259 | INFO | چانک 246 | 6105 ردیف | clean: 0.01s | load: 0.85s | جمع کل: 1298561 رکورد
2026-08-16 09:44:26,151 | INFO |   -> to_dict/clean: 0.10s | loop(5671): 0.03s | insert(5669): 0.63s | update(0): 0.00s | commit: 0.01s
2026-08-16 09:44:26,154 | INFO | چانک 247 | 5671 ردیف | clean: 0.01s | load: 0.78s | جمع کل: 1304232 رکورد
2026-08-16 09:44:27,283 | INFO |   -> to_dict/clean: 0.13s | loop(5968): 0.02s | insert(5968): 0.83s | update(0): 0.00s | commit: 0.01s
2026-08-16 09:44:27,286 | INFO | چانک 248 | 5968 ردیف | clean: 0.01s | load: 1.00s | جمع کل: 1310200 رکورد
2026-08-16 09:44:28,277 | INFO |   -> to_dict/clean: 0.11s | loop(5730): 0.02s | insert(5730): 0.73s | update(0): 0.00s | commit: 0.01s
2026-08-16 09:44:28,280 | INFO | چانک 249 | 5730 ردیف | clean: 0.01s | load: 0.87s | جمع کل: 1315930 رکورد
2026-08-16 09:44:29,238 | INFO |   -> to_dict/clean: 0.15s | loop(5244): 0.04s | insert(5237): 0.63s | update(0): 0.00s | commit: 0.01s
2026-08-16 09:44:29,241 | INFO | چانک 250 | 5244 ردیف | clean: 0.01s | load: 0.83s | جمع کل: 1321174 رکورد
2026-08-16 09:44:30,116 | INFO |   -> to_dict/clean: 0.07s | loop(5384): 0.02s | insert(5384): 0.67s | update(0): 0.00s | commit: 0.01s
2026-08-16 09:44:30,118 | INFO | چانک 251 | 5384 ردیف | clean: 0.01s | load: 0.77s | جمع کل: 1326558 رکورد
2026-08-16 09:44:30,880 | INFO |   -> to_dict/clean: 0.11s | loop(4988): 0.02s | insert(4986): 0.56s | update(0): 0.00s | commit: 0.01s
2026-08-16 09:44:30,882 | INFO | چانک 252 | 4988 ردیف | clean: 0.00s | load: 0.70s | جمع کل: 1331546 رکورد
2026-08-16 09:44:31,792 | INFO |   -> to_dict/clean: 0.11s | loop(4761): 0.03s | insert(4761): 0.65s | update(0): 0.00s | commit: 0.01s
2026-08-16 09:44:31,794 | INFO | چانک 253 | 4761 ردیف | clean: 0.01s | load: 0.80s | جمع کل: 1336307 رکورد
2026-08-16 09:44:32,454 | INFO |   -> to_dict/clean: 0.06s | loop(4840): 0.01s | insert(4832): 0.48s | update(0): 0.00s | commit: 0.01s
2026-08-16 09:44:32,457 | INFO | چانک 254 | 4840 ردیف | clean: 0.00s | load: 0.56s | جمع کل: 1341147 رکورد
2026-08-16 09:44:33,190 | INFO |   -> to_dict/clean: 0.06s | loop(4807): 0.01s | insert(4803): 0.57s | update(0): 0.00s | commit: 0.01s
2026-08-16 09:44:33,192 | INFO | چانک 255 | 4807 ردیف | clean: 0.00s | load: 0.65s | جمع کل: 1345954 رکورد
2026-08-16 09:44:34,026 | INFO |   -> to_dict/clean: 0.17s | loop(5459): 0.02s | insert(5459): 0.55s | update(0): 0.00s | commit: 0.01s
2026-08-16 09:44:34,028 | INFO | چانک 256 | 5459 ردیف | clean: 0.00s | load: 0.75s | جمع کل: 1351413 رکورد
2026-08-16 09:44:34,790 | INFO |   -> to_dict/clean: 0.09s | loop(5238): 0.02s | insert(5238): 0.55s | update(0): 0.00s | commit: 0.01s
2026-08-16 09:44:34,792 | INFO | چانک 257 | 5238 ردیف | clean: 0.00s | load: 0.68s | جمع کل: 1356651 رکورد
2026-08-16 09:44:35,546 | INFO |   -> to_dict/clean: 0.07s | loop(5030): 0.02s | insert(5030): 0.55s | update(0): 0.00s | commit: 0.01s
2026-08-16 09:44:35,549 | INFO | چانک 258 | 5030 ردیف | clean: 0.01s | load: 0.65s | جمع کل: 1361681 رکورد
2026-08-16 09:44:36,312 | INFO |   -> to_dict/clean: 0.06s | loop(5010): 0.02s | insert(5010): 0.58s | update(0): 0.00s | commit: 0.02s
2026-08-16 09:44:36,314 | INFO | چانک 259 | 5010 ردیف | clean: 0.00s | load: 0.69s | جمع کل: 1366691 رکورد
2026-08-16 09:44:36,931 | INFO |   -> to_dict/clean: 0.06s | loop(4960): 0.01s | insert(4960): 0.45s | update(0): 0.00s | commit: 0.01s
2026-08-16 09:44:36,934 | INFO | چانک 260 | 4960 ردیف | clean: 0.01s | load: 0.54s | جمع کل: 1371651 رکورد
2026-08-16 09:44:37,575 | INFO |   -> to_dict/clean: 0.06s | loop(4868): 0.01s | insert(4844): 0.47s | update(0): 0.00s | commit: 0.01s
2026-08-16 09:44:37,577 | INFO | چانک 261 | 4868 ردیف | clean: 0.00s | load: 0.56s | جمع کل: 1376519 رکورد
2026-08-16 09:44:38,502 | INFO |   -> to_dict/clean: 0.07s | loop(5874): 0.02s | insert(5874): 0.71s | update(0): 0.00s | commit: 0.01s
2026-08-16 09:44:38,506 | INFO | چانک 262 | 5874 ردیف | clean: 0.00s | load: 0.82s | جمع کل: 1382393 رکورد
2026-08-16 09:44:39,371 | INFO |   -> to_dict/clean: 0.18s | loop(5968): 0.02s | insert(5966): 0.56s | update(0): 0.00s | commit: 0.01s
2026-08-16 09:44:39,374 | INFO | چانک 263 | 5968 ردیف | clean: 0.00s | load: 0.78s | جمع کل: 1388361 رکورد
2026-08-16 09:44:40,107 | INFO |   -> to_dict/clean: 0.07s | loop(5736): 0.02s | insert(5735): 0.55s | update(0): 0.00s | commit: 0.01s
2026-08-16 09:44:40,110 | INFO | چانک 264 | 5736 ردیف | clean: 0.01s | load: 0.65s | جمع کل: 1394097 رکورد
2026-08-16 09:44:40,949 | INFO |   -> to_dict/clean: 0.08s | loop(5729): 0.09s | insert(5729): 0.56s | update(0): 0.00s | commit: 0.01s
2026-08-16 09:44:40,952 | INFO | چانک 265 | 5729 ردیف | clean: 0.01s | load: 0.74s | جمع کل: 1399826 رکورد
2026-08-16 09:44:41,859 | INFO |   -> to_dict/clean: 0.09s | loop(5944): 0.03s | insert(5938): 0.62s | update(0): 0.00s | commit: 0.01s
2026-08-16 09:44:41,862 | INFO | چانک 266 | 5944 ردیف | clean: 0.01s | load: 0.75s | جمع کل: 1405770 رکورد
2026-08-16 09:44:42,566 | INFO |   -> to_dict/clean: 0.06s | loop(5075): 0.01s | insert(5072): 0.52s | update(0): 0.00s | commit: 0.01s
2026-08-16 09:44:42,568 | INFO | چانک 267 | 5075 ردیف | clean: 0.01s | load: 0.61s | جمع کل: 1410845 رکورد
2026-08-16 09:44:43,390 | INFO |   -> to_dict/clean: 0.08s | loop(5483): 0.02s | insert(5483): 0.61s | update(0): 0.00s | commit: 0.01s
2026-08-16 09:44:43,392 | INFO | چانک 268 | 5483 ردیف | clean: 0.01s | load: 0.72s | جمع کل: 1416328 رکورد
2026-08-16 09:44:44,031 | INFO |   -> to_dict/clean: 0.09s | loop(4906): 0.01s | insert(4904): 0.43s | update(0): 0.00s | commit: 0.01s
2026-08-16 09:44:44,033 | INFO | چانک 269 | 4906 ردیف | clean: 0.01s | load: 0.55s | جمع کل: 1421234 رکورد
2026-08-16 09:44:44,664 | INFO |   -> to_dict/clean: 0.06s | loop(4883): 0.01s | insert(4878): 0.45s | update(1): 0.00s | commit: 0.01s
2026-08-16 09:44:44,666 | INFO | چانک 270 | 4883 ردیف | clean: 0.00s | load: 0.54s | جمع کل: 1426117 رکورد
2026-08-16 09:44:45,317 | INFO |   -> to_dict/clean: 0.06s | loop(4798): 0.01s | insert(4795): 0.48s | update(0): 0.00s | commit: 0.01s
2026-08-16 09:44:45,320 | INFO | چانک 271 | 4798 ردیف | clean: 0.00s | load: 0.57s | جمع کل: 1430915 رکورد
2026-08-16 09:44:46,019 | INFO |   -> to_dict/clean: 0.09s | loop(4638): 0.02s | insert(4634): 0.50s | update(0): 0.00s | commit: 0.01s
2026-08-16 09:44:46,021 | INFO | چانک 272 | 4638 ردیف | clean: 0.00s | load: 0.62s | جمع کل: 1435553 رکورد
2026-08-16 09:44:46,761 | INFO |   -> to_dict/clean: 0.06s | loop(5383): 0.01s | insert(5383): 0.56s | update(0): 0.00s | commit: 0.01s
2026-08-16 09:44:46,764 | INFO | چانک 273 | 5383 ردیف | clean: 0.00s | load: 0.65s | جمع کل: 1440936 رکورد
2026-08-16 09:44:47,470 | INFO |   -> to_dict/clean: 0.06s | loop(5319): 0.02s | insert(5319): 0.51s | update(0): 0.00s | commit: 0.01s
2026-08-16 09:44:47,472 | INFO | چانک 274 | 5319 ردیف | clean: 0.01s | load: 0.61s | جمع کل: 1446255 رکورد
2026-08-16 09:44:48,229 | INFO |   -> to_dict/clean: 0.06s | loop(5154): 0.01s | insert(5154): 0.59s | update(0): 0.00s | commit: 0.01s
2026-08-16 09:44:48,231 | INFO | چانک 275 | 5154 ردیف | clean: 0.00s | load: 0.67s | جمع کل: 1451409 رکورد
2026-08-16 09:44:48,950 | INFO |   -> to_dict/clean: 0.10s | loop(5134): 0.01s | insert(5134): 0.49s | update(0): 0.00s | commit: 0.01s
2026-08-16 09:44:48,953 | INFO | چانک 276 | 5134 ردیف | clean: 0.01s | load: 0.62s | جمع کل: 1456543 رکورد
2026-08-16 09:44:49,641 | INFO |   -> to_dict/clean: 0.06s | loop(4943): 0.01s | insert(4943): 0.53s | update(0): 0.00s | commit: 0.01s
2026-08-16 09:44:49,644 | INFO | چانک 277 | 4943 ردیف | clean: 0.00s | load: 0.61s | جمع کل: 1461486 رکورد
2026-08-16 09:44:50,369 | INFO |   -> to_dict/clean: 0.10s | loop(5120): 0.02s | insert(5096): 0.49s | update(0): 0.00s | commit: 0.01s
2026-08-16 09:44:50,372 | INFO | چانک 278 | 5120 ردیف | clean: 0.01s | load: 0.63s | جمع کل: 1466606 رکورد
2026-08-16 09:44:51,306 | INFO |   -> to_dict/clean: 0.11s | loop(5868): 0.02s | insert(5868): 0.68s | update(0): 0.00s | commit: 0.01s
2026-08-16 09:44:51,309 | INFO | چانک 279 | 5868 ردیف | clean: 0.01s | load: 0.81s | جمع کل: 1472474 رکورد
2026-08-16 09:44:52,052 | INFO |   -> to_dict/clean: 0.07s | loop(5890): 0.02s | insert(5885): 0.55s | update(0): 0.00s | commit: 0.01s
2026-08-16 09:44:52,055 | INFO | چانک 280 | 5890 ردیف | clean: 0.00s | load: 0.65s | جمع کل: 1478364 رکورد
2026-08-16 09:44:52,924 | INFO |   -> to_dict/clean: 0.07s | loop(5824): 0.02s | insert(5824): 0.67s | update(0): 0.00s | commit: 0.01s
2026-08-16 09:44:52,927 | INFO | چانک 281 | 5824 ردیف | clean: 0.01s | load: 0.78s | جمع کل: 1484188 رکورد
2026-08-16 09:44:53,761 | INFO |   -> to_dict/clean: 0.11s | loop(5783): 0.02s | insert(5783): 0.61s | update(0): 0.00s | commit: 0.01s
2026-08-16 09:44:53,764 | INFO | چانک 282 | 5783 ردیف | clean: 0.01s | load: 0.74s | جمع کل: 1489971 رکورد
2026-08-16 09:44:54,572 | INFO |   -> to_dict/clean: 0.07s | loop(6028): 0.02s | insert(6021): 0.61s | update(0): 0.00s | commit: 0.01s
2026-08-16 09:44:54,575 | INFO | چانک 283 | 6028 ردیف | clean: 0.00s | load: 0.72s | جمع کل: 1495999 رکورد
2026-08-16 09:44:55,353 | INFO |   -> to_dict/clean: 0.07s | loop(5193): 0.01s | insert(5192): 0.58s | update(0): 0.00s | commit: 0.01s
2026-08-16 09:44:55,356 | INFO | چانک 284 | 5193 ردیف | clean: 0.01s | load: 0.68s | جمع کل: 1501192 رکورد
2026-08-16 09:44:56,140 | INFO |   -> to_dict/clean: 0.10s | loop(5667): 0.02s | insert(5667): 0.57s | update(0): 0.00s | commit: 0.01s
2026-08-16 09:44:56,143 | INFO | چانک 285 | 5667 ردیف | clean: 0.00s | load: 0.70s | جمع کل: 1506859 رکورد
2026-08-16 09:44:56,991 | INFO |   -> to_dict/clean: 0.13s | loop(5016): 0.02s | insert(5014): 0.60s | update(0): 0.00s | commit: 0.01s
2026-08-16 09:44:56,993 | INFO | چانک 286 | 5016 ردیف | clean: 0.01s | load: 0.77s | جمع کل: 1511875 رکورد
2026-08-16 09:44:57,631 | INFO |   -> to_dict/clean: 0.06s | loop(4833): 0.01s | insert(4829): 0.46s | update(1): 0.00s | commit: 0.01s
2026-08-16 09:44:57,634 | INFO | چانک 287 | 4833 ردیف | clean: 0.00s | load: 0.55s | جمع کل: 1516708 رکورد
2026-08-16 09:44:58,656 | INFO |   -> to_dict/clean: 0.09s | loop(4853): 0.04s | insert(4852): 0.77s | update(1): 0.02s | commit: 0.01s
2026-08-16 09:44:58,658 | INFO | چانک 288 | 4853 ردیف | clean: 0.01s | load: 0.92s | جمع کل: 1521561 رکورد
2026-08-16 09:44:59,446 | INFO |   -> to_dict/clean: 0.14s | loop(4791): 0.01s | insert(4791): 0.52s | update(0): 0.00s | commit: 0.02s
2026-08-16 09:44:59,448 | INFO | چانک 289 | 4791 ردیف | clean: 0.01s | load: 0.70s | جمع کل: 1526352 رکورد
2026-08-16 09:45:00,173 | INFO |   -> to_dict/clean: 0.06s | loop(5426): 0.02s | insert(5426): 0.54s | update(0): 0.00s | commit: 0.01s
2026-08-16 09:45:00,176 | INFO | چانک 290 | 5426 ردیف | clean: 0.00s | load: 0.64s | جمع کل: 1531778 رکورد
2026-08-16 09:45:00,983 | INFO |   -> to_dict/clean: 0.11s | loop(5189): 0.02s | insert(5189): 0.55s | update(0): 0.00s | commit: 0.01s
2026-08-16 09:45:00,986 | INFO | چانک 291 | 5189 ردیف | clean: 0.01s | load: 0.68s | جمع کل: 1536967 رکورد
2026-08-16 09:45:01,713 | INFO |   -> to_dict/clean: 0.07s | loop(5083): 0.01s | insert(5083): 0.54s | update(0): 0.00s | commit: 0.01s
2026-08-16 09:45:01,715 | INFO | چانک 292 | 5083 ردیف | clean: 0.00s | load: 0.63s | جمع کل: 1542050 رکورد
2026-08-16 09:45:02,546 | INFO |   -> to_dict/clean: 0.09s | loop(5013): 0.02s | insert(5013): 0.61s | update(0): 0.00s | commit: 0.01s
2026-08-16 09:45:02,548 | INFO | چانک 293 | 5013 ردیف | clean: 0.01s | load: 0.74s | جمع کل: 1547063 رکورد
2026-08-16 09:45:03,353 | INFO |   -> to_dict/clean: 0.07s | loop(4913): 0.02s | insert(4913): 0.61s | update(0): 0.00s | commit: 0.01s
2026-08-16 09:45:03,355 | INFO | چانک 294 | 4913 ردیف | clean: 0.01s | load: 0.71s | جمع کل: 1551976 رکورد
2026-08-16 09:45:04,165 | INFO |   -> to_dict/clean: 0.07s | loop(5382): 0.02s | insert(5353): 0.61s | update(0): 0.00s | commit: 0.01s
2026-08-16 09:45:04,168 | INFO | چانک 295 | 5382 ردیف | clean: 0.01s | load: 0.70s | جمع کل: 1557358 رکورد
2026-08-16 09:45:05,073 | INFO |   -> to_dict/clean: 0.08s | loop(5932): 0.02s | insert(5929): 0.68s | update(0): 0.00s | commit: 0.01s
2026-08-16 09:45:05,076 | INFO | چانک 296 | 5932 ردیف | clean: 0.01s | load: 0.79s | جمع کل: 1563290 رکورد
2026-08-16 09:45:06,012 | INFO |   -> to_dict/clean: 0.07s | loop(5955): 0.02s | insert(5954): 0.75s | update(0): 0.00s | commit: 0.01s
2026-08-16 09:45:06,016 | INFO | چانک 297 | 5955 ردیف | clean: 0.01s | load: 0.86s | جمع کل: 1569245 رکورد
2026-08-16 09:45:07,040 | INFO |   -> to_dict/clean: 0.15s | loop(5561): 0.02s | insert(5560): 0.75s | update(0): 0.00s | commit: 0.01s
2026-08-16 09:45:07,043 | INFO | چانک 298 | 5561 ردیف | clean: 0.01s | load: 0.94s | جمع کل: 1574806 رکورد
2026-08-16 09:45:07,885 | INFO |   -> to_dict/clean: 0.12s | loop(5911): 0.02s | insert(5909): 0.60s | update(0): 0.00s | commit: 0.01s
2026-08-16 09:45:07,888 | INFO | چانک 299 | 5911 ردیف | clean: 0.01s | load: 0.77s | جمع کل: 1580717 رکورد
2026-08-16 09:45:08,647 | INFO |   -> to_dict/clean: 0.07s | loop(5740): 0.02s | insert(5732): 0.58s | update(0): 0.00s | commit: 0.01s
2026-08-16 09:45:08,649 | INFO | چانک 300 | 5740 ردیف | clean: 0.01s | load: 0.68s | جمع کل: 1586457 رکورد
2026-08-16 09:45:09,372 | INFO |   -> to_dict/clean: 0.07s | loop(5192): 0.02s | insert(5192): 0.55s | update(0): 0.00s | commit: 0.01s
2026-08-16 09:45:09,374 | INFO | چانک 301 | 5192 ردیف | clean: 0.00s | load: 0.64s | جمع کل: 1591649 رکورد
2026-08-16 09:45:10,229 | INFO |   -> to_dict/clean: 0.07s | loop(5478): 0.02s | insert(5478): 0.65s | update(0): 0.00s | commit: 0.01s
2026-08-16 09:45:10,232 | INFO | چانک 302 | 5478 ردیف | clean: 0.01s | load: 0.75s | جمع کل: 1597127 رکورد
2026-08-16 09:45:10,995 | INFO |   -> to_dict/clean: 0.06s | loop(4846): 0.01s | insert(4843): 0.59s | update(0): 0.00s | commit: 0.01s
2026-08-16 09:45:10,997 | INFO | چانک 303 | 4846 ردیف | clean: 0.00s | load: 0.68s | جمع کل: 1601973 رکورد
2026-08-16 09:45:11,714 | INFO |   -> to_dict/clean: 0.09s | loop(4893): 0.05s | insert(4889): 0.48s | update(0): 0.00s | commit: 0.01s
2026-08-16 09:45:11,717 | INFO | چانک 304 | 4893 ردیف | clean: 0.00s | load: 0.63s | جمع کل: 1606866 رکورد
2026-08-16 09:45:12,482 | INFO |   -> to_dict/clean: 0.07s | loop(4557): 0.02s | insert(4551): 0.56s | update(0): 0.00s | commit: 0.01s
2026-08-16 09:45:12,485 | INFO | چانک 305 | 4557 ردیف | clean: 0.01s | load: 0.66s | جمع کل: 1611423 رکورد
2026-08-16 09:45:13,284 | INFO |   -> to_dict/clean: 0.10s | loop(5117): 0.02s | insert(5116): 0.56s | update(0): 0.00s | commit: 0.01s
2026-08-16 09:45:13,286 | INFO | چانک 306 | 5117 ردیف | clean: 0.01s | load: 0.69s | جمع کل: 1616540 رکورد
2026-08-16 09:45:14,173 | INFO |   -> to_dict/clean: 0.11s | loop(5251): 0.03s | insert(5251): 0.57s | update(0): 0.00s | commit: 0.01s
2026-08-16 09:45:14,176 | INFO | چانک 307 | 5251 ردیف | clean: 0.01s | load: 0.72s | جمع کل: 1621791 رکورد
2026-08-16 09:45:14,951 | INFO |   -> to_dict/clean: 0.07s | loop(5147): 0.02s | insert(5147): 0.56s | update(0): 0.00s | commit: 0.01s
2026-08-16 09:45:14,954 | INFO | چانک 308 | 5147 ردیف | clean: 0.01s | load: 0.66s | جمع کل: 1626938 رکورد
2026-08-16 09:45:15,598 | INFO |   -> to_dict/clean: 0.06s | loop(4943): 0.01s | insert(4943): 0.45s | update(0): 0.00s | commit: 0.01s
2026-08-16 09:45:15,601 | INFO | چانک 309 | 4943 ردیف | clean: 0.01s | load: 0.55s | جمع کل: 1631881 رکورد
2026-08-16 09:45:16,416 | INFO |   -> to_dict/clean: 0.08s | loop(4980): 0.01s | insert(4980): 0.58s | update(0): 0.00s | commit: 0.01s
2026-08-16 09:45:16,418 | INFO | چانک 310 | 4980 ردیف | clean: 0.01s | load: 0.69s | جمع کل: 1636861 رکورد
2026-08-16 09:45:17,120 | INFO |   -> to_dict/clean: 0.09s | loop(4832): 0.01s | insert(4832): 0.50s | update(0): 0.00s | commit: 0.01s
2026-08-16 09:45:17,122 | INFO | چانک 311 | 4832 ردیف | clean: 0.00s | load: 0.62s | جمع کل: 1641693 رکورد
2026-08-16 09:45:17,934 | INFO |   -> to_dict/clean: 0.07s | loop(5307): 0.02s | insert(5270): 0.62s | update(0): 0.00s | commit: 0.01s
2026-08-16 09:45:17,937 | INFO | چانک 312 | 5307 ردیف | clean: 0.00s | load: 0.72s | جمع کل: 1647000 رکورد
2026-08-16 09:45:18,784 | INFO |   -> to_dict/clean: 0.08s | loop(6137): 0.02s | insert(6132): 0.63s | update(1): 0.00s | commit: 0.01s
2026-08-16 09:45:18,787 | INFO | چانک 313 | 6137 ردیف | clean: 0.00s | load: 0.74s | جمع کل: 1653137 رکورد
2026-08-16 09:45:19,674 | INFO |   -> to_dict/clean: 0.07s | loop(5808): 0.02s | insert(5808): 0.70s | update(0): 0.00s | commit: 0.01s
2026-08-16 09:45:19,677 | INFO | چانک 314 | 5808 ردیف | clean: 0.00s | load: 0.80s | جمع کل: 1658945 رکورد
2026-08-16 09:45:20,541 | INFO |   -> to_dict/clean: 0.15s | loop(5635): 0.02s | insert(5635): 0.54s | update(0): 0.00s | commit: 0.01s
2026-08-16 09:45:20,544 | INFO | چانک 315 | 5635 ردیف | clean: 0.01s | load: 0.73s | جمع کل: 1664580 رکورد
2026-08-16 09:45:21,450 | INFO |   -> to_dict/clean: 0.08s | loop(5970): 0.02s | insert(5968): 0.71s | update(0): 0.00s | commit: 0.01s
2026-08-16 09:45:21,453 | INFO | چانک 316 | 5970 ردیف | clean: 0.00s | load: 0.82s | جمع کل: 1670550 رکورد
2026-08-16 09:45:22,290 | INFO |   -> to_dict/clean: 0.13s | loop(5413): 0.02s | insert(5406): 0.59s | update(0): 0.00s | commit: 0.01s
2026-08-16 09:45:22,294 | INFO | چانک 317 | 5413 ردیف | clean: 0.01s | load: 0.76s | جمع کل: 1675963 رکورد
2026-08-16 09:45:23,189 | INFO |   -> to_dict/clean: 0.12s | loop(5437): 0.02s | insert(5437): 0.63s | update(0): 0.00s | commit: 0.01s
2026-08-16 09:45:23,191 | INFO | چانک 318 | 5437 ردیف | clean: 0.01s | load: 0.78s | جمع کل: 1681400 رکورد
2026-08-16 09:45:23,971 | INFO |   -> to_dict/clean: 0.07s | loop(5333): 0.02s | insert(5333): 0.57s | update(0): 0.00s | commit: 0.01s
2026-08-16 09:45:23,974 | INFO | چانک 319 | 5333 ردیف | clean: 0.00s | load: 0.68s | جمع کل: 1686733 رکورد
2026-08-16 09:45:24,601 | INFO |   -> to_dict/clean: 0.06s | loop(4788): 0.01s | insert(4786): 0.45s | update(0): 0.00s | commit: 0.01s
2026-08-16 09:45:24,603 | INFO | چانک 320 | 4788 ردیف | clean: 0.01s | load: 0.54s | جمع کل: 1691521 رکورد
2026-08-16 09:45:25,330 | INFO |   -> to_dict/clean: 0.06s | loop(4970): 0.01s | insert(4967): 0.55s | update(0): 0.00s | commit: 0.01s
2026-08-16 09:45:25,332 | INFO | چانک 321 | 4970 ردیف | clean: 0.00s | load: 0.64s | جمع کل: 1696491 رکورد
2026-08-16 09:45:26,077 | INFO |   -> to_dict/clean: 0.06s | loop(4690): 0.01s | insert(4687): 0.56s | update(1): 0.00s | commit: 0.01s
2026-08-16 09:45:26,079 | INFO | چانک 322 | 4690 ردیف | clean: 0.00s | load: 0.65s | جمع کل: 1701181 رکورد
2026-08-16 09:45:26,882 | INFO |   -> to_dict/clean: 0.11s | loop(5237): 0.02s | insert(5237): 0.55s | update(0): 0.00s | commit: 0.01s
2026-08-16 09:45:26,885 | INFO | چانک 323 | 5237 ردیف | clean: 0.01s | load: 0.69s | جمع کل: 1706418 رکورد
2026-08-16 09:45:27,569 | INFO |   -> to_dict/clean: 0.06s | loop(5191): 0.02s | insert(5191): 0.51s | update(0): 0.00s | commit: 0.01s
2026-08-16 09:45:27,571 | INFO | چانک 324 | 5191 ردیف | clean: 0.00s | load: 0.60s | جمع کل: 1711609 رکورد
2026-08-16 09:45:28,283 | INFO |   -> to_dict/clean: 0.08s | loop(5064): 0.01s | insert(5064): 0.50s | update(0): 0.00s | commit: 0.01s
2026-08-16 09:45:28,285 | INFO | چانک 325 | 5064 ردیف | clean: 0.01s | load: 0.61s | جمع کل: 1716673 رکورد
2026-08-16 09:45:29,059 | INFO |   -> to_dict/clean: 0.06s | loop(5036): 0.01s | insert(5036): 0.59s | update(0): 0.00s | commit: 0.01s
2026-08-16 09:45:29,061 | INFO | چانک 326 | 5036 ردیف | clean: 0.01s | load: 0.67s | جمع کل: 1721709 رکورد
2026-08-16 09:45:29,710 | INFO |   -> to_dict/clean: 0.07s | loop(4909): 0.01s | insert(4909): 0.46s | update(0): 0.00s | commit: 0.01s
2026-08-16 09:45:29,713 | INFO | چانک 327 | 4909 ردیف | clean: 0.01s | load: 0.55s | جمع کل: 1726618 رکورد
2026-08-16 09:45:30,306 | INFO |   -> to_dict/clean: 0.06s | loop(4813): 0.01s | insert(4813): 0.44s | update(0): 0.00s | commit: 0.01s
2026-08-16 09:45:30,308 | INFO | چانک 328 | 4813 ردیف | clean: 0.00s | load: 0.52s | جمع کل: 1731431 رکورد
2026-08-16 09:45:31,239 | INFO |   -> to_dict/clean: 0.07s | loop(5752): 0.02s | insert(5714): 0.73s | update(0): 0.00s | commit: 0.01s
2026-08-16 09:45:31,241 | INFO | چانک 329 | 5752 ردیف | clean: 0.01s | load: 0.83s | جمع کل: 1737183 رکورد
2026-08-16 09:45:32,077 | INFO |   -> to_dict/clean: 0.10s | loop(5662): 0.02s | insert(5655): 0.61s | update(0): 0.00s | commit: 0.01s
2026-08-16 09:45:32,080 | INFO | چانک 330 | 5662 ردیف | clean: 0.00s | load: 0.75s | جمع کل: 1742845 رکورد
2026-08-16 09:45:32,819 | INFO |   -> to_dict/clean: 0.07s | loop(5817): 0.02s | insert(5813): 0.56s | update(0): 0.00s | commit: 0.01s
2026-08-16 09:45:32,821 | INFO | چانک 331 | 5817 ردیف | clean: 0.00s | load: 0.66s | جمع کل: 1748662 رکورد
2026-08-16 09:45:33,591 | INFO |   -> to_dict/clean: 0.07s | loop(5650): 0.02s | insert(5650): 0.59s | update(0): 0.00s | commit: 0.01s
2026-08-16 09:45:33,593 | INFO | چانک 332 | 5650 ردیف | clean: 0.01s | load: 0.69s | جمع کل: 1754312 رکورد
2026-08-16 09:45:34,341 | INFO |   -> to_dict/clean: 0.07s | loop(5983): 0.02s | insert(5979): 0.56s | update(0): 0.00s | commit: 0.01s
2026-08-16 09:45:34,343 | INFO | چانک 333 | 5983 ردیف | clean: 0.00s | load: 0.66s | جمع کل: 1760295 رکورد
2026-08-16 09:45:35,040 | INFO |   -> to_dict/clean: 0.07s | loop(5506): 0.02s | insert(5499): 0.50s | update(0): 0.00s | commit: 0.01s
2026-08-16 09:45:35,043 | INFO | چانک 334 | 5506 ردیف | clean: 0.01s | load: 0.59s | جمع کل: 1765801 رکورد
2026-08-16 09:45:35,955 | INFO |   -> to_dict/clean: 0.16s | loop(5635): 0.05s | insert(5635): 0.61s | update(0): 0.00s | commit: 0.01s
2026-08-16 09:45:35,958 | INFO | چانک 335 | 5635 ردیف | clean: 0.00s | load: 0.83s | جمع کل: 1771436 رکورد
2026-08-16 09:45:36,617 | INFO |   -> to_dict/clean: 0.06s | loop(5072): 0.01s | insert(5070): 0.47s | update(0): 0.00s | commit: 0.01s
2026-08-16 09:45:36,620 | INFO | چانک 336 | 5072 ردیف | clean: 0.01s | load: 0.56s | جمع کل: 1776508 رکورد
2026-08-16 09:45:37,226 | INFO |   -> to_dict/clean: 0.06s | loop(4854): 0.01s | insert(4851): 0.44s | update(0): 0.00s | commit: 0.01s
2026-08-16 09:45:37,228 | INFO | چانک 337 | 4854 ردیف | clean: 0.00s | load: 0.53s | جمع کل: 1781362 رکورد
2026-08-16 09:45:38,004 | INFO |   -> to_dict/clean: 0.07s | loop(5011): 0.02s | insert(5007): 0.57s | update(1): 0.00s | commit: 0.01s
2026-08-16 09:45:38,006 | INFO | چانک 338 | 5011 ردیف | clean: 0.01s | load: 0.67s | جمع کل: 1786373 رکورد
2026-08-16 09:45:38,641 | INFO |   -> to_dict/clean: 0.06s | loop(4662): 0.01s | insert(4662): 0.47s | update(0): 0.00s | commit: 0.01s
2026-08-16 09:45:38,643 | INFO | چانک 339 | 4662 ردیف | clean: 0.00s | load: 0.55s | جمع کل: 1791035 رکورد
2026-08-16 09:45:39,351 | INFO |   -> to_dict/clean: 0.10s | loop(5346): 0.02s | insert(5346): 0.51s | update(0): 0.00s | commit: 0.01s
2026-08-16 09:45:39,354 | INFO | چانک 340 | 5346 ردیف | clean: 0.00s | load: 0.63s | جمع کل: 1796381 رکورد
2026-08-16 09:45:40,236 | INFO |   -> to_dict/clean: 0.06s | loop(5235): 0.02s | insert(5235): 0.70s | update(0): 0.00s | commit: 0.01s
2026-08-16 09:45:40,238 | INFO | چانک 341 | 5235 ردیف | clean: 0.00s | load: 0.80s | جمع کل: 1801616 رکورد
2026-08-16 09:45:40,987 | INFO |   -> to_dict/clean: 0.10s | loop(5106): 0.06s | insert(5106): 0.48s | update(0): 0.00s | commit: 0.01s
2026-08-16 09:45:40,990 | INFO | چانک 342 | 5106 ردیف | clean: 0.00s | load: 0.66s | جمع کل: 1806722 رکورد
2026-08-16 09:45:41,725 | INFO |   -> to_dict/clean: 0.12s | loop(5030): 0.02s | insert(5030): 0.48s | update(0): 0.00s | commit: 0.01s
2026-08-16 09:45:41,727 | INFO | چانک 343 | 5030 ردیف | clean: 0.01s | load: 0.63s | جمع کل: 1811752 رکورد
2026-08-16 09:45:42,324 | INFO |   -> to_dict/clean: 0.06s | loop(4875): 0.01s | insert(4875): 0.43s | update(0): 0.00s | commit: 0.01s
2026-08-16 09:45:42,326 | INFO | چانک 344 | 4875 ردیف | clean: 0.00s | load: 0.51s | جمع کل: 1816627 رکورد
2026-08-16 09:45:42,979 | INFO |   -> to_dict/clean: 0.10s | loop(4865): 0.02s | insert(4855): 0.43s | update(0): 0.00s | commit: 0.01s
2026-08-16 09:45:42,981 | INFO | چانک 345 | 4865 ردیف | clean: 0.01s | load: 0.57s | جمع کل: 1821492 رکورد
2026-08-16 09:45:43,778 | INFO |   -> to_dict/clean: 0.07s | loop(5899): 0.02s | insert(5899): 0.60s | update(0): 0.00s | commit: 0.02s
2026-08-16 09:45:43,781 | INFO | چانک 346 | 5899 ردیف | clean: 0.00s | load: 0.72s | جمع کل: 1827391 رکورد
2026-08-16 09:45:44,642 | INFO |   -> to_dict/clean: 0.10s | loop(5948): 0.02s | insert(5941): 0.63s | update(0): 0.00s | commit: 0.01s
2026-08-16 09:45:44,645 | INFO | چانک 347 | 5948 ردیف | clean: 0.01s | load: 0.76s | جمع کل: 1833339 رکورد
2026-08-16 09:45:45,363 | INFO |   -> to_dict/clean: 0.07s | loop(5741): 0.02s | insert(5738): 0.54s | update(0): 0.00s | commit: 0.01s
2026-08-16 09:45:45,366 | INFO | چانک 348 | 5741 ردیف | clean: 0.01s | load: 0.64s | جمع کل: 1839080 رکورد
2026-08-16 09:45:46,186 | INFO |   -> to_dict/clean: 0.07s | loop(5653): 0.02s | insert(5651): 0.63s | update(0): 0.00s | commit: 0.01s
2026-08-16 09:45:46,189 | INFO | چانک 349 | 5653 ردیف | clean: 0.00s | load: 0.73s | جمع کل: 1844733 رکورد
2026-08-16 09:45:47,048 | INFO |   -> to_dict/clean: 0.15s | loop(6040): 0.02s | insert(6033): 0.59s | update(0): 0.00s | commit: 0.01s
2026-08-16 09:45:47,051 | INFO | چانک 350 | 6040 ردیف | clean: 0.00s | load: 0.77s | جمع کل: 1850773 رکورد
2026-08-16 09:45:47,806 | INFO |   -> to_dict/clean: 0.10s | loop(5417): 0.02s | insert(5411): 0.50s | update(0): 0.00s | commit: 0.01s
2026-08-16 09:45:47,809 | INFO | چانک 351 | 5417 ردیف | clean: 0.01s | load: 0.65s | جمع کل: 1856190 رکورد
2026-08-16 09:45:48,505 | INFO |   -> to_dict/clean: 0.07s | loop(5400): 0.02s | insert(5400): 0.51s | update(0): 0.00s | commit: 0.01s
2026-08-16 09:45:48,508 | INFO | چانک 352 | 5400 ردیف | clean: 0.00s | load: 0.61s | جمع کل: 1861590 رکورد
2026-08-16 09:45:49,196 | INFO |   -> to_dict/clean: 0.07s | loop(5291): 0.02s | insert(5291): 0.51s | update(0): 0.00s | commit: 0.01s
2026-08-16 09:45:49,199 | INFO | چانک 353 | 5291 ردیف | clean: 0.00s | load: 0.60s | جمع کل: 1866881 رکورد
2026-08-16 09:45:49,836 | INFO |   -> to_dict/clean: 0.10s | loop(4816): 0.01s | insert(4810): 0.44s | update(0): 0.00s | commit: 0.01s
2026-08-16 09:45:49,839 | INFO | چانک 354 | 4816 ردیف | clean: 0.01s | load: 0.57s | جمع کل: 1871697 رکورد
2026-08-16 09:45:50,447 | INFO |   -> to_dict/clean: 0.06s | loop(4769): 0.01s | insert(4767): 0.43s | update(0): 0.00s | commit: 0.01s
2026-08-16 09:45:50,449 | INFO | چانک 355 | 4769 ردیف | clean: 0.00s | load: 0.52s | جمع کل: 1876466 رکورد
2026-08-16 09:45:51,918 | INFO |   -> to_dict/clean: 0.06s | loop(4710): 0.01s | insert(4706): 1.31s | update(1): 0.00s | commit: 0.01s
2026-08-16 09:45:51,921 | INFO | چانک 356 | 4710 ردیف | clean: 0.00s | load: 1.40s | جمع کل: 1881176 رکورد
2026-08-16 09:45:52,690 | INFO |   -> to_dict/clean: 0.11s | loop(5216): 0.02s | insert(5216): 0.52s | update(0): 0.00s | commit: 0.01s
2026-08-16 09:45:52,693 | INFO | چانک 357 | 5216 ردیف | clean: 0.01s | load: 0.66s | جمع کل: 1886392 رکورد
2026-08-16 09:45:53,391 | INFO |   -> to_dict/clean: 0.08s | loop(5259): 0.02s | insert(5259): 0.50s | update(0): 0.00s | commit: 0.01s
2026-08-16 09:45:53,393 | INFO | چانک 358 | 5259 ردیف | clean: 0.01s | load: 0.60s | جمع کل: 1891651 رکورد
2026-08-16 09:45:54,089 | INFO |   -> to_dict/clean: 0.09s | loop(5224): 0.02s | insert(5224): 0.49s | update(0): 0.00s | commit: 0.01s
2026-08-16 09:45:54,091 | INFO | چانک 359 | 5224 ردیف | clean: 0.01s | load: 0.61s | جمع کل: 1896875 رکورد
2026-08-16 09:45:54,867 | INFO |   -> to_dict/clean: 0.09s | loop(5145): 0.02s | insert(5145): 0.56s | update(0): 0.00s | commit: 0.01s
2026-08-16 09:45:54,870 | INFO | چانک 360 | 5145 ردیف | clean: 0.01s | load: 0.69s | جمع کل: 1902020 رکورد
2026-08-16 09:45:55,660 | INFO |   -> to_dict/clean: 0.12s | loop(4932): 0.03s | insert(4932): 0.51s | update(0): 0.00s | commit: 0.01s
2026-08-16 09:45:55,662 | INFO | چانک 361 | 4932 ردیف | clean: 0.01s | load: 0.67s | جمع کل: 1906952 رکورد
2026-08-16 09:45:56,274 | INFO |   -> to_dict/clean: 0.06s | loop(4864): 0.01s | insert(4856): 0.45s | update(0): 0.00s | commit: 0.01s
2026-08-16 09:45:56,276 | INFO | چانک 362 | 4864 ردیف | clean: 0.00s | load: 0.53s | جمع کل: 1911816 رکورد
2026-08-16 09:45:57,172 | INFO |   -> to_dict/clean: 0.09s | loop(6195): 0.02s | insert(6193): 0.70s | update(0): 0.00s | commit: 0.01s
2026-08-16 09:45:57,175 | INFO | چانک 363 | 6195 ردیف | clean: 0.01s | load: 0.82s | جمع کل: 1918011 رکورد
2026-08-16 09:45:58,015 | INFO |   -> to_dict/clean: 0.11s | loop(5753): 0.06s | insert(5750): 0.55s | update(0): 0.00s | commit: 0.01s
2026-08-16 09:45:58,018 | INFO | چانک 364 | 5753 ردیف | clean: 0.01s | load: 0.74s | جمع کل: 1923764 رکورد
2026-08-16 09:45:58,731 | INFO |   -> to_dict/clean: 0.07s | loop(5766): 0.02s | insert(5765): 0.52s | update(1): 0.00s | commit: 0.01s
2026-08-16 09:45:58,733 | INFO | چانک 365 | 5766 ردیف | clean: 0.00s | load: 0.63s | جمع کل: 1929530 رکورد
2026-08-16 09:45:59,501 | INFO |   -> to_dict/clean: 0.08s | loop(5900): 0.02s | insert(5899): 0.56s | update(0): 0.00s | commit: 0.01s
2026-08-16 09:45:59,504 | INFO | چانک 366 | 5900 ردیف | clean: 0.01s | load: 0.67s | جمع کل: 1935430 رکورد
2026-08-16 09:46:00,421 | INFO |   -> to_dict/clean: 0.11s | loop(6020): 0.02s | insert(6014): 0.64s | update(0): 0.00s | commit: 0.01s
2026-08-16 09:46:00,424 | INFO | چانک 367 | 6020 ردیف | clean: 0.01s | load: 0.79s | جمع کل: 1941450 رکورد
2026-08-16 09:46:01,073 | INFO |   -> to_dict/clean: 0.07s | loop(5308): 0.02s | insert(5308): 0.47s | update(0): 0.00s | commit: 0.01s
2026-08-16 09:46:01,076 | INFO | چانک 368 | 5308 ردیف | clean: 0.01s | load: 0.57s | جمع کل: 1946758 رکورد
2026-08-16 09:46:01,853 | INFO |   -> to_dict/clean: 0.07s | loop(5471): 0.02s | insert(5471): 0.60s | update(0): 0.00s | commit: 0.01s
2026-08-16 09:46:01,856 | INFO | چانک 369 | 5471 ردیف | clean: 0.01s | load: 0.70s | جمع کل: 1952229 رکورد
2026-08-16 09:46:02,545 | INFO |   -> to_dict/clean: 0.10s | loop(5036): 0.01s | insert(5032): 0.47s | update(0): 0.00s | commit: 0.01s
2026-08-16 09:46:02,548 | INFO | چانک 370 | 5036 ردیف | clean: 0.00s | load: 0.60s | جمع کل: 1957265 رکورد
2026-08-16 09:46:03,240 | INFO |   -> to_dict/clean: 0.10s | loop(4594): 0.03s | insert(4593): 0.45s | update(0): 0.00s | commit: 0.01s
2026-08-16 09:46:03,242 | INFO | چانک 371 | 4594 ردیف | clean: 0.01s | load: 0.60s | جمع کل: 1961859 رکورد
2026-08-16 09:46:03,845 | INFO |   -> to_dict/clean: 0.06s | loop(4872): 0.01s | insert(4870): 0.43s | update(0): 0.00s | commit: 0.01s
2026-08-16 09:46:03,847 | INFO | چانک 372 | 4872 ردیف | clean: 0.00s | load: 0.52s | جمع کل: 1966731 رکورد
2026-08-16 09:46:04,458 | INFO |   -> to_dict/clean: 0.06s | loop(4843): 0.01s | insert(4835): 0.44s | update(0): 0.00s | commit: 0.01s
2026-08-16 09:46:04,460 | INFO | چانک 373 | 4843 ردیف | clean: 0.00s | load: 0.52s | جمع کل: 1971574 رکورد
2026-08-16 09:46:05,186 | INFO |   -> to_dict/clean: 0.06s | loop(5427): 0.02s | insert(5427): 0.54s | update(0): 0.00s | commit: 0.01s
2026-08-16 09:46:05,189 | INFO | چانک 374 | 5427 ردیف | clean: 0.00s | load: 0.63s | جمع کل: 1977001 رکورد
2026-08-16 09:46:05,854 | INFO |   -> to_dict/clean: 0.06s | loop(5263): 0.01s | insert(5263): 0.48s | update(0): 0.00s | commit: 0.01s
2026-08-16 09:46:05,857 | INFO | چانک 375 | 5263 ردیف | clean: 0.00s | load: 0.57s | جمع کل: 1982264 رکورد
2026-08-16 09:46:06,596 | INFO |   -> to_dict/clean: 0.06s | loop(5067): 0.01s | insert(5067): 0.55s | update(0): 0.00s | commit: 0.01s
2026-08-16 09:46:06,598 | INFO | چانک 376 | 5067 ردیف | clean: 0.01s | load: 0.64s | جمع کل: 1987331 رکورد
2026-08-16 09:46:07,316 | INFO |   -> to_dict/clean: 0.10s | loop(5030): 0.01s | insert(5030): 0.51s | update(0): 0.00s | commit: 0.01s
2026-08-16 09:46:07,319 | INFO | چانک 377 | 5030 ردیف | clean: 0.00s | load: 0.64s | جمع کل: 1992361 رکورد
2026-08-16 09:46:07,896 | INFO |   -> to_dict/clean: 0.06s | loop(4814): 0.01s | insert(4813): 0.42s | update(0): 0.00s | commit: 0.01s
2026-08-16 09:46:07,898 | INFO | چانک 378 | 4814 ردیف | clean: 0.00s | load: 0.50s | جمع کل: 1997175 رکورد
2026-08-16 09:46:08,661 | INFO |   -> to_dict/clean: 0.10s | loop(5396): 0.02s | insert(5377): 0.52s | update(0): 0.00s | commit: 0.01s
2026-08-16 09:46:08,663 | INFO | چانک 379 | 5396 ردیف | clean: 0.01s | load: 0.65s | جمع کل: 2002571 رکورد
2026-08-16 09:46:09,367 | INFO |   -> to_dict/clean: 0.07s | loop(5168): 0.02s | insert(5168): 0.51s | update(0): 0.00s | commit: 0.01s
2026-08-16 09:46:09,369 | INFO | چانک 380 | 5168 ردیف | clean: 0.01s | load: 0.62s | جمع کل: 2007739 رکورد
2026-08-16 09:46:10,046 | INFO |   -> to_dict/clean: 0.06s | loop(5203): 0.01s | insert(5203): 0.51s | update(0): 0.00s | commit: 0.02s
2026-08-16 09:46:10,049 | INFO | چانک 381 | 5203 ردیف | clean: 0.00s | load: 0.61s | جمع کل: 2012942 رکورد
2026-08-16 09:46:10,983 | INFO |   -> to_dict/clean: 0.09s | loop(5863): 0.02s | insert(5863): 0.67s | update(0): 0.00s | commit: 0.01s
2026-08-16 09:46:10,986 | INFO | چانک 382 | 5863 ردیف | clean: 0.01s | load: 0.80s | جمع کل: 2018805 رکورد
2026-08-16 09:46:11,829 | INFO |   -> to_dict/clean: 0.16s | loop(5217): 0.06s | insert(5217): 0.52s | update(0): 0.00s | commit: 0.01s
2026-08-16 09:46:11,832 | INFO | چانک 383 | 5217 ردیف | clean: 0.00s | load: 0.76s | جمع کل: 2024022 رکورد
2026-08-16 09:46:12,454 | INFO |   -> to_dict/clean: 0.06s | loop(4830): 0.01s | insert(4818): 0.45s | update(1): 0.00s | commit: 0.01s
2026-08-16 09:46:12,456 | INFO | چانک 384 | 4830 ردیف | clean: 0.00s | load: 0.54s | جمع کل: 2028852 رکورد
2026-08-16 09:46:13,098 | INFO |   -> to_dict/clean: 0.08s | loop(4889): 0.01s | insert(4875): 0.44s | update(0): 0.00s | commit: 0.01s
2026-08-16 09:46:13,100 | INFO | چانک 385 | 4889 ردیف | clean: 0.01s | load: 0.55s | جمع کل: 2033741 رکورد
2026-08-16 09:46:13,810 | INFO |   -> to_dict/clean: 0.11s | loop(4711): 0.01s | insert(4708): 0.46s | update(2): 0.01s | commit: 0.01s
2026-08-16 09:46:13,813 | INFO | چانک 386 | 4711 ردیف | clean: 0.01s | load: 0.60s | جمع کل: 2038452 رکورد
2026-08-16 09:46:14,545 | INFO |   -> to_dict/clean: 0.06s | loop(5155): 0.01s | insert(5155): 0.54s | update(0): 0.00s | commit: 0.01s
2026-08-16 09:46:14,548 | INFO | چانک 387 | 5155 ردیف | clean: 0.00s | load: 0.64s | جمع کل: 2043607 رکورد
2026-08-16 09:46:15,243 | INFO |   -> to_dict/clean: 0.07s | loop(5312): 0.02s | insert(5312): 0.51s | update(0): 0.00s | commit: 0.01s
2026-08-16 09:46:15,246 | INFO | چانک 388 | 5312 ردیف | clean: 0.00s | load: 0.60s | جمع کل: 2048919 رکورد
2026-08-16 09:46:16,101 | INFO |   -> to_dict/clean: 0.09s | loop(4938): 0.02s | insert(4938): 0.61s | update(0): 0.00s | commit: 0.01s
2026-08-16 09:46:16,103 | INFO | چانک 389 | 4938 ردیف | clean: 0.01s | load: 0.74s | جمع کل: 2053857 رکورد
2026-08-16 09:46:16,887 | INFO |   -> to_dict/clean: 0.11s | loop(5160): 0.02s | insert(5160): 0.54s | update(0): 0.00s | commit: 0.01s
2026-08-16 09:46:16,890 | INFO | چانک 390 | 5160 ردیف | clean: 0.01s | load: 0.68s | جمع کل: 2059017 رکورد
2026-08-16 09:46:17,602 | INFO |   -> to_dict/clean: 0.06s | loop(5038): 0.01s | insert(5038): 0.56s | update(0): 0.00s | commit: 0.01s
2026-08-16 09:46:17,605 | INFO | چانک 391 | 5038 ردیف | clean: 0.00s | load: 0.65s | جمع کل: 2064055 رکورد
2026-08-16 09:46:18,195 | INFO |   -> to_dict/clean: 0.06s | loop(4683): 0.01s | insert(4683): 0.42s | update(0): 0.00s | commit: 0.01s
2026-08-16 09:46:18,197 | INFO | چانک 392 | 4683 ردیف | clean: 0.00s | load: 0.51s | جمع کل: 2068738 رکورد
2026-08-16 09:46:18,940 | INFO |   -> to_dict/clean: 0.07s | loop(5630): 0.02s | insert(5610): 0.53s | update(0): 0.00s | commit: 0.01s
2026-08-16 09:46:18,942 | INFO | چانک 393 | 5630 ردیف | clean: 0.01s | load: 0.63s | جمع کل: 2074368 رکورد
2026-08-16 09:46:19,854 | INFO |   -> to_dict/clean: 0.08s | loop(6709): 0.02s | insert(6709): 0.68s | update(0): 0.00s | commit: 0.01s
2026-08-16 09:46:19,858 | INFO | چانک 394 | 6709 ردیف | clean: 0.01s | load: 0.80s | جمع کل: 2081077 رکورد
2026-08-16 09:46:20,923 | INFO |   -> to_dict/clean: 0.08s | loop(6582): 0.02s | insert(6581): 0.85s | update(0): 0.00s | commit: 0.01s
2026-08-16 09:46:20,926 | INFO | چانک 395 | 6582 ردیف | clean: 0.00s | load: 0.97s | جمع کل: 2087659 رکورد
2026-08-16 09:46:22,132 | INFO |   -> to_dict/clean: 0.20s | loop(6891): 0.02s | insert(6891): 0.87s | update(0): 0.00s | commit: 0.01s
2026-08-16 09:46:22,135 | INFO | چانک 396 | 6891 ردیف | clean: 0.00s | load: 1.11s | جمع کل: 2094550 رکورد
2026-08-16 09:46:23,206 | INFO |   -> to_dict/clean: 0.09s | loop(7312): 0.02s | insert(7311): 0.80s | update(0): 0.00s | commit: 0.01s
2026-08-16 09:46:23,209 | INFO | چانک 397 | 7312 ردیف | clean: 0.00s | load: 0.93s | جمع کل: 2101862 رکورد
2026-08-16 09:46:24,385 | INFO |   -> to_dict/clean: 0.15s | loop(7581): 0.02s | insert(7575): 0.85s | update(0): 0.00s | commit: 0.01s
2026-08-16 09:46:24,389 | INFO | چانک 398 | 7581 ردیف | clean: 0.01s | load: 1.05s | جمع کل: 2109443 رکورد
2026-08-16 09:46:25,121 | INFO |   -> to_dict/clean: 0.07s | loop(5534): 0.02s | insert(5519): 0.55s | update(0): 0.00s | commit: 0.01s
2026-08-16 09:46:25,124 | INFO | چانک 399 | 5534 ردیف | clean: 0.01s | load: 0.65s | جمع کل: 2114977 رکورد
2026-08-16 09:46:26,050 | INFO |   -> to_dict/clean: 0.08s | loop(5793): 0.02s | insert(5787): 0.70s | update(0): 0.00s | commit: 0.01s
2026-08-16 09:46:26,052 | INFO | چانک 400 | 5793 ردیف | clean: 0.01s | load: 0.81s | جمع کل: 2120770 رکورد
2026-08-16 09:46:26,965 | INFO |   -> to_dict/clean: 0.23s | loop(5842): 0.02s | insert(5343): 0.53s | update(0): 0.00s | commit: 0.01s
2026-08-16 09:46:26,968 | INFO | چانک 401 | 5842 ردیف | clean: 0.01s | load: 0.79s | جمع کل: 2126612 رکورد
2026-08-16 09:46:27,794 | INFO |   -> to_dict/clean: 0.07s | loop(5903): 0.02s | insert(5881): 0.63s | update(0): 0.00s | commit: 0.01s
2026-08-16 09:46:27,797 | INFO | چانک 402 | 5903 ردیف | clean: 0.01s | load: 0.73s | جمع کل: 2132515 رکورد
2026-08-16 09:46:28,652 | INFO |   -> to_dict/clean: 0.07s | loop(6132): 0.02s | insert(6101): 0.65s | update(0): 0.00s | commit: 0.01s
2026-08-16 09:46:28,655 | INFO | چانک 403 | 6132 ردیف | clean: 0.00s | load: 0.76s | جمع کل: 2138647 رکورد
2026-08-16 09:46:29,476 | INFO |   -> to_dict/clean: 0.07s | loop(5924): 0.02s | insert(5907): 0.62s | update(0): 0.00s | commit: 0.01s
2026-08-16 09:46:29,478 | INFO | چانک 404 | 5924 ردیف | clean: 0.00s | load: 0.72s | جمع کل: 2144571 رکورد
2026-08-16 09:46:30,207 | INFO |   -> to_dict/clean: 0.07s | loop(5588): 0.02s | insert(5553): 0.54s | update(0): 0.00s | commit: 0.01s
2026-08-16 09:46:30,210 | INFO | چانک 405 | 5588 ردیف | clean: 0.00s | load: 0.64s | جمع کل: 2150159 رکورد
2026-08-16 09:46:31,053 | INFO |   -> to_dict/clean: 0.07s | loop(5494): 0.02s | insert(5482): 0.65s | update(0): 0.00s | commit: 0.01s
2026-08-16 09:46:31,057 | INFO | چانک 406 | 5494 ردیف | clean: 0.01s | load: 0.75s | جمع کل: 2155653 رکورد
2026-08-16 09:46:32,049 | INFO |   -> to_dict/clean: 0.16s | loop(5832): 0.03s | insert(5806): 0.65s | update(0): 0.00s | commit: 0.01s
2026-08-16 09:46:32,052 | INFO | چانک 407 | 5832 ردیف | clean: 0.01s | load: 0.85s | جمع کل: 2161485 رکورد
2026-08-16 09:46:32,741 | INFO |   -> to_dict/clean: 0.07s | loop(5250): 0.02s | insert(5235): 0.50s | update(0): 0.00s | commit: 0.01s
2026-08-16 09:46:32,744 | INFO | چانک 408 | 5250 ردیف | clean: 0.01s | load: 0.60s | جمع کل: 2166735 رکورد
2026-08-16 09:46:33,355 | INFO |   -> to_dict/clean: 0.06s | loop(4988): 0.01s | insert(4988): 0.44s | update(0): 0.00s | commit: 0.01s
2026-08-16 09:46:33,357 | INFO | چانک 409 | 4988 ردیف | clean: 0.00s | load: 0.53s | جمع کل: 2171723 رکورد
2026-08-16 09:46:34,067 | INFO |   -> to_dict/clean: 0.07s | loop(5535): 0.02s | insert(5535): 0.54s | update(0): 0.00s | commit: 0.01s
2026-08-16 09:46:34,070 | INFO | چانک 410 | 5535 ردیف | clean: 0.00s | load: 0.64s | جمع کل: 2177258 رکورد
2026-08-16 09:46:34,871 | INFO |   -> to_dict/clean: 0.07s | loop(5987): 0.02s | insert(5987): 0.60s | update(0): 0.00s | commit: 0.01s
2026-08-16 09:46:34,874 | INFO | چانک 411 | 5987 ردیف | clean: 0.01s | load: 0.71s | جمع کل: 2183245 رکورد
2026-08-16 09:46:35,818 | INFO |   -> to_dict/clean: 0.10s | loop(6015): 0.03s | insert(6015): 0.68s | update(0): 0.00s | commit: 0.01s
2026-08-16 09:46:35,821 | INFO | چانک 412 | 6015 ردیف | clean: 0.01s | load: 0.83s | جمع کل: 2189260 رکورد
2026-08-16 09:46:36,784 | INFO |   -> to_dict/clean: 0.12s | loop(6305): 0.07s | insert(6305): 0.67s | update(0): 0.00s | commit: 0.01s
2026-08-16 09:46:36,787 | INFO | چانک 413 | 6305 ردیف | clean: 0.00s | load: 0.88s | جمع کل: 2195565 رکورد
2026-08-16 09:46:37,697 | INFO |   -> to_dict/clean: 0.10s | loop(6295): 0.02s | insert(6295): 0.66s | update(0): 0.00s | commit: 0.01s
2026-08-16 09:46:37,700 | INFO | چانک 414 | 6295 ردیف | clean: 0.00s | load: 0.80s | جمع کل: 2201860 رکورد
2026-08-16 09:46:38,602 | INFO |   -> to_dict/clean: 0.08s | loop(6328): 0.02s | insert(6328): 0.70s | update(0): 0.00s | commit: 0.01s
2026-08-16 09:46:38,605 | INFO | چانک 415 | 6328 ردیف | clean: 0.01s | load: 0.81s | جمع کل: 2208188 رکورد
2026-08-16 09:46:39,557 | INFO |   -> to_dict/clean: 0.09s | loop(6636): 0.04s | insert(6636): 0.71s | update(0): 0.00s | commit: 0.01s
2026-08-16 09:46:39,560 | INFO | چانک 416 | 6636 ردیف | clean: 0.01s | load: 0.85s | جمع کل: 2214824 رکورد
2026-08-16 09:46:40,588 | INFO |   -> to_dict/clean: 0.08s | loop(6531): 0.02s | insert(6531): 0.83s | update(0): 0.00s | commit: 0.01s
2026-08-16 09:46:40,592 | INFO | چانک 417 | 6531 ردیف | clean: 0.00s | load: 0.94s | جمع کل: 2221355 رکورد
2026-08-16 09:46:41,604 | INFO |   -> to_dict/clean: 0.13s | loop(6467): 0.07s | insert(6467): 0.68s | update(0): 0.00s | commit: 0.01s
2026-08-16 09:46:41,607 | INFO | چانک 418 | 6467 ردیف | clean: 0.01s | load: 0.90s | جمع کل: 2227822 رکورد
2026-08-16 09:46:42,907 | INFO |   -> to_dict/clean: 0.16s | loop(6493): 0.04s | insert(6493): 0.82s | update(0): 0.00s | commit: 0.08s
2026-08-16 09:46:42,931 | INFO | چانک 419 | 6493 ردیف | clean: 0.01s | load: 1.13s | جمع کل: 2234315 رکورد
2026-08-16 09:46:43,923 | INFO |   -> to_dict/clean: 0.13s | loop(6591): 0.02s | insert(6591): 0.71s | update(0): 0.00s | commit: 0.01s
2026-08-16 09:46:43,926 | INFO | چانک 420 | 6591 ردیف | clean: 0.01s | load: 0.88s | جمع کل: 2240906 رکورد
2026-08-16 09:46:44,786 | INFO |   -> to_dict/clean: 0.08s | loop(6011): 0.02s | insert(6011): 0.63s | update(0): 0.00s | commit: 0.01s
2026-08-16 09:46:44,789 | INFO | چانک 421 | 6011 ردیف | clean: 0.01s | load: 0.74s | جمع کل: 2246917 رکورد
2026-08-16 09:46:45,546 | INFO |   -> to_dict/clean: 0.08s | loop(4828): 0.01s | insert(4828): 0.55s | update(0): 0.00s | commit: 0.01s
2026-08-16 09:46:45,549 | INFO | چانک 422 | 4828 ردیف | clean: 0.01s | load: 0.66s | جمع کل: 2251745 رکورد
2026-08-16 09:46:46,346 | INFO |   -> to_dict/clean: 0.12s | loop(5602): 0.07s | insert(5602): 0.53s | update(0): 0.00s | commit: 0.01s
2026-08-16 09:46:46,348 | INFO | چانک 423 | 5602 ردیف | clean: 0.00s | load: 0.73s | جمع کل: 2257347 رکورد
2026-08-16 09:46:46,978 | INFO |   -> to_dict/clean: 0.06s | loop(4962): 0.02s | insert(4962): 0.45s | update(0): 0.00s | commit: 0.01s
2026-08-16 09:46:46,981 | INFO | چانک 424 | 4962 ردیف | clean: 0.01s | load: 0.54s | جمع کل: 2262309 رکورد
2026-08-16 09:46:47,681 | INFO |   -> to_dict/clean: 0.11s | loop(4732): 0.02s | insert(4732): 0.45s | update(0): 0.00s | commit: 0.01s
2026-08-16 09:46:47,683 | INFO | چانک 425 | 4732 ردیف | clean: 0.01s | load: 0.59s | جمع کل: 2267041 رکورد
2026-08-16 09:46:48,300 | INFO |   -> to_dict/clean: 0.07s | loop(4819): 0.01s | insert(4819): 0.43s | update(0): 0.00s | commit: 0.01s
2026-08-16 09:46:48,302 | INFO | چانک 426 | 4819 ردیف | clean: 0.01s | load: 0.53s | جمع کل: 2271860 رکورد
2026-08-16 09:46:48,892 | INFO |   -> to_dict/clean: 0.06s | loop(4798): 0.01s | insert(4798): 0.44s | update(0): 0.00s | commit: 0.01s
2026-08-16 09:46:48,894 | INFO | چانک 427 | 4798 ردیف | clean: 0.00s | load: 0.52s | جمع کل: 2276658 رکورد
2026-08-16 09:46:49,669 | INFO |   -> to_dict/clean: 0.14s | loop(5074): 0.02s | insert(5074): 0.51s | update(0): 0.00s | commit: 0.01s
2026-08-16 09:46:49,672 | INFO | چانک 428 | 5074 ردیف | clean: 0.01s | load: 0.68s | جمع کل: 2281732 رکورد
2026-08-16 09:46:50,626 | INFO |   -> to_dict/clean: 0.15s | loop(4781): 0.04s | insert(4781): 0.64s | update(0): 0.00s | commit: 0.01s
2026-08-16 09:46:50,629 | INFO | چانک 429 | 4781 ردیف | clean: 0.01s | load: 0.84s | جمع کل: 2286513 رکورد
2026-08-16 09:46:51,325 | INFO |   -> to_dict/clean: 0.16s | loop(4943): 0.01s | insert(4943): 0.43s | update(0): 0.00s | commit: 0.01s
2026-08-16 09:46:51,327 | INFO | چانک 430 | 4943 ردیف | clean: 0.00s | load: 0.62s | جمع کل: 2291456 رکورد
2026-08-16 09:46:52,002 | INFO |   -> to_dict/clean: 0.06s | loop(5008): 0.01s | insert(5008): 0.51s | update(0): 0.00s | commit: 0.01s
2026-08-16 09:46:52,005 | INFO | چانک 431 | 5008 ردیف | clean: 0.00s | load: 0.60s | جمع کل: 2296464 رکورد
2026-08-16 09:46:52,889 | INFO |   -> to_dict/clean: 0.09s | loop(5022): 0.02s | insert(5022): 0.66s | update(0): 0.00s | commit: 0.01s
2026-08-16 09:46:52,891 | INFO | چانک 432 | 5022 ردیف | clean: 0.01s | load: 0.78s | جمع کل: 2301486 رکورد
2026-08-16 09:46:53,582 | INFO |   -> to_dict/clean: 0.09s | loop(5127): 0.02s | insert(5127): 0.47s | update(0): 0.00s | commit: 0.01s
2026-08-16 09:46:53,585 | INFO | چانک 433 | 5127 ردیف | clean: 0.01s | load: 0.59s | جمع کل: 2306613 رکورد
2026-08-16 09:46:54,245 | INFO |   -> to_dict/clean: 0.06s | loop(4876): 0.02s | insert(4876): 0.49s | update(0): 0.00s | commit: 0.01s
2026-08-16 09:46:54,247 | INFO | چانک 434 | 4876 ردیف | clean: 0.00s | load: 0.58s | جمع کل: 2311489 رکورد
2026-08-16 09:46:54,916 | INFO |   -> to_dict/clean: 0.09s | loop(4898): 0.01s | insert(4898): 0.44s | update(0): 0.00s | commit: 0.01s
2026-08-16 09:46:54,918 | INFO | چانک 435 | 4898 ردیف | clean: 0.01s | load: 0.56s | جمع کل: 2316387 رکورد
2026-08-16 09:46:56,054 | INFO |   -> to_dict/clean: 0.12s | loop(5195): 0.15s | insert(5195): 0.76s | update(0): 0.00s | commit: 0.01s
2026-08-16 09:46:56,057 | INFO | چانک 436 | 5195 ردیف | clean: 0.01s | load: 1.04s | جمع کل: 2321582 رکورد
2026-08-16 09:46:56,682 | INFO |   -> to_dict/clean: 0.06s | loop(4832): 0.01s | insert(4832): 0.46s | update(0): 0.00s | commit: 0.01s
2026-08-16 09:46:56,684 | INFO | چانک 437 | 4832 ردیف | clean: 0.00s | load: 0.55s | جمع کل: 2326414 رکورد
2026-08-16 09:46:57,435 | INFO |   -> to_dict/clean: 0.07s | loop(5060): 0.02s | insert(5060): 0.56s | update(0): 0.00s | commit: 0.01s
2026-08-16 09:46:57,438 | INFO | چانک 438 | 5060 ردیف | clean: 0.01s | load: 0.66s | جمع کل: 2331474 رکورد
2026-08-16 09:46:58,143 | INFO |   -> to_dict/clean: 0.07s | loop(5019): 0.02s | insert(5019): 0.51s | update(0): 0.00s | commit: 0.01s
2026-08-16 09:46:58,146 | INFO | چانک 439 | 5019 ردیف | clean: 0.01s | load: 0.61s | جمع کل: 2336493 رکورد
2026-08-16 09:46:58,852 | INFO |   -> to_dict/clean: 0.06s | loop(4956): 0.02s | insert(4956): 0.54s | update(0): 0.00s | commit: 0.01s
2026-08-16 09:46:58,854 | INFO | چانک 440 | 4956 ردیف | clean: 0.01s | load: 0.63s | جمع کل: 2341449 رکورد
2026-08-16 09:46:59,613 | INFO |   -> to_dict/clean: 0.09s | loop(4869): 0.03s | insert(4869): 0.49s | update(0): 0.00s | commit: 0.01s
2026-08-16 09:46:59,616 | INFO | چانک 441 | 4869 ردیف | clean: 0.01s | load: 0.62s | جمع کل: 2346318 رکورد
2026-08-16 09:47:00,438 | INFO |   -> to_dict/clean: 0.07s | loop(5048): 0.02s | insert(5048): 0.63s | update(0): 0.00s | commit: 0.01s
2026-08-16 09:47:00,441 | INFO | چانک 442 | 5048 ردیف | clean: 0.01s | load: 0.72s | جمع کل: 2351366 رکورد
2026-08-16 09:47:01,211 | INFO |   -> to_dict/clean: 0.12s | loop(5045): 0.02s | insert(5045): 0.53s | update(0): 0.00s | commit: 0.01s
2026-08-16 09:47:01,214 | INFO | چانک 443 | 5045 ردیف | clean: 0.00s | load: 0.68s | جمع کل: 2356411 رکورد
2026-08-16 09:47:01,905 | INFO |   -> to_dict/clean: 0.06s | loop(5047): 0.02s | insert(5047): 0.52s | update(0): 0.00s | commit: 0.01s
2026-08-16 09:47:01,912 | INFO | چانک 444 | 5047 ردیف | clean: 0.00s | load: 0.61s | جمع کل: 2361458 رکورد
2026-08-16 09:47:02,985 | INFO |   -> to_dict/clean: 0.15s | loop(5306): 0.05s | insert(5306): 0.78s | update(0): 0.00s | commit: 0.01s
2026-08-16 09:47:02,988 | INFO | چانک 445 | 5306 ردیف | clean: 0.01s | load: 0.99s | جمع کل: 2366764 رکورد
2026-08-16 09:47:03,794 | INFO |   -> to_dict/clean: 0.12s | loop(5081): 0.03s | insert(5081): 0.58s | update(0): 0.00s | commit: 0.01s
2026-08-16 09:47:03,796 | INFO | چانک 446 | 5081 ردیف | clean: 0.01s | load: 0.74s | جمع کل: 2371845 رکورد
2026-08-16 09:47:04,522 | INFO |   -> to_dict/clean: 0.06s | loop(5079): 0.02s | insert(5079): 0.55s | update(0): 0.00s | commit: 0.01s
2026-08-16 09:47:04,524 | INFO | چانک 447 | 5079 ردیف | clean: 0.00s | load: 0.65s | جمع کل: 2376924 رکورد
2026-08-16 09:47:05,246 | INFO |   -> to_dict/clean: 0.06s | loop(5179): 0.02s | insert(5179): 0.54s | update(0): 0.00s | commit: 0.01s
2026-08-16 09:47:05,249 | INFO | چانک 448 | 5179 ردیف | clean: 0.00s | load: 0.63s | جمع کل: 2382103 رکورد
2026-08-16 09:47:06,060 | INFO |   -> to_dict/clean: 0.06s | loop(4904): 0.02s | insert(4904): 0.63s | update(0): 0.00s | commit: 0.01s
2026-08-16 09:47:06,062 | INFO | چانک 449 | 4904 ردیف | clean: 0.00s | load: 0.72s | جمع کل: 2387007 رکورد
2026-08-16 09:47:06,891 | INFO |   -> to_dict/clean: 0.19s | loop(4981): 0.01s | insert(4981): 0.51s | update(0): 0.00s | commit: 0.01s
2026-08-16 09:47:06,893 | INFO | چانک 450 | 4981 ردیف | clean: 0.01s | load: 0.73s | جمع کل: 2391988 رکورد
2026-08-16 09:47:07,555 | INFO |   -> to_dict/clean: 0.06s | loop(4979): 0.02s | insert(4979): 0.47s | update(0): 0.00s | commit: 0.01s
2026-08-16 09:47:07,557 | INFO | چانک 451 | 4979 ردیف | clean: 0.00s | load: 0.56s | جمع کل: 2396967 رکورد
2026-08-16 09:47:08,289 | INFO |   -> to_dict/clean: 0.07s | loop(5013): 0.02s | insert(5013): 0.53s | update(0): 0.00s | commit: 0.01s
2026-08-16 09:47:08,291 | INFO | چانک 452 | 5013 ردیف | clean: 0.01s | load: 0.63s | جمع کل: 2401980 رکورد
2026-08-16 09:47:09,057 | INFO |   -> to_dict/clean: 0.08s | loop(4863): 0.02s | insert(4863): 0.58s | update(0): 0.00s | commit: 0.01s
2026-08-16 09:47:09,059 | INFO | چانک 453 | 4863 ردیف | clean: 0.01s | load: 0.69s | جمع کل: 2406843 رکورد
2026-08-16 09:47:09,722 | INFO |   -> to_dict/clean: 0.10s | loop(5006): 0.01s | insert(5006): 0.47s | update(0): 0.00s | commit: 0.01s
2026-08-16 09:47:09,725 | INFO | چانک 454 | 5006 ردیف | clean: 0.01s | load: 0.59s | جمع کل: 2411849 رکورد
2026-08-16 09:47:10,399 | INFO |   -> to_dict/clean: 0.08s | loop(5083): 0.02s | insert(5083): 0.48s | update(0): 0.00s | commit: 0.01s
2026-08-16 09:47:10,401 | INFO | چانک 455 | 5083 ردیف | clean: 0.01s | load: 0.59s | جمع کل: 2416932 رکورد
2026-08-16 09:47:11,305 | INFO |   -> to_dict/clean: 0.19s | loop(5090): 0.07s | insert(5090): 0.55s | update(0): 0.00s | commit: 0.01s
2026-08-16 09:47:11,308 | INFO | چانک 456 | 5090 ردیف | clean: 0.00s | load: 0.82s | جمع کل: 2422022 رکورد
2026-08-16 09:47:11,962 | INFO |   -> to_dict/clean: 0.06s | loop(4767): 0.01s | insert(4767): 0.47s | update(0): 0.00s | commit: 0.01s
2026-08-16 09:47:11,965 | INFO | چانک 457 | 4767 ردیف | clean: 0.00s | load: 0.56s | جمع کل: 2426789 رکورد
2026-08-16 09:47:12,686 | INFO |   -> to_dict/clean: 0.07s | loop(5223): 0.02s | insert(5223): 0.52s | update(0): 0.00s | commit: 0.01s
2026-08-16 09:47:12,689 | INFO | چانک 458 | 5223 ردیف | clean: 0.01s | load: 0.62s | جمع کل: 2432012 رکورد
2026-08-16 09:47:13,381 | INFO |   -> to_dict/clean: 0.06s | loop(4981): 0.01s | insert(4981): 0.51s | update(0): 0.00s | commit: 0.01s
2026-08-16 09:47:13,383 | INFO | چانک 459 | 4981 ردیف | clean: 0.00s | load: 0.61s | جمع کل: 2436993 رکورد
2026-08-16 09:47:14,084 | INFO |   -> to_dict/clean: 0.09s | loop(4926): 0.03s | insert(4926): 0.48s | update(0): 0.00s | commit: 0.01s
2026-08-16 09:47:14,086 | INFO | چانک 460 | 4926 ردیف | clean: 0.01s | load: 0.61s | جمع کل: 2441919 رکورد
2026-08-16 09:47:14,898 | INFO |   -> to_dict/clean: 0.15s | loop(4970): 0.02s | insert(4970): 0.53s | update(0): 0.00s | commit: 0.01s
2026-08-16 09:47:14,901 | INFO | چانک 461 | 4970 ردیف | clean: 0.01s | load: 0.72s | جمع کل: 2446889 رکورد
2026-08-16 09:47:15,768 | INFO |   -> to_dict/clean: 0.07s | loop(4944): 0.01s | insert(4944): 0.68s | update(0): 0.00s | commit: 0.01s
2026-08-16 09:47:15,770 | INFO | چانک 462 | 4944 ردیف | clean: 0.01s | load: 0.78s | جمع کل: 2451833 رکورد
2026-08-16 09:47:16,582 | INFO |   -> to_dict/clean: 0.12s | loop(4889): 0.01s | insert(4889): 0.55s | update(0): 0.00s | commit: 0.01s
2026-08-16 09:47:16,589 | INFO | چانک 463 | 4889 ردیف | clean: 0.00s | load: 0.69s | جمع کل: 2456722 رکورد
2026-08-16 09:47:17,702 | INFO |   -> to_dict/clean: 0.13s | loop(5262): 0.03s | insert(5262): 0.72s | update(0): 0.00s | commit: 0.01s
2026-08-16 09:47:17,704 | INFO | چانک 464 | 5262 ردیف | clean: 0.01s | load: 0.90s | جمع کل: 2461984 رکورد
2026-08-16 09:47:18,631 | INFO |   -> to_dict/clean: 0.13s | loop(5120): 0.03s | insert(5120): 0.63s | update(0): 0.00s | commit: 0.01s
2026-08-16 09:47:18,634 | INFO | چانک 465 | 5120 ردیف | clean: 0.01s | load: 0.81s | جمع کل: 2467104 رکورد
2026-08-16 09:47:19,397 | INFO |   -> to_dict/clean: 0.14s | loop(5112): 0.02s | insert(5112): 0.48s | update(0): 0.00s | commit: 0.01s
2026-08-16 09:47:19,399 | INFO | چانک 466 | 5112 ردیف | clean: 0.01s | load: 0.66s | جمع کل: 2472216 رکورد
2026-08-16 09:47:20,155 | INFO |   -> to_dict/clean: 0.12s | loop(5178): 0.02s | insert(5178): 0.49s | update(0): 0.00s | commit: 0.01s
2026-08-16 09:47:20,157 | INFO | چانک 467 | 5178 ردیف | clean: 0.01s | load: 0.63s | جمع کل: 2477394 رکورد
2026-08-16 09:47:20,880 | INFO |   -> to_dict/clean: 0.07s | loop(5203): 0.02s | insert(5203): 0.54s | update(0): 0.00s | commit: 0.01s
2026-08-16 09:47:20,882 | INFO | چانک 468 | 5203 ردیف | clean: 0.00s | load: 0.65s | جمع کل: 2482597 رکورد
2026-08-16 09:47:21,660 | INFO |   -> to_dict/clean: 0.06s | loop(5102): 0.02s | insert(5102): 0.60s | update(0): 0.00s | commit: 0.01s
2026-08-16 09:47:21,662 | INFO | چانک 469 | 5102 ردیف | clean: 0.00s | load: 0.69s | جمع کل: 2487699 رکورد
2026-08-16 09:47:22,423 | INFO |   -> to_dict/clean: 0.13s | loop(5030): 0.02s | insert(5030): 0.54s | update(0): 0.00s | commit: 0.01s
2026-08-16 09:47:22,425 | INFO | چانک 470 | 5030 ردیف | clean: 0.00s | load: 0.70s | جمع کل: 2492729 رکورد
2026-08-16 09:47:23,223 | INFO |   -> to_dict/clean: 0.08s | loop(5268): 0.02s | insert(5268): 0.60s | update(0): 0.00s | commit: 0.01s
2026-08-16 09:47:23,226 | INFO | چانک 471 | 5268 ردیف | clean: 0.00s | load: 0.72s | جمع کل: 2497997 رکورد
2026-08-16 09:47:23,887 | INFO |   -> to_dict/clean: 0.06s | loop(4862): 0.01s | insert(4862): 0.47s | update(0): 0.00s | commit: 0.01s
2026-08-16 09:47:23,890 | INFO | چانک 472 | 4862 ردیف | clean: 0.01s | load: 0.57s | جمع کل: 2502859 رکورد
2026-08-16 09:47:24,673 | INFO |   -> to_dict/clean: 0.08s | loop(5006): 0.03s | insert(5006): 0.55s | update(0): 0.00s | commit: 0.01s
2026-08-16 09:47:24,676 | INFO | چانک 473 | 5006 ردیف | clean: 0.01s | load: 0.68s | جمع کل: 2507865 رکورد
2026-08-16 09:47:25,451 | INFO |   -> to_dict/clean: 0.11s | loop(5152): 0.02s | insert(5152): 0.51s | update(0): 0.00s | commit: 0.01s
2026-08-16 09:47:25,453 | INFO | چانک 474 | 5152 ردیف | clean: 0.01s | load: 0.65s | جمع کل: 2513017 رکورد
2026-08-16 09:47:26,176 | INFO |   -> to_dict/clean: 0.07s | loop(5377): 0.02s | insert(5377): 0.51s | update(0): 0.00s | commit: 0.01s
2026-08-16 09:47:26,179 | INFO | چانک 475 | 5377 ردیف | clean: 0.01s | load: 0.62s | جمع کل: 2518394 رکورد
2026-08-16 09:47:27,002 | INFO |   -> to_dict/clean: 0.09s | loop(5087): 0.02s | insert(5087): 0.63s | update(0): 0.00s | commit: 0.01s
2026-08-16 09:47:27,004 | INFO | چانک 476 | 5087 ردیف | clean: 0.01s | load: 0.74s | جمع کل: 2523481 رکورد
2026-08-16 09:47:27,796 | INFO |   -> to_dict/clean: 0.16s | loop(5271): 0.02s | insert(5271): 0.49s | update(0): 0.00s | commit: 0.01s
2026-08-16 09:47:27,798 | INFO | چانک 477 | 5271 ردیف | clean: 0.01s | load: 0.69s | جمع کل: 2528752 رکورد
2026-08-16 09:47:28,526 | INFO |   -> to_dict/clean: 0.07s | loop(5335): 0.02s | insert(5335): 0.52s | update(0): 0.00s | commit: 0.01s
2026-08-16 09:47:28,528 | INFO | چانک 478 | 5335 ردیف | clean: 0.01s | load: 0.62s | جمع کل: 2534087 رکورد
2026-08-16 09:47:29,217 | INFO |   -> to_dict/clean: 0.07s | loop(5261): 0.02s | insert(5261): 0.51s | update(0): 0.00s | commit: 0.01s
2026-08-16 09:47:29,220 | INFO | چانک 479 | 5261 ردیف | clean: 0.00s | load: 0.61s | جمع کل: 2539348 رکورد
2026-08-16 09:47:30,074 | INFO |   -> to_dict/clean: 0.12s | loop(5174): 0.06s | insert(5174): 0.56s | update(0): 0.00s | commit: 0.01s
2026-08-16 09:47:30,077 | INFO | چانک 480 | 5174 ردیف | clean: 0.01s | load: 0.75s | جمع کل: 2544522 رکورد
2026-08-16 09:47:31,039 | INFO |   -> to_dict/clean: 0.11s | loop(6468): 0.02s | insert(6468): 0.71s | update(0): 0.00s | commit: 0.01s
2026-08-16 09:47:31,042 | INFO | چانک 481 | 6468 ردیف | clean: 0.00s | load: 0.86s | جمع کل: 2550990 رکورد
2026-08-16 09:47:31,812 | INFO |   -> to_dict/clean: 0.06s | loop(4657): 0.02s | insert(4657): 0.60s | update(0): 0.00s | commit: 0.01s
2026-08-16 09:47:31,814 | INFO | چانک 482 | 4657 ردیف | clean: 0.00s | load: 0.69s | جمع کل: 2555647 رکورد
2026-08-16 09:47:32,540 | INFO |   -> to_dict/clean: 0.12s | loop(4438): 0.07s | insert(4437): 0.42s | update(0): 0.00s | commit: 0.01s
2026-08-16 09:47:32,543 | INFO | چانک 483 | 4438 ردیف | clean: 0.01s | load: 0.62s | جمع کل: 2560085 رکورد
2026-08-16 09:47:33,178 | INFO |   -> to_dict/clean: 0.06s | loop(4744): 0.01s | insert(4743): 0.46s | update(0): 0.00s | commit: 0.01s
2026-08-16 09:47:33,181 | INFO | چانک 484 | 4744 ردیف | clean: 0.00s | load: 0.54s | جمع کل: 2564829 رکورد
2026-08-16 09:47:33,869 | INFO |   -> to_dict/clean: 0.07s | loop(5104): 0.03s | insert(5104): 0.49s | update(0): 0.00s | commit: 0.01s
2026-08-16 09:47:33,872 | INFO | چانک 485 | 5104 ردیف | clean: 0.00s | load: 0.60s | جمع کل: 2569933 رکورد
2026-08-16 09:47:34,522 | INFO |   -> to_dict/clean: 0.07s | loop(4861): 0.01s | insert(4861): 0.45s | update(0): 0.00s | commit: 0.01s
2026-08-16 09:47:34,525 | INFO | چانک 486 | 4861 ردیف | clean: 0.01s | load: 0.55s | جمع کل: 2574794 رکورد
2026-08-16 09:47:35,235 | INFO |   -> to_dict/clean: 0.08s | loop(4637): 0.02s | insert(4637): 0.48s | update(0): 0.00s | commit: 0.01s
2026-08-16 09:47:35,237 | INFO | چانک 487 | 4637 ردیف | clean: 0.01s | load: 0.60s | جمع کل: 2579431 رکورد
2026-08-16 09:47:35,940 | INFO |   -> to_dict/clean: 0.07s | loop(4833): 0.02s | insert(4833): 0.48s | update(0): 0.00s | commit: 0.01s
2026-08-16 09:47:35,942 | INFO | چانک 488 | 4833 ردیف | clean: 0.01s | load: 0.58s | جمع کل: 2584264 رکورد
2026-08-16 09:47:36,878 | INFO |   -> to_dict/clean: 0.07s | loop(5707): 0.02s | insert(5707): 0.73s | update(0): 0.00s | commit: 0.01s
2026-08-16 09:47:36,881 | INFO | چانک 489 | 5707 ردیف | clean: 0.00s | load: 0.83s | جمع کل: 2589971 رکورد
2026-08-16 09:47:37,861 | INFO |   -> to_dict/clean: 0.22s | loop(5856): 0.02s | insert(5856): 0.62s | update(0): 0.00s | commit: 0.01s
2026-08-16 09:47:37,863 | INFO | چانک 490 | 5856 ردیف | clean: 0.01s | load: 0.87s | جمع کل: 2595827 رکورد
2026-08-16 09:47:39,093 | INFO |   -> to_dict/clean: 0.16s | loop(6260): 0.04s | insert(6260): 0.87s | update(0): 0.00s | commit: 0.01s
2026-08-16 09:47:39,096 | INFO | چانک 491 | 6260 ردیف | clean: 0.01s | load: 1.08s | جمع کل: 2602087 رکورد
2026-08-16 09:47:40,079 | INFO |   -> to_dict/clean: 0.08s | loop(6258): 0.02s | insert(6258): 0.78s | update(0): 0.00s | commit: 0.01s
2026-08-16 09:47:40,081 | INFO | چانک 492 | 6258 ردیف | clean: 0.00s | load: 0.89s | جمع کل: 2608345 رکورد
