seller,total_products,fake_count,fake_percent
بهین تک,25,25,100.0
پوشاک ورسا,40,40,100.0
ترندیست,52,52,100.0
دارا اسپرت,20,20,100.0
سایا ورزشی,58,58,100.0
دلفی کاستوم,98,98,100.0
باماجامه,107,106,99.07
غزالی اسپرت,84,82,97.62
تام اسپرت,5018,4883,97.31
کاردینال پلاس,73,71,97.26
ساعت چکاوک,28,27,96.43
پوشاک فارس,28,27,96.43
روکش صندلی سوشیانت,28,27,96.43
تایم گالری,25,24,96.0
ویهان اسپورت,23,22,95.65
سی لگ,44,42,95.45
کتونی سن سیرو,21,20,95.24
ست لاورز,21,20,95.24
سوما اسپرت,83,79,95.18
ساعت زرین,20,19,95.0
کفش اورجینال ورزشی,39,37,94.87
الماس,424,402,94.81
برند شو,243,230,94.65
بازرگانی برند اسپرت ,606,573,94.55
مدیوار,33,31,93.94
کتانی آرژانتین,44,41,93.18
دات شاپ,612,566,92.48
یونیک پرو,53,49,92.45
اسپورتیج پلاس,26,24,92.31
کتونی پوشان,44,40,90.91
هوشمند آرشان,21,19,90.48
فورشاپ بوشهر,63,57,90.48
لند اسپرت,21,19,90.48
فیشن استار,21,19,90.48
کرون شاپ,51,46,90.2
فروشگاه مدرن اسپرت,20,18,90.0
آی تک فهیمی,20,18,90.0
هیواد نو,29,26,89.66
ویرستایل,93,83,89.25
کیف سازان,214,191,89.25
تهران اسپورت,650,577,88.77
کفش کهکشان ,25,22,88.0
ساکاها,25,22,88.0
وزین اسپرت,33,29,87.88
جی دی,316,277,87.66
میک رویال,140,122,87.14
ایلا اسپرت,694,602,86.74
بای کالا,73,63,86.3
گالری ورزشی حسام,79,68,86.08
آس شاپ,319,272,85.27
مد و پوشاک رحیمی,33,28,84.85
فروشگاه کتونی پیک اسپرت,45,38,84.44
 کالکشن دندی,100,84,84.0
نیو اسپورت شاپ,123,103,83.74
مارکی,100,83,83.0
ویژن فیت,291,241,82.82
ورزشی مایکت,80,66,82.5
زیرتن پوش,62,51,82.26
عینک مجیدی,27,22,81.48
اسپرت,644,517,80.28
فروشگاه کفش پاشیک,162,130,80.25
رها اسپرت,229,183,79.91
رویال اسپورت,53,42,79.25
آوا کفش,38,30,78.95
پوشاک وستا,28,22,78.57
کی مد استایل,192,150,78.13
اسپورتاپ,32,25,78.13
گالری برزگر,28,21,75.0
آسیامال,98,73,74.49
دربی اسپرت,31,23,74.19
شاین واچ,114,84,73.68
کفش کتونی راد استور,45,33,73.33
دیاموند بوتیک,97,70,72.16
مک نیل,25,18,72.0
سی  اچ  آر  مد,303,218,71.95
بازرگانی مطمئن,39,28,71.79
خانه کیف,176,126,71.59
رهاگر,121,86,71.07
رویان شاپ,74,52,70.27
لوکس آویز ساعت,188,132,70.21
الوری,57,40,70.18
شال روسری رز,23,16,69.57
آلاماس,36,25,69.44
دانایان,26,18,69.23
توتال شوز,152,105,69.08
کفش پا تک,196,135,68.88
آرشام لیدر,25,17,68.0
سر و سامون,96,65,67.71
پامامد,101,68,67.33
پارسیان چارسو,203,136,67.0
 گالری اشرافی,27,18,66.67
کی اس کالکشن,21,14,66.67
برسا استور,72,48,66.67
مهرگاد,125,83,66.4
جاناگالری,163,108,66.26
ساعت کوک,38,25,65.79
پویان اسپرت,122,80,65.57
وگاس استور,29,19,65.52
پوشاک ورساز,23,15,65.22
ساریکو پلاس,20,13,65.0
پخش پارسان,94,61,64.89
کفش فطرس,34,22,64.71
سرو طلایی,50,32,64.0
فرسان واچ,25,16,64.0
اوپال اوپتیک,613,388,63.3
کفش امیتیس,133,84,63.16
بازرگانی اندیشه نو,38,24,63.16
کیف و چمدان هدیه,27,17,62.96
مانا مینی مارکت,27,17,62.96
رویال کلاب,27,17,62.96
اورجیمارک,113,71,62.83
بذر آذر سبزینه,78,49,62.82
تولید و پخش مادر,32,20,62.5
کیف من,98,61,62.24
شانی کو,471,290,61.57
بازرگانی بزرگ لوتوس,26,16,61.54
آتالانته,252,155,61.51
استار اسپرت تهران,64,39,60.94
پخش ولیعصر,430,259,60.23
دی تهران جی,25,15,60.0
گالری آبراهام,25,15,60.0
کفش لمور,20,12,60.0
کیف آژند,55,33,60.0
بیتامد,161,96,59.63
دنیای پیلاتس,49,29,59.18
گالری کابل,164,97,59.15
گالری برج خلیفه,41,24,58.54
آیرانرکو,24,14,58.33
شمسین گالری,315,183,58.1
کامجو,47,27,57.45
دیریم,89,51,57.3
تنیس اسپورت,21,12,57.14
تنیس اسپرت,35,20,57.14
پاپیلون دستسازه,280,160,57.14
بازارکده شماره سوم,91,52,57.14
پاشاکالام,123,70,56.91
آریا مهر,306,172,56.21
شمسان گالری  ,84,47,55.95
فروشگاه آرکوشپ,633,353,55.77
بازار کیف,420,234,55.71
آرکا پخش,242,134,55.37
فروشگاه عینک کالاچیو,268,148,55.22
کفش ایران اسکارپا,40,22,55.0
سکرت شاپ,235,128,54.47
اپتیک مدرن ,46,25,54.35
زولا مارکت,37,20,54.05
گالری کفش تک اسپرت,43,23,53.49
فرمیک,30,16,53.33
گالری فیاض,21,11,52.38
کیف نادر,21,11,52.38
فرندزاسپرت,23,12,52.17
ارسس صنعت,102,53,51.96
سیتی نایس,79,41,51.9
سارزی,79,41,51.9
جوگو,27,14,51.85
گالری رویال واچ,33,17,51.52
آورنگ,33,17,51.52
تریکو تندیس ,80,41,51.25
شنا لند,41,21,51.22
سانا کفش,41,21,51.22
ورزشی کاریزما,175,89,50.86
کیفانی چرم,59,30,50.85
آریان پخش,127,64,50.39
فروشگاه کیف نت,22,11,50.0
گیفتسو,98,49,50.0
چرم پا آرا,75,37,49.33
پیناکل مارکت,49,24,48.98
بیتی کالکشن,45,22,48.89
مولتی برند سوفیا,33,16,48.48
حسنالی,52,25,48.08
نیوساید,25,12,48.0
کیف و کفش الینور,23,11,47.83
کفش کودکانه,74,35,47.3
سعیدی کفش,144,68,47.22
آبگینولد,30,14,46.67
به تک مارکت,103,48,46.6
کیمیا کو,112,52,46.43
پخش پرسپولیس,137,63,45.99
بادیزن,35,16,45.71
کفش ابتهاج,289,132,45.67
فیت پلاس ,57,26,45.61
واچ سنتر,33,15,45.45
کیش الیت,22,10,45.45
زيپ,22,10,45.45
گالری نویان,280,127,45.36
فرسین,40,18,45.0
دناپارس,20,9,45.0
بازرگانی پرشین گستر,107,48,44.86
تامین کالای لوتوس,107,48,44.86
جهان مال,473,212,44.82
زلال سازان مهر ایران,72,32,44.44
کفش ارسی من,36,16,44.44
پروا کالا,129,57,44.19
بی ام زون,25,11,44.0
ملکه رویاها,25,11,44.0
لیا لیا,25,11,44.0
الباخ,66,29,43.94
کومو,55,24,43.64
پخش اپتیک سلطان,445,194,43.6
تمام چرم پلاس,46,20,43.48
کیفیت ممتاز,46,20,43.48
مام استور,208,90,43.27
کفش پایاپوش,21,9,42.86
مادیتا,99,42,42.42
ساعت سنتر ارغا,33,14,42.42
 پخش سرخابی,33,14,42.42
الانه گستر,26,11,42.31
اسدی استور,81,34,41.98
ملل مارکت,93,39,41.94
فروشگاه رجا,115,48,41.74
ناز نارین,157,65,41.4
تیکو گالری,100,41,41.0
بالوی,27,11,40.74
کفش کودک پونی,27,11,40.74
مگا فیتنس,27,11,40.74
نگین مال,167,68,40.72
کیف و کفش حمید,37,15,40.54
سریرکالا,42,17,40.48
گالری اپیکور ,47,19,40.43
نوین مال,47,19,40.43
مهدخت توس,221,89,40.27
لاماسو بازار,77,31,40.26
بازار تخفیف,85,34,40.0
سوریم,159,63,39.62
گالری گلد,23,9,39.13
دونیک اسپرت,46,18,39.13
پسرک لباس فروش,196,76,38.78
کیف و کفش نورا,31,12,38.71
پوشاک دامون من,75,29,38.67
دیجیسل,140,54,38.57
گنجینه دانش,65,25,38.46
کاماگالری,34,13,38.24
تولیدی محمدرضا,21,8,38.1
راک استار گیم,50,19,38.0
راه سلامتی,29,11,37.93
پوشاک جین ایران ,161,61,37.89
گلدنی,45,17,37.78
گالری ساعت جوان,85,32,37.65
گلسا کالکشن,96,36,37.5
بامی نامی,240,90,37.5
مهر و ماهور,62,23,37.1
چیتاوان,154,57,37.01
گالری ملاصدرا,268,99,36.94
لیزلی لند,103,38,36.89
باهر,183,67,36.61
گالری علی بابا,884,323,36.54
تیموشاپ,140,51,36.43
کالای ورزشی سپنتا,33,12,36.36
زرین برگی,66,24,36.36
رسپینا استور,33,12,36.36
ساعتچی شاپ,311,113,36.33
هت شاپ,36,13,36.11
تولیدی امین شاپ,53,19,35.85
گالری یاس بانو,31,11,35.48
فروشگاه نوآوران ماهک,65,23,35.38
تجارتکده البرز,286,101,35.31
هت استور,34,12,35.29
دکتر جوراب,506,178,35.18
تافی استور,111,39,35.14
سوشیانا,20,7,35.0
تیکی مکس,20,7,35.0
کاتالونی,83,29,34.94
ژانیتاکیدز,43,15,34.88
کیف سیاره,23,8,34.78
نارکو مد,26,9,34.62
البرزکده,136,47,34.56
فروشگاه زد اسپرت,55,19,34.55
آدلی شوز,177,61,34.46
کلاه سون,61,21,34.43
ماسیس بوتیک,32,11,34.38
بیرشوز,134,46,34.33
سادنیز,225,77,34.22
 اسپرت جهانی,38,13,34.21
الماس کنت,213,72,33.8
اهلمد,86,29,33.72
فروشگاه فخر,580,194,33.45
 اسپرت شاپ,81,27,33.33
چاپ لند,30,10,33.33
ارکان شاپ,109,36,33.03
فروشگاه نیک,91,30,32.97
اکسالیس,37,12,32.43
شیرین اسپرت,211,68,32.23
ساعت اسکمی,146,47,32.19
آیریا اسپرت,84,27,32.14
مدهیم,28,9,32.14
زینی,25,8,32.0
مندو,69,22,31.88
ویلیا,157,50,31.85
 یاس پوشان,107,34,31.78
زورخانه,85,27,31.76
کتونی پالیک,237,75,31.65
پخش جنوب,432,136,31.48
ایماگ,32,10,31.25
کلاپا,48,15,31.25
سامیل لند,32,10,31.25
آلانه گستر,64,20,31.25
بارلی استور,58,18,31.03
آنیس,49,15,30.61
امپایر مارکت,23,7,30.43
سوریکا,23,7,30.43
بازرگانی سام لند,66,20,30.3
دالان,33,10,30.3
جهانشهر,182,55,30.22
راینو شاپ,20,6,30.0
استورپرهام,20,6,30.0
آیپی استور,50,15,30.0
عاکفی استور,40,12,30.0
به پوشاک,20,6,30.0
برشید شاپ,20,6,30.0
دنیای کلکسیون,47,14,29.79
عینک نور چشم,752,223,29.65
خانم کفاش,41,12,29.27
کتابفا,210,61,29.05
سی اچ آر ,378,109,28.84
فیتنس سیتی,28,8,28.57
الی شال,21,6,28.57
برند دیبا,49,14,28.57
بازرگانی ایران مد,28,8,28.57
پوشاک آیکلوتز,60,17,28.33
پاوین ساکس,53,15,28.3
گالری مد کاریزما,145,41,28.28
فروشگاه کفش طبی,99,28,28.28
پاکپل,25,7,28.0
فروشگاه ورنا,168,47,27.98
سرای سرخ,79,22,27.85
فروشگاه نارون شاپ,123,34,27.64
کفش پالیز,29,8,27.59
تورینو,51,14,27.45
هوم تریپ,871,239,27.44
شین کاف,253,69,27.27
جوانروکالا,33,9,27.27
گالری ثانیه ها,253,69,27.27
صندل ارزانی,55,15,27.27
ماه شاپین,121,33,27.27
کیدز لند,37,10,27.03
گالری پیلوته,208,56,26.92
گالری وانسی پلاس,52,14,26.92
شهر صندل هفت گام,30,8,26.67
ممتاز شاپ,49,13,26.53
بادامه کالا,49,13,26.53
کیف و کفش شمس,132,35,26.52
هستا,34,9,26.47
آرام جان,201,53,26.37
فیفتان,76,20,26.32
فا فا,168,44,26.19
گالری فیدانو,138,36,26.09
دلیچی,2581,673,26.08
مسترهت,131,34,25.95
هدیه سرا,54,14,25.93
گروه تولیدی سیکوک,143,37,25.87
کژوال پوش,35,9,25.71
لاریس تبریز,39,10,25.64
کالاسنتر ارشیا,1557,398,25.56
افسون شاپ,47,12,25.53
پاپان چرم تبریز,200,51,25.5
شایان ویژن,63,16,25.4
کفش افرا,83,21,25.3
فروشگاه کج کلاه,187,47,25.13
نیکی مد,36,9,25.0
هرلند استور,44,11,25.0
کالای کودک ایران,84,21,25.0
گیگیلی شاپ,24,6,25.0
گالری لطفی,24,6,25.0
فروشگاه ستاره امید,32,8,25.0
فروشگاه شال و روسری ایوا,36,9,25.0
فستیوال,20,5,25.0
آلبوم عکس فرشته ها,24,6,25.0
هونامیک نوین,153,38,24.84
کاردانو,474,117,24.68
دیوسل شاپینگ,426,105,24.65
مهیاس بوتیک,138,34,24.64
ساترین شاپ,57,14,24.56
شاندیز مد,49,12,24.49
اگزیت مد,131,32,24.43
هرمس اسکارف,33,8,24.24
آرمیتاژ استور,33,8,24.24
ورن,327,79,24.16
ساعت پرستیژ,29,7,24.14
پخش نصف جهان,29,7,24.14
علی ونوس,29,7,24.14
پخش خرداد,29,7,24.14
استرپلاس,25,6,24.0
تامین کالای فاخر,25,6,24.0
گالری دلوان,67,16,23.88
بامبو تجارت,189,45,23.81
باغ فدک,21,5,23.81
رترو دودز,21,5,23.81
مزرعه ما,21,5,23.81
شکوه اسپرت,42,10,23.81
فانی پخش,122,29,23.77
پخش هادی,59,14,23.73
سارن,59,14,23.73
شات پلاس,97,23,23.71
پوشاک کودک الیاکیدز,34,8,23.53
فروشگاه کفش امیر,47,11,23.4
نارنگی شاپ,77,18,23.38
پوشاک نایریکا,150,35,23.33
کوکو پنبه,176,41,23.3
پویان,1332,308,23.12
تولیدی نامی بامی,52,12,23.08
او کالا,26,6,23.08
دیجیکال مشهد,26,6,23.08
پوشاک عزیز,152,35,23.03
پونیا استور,100,23,23.0
اعیان کیدز,96,22,22.92
جورواجور شاپ,83,19,22.89
رایکا نیک,118,27,22.88
ولوت ریپابلیک,105,24,22.86
پوشاک نیرا,149,34,22.82
گالری مهدیار,57,13,22.81
باپاری,272,62,22.79
سایزبزرگ استانبول,101,23,22.77
گروه مهرآذر,22,5,22.73
ای زد شاپینو,22,5,22.73
کفش ایران,291,66,22.68
بازرگانی قدیانی,62,14,22.58
نامی,31,7,22.58
مرکز پخش مدلینگ,195,44,22.56
آرتان مارکت,80,18,22.5
موج روز,40,9,22.5
جوراب ونیز,40,9,22.5
پوشاک والا,147,33,22.45
دنیزدولوکس,112,25,22.32
پات پلاس,45,10,22.22
ساعت رویایی,27,6,22.22
لوازم ورزشی جی کی,63,14,22.22
گالری پاران,63,14,22.22
شهر مدل,27,6,22.22
می نی نی,126,28,22.22
سعید اپتیک,72,16,22.22
کالای برق افشان,343,76,22.16
گالری تکتا,227,50,22.03
گالری ماندگار,96,21,21.88
مسیحا بیوتی,92,20,21.74
فروشگاه پینایت,46,10,21.74
ساعت پارلا,255,55,21.57
آریستا شاپ,1745,375,21.49
فروشگاه هنریتو,28,6,21.43
اورنامنت استور,28,6,21.43
گلوریا تاول,533,114,21.39
آونگ نقره ای,253,54,21.34
آدخت مرکزی,75,16,21.33
بوتیک تاج رز,286,61,21.33
بازرگانی لیدی شاپ,47,10,21.28
روتاک,94,20,21.28
لاو تک,66,14,21.21
آرتام تن پوش,33,7,21.21
پیشگامان,119,25,21.01
فروشگاه تاروردی,305,64,20.98
آبینه,440,92,20.91
پامان,24,5,20.83
گالری بوف کور,144,30,20.83
چرم خلخال,24,5,20.83
کودک شاد شاد,29,6,20.69
هادسون,29,6,20.69
صنایع مهر کوروش,87,18,20.69
جهیزیه شیک,29,6,20.69
بازرگانی تانیان,165,34,20.61
فروشگاه بونیتا,34,7,20.59
نازپا,73,15,20.55
نیلسو واچ,39,8,20.51
چرم کوروش,473,97,20.51
کوچ مارکت کرج,39,8,20.51
ناهید مد,122,25,20.49
عروسک روسی پیشتاز,44,9,20.45
دیپ دیریم,93,19,20.43
فروشگاه بابا علی,172,35,20.35
لوازم جانبی لوکاس,59,12,20.34
زیمور,394,80,20.3
رخشانه,74,15,20.27
رنگین کمون گالری,253,51,20.16
سویل مارکت,30,6,20.0
پرنیان بوتیک,25,5,20.0
مامی سپیتا,20,4,20.0
فروشگاه سیاوش مقدم,35,7,20.0
ژولی شاپ,110,22,20.0
طبیعت کوه,30,6,20.0
اکسسوری سونا,45,9,20.0
آرسس کالکشن,20,4,20.0
استور استایل,25,5,20.0
خانه فرهنگ پرنیان,25,5,20.0
پارمیس و پرنیان,25,5,20.0
کالج مارکت,191,38,19.9
کارینا پارت,61,12,19.67
کفش رادین,41,8,19.51
میشاکیدز,93,18,19.35
جهان پیشرو,1083,209,19.3
گالری لادن,308,59,19.16
عینک تاو,68,13,19.12
اذرین شاپ,21,4,19.05
هورنقش,189,36,19.05
کالای هوم تک,21,4,19.05
کیانیت گالری,37,7,18.92
مدشاپ,37,7,18.92
شهرجوراب,37,7,18.92
شیکرسنتر,266,50,18.8
 برزی شاپ,208,39,18.75
نستور,2342,438,18.7
آئورا استایل,134,25,18.66
ایران بامبو,43,8,18.6
گالری یگانه,43,8,18.6
جانان جامه,323,60,18.58
اورجینال مد,27,5,18.52
ویوا نایس,27,5,18.52
کفش سینا تبریز,27,5,18.52
اپتیک آیلند,27,5,18.52
گروه بازرگانی کینا,82,15,18.29
فست کالا,186,34,18.28
سیب طلایی,756,138,18.25
بافت کرک,55,10,18.18
نیوو کالا,33,6,18.18
دنیای بچه ها,22,4,18.18
ارزانکده کوکاتیل,100,18,18.0
ژرمن کالا,39,7,17.95
حجت,430,77,17.91
آس تهران,771,138,17.9
بردیس,700,125,17.86
کالادونه,56,10,17.86
کیف و کفش تایسیز ,460,82,17.83
فروشگاه کافی,231,41,17.75
رمو تن پوش,51,9,17.65
دارکوب شاپ,108,19,17.59
آلفامد,775,135,17.42
مردادی,23,4,17.39
جوراب باپوک,46,8,17.39
تریکو دوک,23,4,17.39
ارزان سرای خورشید,110,19,17.27
پای نیک,116,20,17.24
مکرون,267,46,17.23
نستران,35,6,17.14
فریوش,47,8,17.02
مهتایار پوش,53,9,16.98
پاتیلوک,83,14,16.87
آریا کالا امین,54,9,16.67
اکسسوری روژان,180,30,16.67
آکوا مینی مارکت,24,4,16.67
نیلای لاو,24,4,16.67
مزون ناب,24,4,16.67
بی بی برند,42,7,16.67
دی پی کالا,30,5,16.67
ست پوشاک,205,34,16.59
مدرنیتیزه,182,30,16.48
مستور کو,140,23,16.43
تیامو پلاس,61,10,16.39
لنااسکارف,55,9,16.36
شیرین شاپ امید,55,9,16.36
کرمان ژیوار,49,8,16.33
بنپوش,135,22,16.3
دیلا,37,6,16.22
مجا,74,12,16.22
فابريكا,173,28,16.18
نیک نو,31,5,16.13
اتریوم,93,15,16.13
اکسسوری روژانا,242,39,16.12
فروشگاه ساراسا,118,19,16.1
فاخر استور,87,14,16.09
آذر سلر,56,9,16.07
فروشگاه شانا,25,4,16.0
پوشاک فرنام,25,4,16.0
پوشاک پارسا امیری,25,4,16.0
گالری حما,44,7,15.91
مورتی,63,10,15.87
مکاشف,76,12,15.79
مرسین,38,6,15.79
کافه سرگرمی,465,73,15.7
ام جی اسپرت فیتنس,32,5,15.63
اچ آر مد,64,10,15.63
دودل,32,5,15.63
نشمین گالری,224,35,15.63
لقا استور,109,17,15.6
ان جی گالری,167,26,15.57
سی بازار,161,25,15.53
آیلیش کالکشن,174,27,15.52
رقابت,116,18,15.52
بازرگانی لیان پارس,52,8,15.38
بانوان شیک پوش,39,6,15.38
تولید و پخش نیلوفر,26,4,15.38
باغ سپهسالار,1045,159,15.22
گالری نیمرخ,940,143,15.21
ماه برزین,33,5,15.15
اکسسوری روژانو ,899,136,15.13
گالری کاغذی,20,3,15.0
دل نیا گالری,40,6,15.0
تیتیش میتیش,20,3,15.0
استارلند,300,45,15.0
عینک دیدار,87,13,14.94
آرشام کوچولو,355,53,14.93
چتر آبی,27,4,14.81
دنیای رنگ مو,27,4,14.81
شایلیین گالری,27,4,14.81
آی باکلاه,27,4,14.81
تولیدی خوش استایل,61,9,14.75
فشن اسکارف,61,9,14.75
اسکای ویو,95,14,14.74
لباسام,75,11,14.67
کیف کفش کیمیا,75,11,14.67
با نی نی,41,6,14.63
توریث,110,16,14.55
گستر امین,620,90,14.52
پخش پرنیا,62,9,14.52
کردار نیک,339,49,14.45
هپی اسپرت,90,13,14.44
بهنام اسپورت,28,4,14.29
آشام شاپ,49,7,14.29
زمان آوران,21,3,14.29
گالری شانا,42,6,14.29
ارایشی ایلین,21,3,14.29
تولیدی شیک شو,70,10,14.29
نیکتا مد,276,39,14.13
تاپ شو,85,12,14.12
منوشما,50,7,14.0
پخش سنجاقک,193,27,13.99
جوراب داب,987,138,13.98
شیک پوش ایرانی,179,25,13.97
گلستان استور,43,6,13.95
روشن برایت,36,5,13.89
کیدی مد,36,5,13.89
لاوندر شاپ,72,10,13.89
میکائیل لند,814,113,13.88
ببرزی,65,9,13.85
 شیک پا,29,4,13.79
هایپر شاپ,80,11,13.75
بیلیو,51,7,13.73
باران آنلاین,51,7,13.73
پوشاک روهان,22,3,13.64
هماشاپ,22,3,13.64
هانامد,22,3,13.64
فروشگاه خانم های مشهدی,22,3,13.64
ورزشی کالا,22,3,13.64
سیمارا,22,3,13.64
کانون کوه,22,3,13.64
عینک علیخانی,44,6,13.64
بهشاپ مد,125,17,13.6
فرازتن پوش پوشاک ,89,12,13.48
آقا و خانم سی,454,61,13.44
سوسو گالری,149,20,13.42
ملکا شاپ,127,17,13.39
افرازمد,299,40,13.38
 چرم بابت,30,4,13.33
پونه بافت,30,4,13.33
سرزمین ورزشی,30,4,13.33
گالری هومهر,75,10,13.33
شب و روز,30,4,13.33
لباس نفیس,30,4,13.33
جوانرود,30,4,13.33
اولسون,45,6,13.33
هلیس,75,10,13.33
عینک برلین,204,27,13.24
گالری دنیای هستی,439,58,13.21
عرشی,129,17,13.18
امستور,38,5,13.16
دیمودا,23,3,13.04
پادرین,46,6,13.04
پارس مهر,46,6,13.04
فرانا,54,7,12.96
گالری فردوسان,108,14,12.96
چرم آیدان,31,4,12.9
کارنشو,124,16,12.9
کفش سعیدی,70,9,12.86
مهرادان,39,5,12.82
فیوچر,78,10,12.82
ایران پارسا,79,10,12.66
راستاد مارکت,79,10,12.66
میروشا,351,44,12.54
فروشگاه فیلتر قام,24,3,12.5
چرم ایرانا,32,4,12.5
زهلن ,360,45,12.5
پالادیوم استور,24,3,12.5
کارن چاپ,32,4,12.5
برترشاپ,24,3,12.5
بیاکوه,97,12,12.37
اُپتیک اِستور,292,36,12.33
تبریز کینگ,456,56,12.28
آذاردو,49,6,12.24
پوشاک ترک پلاس,98,12,12.24
گالری لیا,115,14,12.17
کیاکتی,231,28,12.12
بابک گالری,215,26,12.09
آقای کلاه,116,14,12.07
شهر سنگ,58,7,12.07
ایران رهام,141,17,12.06
الیویا,83,10,12.05
آریوان,158,19,12.03
 اصفهان جی,25,3,12.0
اکسسورسیتی,50,6,12.0
تارا تین,92,11,11.96
حراج پوشاک ایرانی,293,35,11.95
شال و روسری افسون,42,5,11.9
ماهیلا,42,5,11.9
حافظ اوت لت,152,18,11.84
ترند اپتیک,398,47,11.81
چاپ اچ دی,1646,194,11.79
چرم ما,992,117,11.79
بازرگانی اسپینو,77,9,11.69
پخش پایتخت,77,9,11.69
مرکز حراج ایرانیان,43,5,11.63
 تولیدی کفش زیتون,95,11,11.58
فروشگاه جوی واتر,156,18,11.54
آریمو,26,3,11.54
دوباره کالا,26,3,11.54
ساعت پندار,399,46,11.53
لیانا شاپ,113,13,11.5
بامینو,1391,159,11.43
سهیلی اسکارف,456,52,11.4
پویاگستر,44,5,11.36
روما چرم,44,5,11.36
کفش اندیشه,53,6,11.32
هرمس جامه,89,10,11.24
گلوریا لند,45,5,11.11
 لولوس,36,4,11.11
تلماه,63,7,11.11
ساراودارا,36,4,11.11
ماهان تن پوش,45,5,11.11
مونلایت استور,27,3,11.11
فلوریت,54,6,11.11
فروشگاه ساحل کیش,36,4,11.11
پوشاک نسرین,73,8,10.96
عینک دونی,1836,201,10.95
آداک گالری,430,47,10.93
بازرگانی امید تهران,110,12,10.91
سیبا بوک,415,45,10.84
صنایع دستی سنجاقک,166,18,10.84
کلاه شاپو,157,17,10.83
ال آی مد,416,45,10.82
موتیز,37,4,10.81
پوشینه کالا,102,11,10.78
هستی گالری دنیا,345,37,10.72
حانیکالا,56,6,10.71
پرسیس طلایی,112,12,10.71
کپس هاف,28,3,10.71
برند اورجینال اصل,928,99,10.67
تای گر,85,9,10.59
نی نی می یو,85,9,10.59
لونا مارکت,275,29,10.55
عطر خدا,95,10,10.53
کیدزشاپ اهواز,57,6,10.53
بانه اسپرت,38,4,10.53
هزار لاله,38,4,10.53
موسیقی مهر,67,7,10.45
سیده,1040,108,10.38
دانژه نیک,29,3,10.34
کریمانه,29,3,10.34
میرا گالری,29,3,10.34
رزا اسپرت,39,4,10.26
الیزا سوینگ,40,4,10.0
 چاروق چی,70,7,10.0
مارادونا اسپورت,30,3,10.0
شیکو برند,30,3,10.0
تولیدی فسقلیمون,20,2,10.0
هنرسرای حلما,91,9,9.89
پوشاک زنانه مروارید,193,19,9.84
بازرگانی مولانیزا,112,11,9.82
کیفانی,143,14,9.79
کیاشید,143,14,9.79
بازرگانی پدر و پسر,92,9,9.78
نوین ایده,41,4,9.76
قصر ماه آرا,72,7,9.72
گالری هارمونیک,62,6,9.68
تولیدی دخملی,310,30,9.68
بیبی دریمز,31,3,9.68
فروشگاه اوپالین,62,6,9.68
ریبارشاپ,31,3,9.68
استایلوکس,31,3,9.68
پخش کالای نوربخش,31,3,9.68
کفش تخت جمشید,31,3,9.68
شهر جواهر,52,5,9.62
کوه کالا,73,7,9.59
ماوی مدل,219,21,9.59
لاچینی,157,15,9.55
گیشا اسپورت,84,8,9.52
آیگین نیل,21,2,9.52
تن یار اسپرت,42,4,9.52
آیریا استور,21,2,9.52
سیکاس,21,2,9.52
شهر کفش,560,53,9.46
شیک و پیک مارکت,127,12,9.45
میکو شاپ,795,75,9.43
مخمل شاپ,53,5,9.43
بازرگانی انیس,85,8,9.41
جامه یاب,629,59,9.38
برندو,32,3,9.38
فروشگاه کسپر,193,18,9.33
پرشيا,161,15,9.32
لوازم التحریر دیانا,43,4,9.3
آدیان,43,4,9.3
ریژاو,43,4,9.3
آلند گالری,431,40,9.28
فرهنگ زبان,65,6,9.23
راه اندیشان نوین,98,9,9.18
آرشا مارک,263,24,9.13
فروشگاه کالای آرمانی,22,2,9.09
زبان آموز,55,5,9.09
ایران برند پوشان,33,3,9.09
مد روز استایل,22,2,9.09
آفر استور,22,2,9.09
تک مونده,22,2,9.09
كفش حافظ,33,3,9.09
دانش سرا,33,3,9.09
پت نام,22,2,9.09
زامیاد,863,78,9.04
وال24,112,10,8.93
انگلیش لند,135,12,8.89
هاکر برفین,45,4,8.89
بست بای اورجینال,158,14,8.86
شیک و زیبا,136,12,8.82
سالیکو بوتیک,34,3,8.82
فروشگاه جی کو,34,3,8.82
هانا گالری ,752,66,8.78
سعادت استایل,114,10,8.77
نیما شاپینگ مارکت,160,14,8.75
النام,80,7,8.75
کالی پا,297,26,8.75
هکس ایران,653,57,8.73
عرصه البرز,149,13,8.72
تارادیس باف,195,17,8.72
بوشیکا,23,2,8.7
باشیدا,69,6,8.7
آران گالری,46,4,8.7
تولیدی کیف و چمدان محمد,23,2,8.7
کالای برتر ایلیا ,23,2,8.7
عینک ونوسا,69,6,8.7
روسری و شال بهشال,58,5,8.62
ورزش شو,58,5,8.62
مزون مرکا تهران,35,3,8.57
کالا پایتخت,47,4,8.51
فراهانی فر,259,22,8.49
شیبا شات,59,5,8.47
مثلث برمودا,71,6,8.45
گالری هستی و هلنا,251,21,8.37
شیراز اسپورت,36,3,8.33
محصولات هنری الینا,36,3,8.33
وحیدالکترونیک,24,2,8.33
سراج باشی,84,7,8.33
نهال دونه,36,3,8.33
نباتی استور,36,3,8.33
تی اچ ام شاپ,24,2,8.33
گالری هنری شادی,85,7,8.24
پوشاک مجیک,49,4,8.16
ناری سنتر,245,20,8.16
حجره آنلاین اسپند,49,4,8.16
آقای برند ,86,7,8.14
ایده پردازان مارال,172,14,8.14
فروشگاه راض,37,3,8.11
شبناز گالری,37,3,8.11
بی بی باف ترنج,74,6,8.11
حورا شاپ,248,20,8.06
چی چی لاس,124,10,8.06
فردوس کیان,62,5,8.06
مادام رز استور,87,7,8.05
گالری مروند,324,26,8.02
پرنیان تجارت,25,2,8.0
عیار کالا,25,2,8.0
فراهان گالری,25,2,8.0
آرتان لند,25,2,8.0
گالری شانلی پلاس,151,12,7.95
لوکس دیانا,114,9,7.89
سراج کمپ,38,3,7.89
عینک کاریان,127,10,7.87
پانته گالری,140,11,7.86
مد پوش,51,4,7.84
آراسته,51,4,7.84
فمیلی استور,1071,84,7.84
گالری آنلاین مستر گلاسیز,115,9,7.83
فسقل خان,64,5,7.81
تالین کالا,282,22,7.8
ماییلدا,1857,144,7.75
اژمان,194,15,7.73
رایکا بنیط شایسته,363,28,7.71
سراجی مهیار,26,2,7.69
کیوآر,91,7,7.69
زمین کالا,39,3,7.69
نولوشاپ,39,3,7.69
کارااکال,52,4,7.69
نیکادل,52,4,7.69
کتابسرای الیکا,352,27,7.67
فروشگاه هورشید,443,34,7.67
شایلی مد نو,118,9,7.63
کاندید اسپرت,1893,144,7.61
سهند بوک,79,6,7.59
کفاش مشهد,79,6,7.59
جوراب آکام,79,6,7.59
پریزانس,185,14,7.57
صحبا,304,23,7.57
بلوط نارنجی,106,8,7.55
تولید و پخش مهرداد,439,33,7.52
دکورخونه,40,3,7.5
نوین هدف,54,4,7.41
زیگزاگ نینییون لند,27,2,7.41
شیک کده,135,10,7.41
عاطیما,27,2,7.41
اطلس استایلیش,933,68,7.29
شهر صندل ایران,55,4,7.27
نوین کالا,11341,822,7.25
تولیدی فاین اند فیت,305,22,7.21
اسنو,848,61,7.19
آذران پوشاک,195,14,7.18
بازرگانی آوان,168,12,7.14
پرسا گالری,56,4,7.14
پوشاک کوروش,42,3,7.14
بهاریا,28,2,7.14
ساتوشی,42,3,7.14
سنگ ناب,70,5,7.14
بازرگانی مینال,28,2,7.14
بابانوئل لند,28,2,7.14
اینفوریا,154,11,7.14
شووالین,71,5,7.04
آیتوک شاپ,100,7,7.0
رواق فیروزه ای,43,3,6.98
فروشگاه پوشاک انسی,215,15,6.98
نی نی روم,475,33,6.95
آی کو,29,2,6.9
گالری رامش,29,2,6.9
نوین تجارت خوزستان,29,2,6.9
تولیدی نکسون,29,2,6.9
کارناوال کلاه,73,5,6.85
نظایر,44,3,6.82
نانوبازار,59,4,6.78
شامار پوش,59,4,6.78
خانه  آشپزخانه,119,8,6.72
گالری ساعت کارن,30,2,6.67
کبریت نقره ای,45,3,6.67
گالری ساعت زیگو,30,2,6.67
شاپ آرین,30,2,6.67
روتا,30,2,6.67
تحریر پیکاسو,30,2,6.67
پخش کوروش کمپ,121,8,6.61
فروشگاه بزرگ پاسارگاد ,76,5,6.58
زودیکا,534,35,6.55
مزون بهپوشان,46,3,6.52
گروه تجاری نوین جامه,92,6,6.52
بهار گالری,292,19,6.51
کیمیانت فام,31,2,6.45
پویا بوتیک,31,2,6.45
ژینو پوشاک,31,2,6.45
ست کالکشن,31,2,6.45
بازرگانی تاس,140,9,6.43
پوشاک تاپ لند,126,8,6.35
گالری شوکران ,126,8,6.35
پژواک,221,14,6.33
مزون ماه پوش,32,2,6.25
موکا شاپ,64,4,6.25
می ما ,48,3,6.25
تن تاب نرجه,32,2,6.25
پوشاک برتر علی,48,3,6.25
توزیع کالا نوید,32,2,6.25
فروشگاه استوک اروپایی,32,2,6.25
نایس لند,32,2,6.25
الماس تجارت آسیا,113,7,6.19
کیدزبیبی,226,14,6.19
بی اس دی شاپ,211,13,6.16
پخش بنفشه,49,3,6.12
کالا سنتر,752,46,6.12
مرکزمد,49,3,6.12
عینک بینش,885,54,6.1
سپنتا استور,115,7,6.09
گالری شعله,33,2,6.06
مودامو,33,2,6.06
بلوط صورتی,83,5,6.02
پوشاک گل آرا,249,15,6.02
بازرگانی ژومانیز,67,4,5.97
فنیلوکس,34,2,5.88
بن سل,34,2,5.88
جینجرکلاب,51,3,5.88
رخشان,153,9,5.88
کالدرا,51,3,5.88
من و شما,86,5,5.81
عصر بازی ,602,35,5.81
پخش آرشین,138,8,5.8
گالری اونیکس گلد,52,3,5.77
هایپر اکو,52,3,5.77
تاب طره,243,14,5.76
نی نی پاپی,105,6,5.71
کفش رشد,70,4,5.71
گالری هستی,88,5,5.68
گیسا آرت,88,5,5.68
دیزد,265,15,5.66
گیسوی بهار,161,9,5.59
عقیق اصل,269,15,5.58
ماهان آرایش,90,5,5.56
سمین شاپ,36,2,5.56
نگاریا,90,5,5.56
نگین چرم کیا,72,4,5.56
تری لیوم,36,2,5.56
آبا فن آوران,36,2,5.56
استانبول دات کام,343,19,5.54
لناسنتر,494,27,5.47
اورمان دنیز,55,3,5.45
ممتاز گرافیک,405,22,5.43
طلاب جانبی,516,28,5.43
سنتر تهران,93,5,5.38
گالری سل آواز,56,3,5.36
فروشگاه پریزاد,131,7,5.34
اسدشاپ,1819,97,5.33
دیباست,75,4,5.33
گلیش,529,28,5.29
روجامد,95,5,5.26
میرور شاپ,38,2,5.26
کارنسی,38,2,5.26
آلیند,38,2,5.26
تحریرام,38,2,5.26
نی نی دلتا,77,4,5.19
آویناپوش,154,8,5.19
من,135,7,5.19
خانه صورتی مشهد,39,2,5.13
ارت,39,2,5.13
مدو شاپ,137,7,5.11
اسپیتامن,59,3,5.08
نی نی استاپ,335,17,5.07
راد صنعت ایرانیان,237,12,5.06
ساحل استایل,20,1,5.0
ونوس طب,40,2,5.0
فروشگاه آلتزال ,20,1,5.0
هانا کالا,20,1,5.0
فرسام کالا,20,1,5.0
فایواستارز,40,2,5.0
فروشگاه رزیاست,20,1,5.0
 نیکسا گالری,40,2,5.0
جم لند,20,1,5.0
استار لوکسر,60,3,5.0
خرازی الی,40,2,5.0
کاردوربین,20,1,5.0
شین میم,20,1,5.0
پخش پارتاک,241,12,4.98
داستان اسباب بازی ها,505,25,4.95
گالری اس تایل,61,3,4.92
زیباروی مشرق,102,5,4.9
لیما مارکت,41,2,4.88
لباس زیر ماه,21,1,4.76
دهکده صورتی,21,1,4.76
چاپ آذرلاکچری,21,1,4.76
جوهری تحریر,21,1,4.76
پتیاک,21,1,4.76
شهرارزانی,21,1,4.76
هوم اپلاینس,21,1,4.76
کارا بالیک,21,1,4.76
پژواک زندگی,21,1,4.76
هاریکامزون,21,1,4.76
ماهسایان,21,1,4.76
هایپر برند,106,5,4.72
ترک پوش,256,12,4.69
کژال اسپرت,64,3,4.69
پیکانتو,1004,47,4.68
یس,107,5,4.67
تراولتراپی,107,5,4.67
کالا وان,129,6,4.65
لباس زیر مروا,43,2,4.65
اس پی ال,43,2,4.65
مایسا شاپ,130,6,4.62
ژوپی استور,153,7,4.58
مون گالری,110,5,4.55
روما هور,22,1,4.55
بنفشه مارکت,22,1,4.55
بازار نوین,66,3,4.55
بلک مارک,22,1,4.55
تجهیزات پزشکی سیب,44,2,4.55
مد و استایل دوستان,22,1,4.55
فروشگاه کمپینگ هرم چال,22,1,4.55
ژوان اپتیک,22,1,4.55
عروسک بهشتی,22,1,4.55
صیدوشکاراسکار,22,1,4.55
فروشگاه رایکا,374,17,4.55
عینک ساینا,45,2,4.44
ایکس پروداکتس,45,2,4.44
سارینا بیوتی,45,2,4.44
اینلاو,450,20,4.44
هنر افق تهران,203,9,4.43
فروشگاه کوهنوردی کراکس,226,10,4.42
مالربرو,23,1,4.35
آمیسی گالری,23,1,4.35
زیباشوباما,23,1,4.35
تکنوهوم,23,1,4.35
بتیسا,69,3,4.35
آس تجارت,23,1,4.35
آداناکالا,46,2,4.35
سپیمو,93,4,4.3
هاریکا کالا,70,3,4.29
لیلیان مد تجارت,47,2,4.26
ست لوکس,47,2,4.26
تازتا,47,2,4.26
ارمغان تجارت سبز,47,2,4.26
پارساراد,142,6,4.23
تجارت اریا,189,8,4.23
ارکا,71,3,4.23
هیل شاپ,284,12,4.23
پینک تویز,95,4,4.21
بازرگانی های کالا,119,5,4.2
ماریم,24,1,4.17
گالری هنری رز آبی,24,1,4.17
اتی مد,24,1,4.17
بژامد,24,1,4.17
بهین ماهور,24,1,4.17
پوشاک بنیس,96,4,4.17
اسمارت,24,1,4.17
بامبو استور,48,2,4.17
پخش کرامتی,24,1,4.17
دنیا استور,24,1,4.17
نوین ویژن,49,2,4.08
نسن پوش,123,5,4.07
بازرگانی زیو,124,5,4.03
آرمیس بیوتی,646,26,4.02
آلما استایل,374,15,4.01
آوای نی,25,1,4.0
 فروشگاه مهیاس,25,1,4.0
راحات گییم,25,1,4.0
چیمن راحتی,25,1,4.0
مهسان مد,25,1,4.0
سوال,25,1,4.0
اریباد,25,1,4.0
آرایشی دنیای زیبایی,25,1,4.0
آکام من,75,3,4.0
فروشگاه آدنیس,25,1,4.0
گلوریس,25,1,4.0
مهر سهند,50,2,4.0
ورزشی سعید اسپرت,25,1,4.0
نیکان مهرشهر,25,1,4.0
آماتیس مارکت,25,1,4.0
چیکا,101,4,3.96
گالری آسمان نیلی,76,3,3.95
نوین تجارت سام,153,6,3.92
بلک مون گالری,102,4,3.92
ترنگ شاپ,51,2,3.92
تولیدی رادین,77,3,3.9
فروشگاه جوپار,591,23,3.89
جیک,181,7,3.87
کالاوا,26,1,3.85
آدالان پوش,78,3,3.85
گالری پاتریکا,26,1,3.85
نلا,26,1,3.85
گلبرگ پوش,234,9,3.85
فروشگاه مجدالاشرافی,26,1,3.85
ماجراجویی,104,4,3.85
زیب زر اکسسوری,157,6,3.82
ناب ترین کالا,503,19,3.78
بیوتی سرای ایران,106,4,3.77
سرزمین عجایب آریا,53,2,3.77
پریچهر گالری,106,4,3.77
پیپرتس و لوپیلو,160,6,3.75
سیسمونی آیسان,80,3,3.75
گلدن باکس الف,510,19,3.73
اکسسوری بارلی,54,2,3.7
چرم ونوکس,27,1,3.7
ورزش کده,27,1,3.7
عالی قاپو,81,3,3.7
گرین استایل,27,1,3.7
دلربا,567,21,3.7
میس مد,27,1,3.7
چرم دیاکو,81,3,3.7
پازار,109,4,3.67
هایپر سیتی,137,5,3.65
تولیدی فانتزی,165,6,3.64
ارمیا آرت,55,2,3.64
تا بی تا,837,30,3.58
فریمند,84,3,3.57
اکو تک,112,4,3.57
لوگیج,28,1,3.57
یونی هوم,28,1,3.57
زیورآلات درخشان,28,1,3.57
زای,169,6,3.55
گالری شوپارد,563,20,3.55
دیان,113,4,3.54
گروه تجاری مونو,170,6,3.53
گلبرگ کیدز,1623,57,3.51
زیورالات خرداد,57,2,3.51
ویندا شاپ,114,4,3.51
تک سلر,114,4,3.51
لوتوس کمپانی,143,5,3.5
فایدیم هوم,316,11,3.48
سمفونی آبی,58,2,3.45
لاله طلایی,203,7,3.45
آنست,29,1,3.45
فروشگاه تورک اویم,29,1,3.45
اسباب بازی تارا,29,1,3.45
آذردنیز,58,2,3.45
تولو,29,1,3.45
بابی گالری,29,1,3.45
پخش چکاوک,58,2,3.45
بردیا مارکت,29,1,3.45
پوشاک افرا,409,14,3.42
زعفرانیه,295,10,3.39
انتشارات الوندپویان,711,24,3.38
رسا کالا,89,3,3.37
آریوشاپ,89,3,3.37
ایرانیان توس,30,1,3.33
پلی فکتوری,30,1,3.33
فروشگاه سبدطلایی,30,1,3.33
بازرگانی نصیریان,60,2,3.33
واو,30,1,3.33
آداکس اسپورت,30,1,3.33
شونیا,30,1,3.33
ماهان کادو,30,1,3.33
مام سین,181,6,3.31
آووست,91,3,3.3
وی نو,91,3,3.3
پانیل اسپرت,699,23,3.29
مرینوس لند,61,2,3.28
ساعت آنالوگ,122,4,3.28
کتابسرای دانشمند,1132,37,3.27
پژواک هایپر,246,8,3.25
لیدی شاپ مشهد,246,8,3.25
مهندسی ماکان فارمد,31,1,3.23
واریانا,31,1,3.23
اما استایل,31,1,3.23
کودکانه های من,62,2,3.23
کیف خونه,31,1,3.23
پرن پوشاک,31,1,3.23
شاپی فا,31,1,3.23
نایریکاشاپ,62,2,3.23
بانووک,155,5,3.23
خرازی خوش ذوق,31,1,3.23
سام خرید ,590,19,3.22
سی و سه پل,188,6,3.19
کیانی آرت,94,3,3.19
شقایق تهران,157,5,3.18
نیچرلاو,32,1,3.13
گالری هنری پرنسا,32,1,3.13
شیدا تحریر,32,1,3.13
بازرگانی میشکا,97,3,3.09
مدرن نیوتک,97,3,3.09
فروشگاه ماهان,65,2,3.08
داجو,65,2,3.08
تهران پوش,196,6,3.06
آکادمی دانشمند کوچک,230,7,3.04
سیمرغ کمپ,33,1,3.03
ماگدا,33,1,3.03
گیفتوری,33,1,3.03
تولید کلاه تهران,33,1,3.03
اسکای اسپرت,33,1,3.03
بیتکس,33,1,3.03
هایپر پازل,67,2,2.99
دینا نیل,67,2,2.99
پیلاپیلا,1741,52,2.99
آیکیا تاج,135,4,2.96
آقا شاپ,270,8,2.96
ثمن کالا,34,1,2.94
مفتح,34,1,2.94
آرمیتا و آریا,408,12,2.94
چاپر,68,2,2.94
کاری ماماما,34,1,2.94
گالری مادروپسر,34,1,2.94
پرنیسا,34,1,2.94
برند استایل,34,1,2.94
ارکیده,238,7,2.94
آنالیا اسکارف,412,12,2.91
رترومد,69,2,2.9
میلادی بازرگانی,2129,61,2.87
آرما,35,1,2.86
تولید لباس بچگانه گراکو,140,4,2.86
صنایع دستی پادوک,70,2,2.86
سورا گالری,35,1,2.86
سلامت پا,35,1,2.86
کیمویار تجارت,71,2,2.82
پخش پاپو,71,2,2.82
گالری بارش,178,5,2.81
کیوت گالری,143,4,2.8
نور و صدا یاس,36,1,2.78
فروشگاه نیوبالانس,36,1,2.78
توسعه امید,36,1,2.78
عینک جمبو,36,1,2.78
 برادران آفتاب,36,1,2.78
آرتمیس غرب,144,4,2.78
فانتزی هوم,36,1,2.78
تحریر پژوه,145,4,2.76
وارونه,182,5,2.75
گالری محمد پارسا,109,3,2.75
تایم لند,182,5,2.75
نادین گالری,74,2,2.7
روک لانژ,37,1,2.7
فروشگاه لایتینو,37,1,2.7
نیلوارا,37,1,2.7
یکتا نشان,74,2,2.7
مانلي,74,2,2.7
پخش کالای مرکزی,149,4,2.68
آلپاين,75,2,2.67
اروااستور,75,2,2.67
آرامازد شاپ,339,9,2.65
گالری محبوب,151,4,2.65
اطلس پخش,38,1,2.63
رزمشکی,38,1,2.63
آنالند شاپ,38,1,2.63
 اکب,154,4,2.6
فروشگاه شهبال,77,2,2.6
بوژنه,77,2,2.6
زتوس,384,10,2.6
عمده بازار تهران,1003,26,2.59
هزاره گالری,78,2,2.56
پارملا سنتر,39,1,2.56
ساناهی,156,4,2.56
وارش سنتر,235,6,2.55
میرو کالا,235,6,2.55
مونو استایلو,196,5,2.55
پوشاک مانا,118,3,2.54
سون گام,598,15,2.51
گالری زیگزاگ,80,2,2.5
کپلی,80,2,2.5
دستکش شبگرد,40,1,2.5
بازرگانی کارنا,40,1,2.5
سانریو,80,2,2.5
مارمارا,40,1,2.5
تیناکید,40,1,2.5
شهرگیفت,40,1,2.5
ژرمن لند,201,5,2.49
گالری ماه کادو,121,3,2.48
رایان فرید,162,4,2.47
پوشاک زنانه سولین,162,4,2.47
 لیو,163,4,2.45
فروشگاه و مزون روشا,123,3,2.44
لی کوپر,41,1,2.44
پخش برقی ایران,82,2,2.44
فروشگاه ستارگان,41,1,2.44
هیپو گالری,82,2,2.44
چاپلینکو,41,1,2.44
دلاریس استایل,124,3,2.42
تک سیتی,83,2,2.41
دنیای برچسب,83,2,2.41
بازی های فکری,83,2,2.41
استیکر بازار,125,3,2.4
ساز آدرین,126,3,2.38
گیسو استور,42,1,2.38
های تولد,552,13,2.36
سیتی مارکت دات شاپ,128,3,2.34
شایا استور,43,1,2.33
والا تجارت,43,1,2.33
اوتلت مد,258,6,2.33
نارمک سنتر,129,3,2.33
والیناسور,130,3,2.31
پیوند مهر,132,3,2.27
آهودیا,264,6,2.27
آنیگما,308,7,2.27
آکو هنر,5425,123,2.27
روم استور,44,1,2.27
کلیپس ملیپس,583,13,2.23
فروشگاه فرادا,45,1,2.22
اسپرسو,45,1,2.22
پخش مهلا,45,1,2.22
تاپ شاپ کیدز,45,1,2.22
بومیم شاپ,180,4,2.22
عینک پرسیس,91,2,2.2
رسا کمپ,91,2,2.2
فروشگاه آفرودیت,229,5,2.18
شاهان نوین,46,1,2.17
جفت پوش,46,1,2.17
بلک لمون,46,1,2.17
الیشا مد,46,1,2.17
کارتیس,46,1,2.17
فروشگاه آندرومدا,276,6,2.17
بازرگانی کارنو,92,2,2.17
مارکت تهران,46,1,2.17
کتاب و نوشت افزار علیرضا,560,12,2.14
یوفو,47,1,2.13
فردوس تحریر,47,1,2.13
چرم رادیس,144,3,2.08
کیدتویز,48,1,2.08
طرح چاپ,48,1,2.08
هدیه مادر,241,5,2.07
رانال شاپ,194,4,2.06
طلای فراهانی,49,1,2.04
کلبه ی جوراب,49,1,2.04
توکالند,49,1,2.04
مگامال,99,2,2.02
گروه کیهان,100,2,2.0
اکو مال,50,1,2.0
لوپیلوار,50,1,2.0
بهین تجهیزات مدرن,50,1,2.0
بازرگانی گلها,201,4,1.99
پارسیان پیشگام,101,2,1.98
عسلک,254,5,1.97
اکس بیوتی,153,3,1.96
تولیدی بازرگانی ایران,51,1,1.96
بلو بی بی,51,1,1.96
رخ آذین,103,2,1.94
هارمونی مارکت,155,3,1.94
مستر راد,672,13,1.93
اکسسوری نامی,52,1,1.92
کالا پخش ایرانی,52,1,1.92
دست سازه های ابریشم,211,4,1.9
نیروان,1317,25,1.9
لومینو,106,2,1.89
منارک,53,1,1.89
نیکاد,54,1,1.85
انتشارات ارمغان,541,10,1.85
پخش افزار,54,1,1.85
بازرگانی نیلسا,164,3,1.83
لاریسام,55,1,1.82
دی جی مود,110,2,1.82
آفرمارت,55,1,1.82
دکوگراف,55,1,1.82
لوکس پاپیون,56,1,1.79
گندم تجارت,56,1,1.79
پخش ایرسا,56,1,1.79
چرم وارک,390,7,1.79
رساکو,225,4,1.78
شهر شیک,113,2,1.77
پخش پرواز,113,2,1.77
برکاکید,454,8,1.76
مجموعه هنری آتریسا,57,1,1.75
بارلی سنتر,57,1,1.75
پخش بازار تهران,57,1,1.75
پاورتولز,57,1,1.75
گالری زیوین,173,3,1.73
چمدان سنتر,58,1,1.72
وایت روبان,58,1,1.72
رویال واچ سنتر,350,6,1.71
 فروشگاه جوی مارکت,118,2,1.69
اداس,59,1,1.69
میلاد استور,118,2,1.69
بوتیک کوکو,59,1,1.69
تامین کالای نو,59,1,1.69
گالری دویار,119,2,1.68
تولیدی ستارگان,60,1,1.67
اونیکس تی سی,60,1,1.67
گالری تماشا,60,1,1.67
گالري آرمان,360,6,1.67
کودک خوب من,60,1,1.67
موسیقی محمود,61,1,1.64
مهربانو رویا,488,8,1.64
اکسسوری ماهرخ,122,2,1.64
انتشارات پارمیس,61,1,1.64
محسام,122,2,1.64
فیدار فرتاک ,123,2,1.63
جاویدان تندیس,367,6,1.63
تولیدی آرکو,62,1,1.61
نمدکالا,124,2,1.61
چم کیدز,62,1,1.61
گل تای,124,2,1.61
بازرگانی ایران نوین,63,1,1.59
فانی تویز,189,3,1.59
دیدی تویز,63,1,1.59
قم چرم,63,1,1.59
گالری گل ارکیده,190,3,1.58
مسیر نو,631,10,1.58
ونکات,127,2,1.57
فانیکو,64,1,1.56
اسمار لاین,128,2,1.56
ماه بوک,64,1,1.56
بازرگانی آرسا,515,8,1.55
تینو پلاس,773,12,1.55
آرینا کالا,65,1,1.54
پارسا السا,65,1,1.54
لوکس شو,65,1,1.54
تورک پوشاک,196,3,1.53
قاب تی رکس,66,1,1.52
قاب نایس,66,1,1.52
سرزمین لوازم جانبی,66,1,1.52
اسباب بازی نیما,396,6,1.52
دنیای پارچه,133,2,1.5
دکونیک آکوستیک,134,2,1.49
سوین شیمی,67,1,1.49
یار اسپرت,269,4,1.49
دل خواست,67,1,1.49
بلتاگالری,605,9,1.49
نیک پوش غرب,671,10,1.49
اکسسوری شاران,270,4,1.48
سالیز دیزاین,68,1,1.47
ماگ نایس,68,1,1.47
پخش البرز,342,5,1.46
کالا شاپ ایران,206,3,1.46
 زنجیره,275,4,1.45
نیا پلاس,138,2,1.45
دنیای محصولات جذاب,69,1,1.45
تبریزکمپ,69,1,1.45
امیر کالا وزین,69,1,1.45
دنیای کتاب زبان,555,8,1.44
نیل شاپ,140,2,1.43
گالری هوردیس,70,1,1.43
پیشگام فرداد نور,70,1,1.43
کفش نسیم,70,1,1.43
کیان پخش اشکنان,71,1,1.41
الون استور,71,1,1.41
اینکالا,71,1,1.41
مد و پوشاک لیرا,143,2,1.4
نقره گالری ,72,1,1.39
روژین و شروین,72,1,1.39
آئینه زدای,72,1,1.39
فروشگاه تکنوجهان,72,1,1.39
استار راد,73,1,1.37
گالری آرایشی به سیما,74,1,1.35
طلا خانوم,301,4,1.33
آفرمانت,227,3,1.32
پرینا,303,4,1.32
آرکا تحریر,153,2,1.31
هوباس,77,1,1.3
یورپرینت,1151,15,1.3
تموز,462,6,1.3
رآت,155,2,1.29
کفش مهرشانا,78,1,1.28
وان توی,78,1,1.28
زرین  پوش,313,4,1.28
فروشگاه آشیل کالا,78,1,1.28
خرس کوچولو,79,1,1.27
مهرنور,158,2,1.27
هولی مارکت,157,2,1.27
نقش نگین,2286,29,1.27
لاکچری بیبی شاپ,79,1,1.27
نیکتحریر,160,2,1.25
یانگ شاپ,80,1,1.25
قیمت شکن,80,1,1.25
فروشگاه جنت,321,4,1.25
هلث مد,81,1,1.23
سامر,987,12,1.22
هیژا تویز,82,1,1.22
نیکا مال,329,4,1.22
مرکزچاپ پرمانه,6159,75,1.22
الیاکو,82,1,1.22
لونا شاپ,83,1,1.2
فروشگاه سیسمونی آدانا,85,1,1.18
ژیک شاپ,171,2,1.17
لباس کودک بست,1036,12,1.16
ایپو مد,86,1,1.16
ساتیان,86,1,1.16
بازرگانی میلادی,693,8,1.15
لوازم عکاسی سپاس,87,1,1.15
فروشگاه کادویی سیلور,87,1,1.15
پرینس,88,1,1.14
کراوات آی آر,527,6,1.14
نیلان,2544,29,1.14
بل سنتر,351,4,1.14
چیکی توی,90,1,1.11
بهلاین,811,9,1.11
انتشارات اندیشه کهن,92,1,1.09
نمایشگاه ساعت حاج صباغ ,184,2,1.09
پنبه اکسسوری,185,2,1.08
اینجاست آ ,93,1,1.08
ياسر ,93,1,1.08
عرش استودیو,93,1,1.08
موسیقی بتهوون,464,5,1.08
فکرچین,556,6,1.08
سنسیو,94,1,1.06
هایپر تولد رنگین کمان,94,1,1.06
کوشا اکسسوری,94,1,1.06
فروشگاه زوین,1036,11,1.06
گالری فرمژه,95,1,1.05
وهامان,288,3,1.04
فروشگاه ازل,97,1,1.03
آنی لوکس لند,291,3,1.03
مشکات بیوتی شاپ,98,1,1.02
آتیه زریال,99,1,1.01
چپ دست,297,3,1.01
ایران نخ باف,297,3,1.01
نی نی پاپی شاپ,300,3,1.0
کادینی,100,1,1.0
پاما شوز,501,5,1.0
پاکفر,101,1,0.99
اکسسوری جمشیدی,101,1,0.99
کیاشاشاپ,1011,10,0.99
سل دا,101,1,0.99
ددی مارکت,102,1,0.98
هایپر آنا,102,1,0.98
ارایشی شهرزاد,1139,11,0.97
نوشت افزار آذین,105,1,0.95
میرشکار,106,1,0.94
گروه طراحی گراسیپا,319,3,0.94
شاپ کو,218,2,0.92
ژانین بیوتی,110,1,0.91
نفیس گالری,330,3,0.91
چومس شاپ,111,1,0.9
فروشگاه لالانازی,111,1,0.9
زردیس,332,3,0.9
پرینت آرت,4279,38,0.89
 گالری رزگلد,564,5,0.89
گیتی شاپ,113,1,0.88
توشنا شاپ,226,2,0.88
ارایشی چشمک,228,2,0.88
سندس شاپ,230,2,0.87
پارسا آریانا,231,2,0.87
 ماه نقره ای,115,1,0.87
تحریر ملل,229,2,0.87
نقش نگاه,116,1,0.86
لیو شاپ,348,3,0.86
باژیکان,1538,13,0.85
میم کاور,2476,21,0.85
ماتیش,234,2,0.85
ملون شاپ,119,1,0.84
بازرگانی بهران,119,1,0.84
طنین کالا,237,2,0.84
انتشارات آریونا,1558,13,0.83
مینی ویولت,120,1,0.83
جواهران,120,1,0.83
سیمین فرهنگ,124,1,0.81
کوهنوردی و کمپینگ و تاکتیکال,124,1,0.81
مادر نوزاد,124,1,0.81
ابزار هنر,123,1,0.81
کاسیو مد,124,1,0.81
هلما خاتون,376,3,0.8
تولیدی یاقوت,254,2,0.79
فروشگاه نقره رضازاده,128,1,0.78
میسو شاپ,129,1,0.78
فروشگاه گیوا,130,1,0.77
آفرودیت شاپینگ,130,1,0.77
نقره آمیتیس,262,2,0.76
مهرگان لوکس,132,1,0.76
فروشگاه آیدا,132,1,0.76
لینو کالینو,133,1,0.75
موندیال,134,1,0.75
پوشاک آلفردو,135,1,0.74
هاماگراف,135,1,0.74
گالری دارلی,682,5,0.73
 آنی تویز,276,2,0.72
صنایع دستی سما,138,1,0.72
پکاوج,418,3,0.72
ژرمن استایل,279,2,0.72
گالری بزک دوزک,140,1,0.71
پرستیژ کالا,3400,24,0.71
بازرگانی ملورین,1402,10,0.71
قلم ایران,142,1,0.7
لوکس تحریر امین,142,1,0.7
ماه فام,142,1,0.7
دی جی گود,287,2,0.7
مونومونو,285,2,0.7
عالیسا,289,2,0.69
جین شهرو,145,1,0.69
شایناگلد,145,1,0.69
مداد فروش,145,1,0.69
پرگار میرداماد,144,1,0.69
اوپوس,296,2,0.68
بستویز,889,6,0.67
ماندارین,299,2,0.67
یکتامان,447,3,0.67
فروشگاه یوشا,150,1,0.67
زمان و زیور,749,5,0.67
شادینو,152,1,0.66
مزون روژینا,151,1,0.66
اقیانوس گالری,301,2,0.66
کفش مسعود تبریز,151,1,0.66
گالری شروین,151,1,0.66
اسمار,152,1,0.66
سلامت ساز راد,155,1,0.65
چرم پاتن,156,1,0.64
اسیستور,5204,33,0.63
هنا پردازش,159,1,0.63
 آنیسا,159,1,0.63
کوکی وان,158,1,0.63
 شمیم ,161,1,0.62
پارچه سعید,161,1,0.62
زیر و زبر,162,1,0.62
اکسسوری پوشاک ملودی,667,4,0.6
جواهری سعیدیان,168,1,0.6
واروژنا,167,1,0.6
ژیمن,342,2,0.58
آریا راگز,174,1,0.57
پزشکی و بهداشتی هیراد,176,1,0.57
اکسون نوین,353,2,0.57
لوازم جانبی و تحریر باباشی,356,2,0.56
بافتنی برفی,178,1,0.56
آذرخش مال,177,1,0.56
تاج پرفیوم,182,1,0.55
دکتر بالون,367,2,0.54
جورو شاپ,187,1,0.53
شامقصود,189,1,0.53
کتاب فروشی مبعث,1127,6,0.53
نوکوپو,194,1,0.52
اسمونی مارکت,191,1,0.52
اریا اتیل,197,1,0.51
گالری آمریا,195,1,0.51
ماهان واردات,196,1,0.51
سر زمین کودک دلوین,195,1,0.51
رهام مال,401,2,0.5
بازرگانی شانو,205,1,0.49
فروشگاه زیرورو,205,1,0.49
گالری شادونه,210,1,0.48
اوای پخش تهران,208,1,0.48
گیوسل,620,3,0.48
صنایع دستی زاینده رود,212,1,0.47
آوین تجارت,212,1,0.47
رواق رضوان,215,1,0.47
فروشگاه کتاب مان,218,1,0.46
پازل شاپ,219,1,0.46
نم,1790,8,0.45
خانم آقا,447,2,0.45
سپند آسا,227,1,0.44
چاپ فانتزی,229,1,0.44
دورلان,451,2,0.44
پاساکو گالری,467,2,0.43
فری کانتری,239,1,0.42
سورانیک,5645,23,0.41
آموزش فنی و حرفه ای مزرعه زرین,1220,5,0.41
اترنال رز,248,1,0.4
کفش شهپر ممتاز,506,2,0.4
مدینو استایل,252,1,0.4
 آرمین تویز,252,1,0.4
هنرگلسا,248,1,0.4
فروشگاه نیلا نجلا,256,1,0.39
فروشگاه بندار,266,1,0.38
آراز   تویز,264,1,0.38
استودیو هنری ژانو,18451,68,0.37
بهراد طب بیدار,279,1,0.36
دال تل,283,1,0.35
چی چاپ,590,2,0.34
نیتسیله اکسسوری,298,1,0.34
زیباوش,585,2,0.34
لوکس تحریر مهدی,295,1,0.34
گنبد کبود,292,1,0.34
کیدوپلاس,306,1,0.33
چرم کروماکی,304,1,0.33
رایان کاویان,299,1,0.33
مدرن پرشیا,300,1,0.33
داریون دیزاین,313,1,0.32
زرین مهر,629,2,0.32
شیکامزون,2791,9,0.32
بازرگانی پاپوشا,312,1,0.32
آس گالری,641,2,0.31
شرکت چم تویز,327,1,0.31
چاپ گردو,324,1,0.31
ایوان بوک,321,1,0.31
رادکس,327,1,0.31
ایرانوس,355,1,0.28
گالری شقایق,1129,3,0.27
میگوس,375,1,0.27
بازرگانی مجنتا,756,2,0.26
مونو تیم,405,1,0.25
فامو استور,425,1,0.24
باز بازی,423,1,0.24
 گالری امیرخان,416,1,0.24
چاوینو,885,2,0.23
سان رایز تویز,428,1,0.23
ایران متال,3643,8,0.22
دیچا,449,1,0.22
چاپتینو,945,2,0.21
 گلبرگ,540,1,0.19
سام شاه,513,1,0.19
گالری تاپ,565,1,0.18
ماهووت,549,1,0.18
زیتازی,1110,2,0.18
کاتانا,3984,7,0.18
تعمق,592,1,0.17
لیمونار گالری,598,1,0.17
بوک نیکا,594,1,0.17
شرکت تصفیه سازان مهر,1197,2,0.17
بنی,623,1,0.16
کتاب نایاب,666,1,0.15
جیمی شاپ,686,1,0.15
شهر فرشتگان,798,1,0.13
اقلیمه,767,1,0.13
بازرگانی رویان,828,1,0.12
رابین هود,833,1,0.12
تامین کالای ملودی,1854,2,0.11
بامبیلیپ,3576,4,0.11
درامو,4315,4,0.09
فروشگاه عطر سپیدار,1139,1,0.09
دیجی‌کالا,8597,4,0.05
یانگوم,1952,1,0.05
تهران کتاب,3082,1,0.03
کارنیلا هنر,4162,1,0.02
نارگلد گالری,13598,2,0.01
لیردا گلد,17774,1,0.01
لیلیون گالری,35,0,0.0
لوکسوره,61,0,0.0
لیماک شاپ نوین,38,0,0.0
لیمو لاکچری,776,0,0.0
لینتل,74,0,0.0
ماب,25,0,0.0
مارال بیوتی,169,0,0.0
ماریتا دیزاین,29,0,0.0
ماسا دیزاین,1047,0,0.0
ماسک نو,144,0,0.0
ماناکو,25,0,0.0
مانچو,555,0,0.0
ماهلدی,25,0,0.0
ماهوت,26,0,0.0
ماهورا دیزاین,26,0,0.0
ماهک هوم,407,0,0.0
ماوی کوش,23,0,0.0
مای نبات,29,0,0.0
مایا ماهک,2580,0,0.0
مُب استور,90,0,0.0
مترینو شاپ,237,0,0.0
مجتمع سپیدار,43,0,0.0
مجتمع فرش زندیه,115,0,0.0
مجیک گلد,1762,0,0.0
محصولات آبگینه,30,0,0.0
محصولات بهداشتی پرنسس,20,0,0.0
محصولات سالم کوثر,108,0,0.0
محصولات شاد,834,0,0.0
محصولات عطرین,122,0,0.0
محمود زاده,57,0,0.0
مد برتر,54,0,0.0
گلدیس کالا,62,0,0.0
گیگاسنتر,108,0,0.0
گیلواره زراوشان,1105,0,0.0
لا گالریا,56,0,0.0
لابراتوار غروی,489,0,0.0
گلسو,114,0,0.0
گلوبندک,20,0,0.0
گلیم ایران,121,0,0.0
گندم بتن,64,0,0.0
گودی کالا کام,55,0,0.0
گیاهبان,124,0,0.0
گیتاتک,124,0,0.0
گیتاشناسی نوین,50,0,0.0
گیفت شاپ آمیتیس,208,0,0.0
لباس زیر کندو,40,0,0.0
لردارچر,229,0,0.0
لوازم آرایشی و بهداشتی بالرین,86,0,0.0
لوازم اداری,34,0,0.0
لوازم التحریر اسکندری,48,0,0.0
لوازم پزشکی شیراز,39,0,0.0
لوازم جانبی چرم,1798,0,0.0
لوازم ورزشی جزیره کالا,23,0,0.0
لوح هنر,91,0,0.0
لولو مارکت,36,0,0.0
لوکس تجاری نوین,206,0,0.0
لاولی تویز,20,0,0.0
لیدل پوش,160,0,0.0
لیدی برند,119,0,0.0
لیدی لاوین,605,0,0.0
ناریان,20,0,0.0
نارین گستر مهرگل,122,0,0.0
میلاد تجارت تبریز,165,0,0.0
میم مارک,40,0,0.0
میم کاف,49,0,0.0
ناب ترین,42,0,0.0
ناب ترین محصول,230,0,0.0
ناب ترین کیفیت,57,0,0.0
نابینه,665,0,0.0
نادریان,48,0,0.0
مکث استور,24,0,0.0
مکثی نو,25,0,0.0
می دل,76,0,0.0
میرک,20,0,0.0
میسانا,36,0,0.0
مهیاس گرانولا,42,0,0.0
موپیگان,60,0,0.0
مولتی آلفا,27,0,0.0
مدرنلیز,30,0,0.0
مدیکال اینترنشنال,84,0,0.0
مربع مکعب,245,0,0.0
مداد آبی,1737,0,0.0
مداوا مارکت,24,0,0.0
مرساناپوش,220,0,0.0
مرسده بیونی,24,0,0.0
مرکوری شاپ,45,0,0.0
مزون حس,29,0,0.0
مزون گوهر,34,0,0.0
مهرایمند,33,0,0.0
مهرآوا,54,0,0.0
مستر لوکی,42,0,0.0
مسترمانی,159,0,0.0
مشهد کیت,122,0,0.0
معجزه قلم,136,0,0.0
مغازه الین,21,0,0.0
ملکه باش,24,0,0.0
ملی شاپینگ,160,0,0.0
ملیناز,63,0,0.0
منوی دکتر,28,0,0.0
مهاب استور,23,0,0.0
مهر افزون,135,0,0.0
مهر مهدی,44,0,0.0
کارنوصنعت,38,0,0.0
کاغذو,32,0,0.0
کالا تجارت فرجاد,229,0,0.0
کالا میکس,88,0,0.0
کالاآباد,21,0,0.0
کتاب ارمغان,57,0,0.0
کتاب باریزان,83,0,0.0
کتاب باغ,30,0,0.0
کتاب تازه,34,0,0.0
کتاب سالم,8733,0,0.0
کتاب طلایه,97,0,0.0
کتاب هنری تحریر کاظمی,55,0,0.0
کتاب کهکشان,144,0,0.0
کتابخانه کوچک ما,20,0,0.0
کتابدان,122,0,0.0
کالای پارتاک,37,0,0.0
کالیته استور,21,0,0.0
کامنت,177,0,0.0
کانتینر,130,0,0.0
کانون طب نوین,50,0,0.0
کایوسان,52,0,0.0
کتابفروشی اندیشه,560,0,0.0
کتابفروشی رمضانی پور,78,0,0.0
کتابهای نردبان,157,0,0.0
کفش آریایی,75,0,0.0
کرال کویین,38,0,0.0
ووروجک,32,0,0.0
ووگان,314,0,0.0
ویرا پلاستیک,20,0,0.0
ویرا سیتی,23,0,0.0
وینیکا شاپ,26,0,0.0
کار روبیک,30,0,0.0
کارا گلبرگ,148,0,0.0
کارالند,69,0,0.0
کارانس,5212,0,0.0
کارترزلند,480,0,0.0
کاردان استور,37,0,0.0
کارلوس,24,0,0.0
کارن استار,55,0,0.0
هیروبی,90,0,0.0
هوم دکور استور,56,0,0.0
هومان سنتر,24,0,0.0
واچ مارکت,766,0,0.0
واژ مارکت,29,0,0.0
واستین,75,0,0.0
ورهرام بیوتی,29,0,0.0
وزوان,35,0,0.0
وستاک,33,0,0.0
ونداد تجارت,28,0,0.0
ونوس بانوی زیبا,31,0,0.0
نی نی دوست,30,0,0.0
نیلگون شاپ,44,0,0.0
نیلند,66,0,0.0
نیلوفر مارکت,43,0,0.0
نینی,61,0,0.0
نیوایران بالانس,76,0,0.0
نیودرما,37,0,0.0
نو دوخت,21,0,0.0
نوا بردگیم,26,0,0.0
نوبهاران,71,0,0.0
نوژابوک,431,0,0.0
نوین پارس تجارت,70,0,0.0
نوین تل,44,0,0.0
نکویار,106,0,0.0
نسیم طبیعت کاشان,77,0,0.0
نشر پازینه,147,0,0.0
نشر دلهام,20,0,0.0
نشر زرین اندیشمند,252,0,0.0
نشر محراب قلم ,320,0,0.0
نشر مظفر,61,0,0.0
نشر وب,173,0,0.0
نقاشی آروان,35,0,0.0
نقره زارع,135,0,0.0
نقره کار,130,0,0.0
نقرینوگالری,118,0,0.0
نگینالماس,52,0,0.0
نلیسا استور,34,0,0.0
نمایشگاه ساعت صباغ,86,0,0.0
نرم افزاری نوین,119,0,0.0
نسل بوک,222,0,0.0
ناژیامد,87,0,0.0
نانو چرم,27,0,0.0
نانو سافت,38,0,0.0
ناو استایل,39,0,0.0
نایس بیبی شاپ,29,0,0.0
هوده,85,0,0.0
هستی نیل,138,0,0.0
همسو کالا,212,0,0.0
همه جور مارکت,1207,0,0.0
همکلاسی خوب,80,0,0.0
هنر تاپیکال,100,0,0.0
هنر كهن,69,0,0.0
هنرسرای آنا,25,0,0.0
هنرکده آریا ارت,97,0,0.0
هنرکده پرسام,42,0,0.0
هنرکده چکاوک,57,0,0.0
هنری اموریس,30,0,0.0
هنری زیور بانو,34,0,0.0
هرمیداس,173,0,0.0
هریس,220,0,0.0
هایلی شاپ,23,0,0.0
هاینزبرگ,72,0,0.0
هپی بازار,27,0,0.0
نیک اسپریت,22,0,0.0
نیک ثمر,75,0,0.0
هارمونی تغییر,35,0,0.0
هارمونی و صدا,27,0,0.0
هاشکا,41,0,0.0
گالری شمرون,86,0,0.0
گالری شهر ما,56,0,0.0
گالری صبا,147,0,0.0
گالری ضامن,3723,0,0.0
گالری طلا کاکامی,21,0,0.0
گالری ظهیرالدینی,136,0,0.0
گالری عینک ملیکا,36,0,0.0
گالری لند امیر ,67,0,0.0
گالری مدرن آیرن,48,0,0.0
گالری مس مشربه,61,0,0.0
گالری مستور,26,0,0.0
گالری سرای مریم,39,0,0.0
گالری سکه اکبری,25,0,0.0
گالری شاهزاده,30,0,0.0
گالری رحدونه,38,0,0.0
گالری ریماز,70,0,0.0
گالری زر بافت,65,0,0.0
گالری چرم روژه,45,0,0.0
گالری خاطره پردیس,26,0,0.0
گالری خوبرنگ,26,0,0.0
گالری دالاهو,29,0,0.0
گالری دلنواز قشم,146,0,0.0
گالری فرش بیژن,48,0,0.0
گالری مهرسا,21,0,0.0
گالری نقاشی مقیمی,21,0,0.0
گالری نوشاد,31,0,0.0
گالری هنری آتنا,20,0,0.0
گالری کلبه طلایی,174,0,0.0
گاندولند,31,0,0.0
گانیوکی شاپ,38,0,0.0
گچ سفید,46,0,0.0
گردآوران,189,0,0.0
گروه بازرگانی پایازمان,370,0,0.0
گروه بازرگانی دیاموند,25,0,0.0
گروه تبلیغاتی رز اصفهان,89,0,0.0
گروه تجاری شارلوت,40,0,0.0
گرینو,33,0,0.0
گرینویچ,84,0,0.0
گل قاصدک,26,0,0.0
گلاریس هنر,21,0,0.0
گلد باکس امید,24,0,0.0
گلدن رز پارسیان,48,0,0.0
گلدن مولد,57,0,0.0
گلدن کالا,79,0,0.0
گروه تکسان,41,0,0.0
گروه خانه ساعت,428,0,0.0
گروه هنری دانژه,197,0,0.0
گالری ویکتوریا,103,0,0.0
گالری کایلین,100,0,0.0
گالری کرونو,320,0,0.0
فیلیچی شاپ,83,0,0.0
فیورلا آنلاین,221,0,0.0
فنچول,27,0,0.0
فصا,124,0,0.0
فلودو,69,0,0.0
فروشگاه کانون,168,0,0.0
فروشگاه وثوق,20,0,0.0
فروشگاه مهر,30,0,0.0
فروشگاه موج نو,42,0,0.0
فروشگاه مونلایت,32,0,0.0
فروشگاه نبض کتاب,59,0,0.0
فروشگاه نگارانه,49,0,0.0
قانونمدار,79,0,0.0
قشم خرید,30,0,0.0
قصر فرش لاهیجان,52,0,0.0
قلم اندیشه,87,0,0.0
قلم زنی سپنتا,20,0,0.0
قلمدان,48,0,0.0
گالری بهارنارنج,38,0,0.0
گالری بینهایت,42,0,0.0
گالری پرنسس تبریز,78,0,0.0
گالری پوشاک مرکزی,137,0,0.0
قندونه,31,0,0.0
گابیانی,27,0,0.0
گارینه,32,0,0.0
گالری آب و آتش,66,0,0.0
گالری آنیل,32,0,0.0
گالری آونگ,120,0,0.0
گالری الماس ایرانیان,663,0,0.0
گالری الین بیوتی,129,0,0.0
گالری امیر حافظ,26,0,0.0
گالری باجو,88,0,0.0
فروشگاه شهر طبیعت,56,0,0.0
فروشگاه عموعطار,179,0,0.0
فروشگاه فرش مدرن,38,0,0.0
فروشگاه ماهلین,36,0,0.0
فروشگاه سپندآسا,41,0,0.0
فروشگاه سپندار,27,0,0.0
فروشگاه سارمد,25,0,0.0
فروشگاه سامیت,132,0,0.0
فروشگاه سترگ,20,0,0.0
فروشگاه سواری,20,0,0.0
فروشگاه شبآهنگ,42,0,0.0
فروشگاه شما,29,0,0.0
فروشگاه رزگلد اکسلنس,53,0,0.0
فروشگاه روژان,88,0,0.0
فروشگاه اگزرسیس,22,0,0.0
فروشگاه اکسسوری درنیکا,35,0,0.0
فروشگاه ایران کیدز ,207,0,0.0
فروشگاه تخصصی فیروزه,360,0,0.0
فروشگاه تکنو سیستم,38,0,0.0
فروشگاه چهارطاق,38,0,0.0
فروشگاه حصیر سرا,21,0,0.0
فروشگاه داریوش مارکت,41,0,0.0
فروشگاه دم,220,0,0.0
فروشگاه رانژ,1875,0,0.0
طهورا پوش,84,0,0.0
طوطی دیزاین,41,0,0.0
ظریف آرت,36,0,0.0
ظریف بیوتی,42,0,0.0
طب سما,87,0,0.0
طبیعت تنت,60,0,0.0
طراحان  سیب نارنجی,76,0,0.0
طلوع عصر کالا,69,0,0.0
عروسک صوفیا,32,0,0.0
عروسکهای ماندانا,111,0,0.0
عسل کوهستان مهدی,79,0,0.0
عطاری ادویان,23,0,0.0
عطاری لند بهاران,62,0,0.0
شیک شی,85,0,0.0
شیکا نیل,116,0,0.0
شهراکسسوری,70,0,0.0
شهریار تویز,44,0,0.0
شوپن گالری,42,0,0.0
شیائومی سیتی,20,0,0.0
صحرا استایل,20,0,0.0
صدف بوک,125,0,0.0
صفاهوم,50,0,0.0
صنایع دستی الماس,59,0,0.0
صنایع دستی ترنجستان,99,0,0.0
صنایع دستی حجره,249,0,0.0
صنایع دستی صدر,151,0,0.0
صنایع دستی صفائی,21,0,0.0
فایر فلای,23,0,0.0
فخرهنر,29,0,0.0
فرآراد,317,0,0.0
فرابوک,96,0,0.0
فراز پایتخت,315,0,0.0
فاران تویز,209,0,0.0
فاطن,34,0,0.0
فانتزی باز,268,0,0.0
عمده پلاس,23,0,0.0
عطر دستان,25,0,0.0
عطر و ادکلن لیلیوم,201,0,0.0
فرهنگسرای ماهور,28,0,0.0
فروشگاه آر ان اس,480,0,0.0
فروشگاه آفتابگردان,24,0,0.0
فروشگاه آویده,33,0,0.0
فرش اعظمی تبریز,21,0,0.0
فرش مدرن امیرخیز,68,0,0.0
فرش يزدان,31,0,0.0
فروشگاه بامتی,288,0,0.0
فروشگاه بندرشهر,57,0,0.0
فروشگاه پاییزان,68,0,0.0
فروشگاه پوشاک پریا,24,0,0.0
فروشگاه پوشاک تاپیک,30,0,0.0
فروشگاه پیام عدالت,50,0,0.0
فروشگاه تاران,134,0,0.0
سیسمونی,44,0,0.0
سیلیکون گیفت,41,0,0.0
سیمارو,132,0,0.0
سورفین,24,0,0.0
سورلا گالری,39,0,0.0
سورلان,39,0,0.0
سوفی اکسسوری,48,0,0.0
سوئیس گالری ملل,136,0,0.0
سفیاه,142,0,0.0
شایا تجارت,355,0,0.0
شهر فیگور,220,0,0.0
شروین پخش,193,0,0.0
شرکت آدولف,34,0,0.0
شرکت سحاب تجارت اسپادانا,118,0,0.0
شرکت محور پاسارگاد ماشین,34,0,0.0
سیوارو شاپ,23,0,0.0
شاپ شید,58,0,0.0
شادرنگ,122,0,0.0
شادیا تویز,280,0,0.0
شاران هوم,61,0,0.0
شازار,50,0,0.0
ساسا یاشام,29,0,0.0
سالسابیوتی,264,0,0.0
سالنی لند,27,0,0.0
سامی مد,28,0,0.0
سان مد,33,0,0.0
سانگبوکلیمی,36,0,0.0
ساواش,162,0,0.0
سپنتاافزار,62,0,0.0
سپیدرو,24,0,0.0
ستیا حجاب,28,0,0.0
سحرانا,245,0,0.0
سحرمدیکال,35,0,0.0
سلامتی و زیبایی اس پی کی,25,0,0.0
سلین,233,0,0.0
سلین سنتر,43,0,0.0
سلین کالا پلاس,359,0,0.0
سما استور,146,0,0.0
سماگالری سما,82,0,0.0
سنتربیوتی,22,0,0.0
سنجاقک نوت,23,0,0.0
سنگ پارسیان,79,0,0.0
سنگ فرش,82,0,0.0
سرزمین گالری,48,0,0.0
سرتاب,71,0,0.0
سررسید پدیده نقش,53,0,0.0
سرزمین تخفیفات ,20,0,0.0
تولیدی بازرگانی کارن,47,0,0.0
تولیدی ثمین تنپوش,20,0,0.0
تولیدی کاژین,47,0,0.0
تولیدی کیان تن پوش,140,0,0.0
توکاسنتر,98,0,0.0
تویز کیدز فانی,55,0,0.0
تویلند گیشا,207,0,0.0
تنپوش رورو,20,0,0.0
تندیس سبلان,21,0,0.0
تندیس کودک,53,0,0.0
تورگالری,37,0,0.0
توسعه تجارت خورشید,32,0,0.0
توسعه کالای دماوند,191,0,0.0
توسعه کتاب,62,0,0.0
تولید و پخش امیران ,89,0,0.0
تحریرمهراد,36,0,0.0
تخفیف لند رام,63,0,0.0
ترانه بارانا,26,0,0.0
تجسم یک هنر,23,0,0.0
تجهیزات پزشکی خانه سلامت,25,0,0.0
تحریر آوان,48,0,0.0
تحریر بازار,48,0,0.0
تحریر برگ,26,0,0.0
تریکو آذران,28,0,0.0
تشک شاپ,24,0,0.0
تن تاو ماه,957,0,0.0
تن سا,203,0,0.0
تن سلامت,221,0,0.0
تیکاپلاس,21,0,0.0
ثقفیان,27,0,0.0
ثن سین,20,0,0.0
تکتین فیت,69,0,0.0
تکسل,22,0,0.0
تکنولوژی آموزشی فکور,51,0,0.0
تی تی بوک,37,0,0.0
جاویدشایان,29,0,0.0
جلوه آیات,46,0,0.0
جهان علم,78,0,0.0
تیدا کندل,27,0,0.0
جانان مد,22,0,0.0
جی بی جو,98,0,0.0
جی تی هوگرو,214,0,0.0
جین مد,64,0,0.0
جینگولیات با نیل,27,0,0.0
چاپ آجه,72,0,0.0
جوراب کایرا,47,0,0.0
جومانجی,34,0,0.0
چاپ و طراحی کاربن,54,0,0.0
چرم رودکی,28,0,0.0
چرم سيال پاسارگاد,66,0,0.0
چرم شیفر,148,0,0.0
پازل کیان,77,0,0.0
پاستل گالرئ,55,0,0.0
پالوته,34,0,0.0
پامارو,37,0,0.0
پایتخت نوین,57,0,0.0
پایون توزیع کالا,60,0,0.0
پاییز تحریر,75,0,0.0
پخش آبگینه,562,0,0.0
پخش آرایشی بیوتی,133,0,0.0
بی بی گیفت,87,0,0.0
بیانکا بوتیک,2127,0,0.0
پخش چهره,43,0,0.0
پخش دامن,186,0,0.0
پخش مرکزی آسمان,90,0,0.0
پخش کوشایی,67,0,0.0
پرانسیس بیوتی,37,0,0.0
پرتو آبی,144,0,0.0
پرتی لیدی,21,0,0.0
پرستیژ ایران,37,0,0.0
پرشیا استار مد,86,0,0.0
پرفیموس,188,0,0.0
پرگل گالری,78,0,0.0
پکویو,20,0,0.0
پیشتاز سلامت,732,0,0.0
پینک گارد,44,0,0.0
پیک اسپرت,79,0,0.0
پیکسل تک,54,0,0.0
تاج پلاس,43,0,0.0
تاچل,43,0,0.0
تجارت صدف,201,0,0.0
تاکتیک اسپورت,36,0,0.0
تاکو,33,0,0.0
پرن ساری,63,0,0.0
پرهام نیل,32,0,0.0
پروشات آرت,36,0,0.0
پروندبوم,33,0,0.0
پرکاس,73,0,0.0
پزشکی بهراد طب,57,0,0.0
پزشکی نبض,27,0,0.0
پزشکی هدف درمان,20,0,0.0
پگاه کالکشن,21,0,0.0
پورکاوه استور,53,0,0.0
پوشاک بانوان ابریشم,142,0,0.0
پوشاک نجبا,25,0,0.0
پوشاک نکیسا,50,0,0.0
پوشاک کودک سناتور,28,0,0.0
پویش اندیشه,81,0,0.0
زی گروپ,602,0,0.0
سا رار,51,0,0.0
ژیوا,65,0,0.0
ژولانیک,83,0,0.0
ژینا طب,108,0,0.0
رویال ویژن,33,0,0.0
رویالتیم,39,0,0.0
رویای سلامت,39,0,0.0
ریبتن,51,0,0.0
ریسه گالری,528,0,0.0
ریش تراش مدرن,87,0,0.0
ریماز گالری,24,0,0.0
ریو استور,52,0,0.0
زاشادو,33,0,0.0
زودبوک,40,0,0.0
رویال چرم,98,0,0.0
زربای,31,0,0.0
زرسین,33,0,0.0
رامسر شاپ,27,0,0.0
راه مدرسه,371,0,0.0
راویتا پلاس,26,0,0.0
رایان بیوتی,122,0,0.0
رایان پخش,25,0,0.0
دیلی و برادران,139,0,0.0
دیمو بگ,54,0,0.0
راداتحریر,22,0,0.0
رنگی رنگی لند,44,0,0.0
رخ سیما,45,0,0.0
رز قرمز,85,0,0.0
رزالیاگالری,145,0,0.0
رهاوود,39,0,0.0
روپاک تجارت,23,0,0.0
روشینا موزیک,52,0,0.0
روغنکده بکلی,69,0,0.0
رودریگز مارکت,44,0,0.0
روزینس,87,0,0.0
چیچک آرت,36,0,0.0
چرم کن آ,376,0,0.0
چهرازی استور,107,0,0.0
چوب نارنج,39,0,0.0
حبیبان,44,0,0.0
حریق سبز,43,0,0.0
حسینی مارکت,20,0,0.0
حله,69,0,0.0
حما,29,0,0.0
خانه ایکی,22,0,0.0
خانه فرهنگ و هنر گویا,200,0,0.0
خانه لگو,98,0,0.0
خندالو,7687,0,0.0
خوبان جنوب,96,0,0.0
داتیس,79,0,0.0
داتیس گالری,95,0,0.0
داروخانه آنلاین دارومن,58,0,0.0
دالاوان,253,0,0.0
دایا استور,46,0,0.0
دایمون شاپ,29,0,0.0
دخمه,23,0,0.0
درسان گالری,30,0,0.0
دسار,22,0,0.0
دست سازه مژگان,107,0,0.0
دست سازه نیلگون,21,0,0.0
دست سازه ی مریم,27,0,0.0
دست سازهای هنری سپهر,23,0,0.0
دورهمی گیم,67,0,0.0
دوست خوب,264,0,0.0
دوگتا,33,0,0.0
دولت علم,35,0,0.0
دیان استور,58,0,0.0
دیج گیم,124,0,0.0
دیجتال مارکت,54,0,0.0
دکادو,172,0,0.0
دکودنت,47,0,0.0
دکوماتوس,30,0,0.0
دنیای کمپ عالیجناب,45,0,0.0
دهکده آنیتا,31,0,0.0
دهکده سبزسلامت,123,0,0.0
دنیای ساعت شایان,32,0,0.0
دنیای سلامتی زیبایی,82,0,0.0
دنیای لباس مهراد,31,0,0.0
دنیای کاترین,116,0,0.0
دل تافته,61,0,0.0
خانوم حنا,25,0,0.0
دلتاکالا,20,0,0.0
دلشاد مارکت,38,0,0.0
دلنار گالری,776,0,0.0
آرمان پرداز,87,0,0.0
آرن بیبی شاپ,21,0,0.0
آرکا تجارت بیستون آراد,31,0,0.0
آرایشی و بهداشتی بهاران,117,0,0.0
آرت اسکای,72,0,0.0
آرتیمل,332,0,0.0
آرسی تویز,34,0,0.0
آرایشی بهداشتی بلوبری,192,0,0.0
آرایشی بهداشتی سحر,28,0,0.0
آرایشی بهداشتی نیکان,268,0,0.0
آریان نخ باف,346,0,0.0
آریسان کالا,26,0,0.0
آرین گلابتون,421,0,0.0
آژن,36,0,0.0
آفر ا استور,111,0,0.0
آقای سرگرمی,20,0,0.0
آماریسا,23,0,0.0
آلامیس,96,0,0.0
 فرش پاییزان,27,0,0.0
 فروشگاه سماوات,148,0,0.0
 رزگلد مارکت,155,0,0.0
 زمرد گالری,30,0,0.0
 ساغر مینا ,160,0,0.0
 بستان بوک,51,0,0.0
 تخت جمشید,59,0,0.0
  دریم کالا,32,0,0.0
 آری یلو,93,0,0.0
 منیصا استایل,45,0,0.0
 مهرسا    ,40,0,0.0
 هانا گالری,667,0,0.0
 کامک,83,0,0.0
 کلاریس هوم,54,0,0.0
 کوکوجم,28,0,0.0
آبتین,120,0,0.0
آبرنگستان,26,0,0.0
آذر پردازش,26,0,0.0
آذین مهر رضا,51,0,0.0
آذین نوین,30,0,0.0
آرا تن,131,0,0.0
آراد سنتر,99,0,0.0
آراساند,28,0,0.0
آتاهان,23,0,0.0
آتینی,61,0,0.0
آداگسا,29,0,0.0
اپشن ایران,24,0,0.0
ابزار دایسو,82,0,0.0
آی هلو,137,0,0.0
آیرین پلاست,108,0,0.0
آیمهر,82,0,0.0
آیمهر شاپ,35,0,0.0
آنا ائل,88,0,0.0
آوای مکتوب,33,0,0.0
آوای کتاب خوب,542,0,0.0
آویده شوز,52,0,0.0
آناهید زروان,154,0,0.0
آندیا بیوتی,66,0,0.0
آندیا مارکت,66,0,0.0
آنلاین24,359,0,0.0
آنکارا شاپ,21,0,0.0
آنیلا گالری,78,0,0.0
آوا تجارت,23,0,0.0
آوا تویز,27,0,0.0
اریدو,209,0,0.0
اس اس وی مرکزی ,411,0,0.0
اس وی اس,33,0,0.0
ارزانکده تهرانی,24,0,0.0
اثیر,21,0,0.0
اخگر کالا,29,0,0.0
ارکیده شب بو,52,0,0.0
اروند گلد,23,0,0.0
الیزیوم,380,0,0.0
الین دخت,21,0,0.0
الینا پخش ,78,0,0.0
السا بیوتی پلاس,90,0,0.0
السانا مانتو ولیعصر,915,0,0.0
الفبای عشق,262,0,0.0
الماس تجارت ایرانیان,416,0,0.0
المرا شاپ,21,0,0.0
اسمارت استایل,30,0,0.0
اسمارت تویز,431,0,0.0
اسنیپ,49,0,0.0
اسکن سنتر,36,0,0.0
افسرده,323,0,0.0
اگنس,22,0,0.0
الا مد مزون,47,0,0.0
پارسی اکسسوری,20,0,0.0
پارسیان آرت,107,0,0.0
پارسیان نیک هستی,877,0,0.0
پارلاکرفت,89,0,0.0
پاریس بیوتی,103,0,0.0
بومیکده,460,0,0.0
بهنو,91,0,0.0
پاپو هوم,179,0,0.0
پاتریک مون,94,0,0.0
پاتن جامه,525,0,0.0
پادینا شاپ,310,0,0.0
پارتاک سیتی,63,0,0.0
پارچه سرای آوا,111,0,0.0
پارچه سرای شهرک,24,0,0.0
پارچه سرای نکو,49,0,0.0
بلو راک,58,0,0.0
بلو فشن هاوس,20,0,0.0
بنویدی,93,0,0.0
بنیتا استور,118,0,0.0
به چاشنی فلاح,142,0,0.0
بهداشت گستران,105,0,0.0
بوتیک مونالیزا,20,0,0.0
بوراهه سنتر,295,0,0.0
بوستان سنقر,468,0,0.0
بیبی سیسو,84,0,0.0
بیتان,118,0,0.0
بیگ وال,27,0,0.0
بیوتی سنتر سحر,54,0,0.0
بیوتی لایم,30,0,0.0
بیوتی کده شاپ,227,0,0.0
بیورا,56,0,0.0
پائیزان,22,0,0.0
بازرگانی کمالی,67,0,0.0
بازی باکس,30,0,0.0
باساز,23,0,0.0
بذرک,58,0,0.0
براسیس,20,0,0.0
بازرگانی نور,26,0,0.0
بست دکور,187,0,0.0
برنز پیشرو,67,0,0.0
برکینگ شاپ,30,0,0.0
برگ و بو,133,0,0.0
برمازیا,88,0,0.0
برساد برشاد,154,0,0.0
بازرگانی ساراوا,54,0,0.0
بازرگانی سانای,103,0,0.0
بازرگانی سلامت پوست,73,0,0.0
بازرگانی فدائی,45,0,0.0
بازرگانی مهوان,648,0,0.0
بازرگانی پارس تجارت,477,0,0.0
باف لند,35,0,0.0
بافدنیوم,22,0,0.0
بامداد سلامت,60,0,0.0
بانک دیجیتال ایران,350,0,0.0
باوین شاپ,117,0,0.0
باکسیتو,52,0,0.0
بایمارکت,24,0,0.0
ایران همتا,189,0,0.0
ایرانکتاب,1756,0,0.0
ایرانیاز,49,0,0.0
ایرانیان همراه,196,0,0.0
ایس کالا,36,0,0.0
ایستگاه مد,99,0,0.0
ایلان شاپ,29,0,0.0
اینتکس کالا,64,0,0.0
ایوان دیجیتال,31,0,0.0
ایکیا شاپ,20,0,0.0
ای میکاپ استور,388,0,0.0
ایده ناب,90,0,0.0
ایران  استودیو,78,0,0.0
ایران سنتر تحریر,21,0,0.0
ایران فامیلی شاپ,20,0,0.0
ایران ملودیک,85,0,0.0
بارمان دکور,1898,0,0.0
بازار ارکیده,51,0,0.0
بازار باشه,91,0,0.0
بازارتحریر,28,0,0.0
بازرگانی آدینه,60,0,0.0
بازرگانی آرایشی ایمان,23,0,0.0
بازرگانی آوای ماندگار,35,0,0.0
بازرگانی جهانگرد,20,0,0.0
بازرگانی حرم,52,0,0.0
بازرگانی روز ایران,49,0,0.0
باخک,29,0,0.0
بادیزلند,21,0,0.0
انتشارات صدرا آثار استاد مطهری,78,0,0.0
انتشارات گوهردانش,152,0,0.0
انعام,22,0,0.0
انگشت دونه,37,0,0.0
انیس گالری,20,0,0.0
ام اند او,168,0,0.0
امنیت پلاس,25,0,0.0
امیر احسان,33,0,0.0
امیر بیوتی,170,0,0.0
امیرست,25,0,0.0
امیرو کالا,59,0,0.0
ان سی نو,143,0,0.0
انتشارات آواز,267,0,0.0
انتشارات باوند,124,0,0.0
انتشارات برف,179,0,0.0
اکسسوری ماهو ,108,0,0.0
اکسسوری هیما,45,0,0.0
اکسسوری ایلماز,29,0,0.0
اورال کلینیک,148,0,0.0
اوراینکو,26,0,0.0
اورز,56,0,0.0
اوریگامی,206,0,0.0
اوژن شاپ,33,0,0.0
اولیوروبر,33,0,0.0
اوکالیپتوس,20,0,0.0
اوکینری ,25,0,0.0
اویز موزیکال تخت درنیکا,31,0,0.0
اکتیو اسپرت,43,0,0.0
کفش شهرام طب,20,0,0.0
کوه مان,93,0,0.0
کوک مک پلاس,31,0,0.0
کلسیمیسی,140,0,0.0
کلمبیا استور,56,0,0.0
کلیپس و کش مو,49,0,0.0
کندا چرم,26,0,0.0
کنسولک,495,0,0.0
کنکور طلائی,32,0,0.0
کوتکا,1009,0,0.0
کوچه کتاب استور,2226,0,0.0
کودک سیتی,23,0,0.0
کیانا بوتیک,50,0,0.0
کیتز,36,0,0.0
کیتی استور,50,0,0.0
کیدز شاپ یاسمین,49,0,0.0
کیریستین بیوتی,85,0,0.0
کیسان  آذین,24,0,0.0
کیف و کفش صاد,467,0,0.0
کیلا ترک,37,0,0.0
کیمیا استور,641,0,0.0
کینگ وایت,184,0,0.0
یاساطب,45,0,0.0
یوتی شاپ,136,0,0.0
فروشگاه شهر خورشید,25,0,0.0
فروشگاه سیسمونی آرمین,22,0,0.0
فروشگاه سیبچه,23,0,0.0
فروشگاه نگین سیستم,23,0,0.0
فروشگاه نورینه,66,0,0.0
فروشگاه میرکالا,930,0,0.0
فروشگاه میلاد مجید,150,0,0.0
فروشگاه مینروا,44,0,0.0
فروشگاه رخسار سلامت,30,0,0.0
فروشگاه رزتی گالری,27,0,0.0
فروشگاه رقابتی ,26,0,0.0
فروشگاه رنگاب,66,0,0.0
فروشگاه زانی,76,0,0.0
فایننس,139,0,0.0
فردا کالا,59,0,0.0
فردزند,24,0,0.0
فروشگاه دلسی و رونکاتو,206,0,0.0
فروشگاه دنیای بازی,179,0,0.0
فروشگاه دولایک,26,0,0.0
فروشگاه کیچن,99,0,0.0
فروشگاه یشیل,35,0,0.0
فرکام,203,0,0.0
فروشگاه گالری شفق,149,0,0.0
فروشگاه گالری مقدم,115,0,0.0
فروشگاه وزان,25,0,0.0
فروشگاه ویهان کوچولو,34,0,0.0
فروشگاه نیکادل,52,0,0.0
فروشگاه هم تاس,21,0,0.0
فروشگاه هنر افق,40,0,0.0
گالرى دوقلوها,23,0,0.0
گالری  هزار و یک فرش,324,0,0.0
گالری آراد تابلو,46,0,0.0
گالری آرایشی رضا,106,0,0.0
گاتهام,47,0,0.0
گارمنتز,72,0,0.0
فن آرت,46,0,0.0
فلوراکالا,333,0,0.0
قرن بیست و یک,42,0,0.0
قشم اسپورت,23,0,0.0
قصر پریا,200,0,0.0
قفسه و نردبان رایکا,75,0,0.0
گالری دربار,55,0,0.0
گالری جاده ابریشم,50,0,0.0
گالری جواهر ماندگار,27,0,0.0
گالری چرم جانان,71,0,0.0
گالری حسن پور,21,0,0.0
گالری به آرا,29,0,0.0
گالری پری سیما,97,0,0.0
گالری پوشاک آنا,59,0,0.0
گالری آی پارا,22,0,0.0
گالری ارگ,25,0,0.0
گالری بازی,27,0,0.0
گالری برگ سبز,25,0,0.0
گالری صادقی,45,0,0.0
گالری عطر ایران,43,0,0.0
گالری عطوش,26,0,0.0
گالری عطوفی,27,0,0.0
گالری دیان,33,0,0.0
گالری رویال کلاسیک,53,0,0.0
گالری ریتون,22,0,0.0
گالری زردخت,74,0,0.0
گالری لیدیا,178,0,0.0
گالری ماسالند,34,0,0.0
گالری مرلیا,88,0,0.0
گالری ملک زاده,96,0,0.0
گالری ناصر,25,0,0.0
گالری نسیم,118,0,0.0
گالری نقش جهان,32,0,0.0
گالری نگارینو,21,0,0.0
گالری ساعت ساز,25,0,0.0
گالری علیزاده کرج,26,0,0.0
گالری فرش لطفی,58,0,0.0
گالری هدیه کارن,65,0,0.0
گالری هنر و کیمیا,719,0,0.0
گالری هنری نگارینه,74,0,0.0
گلدن ریور,127,0,0.0
گلدن هلیکس,37,0,0.0
گلوریا لایت,51,0,0.0
گالری کلبه بلوط,37,0,0.0
گالری کیف تالی,34,0,0.0
گالری یاقوت درخشان,25,0,0.0
گدیر,96,0,0.0
گرالت,111,0,0.0
گرندآفس,145,0,0.0
گره کارپت,563,0,0.0
گروه آلفا الکترونیک,26,0,0.0
گروه بازرگانی عسگری,81,0,0.0
گروه تولیدی لیلپار دیزاین,44,0,0.0
گروه هنری سارنگ,64,0,0.0
گروه هنری سرنا,415,0,0.0
گروه هنری لیلیان,58,0,0.0
گروه هنری مهر,31,0,0.0
گریت سان,68,0,0.0
گرین پوینت,36,0,0.0
گسترش و توسعه تحقیقات تهران,23,0,0.0
گل برچک,34,0,0.0
گلچینه,34,0,0.0
سالی پک,188,0,0.0
سان واچ,84,0,0.0
سلام دوست من,70,0,0.0
سحوری,21,0,0.0
سریتا طب,65,0,0.0
سعدی,86,0,0.0
سفال کده سپهر,44,0,0.0
ژینا کالا,92,0,0.0
ژله ژورنال ,39,0,0.0
ژوآن,29,0,0.0
ساچو,32,0,0.0
ساده کارپت استور,30,0,0.0
سارنگ بوک,187,0,0.0
سبد مارکت,43,0,0.0
سبز آلود,22,0,0.0
سپادا,30,0,0.0
سپنتا شاپ,91,0,0.0
سپنتا نوین فرداد,91,0,0.0
سپهر الماس پاسارگاد,36,0,0.0
سپهر ایران,35,0,0.0
سو مو استور,491,0,0.0
سوبا,36,0,0.0
سلندیون,35,0,0.0
سنبادکس,121,0,0.0
سنجاق مارکت,70,0,0.0
سیتی اسپورت,26,0,0.0
سویل آرت,45,0,0.0
شاهدخت ایرانی,96,0,0.0
شاهوارشاپ,23,0,0.0
شاهین نوین,81,0,0.0
شاین سیلور,165,0,0.0
شاینی استاف,139,0,0.0
سیتی واچ,78,0,0.0
سیحون بوتیا,39,0,0.0
سیسمونی هپی مپی,54,0,0.0
سیلور وینچستر,499,0,0.0
سیلورجات,186,0,0.0
سیما پخش,117,0,0.0
سینا خواب,212,0,0.0
سینستر,31,0,0.0
شاپ بوم,23,0,0.0
شاپ کلین,158,0,0.0
صنایع دستی آبانا,23,0,0.0
صنایع دستی شبرنگ ,67,0,0.0
طلوع بیوتی,259,0,0.0
طهرانی کیدز  شاپ,26,0,0.0
طلای پر,26,0,0.0
صنایع نوین آروند,70,0,0.0
صنعت ماندگار,27,0,0.0
صورتی سنتر,49,0,0.0
طاها سنتر,42,0,0.0
طب برتر,47,0,0.0
طب چرم,22,0,0.0
طب گستر آتیه,53,0,0.0
طبیعت شاپ,24,0,0.0
طبیعت مارکت مرکزی,79,0,0.0
طراحی ستا ره,62,0,0.0
شادی نوران,98,0,0.0
شمع ویهان,321,0,0.0
شبکه پخش دید برتر,511,0,0.0
شرکت آنلاین نقره,87,0,0.0
شرکت عصر آتی,31,0,0.0
شکوفه لند,21,0,0.0
شکوه زیبایی,22,0,0.0
شیمر بیوتی,25,0,0.0
شیک ترین ها,385,0,0.0
شیکا پا,135,0,0.0
عطر ایریش,61,0,0.0
عطر و رنگ,150,0,0.0
عطف گالری,180,0,0.0
عمده خرده,69,0,0.0
غزل و مانی,40,0,0.0
فارگو,22,0,0.0
فاضل مدیا,55,0,0.0
فام گالری ,101,0,0.0
فامو دیزاین,208,0,0.0
فامیلی شاپینگ,107,0,0.0
فانتازیو پلاس,132,0,0.0
فروشگاه استایل کالا,62,0,0.0
فروشگاه انصاری بازار,56,0,0.0
فروشگاه اومیروس,43,0,0.0
فروشگاه باربد مرکزی,23,0,0.0
فروشگاه بانیبو,263,0,0.0
فروشگاه برندو,492,0,0.0
فروشگاه برنگی ,25,0,0.0
فروشگاه بزرگ البرز,68,0,0.0
فروشگاه پامکا,69,0,0.0
فروشگاه پاکدامن,40,0,0.0
فروشگاه پوتک,308,0,0.0
فروشگاه توپ تاپ,80,0,0.0
فرست دیت استایل,41,0,0.0
فرش آراد,20,0,0.0
فرش افرند,156,0,0.0
فرش حاجی محمد,77,0,0.0
فرش حریر ایران زمین,584,0,0.0
فرش راوی,22,0,0.0
فرفوژه,22,0,0.0
فرگل گالری,111,0,0.0
فرنا بیوتی,237,0,0.0
فرناد گالری,42,0,0.0
مدرن مالز,103,0,0.0
مت و پت تویز,30,0,0.0
متین تجارت پایدار,373,0,0.0
مجتمع فنی میرعلوی,45,0,0.0
مریخ ایرانیان کیش,228,0,0.0
مزون وزین,22,0,0.0
مستر وودی,74,0,0.0
مستربازی,25,0,0.0
مشهد بیوتی,30,0,0.0
مشهد دنتال,37,0,0.0
مشهوری,40,0,0.0
مای هوم پک,39,0,0.0
مایا دخت,26,0,0.0
مایلر,323,0,0.0
ماه نینی,50,0,0.0
ماهان پرفیوم,154,0,0.0
ماهان ماهرو,37,0,0.0
ماهور ملودی,47,0,0.0
مجموعه واریوس,20,0,0.0
محصولات ارگانیک میرزا,23,0,0.0
محصولات پاک فیروزه,71,0,0.0
محصولات خانگی روستا,68,0,0.0
محصولات سالم بهارنارنج,58,0,0.0
محصولات غذایی مارجان,197,0,0.0
محصولات فرهنگی نور کوثر,30,0,0.0
محمودی راد,22,0,0.0
مد برتر ایرانی,1854,0,0.0
گنجینه ساعت استار,23,0,0.0
گول چیچک,36,0,0.0
گیچ گالری,22,0,0.0
گیرای,148,0,0.0
گیلدا سفید,155,0,0.0
لابراتوار نلا,100,0,0.0
لاچو و باراج من,247,0,0.0
لاو استور,209,0,0.0
لطیف آفرینان وسام آسا,85,0,0.0
لگو تهران,21,0,0.0
لوازم التحریر مبین,23,0,0.0
لوازم تحریر قائم,29,0,0.0
لوازم خواب نوزاد شایلی,72,0,0.0
لوتوس آزاد,117,0,0.0
لاولی لایف,73,0,0.0
لوکس لیف,116,0,0.0
لونی ماژ,25,0,0.0
لیلیوم گلد,52,0,0.0
لیمو استور,123,0,0.0
لیاناهوم,35,0,0.0
لینوزین,298,0,0.0
لیور مارکت,196,0,0.0
لیورجی,57,0,0.0
لیوسا مزون,153,0,0.0
ماخ,41,0,0.0
ماد بانو,80,0,0.0
مارکوبانیک,111,0,0.0
ماگت بازار,36,0,0.0
مامزی,166,0,0.0
ماموتی,62,0,0.0
مانترا مارکت,56,0,0.0
ملورادبوتیک,81,0,0.0
ملکا تک,42,0,0.0
موسیقی درویشخان,43,0,0.0
مورنینگ مارکت,35,0,0.0
موسسه نوین بصیر,58,0,0.0
میفان,95,0,0.0
میلاد مارکت,46,0,0.0
میناسرای سیمرغ,21,0,0.0
مینزیفا,26,0,0.0
مینیاتور پازل,36,0,0.0
مینیمال طور,46,0,0.0
نابسل,543,0,0.0
مشیرخلوت,41,0,0.0
مدنگار,34,0,0.0
مدیالندز,95,0,0.0
مدیکال,78,0,0.0
مروارید سبز آسیا,24,0,0.0
مرکز پخش مونترال,22,0,0.0
مرکز چمدان چرم آرا,117,0,0.0
مهر هانی,29,0,0.0
مهران واچ,41,0,0.0
مهرمن,72,0,0.0
مهوا دارو,35,0,0.0
مهیاس پلاس,81,0,0.0
موبایل راک,57,0,0.0
موبیکا,33,0,0.0
نویا مد,37,0,0.0
نوید ارتو,136,0,0.0
نوین رایانه جانبی,370,0,0.0
نکیسا,37,0,0.0
نلا استور,50,0,0.0
نمایشگاه کتاب,395,0,0.0
نو آوران سلامت,83,0,0.0
نورآ,34,0,0.0
نوردخت شاپ,30,0,0.0
نگار تابان,62,0,0.0
نگین آرمان تجارت,39,0,0.0
نقش اندیش,28,0,0.0
ناوالس,132,0,0.0
ناستالیا,24,0,0.0
مون لایت بیوتی,76,0,0.0
میر تحریر,41,0,0.0
میرزاخانیان آنی تک,24,0,0.0
میرهانا,23,0,0.0
ندای جاویدان,66,0,0.0
نرسیس مارکت,53,0,0.0
نزدیک,76,0,0.0
نساجی فردوس,87,0,0.0
نسرین شاپ,76,0,0.0
نشر پرتقال,109,0,0.0
نشر فرازمین,108,0,0.0
نشر متخصصان,171,0,0.0
نقره صدر,208,0,0.0
کیش محمد تجارت,22,0,0.0
کیان بیوتی,338,0,0.0
کیدتو,25,0,0.0
کیدز فانی تویز,45,0,0.0
کوزالند,55,0,0.0
کفش پاشیک,84,0,0.0
کالکشن شیرین,272,0,0.0
یونیک واچ,160,0,0.0
یک درجه فراتر,40,0,0.0
یوز تریکو,84,0,0.0
یوفوریو شاپ,83,0,0.0
کیمدی شاپ,127,0,0.0
کیوت استار,526,0,0.0
یارا میس,28,0,0.0
یارطلا,22,0,0.0
یاسمن دیزاین,24,0,0.0
کافه جانبی ایران,155,0,0.0
کالا پخش ایرانیان,241,0,0.0
کالا تخفیف,70,0,0.0
کافه هنرمند,27,0,0.0
کالا کده,34,0,0.0
کالافان,38,0,0.0
کالاکو,1711,0,0.0
کالای خواب پروشات,3751,0,0.0
کالای نیک شاپ,28,0,0.0
کالایاری,152,0,0.0
کامودیتی,32,0,0.0
کانون علمی نخبگان شریف,102,0,0.0
کاکتوس آبی,61,0,0.0
کتاب آرش,29,0,0.0
کتاب پارسی,68,0,0.0
کتاب شمشاد,20,0,0.0
کتاب واحه,216,0,0.0
کتابفروشی زندگی,27,0,0.0
کتابفروشی کودک,57,0,0.0
کتابهای خوب,29,0,0.0
کرابو,7295,0,0.0
کریزی توی,24,0,0.0
کمال اندیشه,394,0,0.0
کمپانی آذین بهدیس,30,0,0.0
کمپینگ شاپینگ,33,0,0.0
کوآلا شاپ,70,0,0.0
کوئیلنا,45,0,0.0
کوثر استور,169,0,0.0
کودک پارسی,44,0,0.0
هنر آنتیک,42,0,0.0
هنر اسپادانا,28,0,0.0
هنر گستر,260,0,0.0
هنرکده آریا آرت,97,0,0.0
هنرکده ناب,30,0,0.0
هنری شو,258,0,0.0
هوتشت,59,0,0.0
هورتن,29,0,0.0
هوم کالای ایرانیان,20,0,0.0
هوم کیچن,52,0,0.0
هیاهو مام کیدز,443,0,0.0
والاپوش,420,0,0.0
وانیا هنر,73,0,0.0
ورشوگالری,22,0,0.0
ورگن,59,0,0.0
ورلد لیزر,32,0,0.0
واچوک,35,0,0.0
وقت خرید خوب,37,0,0.0
کارگاه فن و هنر,32,0,0.0
کارگذاری جنوب,44,0,0.0
کارما سیستم,63,0,0.0
کاروانا شاپ,206,0,0.0
ویرا آونگ رسام,31,0,0.0
ویرا بردگیم,20,0,0.0
ویرمان,101,0,0.0
ویفا توریست کمپ,24,0,0.0
ویم برتر,44,0,0.0
ویمی,159,0,0.0
ویوات کالکشن,157,0,0.0
ویولا رز,282,0,0.0
کاجینه,39,0,0.0
کار بازی,24,0,0.0
هامان شاپ,28,0,0.0
هامتو کو,122,0,0.0
هالو بیوتی,164,0,0.0
نیلی و ایندیگو,87,0,0.0
نیهال کلودز,20,0,0.0
نیومد,24,0,0.0
نیکان تجارت هاشمی,54,0,0.0
نیل کوک,187,0,0.0
نی نی سیس,30,0,0.0
هلن,26,0,0.0
همانام,23,0,0.0
هرمد استور,92,0,0.0
هزار و هشتصد و شصت ,21,0,0.0
هسکا مارکت,20,0,0.0
هلدینگ داهال,67,0,0.0
هایپر لند,586,0,0.0
هایلند طب,74,0,0.0
هاناز,36,0,0.0
هانستو,289,0,0.0
هانی شو,24,0,0.0
هاوار شاپ,39,0,0.0
تابلو سازی خاتم,94,0,0.0
تامین کالای تهرانی,76,0,0.0
تجهیزات پزشکی کیمیا,44,0,0.0
تچر,64,0,0.0
تحریر پارسه,50,0,0.0
تحریر قلمستان,33,0,0.0
تحریر ماهان,102,0,0.0
تحریر هلیا,78,0,0.0
تایم کلاک,31,0,0.0
تپل تیپ,45,0,0.0
تجارت بهراد,45,0,0.0
تجارت گستر جنوب,49,0,0.0
تجارت لوازم تحریر ,39,0,0.0
تجارت کارن,31,0,0.0
تجهیز کارا,20,0,0.0
تن پوش مارکت,24,0,0.0
تهران دکور,46,0,0.0
توربان رویا,92,0,0.0
توسعه الکترونیک گردو ,133,0,0.0
توسعه خیلی سبز,62,0,0.0
توسعه و تجارت بهاری,362,0,0.0
تولید پوشاک زیر آوین,26,0,0.0
تایتان گروپ,21,0,0.0
تایلومیک,140,0,0.0
تعالی,45,0,0.0
تقارن,21,0,0.0
ترابی گالری,268,0,0.0
ترانه,30,0,0.0
ترمه اسطوره,22,0,0.0
ترنج فردوس,20,0,0.0
ترواگالری,20,0,0.0
جهان رایانه,119,0,0.0
جوراب بارلی,83,0,0.0
جماعت,162,0,0.0
جنتلمن گالری,43,0,0.0
جنگل رز,58,0,0.0
تیما سنتر,98,0,0.0
تین بانی,212,0,0.0
تیهو گالری,293,0,0.0
تیک پوشاک,24,0,0.0
تیکا,95,0,0.0
تیکال,31,0,0.0
تولیدی آغوش,93,0,0.0
تولیدی پدر,24,0,0.0
تولیدی سنتی اصفهان,64,0,0.0
جامبو,539,0,0.0
جانبی پخش دیجیتال,57,0,0.0
جانبی لارا,41,0,0.0
جاویدان تندیس پرگاس,196,0,0.0
جرمن مارکت,369,0,0.0
جزیره نقره,66,0,0.0
پامبیق,21,0,0.0
پاندا گیمز,40,0,0.0
پاندوسا,23,0,0.0
پاویژ,150,0,0.0
پارسیان کتاب,23,0,0.0
پارسینه تجارت دیانا,152,0,0.0
پارلا پلاس,59,0,0.0
پارمیدا تویز,229,0,0.0
پارمیس کالا,83,0,0.0
پخش پلاس,45,0,0.0
پخش ترک,107,0,0.0
پخش چرم سون,53,0,0.0
پخش چیتگر,30,0,0.0
پخش خرازی ماهور,39,0,0.0
پخش رامین,36,0,0.0
پخش روشنا,23,0,0.0
پخش شین,21,0,0.0
پخش نقش جهان,123,0,0.0
پرسون داریا,76,0,0.0
پدیدار آوا,264,0,0.0
پرشین پرفیوم,26,0,0.0
پرگاس گالری,93,0,0.0
پریا گالرین,77,0,0.0
پخش پدیده,52,0,0.0
پخش هزاردستان,54,0,0.0
پخش کالا رستا,45,0,0.0
پخش آرکا مارکت,366,0,0.0
پایار تجارت,88,0,0.0
پزشکی زیبایی پاشا,75,0,0.0
پطروس,34,0,0.0
پلتفرم سکو,30,0,0.0
پوزیدون شاپ,24,0,0.0
پوشاك بچگانه گلچين بهاران,22,0,0.0
پوشاک مدی,28,0,0.0
پوشاک ساروک,320,0,0.0
پوشاک گوگولی ها,229,0,0.0
پوشاک لانا,54,0,0.0
پیشگامان تحریر,30,0,0.0
پیشروگستران,421,0,0.0
پیشگام تجارت پارسه کیش,25,0,0.0
پیکسل میکسل,127,0,0.0
پینک شاپ کیتی,27,0,0.0
پینک کیدز,200,0,0.0
پویاکالا,20,0,0.0
پولاک سنتر,53,0,0.0
پولکادات,315,0,0.0
پونی کوچولو,39,0,0.0
دیزاس,24,0,0.0
دیسک چوبی شازده,51,0,0.0
ذاریات,344,0,0.0
رابین گالری,84,0,0.0
رایا افزار,20,0,0.0
رایکا,22,0,0.0
رحان,27,0,0.0
رخ پرداز,102,0,0.0
رخ پلاس,78,0,0.0
رخشان استور,36,0,0.0
رادکس گالری,550,0,0.0
رادین طب,20,0,0.0
رارا کیدز,20,0,0.0
راز مارکت,38,0,0.0
رازآور,244,0,0.0
راسکال,340,0,0.0
دهسرا,65,0,0.0
دهکده باتیس,167,0,0.0
دی جانبی شاپ,488,0,0.0
دیاموند بلک,250,0,0.0
دیاموند شاپینگ,27,0,0.0
دورا,21,0,0.0
دکتر ضی,92,0,0.0
دکتر موزیکال,20,0,0.0
دکتر یکتا,79,0,0.0
دکمه آنلاین,58,0,0.0
دکوراتیو آرکیا,61,0,0.0
دکوراسیون داخلی رویال,20,0,0.0
دکوری آفتاب ,67,0,0.0
زرد چوبه,36,0,0.0
زیتا,22,0,0.0
زیرآرا,161,0,0.0
زیورآلات ملک پور,142,0,0.0
زیورالات مهدعلیا,22,0,0.0
زرسام,128,0,0.0
زرنگار,24,0,0.0
زرین برکت,34,0,0.0
زگماک,34,0,0.0
زگنا گالری,26,0,0.0
زمانی,36,0,0.0
روشا گالری نیوشا,84,0,0.0
روزکتاب,53,0,0.0
رویا کاغذی,101,0,0.0
رویاهای مدادی ,27,0,0.0
رویای آرمانی,175,0,0.0
رزین نوین,24,0,0.0
رسپینا بیوتی,133,0,0.0
رستاک گستر ایران,29,0,0.0
رضی واکس,35,0,0.0
رلو آرت,24,0,0.0
رز گالری,203,0,0.0
دانش پژوهان جوان,38,0,0.0
چرم بارثاوا,118,0,0.0
خانه فرش,44,0,0.0
خانه هیجان,87,0,0.0
خانه کتاب و بازی,320,0,0.0
خبرگان تجارت,66,0,0.0
خرد و اندیشه,1442,0,0.0
خواب سینا,78,0,0.0
خورشید استار,248,0,0.0
خوشه چین کالا,44,0,0.0
خیابان بوک,50,0,0.0
خیام طب,25,0,0.0
داروخانه آپویت,59,0,0.0
داروخانه اکسپرس,29,0,0.0
در دونه,58,0,0.0
درخشش رنگ,25,0,0.0
درگهان سنتر,74,0,0.0
درواژ,29,0,0.0
دست سازهای ام بی,37,0,0.0
دستچین کالا,428,0,0.0
دفینه شاپ,32,0,0.0
دلسازها,28,0,0.0
دلیل ما,421,0,0.0
دمیلو,133,0,0.0
دانی شاپ,24,0,0.0
دانیار مارکت,99,0,0.0
دایان تجارت نوین,31,0,0.0
چرم کوثر,51,0,0.0
چرمینه اسپرت,52,0,0.0
چشمه,28,0,0.0
چلیپا گروپ,62,0,0.0
چهارشنبه بازار,33,0,0.0
چوب ارا,28,0,0.0
چوب های آبرنگی,24,0,0.0
چوبچی,79,0,0.0
چوبینه هفت دریا,35,0,0.0
چی کالا,52,0,0.0
چاپ پاییزان,87,0,0.0
چاپ زیبا,970,0,0.0
چاربیت,47,0,0.0
چرخ و فلک,51,0,0.0
چرم آرا,307,0,0.0
چرم ادلیا,30,0,0.0
چرم اوال,34,0,0.0
چرم شاپرک,60,0,0.0
چرم گیال,34,0,0.0
چرم لوکا,39,0,0.0
چرم و چوب برساد,20,0,0.0
حامی بوک,21,0,0.0
حبه,34,0,0.0
حس برتر,64,0,0.0
حوله ایدین,45,0,0.0
خاتمستان,53,0,0.0
خاتون استور,1144,0,0.0
خانم کوچولو,46,0,0.0
خانه چرم آنا,25,0,0.0
خانه سفيد,22,0,0.0
بازرگانی فراک,53,0,0.0
بازرگانی مشایخ,750,0,0.0
بازرگانی نکو,48,0,0.0
بازرگانی وثوقی,73,0,0.0
بازار افرا,25,0,0.0
بازار دهکده,70,0,0.0
بازار کاغذ ایران,82,0,0.0
بازرگانی اکسون,305,0,0.0
بازرگانی بچه مرشد,29,0,0.0
بازرگانی پانیس,27,0,0.0
بازرگانی جیکل,142,0,0.0
بازرگانی حاجی علیان,31,0,0.0
بازرگانی دیبا تک,275,0,0.0
بازرگانی رایان رایحه,31,0,0.0
ایرسا بیوتی شاپ,67,0,0.0
ایرن شاپ,44,0,0.0
ایرکوک,128,0,0.0
ایلیا سهند,23,0,0.0
اینترنتی دنیای کودک,28,0,0.0
اینجا همچی گلچینه,34,0,0.0
باباریا,262,0,0.0
باباشا,144,0,0.0
بادخان,204,0,0.0
باران رخ,20,0,0.0
باربریس,63,0,0.0
بارلینا شاپ,169,0,0.0
اکسسوری الارز,59,0,0.0
ایران ایتالی,20,0,0.0
ایران کتاب نوین,220,0,0.0
ایران کده,130,0,0.0
اکسسوری زرق و برق,23,0,0.0
اکسسوری ماجان,26,0,0.0
اکسسوریسیتی,3408,0,0.0
اکو تولز,92,0,0.0
اورانوس پخش,188,0,0.0
اورجینال اوژین,29,0,0.0
اوریران,72,0,0.0
اورین کو,27,0,0.0
اوسر,29,0,0.0
ام مارکت,180,0,0.0
امیر پاسارگاد,27,0,0.0
الی سرگل,35,0,0.0
الراد گالری,65,0,0.0
السا پخش,323,0,0.0
الف با,186,0,0.0
الماس آذر سبزینه,69,0,0.0
الماس امیران,22,0,0.0
الماس هنر ایران,43,0,0.0
النا بیوتی,53,0,0.0
الناز دست سازه,21,0,0.0
بنی دکو,558,0,0.0
بنسر,105,0,0.0
بهاشاپ,43,0,0.0
بهراد تابش,150,0,0.0
بهشاد تویز,44,0,0.0
بهشت آباد,66,0,0.0
بوستان امید,338,0,0.0
بوفه کتاب,25,0,0.0
بومی و محلی لوبلی,295,0,0.0
بوکلا,27,0,0.0
بوکم,20731,1,0.0
بوکیدز,688,0,0.0
بی اکسلنت,70,0,0.0
بی همتا مارکت,651,0,0.0
بیتا کارن,57,0,0.0
بوژان آرا,32,0,0.0
بیوتی گراف,22,0,0.0
بیوتی وومن,109,0,0.0
بیوتی وونت,145,0,0.0
بیکینگ,22,0,0.0
پارچه سرای مانا,59,0,0.0
بوتیک مد,31,0,0.0
به کالا,53,0,0.0
بیلسی اسپرت,21,0,0.0
بقا در طبیعت,36,0,0.0
بگونیا,30,0,0.0
بلوط شاپ آنلاین,100,0,0.0
بلوط لدر,28,0,0.0
بلک تام کت,325,0,0.0
برین تجارت پادیاو,70,0,0.0
بست بوک,96,0,0.0
برند سلین کالا,768,0,0.0
برترکالا,149,0,0.0
برزین کالا خانگی,25,0,0.0
برگ و باد,100,0,0.0
برگزیده برتر,23,0,0.0
بازی ساز فرهنگ,20,0,0.0
باغ کتاب ایران,381,0,0.0
بافت رنگین,22,0,0.0
بافت رنگینک,23,0,0.0
بالست,23,0,0.0
بالمی لایف,232,0,0.0
بالهای کاغذی,75,0,0.0
بانک کتاب ناهید,61,0,0.0
بای تیک,61,0,0.0
بانو استایلیش,44,0,0.0
بانومد,33,0,0.0
اطلس آبی,6067,0,0.0
اطلس مد,216,0,0.0
افق استور,41,0,0.0
اقای تحریر,64,0,0.0
اسپیروما,27,0,0.0
اسپیور,24,0,0.0
استار کمپ,331,0,0.0
استارنت,22,0,0.0
استاویتا,198,0,0.0
استتی سیزمو,36,0,0.0
استقبال,81,0,0.0
استودیو موزیک,32,0,0.0
استودیو میکاپ,91,0,0.0
استودیو میکاپ ایران,167,0,0.0
استودیو هنر کاژه,30,0,0.0
اسلایم توپولی,136,0,0.0
انتشارات بعثت,219,0,0.0
انتشارات پی بوک,126,0,0.0
انتشارات پیام مهرعدالت,675,0,0.0
انتشارات حک,23,0,0.0
انتشارات زرین و سیمین,48,0,0.0
انتشارات صفار,137,0,0.0
انتشارات قدیانی,219,0,0.0
انتشارات مهر پاینده,20,0,0.0
انتشارات نرم افزاری افرند,61,0,0.0
انتشارات نور گیتی,81,0,0.0
انتشارات کاردستی,266,0,0.0
انتشارات کتاب نارنجی,51,0,0.0
انتشارات یاس بهشت,277,0,0.0
اندیشه بدیع,38,0,0.0
انگشترکام,27,0,0.0
آنیساکالا,29,0,0.0
آونر,176,0,0.0
آویژه صنعت,97,0,0.0
آکاژو استور,81,0,0.0
آوا رز,85,0,0.0
آوا زمان گالری,403,0,0.0
آواگراف,110,0,0.0
آنکادر,21,0,0.0
آلور استور,24,0,0.0
اریگامی لند,22,0,0.0
از خانه,24,0,0.0
اس ای گییرز,94,0,0.0
ارزان تامین,58,0,0.0
ارسال,67,0,0.0
ارشد,59,0,0.0
اركان,29,0,0.0
اترنال بیوتی پلاس,47,0,0.0
اتم گالری,41,0,0.0
آیریک مارکت,50,0,0.0
اچ مد,413,0,0.0
ارایشی آرمان,33,0,0.0
 گلاک,195,0,0.0
 گیتا,58,0,0.0
 شاپ حاتم,227,0,0.0
 فرشتگان,370,0,0.0
 فروشگاه عرب,53,0,0.0
 آصام پلاس,433,0,0.0
 آلماپرایم سپه,21,0,0.0
  کنکاش,79,0,0.0
 آرتام,27,0,0.0
 المپیا تولز,270,0,0.0
 بیبی ماه,25,0,0.0
 پیشگام هنر,94,0,0.0
آراهنر,39,0,0.0
آراکالا,29,0,0.0
آرایشی بهداشتی دومان,94,0,0.0
آرایشی پوپر,538,0,0.0
آرایشی سفید برفی,81,0,0.0
آرایشی نیلوفر,76,0,0.0
آرایشی و بهداشتی نفس اا منطقه آزاد ماکواا,148,0,0.0
 کتاب روز,226,0,0.0
 کهنمو شاپ,80,0,0.0
 یارا,20,0,0.0
آبادشت,41,0,0.0
آتلیه آرت,25,0,0.0
آتم,23,0,0.0
آرتیمیکو,20,0,0.0
آرشا آرت,568,0,0.0
آدلیتا,188,0,0.0
آدنو,44,0,0.0
آذر فرش,436,0,0.0
آذین مهر,31,0,0.0
آرادشاپ,37,0,0.0
آرنیکا رزین گالری,104,0,0.0
آرونیا تویز,135,0,0.0
آرکی,31,0,0.0
آریا پروشاپ,37,0,0.0
آریان تجهیزراد,122,0,0.0
آریانا گالری,106,0,0.0
آرین سامان,20,0,0.0
آقای ست,129,0,0.0
آرمانی کارت,21,0,0.0
آسا درمان,30,0,0.0
آسمان شهر,113,0,0.0
آمیتیس شاپینگ,62,0,0.0
آنا تویز,30,0,0.0
آناشید خیال,49,0,0.0
آلارز کازمتیک,22,0,0.0
آلتین کتاب,40,0,0.0
تهرانی هوم,39,0,0.0
توریست کمپینگ,37,0,0.0
تهران استور,80,0,0.0
تولید و پخش ایران زمین,178,0,0.0
تولید ساز های موسیقی فیدا,27,0,0.0
تولیدی آرامش سازان خلج,20,0,0.0
تولیدی آرمان تویز,21,0,0.0
تولیدی آلفا,183,0,0.0
تولیدی ایران زمین,20,0,0.0
تبریکان,663,0,0.0
تجارت الکترونیک الوند,335,0,0.0
تجارت گستر ایرانیان,60,0,0.0
تجارت گستر پیام,24,0,0.0
تجهیزات پزشکی ونوس,30,0,0.0
تجهیزات ری,23,0,0.0
تحریر پلاس,36,0,0.0
تحریر سنتر ایفل,21,0,0.0
تامارین,41,0,0.0
ترنه استایل,70,0,0.0
تروفو روم,108,0,0.0
تصفیه آب خانگی نور,143,0,0.0
پرنگ,25,0,0.0
پرنيان كتاب,97,0,0.0
پرشین سیلور,244,0,0.0
پخش یامور,30,0,0.0
پدیا سافت,702,0,0.0
پرایوت بوتیک,143,0,0.0
پرتی,510,0,0.0
پرواز پرستوها,91,0,0.0
پروشات تم,23,0,0.0
پرنیان شاپ,83,0,0.0
پوشاک ام دی,23,0,0.0
پوشاک زنانه فدورا,27,0,0.0
پوشاک زیر مادام,62,0,0.0
پوشاک طائمه,31,0,0.0
پرینتینگ لند,188,0,0.0
پزشکی مهر,47,0,0.0
پوشاک نارنج,115,0,0.0
پوشیکا شاپ,132,0,0.0
پی کی تحریر,37,0,0.0
پیتایا,145,0,0.0
تاباتا,69,0,0.0
پینک لیدی,161,0,0.0
پینکو کالا ,218,0,0.0
تاشرنگ,25,0,0.0
تاپ قاب,68,0,0.0
تارا اسپا,21,0,0.0
توی موی,38,0,0.0
تکاب فیلتر,532,0,0.0
تیرانامس,23,0,0.0
تولیدی بازرگانی جم ویژن راه نیک,65,0,0.0
تولیدی پنبینه,1291,0,0.0
تولیدی تکوین,67,0,0.0
تولیدی رز,37,0,0.0
تولیدی صفائی,150,0,0.0
جلوه دلدار,44,0,0.0
جهان ارا,20,0,0.0
جهانی نو,37,0,0.0
جامیران,86,0,0.0
جانبی زوم بازار,34,0,0.0
جانرابر شاپ,107,0,0.0
ثارنگ,206,0,0.0
ثمین یار,128,0,0.0
ثنابانو,29,0,0.0
جاسمین گالری,39,0,0.0
تیک تات,20,0,0.0
تیکا مارکت,30,0,0.0
تیکو پلاس,35,0,0.0
چرم آرسیس,52,0,0.0
چرم آی مد,27,0,0.0
چرم تابا,29,0,0.0
چرم جانتا,23,0,0.0
چاپ هزاردستان,77,0,0.0
چاپ آلفا,32,0,0.0
چاپ پارس مشهد,194,0,0.0
جوینده دانش,35,0,0.0
جی 5,40,0,0.0
جیبی بوک,164,0,0.0
چرم طبیعی منط,149,0,0.0
چرم عطارد,172,0,0.0
چرم نگار,69,0,0.0
چرم یلسان,271,0,0.0
چسبچی,120,0,0.0
چشمک کالا,33,0,0.0
حامی بازار,175,0,0.0
حجاب فاطمی,86,0,0.0
حجاب نگارا,56,0,0.0
حراب,58,0,0.0
حراجی ضامن,64,0,0.0
حری را ,46,0,0.0
حصار چال,21,0,0.0
دیجیتال الکترا,20,0,0.0
دیزاین کده,32,0,0.0
دیس نایت,38,0,0.0
دینا و ماه,76,0,0.0
دیوارکوب جذاب من,89,0,0.0
دیوید جونز ایران,135,0,0.0
ذوزنقه استور,40,0,0.0
رایکا برازش,55,0,0.0
رادمه تجارت,23,0,0.0
راستین,113,0,0.0
رامان هوم,21,0,0.0
راه پرداخت,21,0,0.0
رایان مدیکا,143,0,0.0
رایحه پارسیان,87,0,0.0
دنیز مارکت,376,0,0.0
دور آل,79,0,0.0
دورنا شاپ,60,0,0.0
دومیلون,384,0,0.0
دلگان,183,0,0.0
دلورا,276,0,0.0
دلی تراریوم,66,0,0.0
دنیای برچسب و تحریر,26,0,0.0
دنیای سرگرمیهای کمیاب,542,0,0.0
دنیای سلامت ماهان,28,0,0.0
دنیای شیرین نبات,120,0,0.0
درجه یک,136,0,0.0
دریادشت,108,0,0.0
دریان سهند,48,0,0.0
دریم تل,26,0,0.0
دزیره مال,445,0,0.0
دست ساز های قاصدک,32,0,0.0
دست نگار,354,0,0.0
دستبافت های خاله لیلا,195,0,0.0
دگرمان,44,0,0.0
دارمین,53,0,0.0
دارینا لوکس,124,0,0.0
دانشگاهی فرهمند,276,0,0.0
دانکالا,206,0,0.0
در دانه,65,0,0.0
چکاد پخش,34,0,0.0
چیک کالا,20,0,0.0
داتیس مارکت,149,0,0.0
چوب و تحریر آرمون,67,0,0.0
چوب کو,97,0,0.0
چرم کرمانی,189,0,0.0
خانه چرم تبریز,150,0,0.0
خانه موکشا,24,0,0.0
خانه کتاب ایران,44,0,0.0
خشکبارآروند,167,0,0.0
خط هنر,74,0,0.0
خلیج,98,0,0.0
خوشگل موشگل,29,0,0.0
خوشمزه های خانگی جاجا,46,0,0.0
خیام بوک,157,0,0.0
دابکو,208,0,0.0
ساز موسیقی,159,0,0.0
ساسویه,91,0,0.0
ساعت بیست,20,0,0.0
زیورآلات حنا خانوم,44,0,0.0
زیورالات چوبی بهراد,37,0,0.0
ژاندارگ,135,0,0.0
ژاویا,64,0,0.0
ژرمن سنتر,27,0,0.0
ژوبلین رژ,117,0,0.0
ژولی,739,0,0.0
ژینوس بیوتی,126,0,0.0
ژیوار,245,0,0.0
سراج احسان,27,0,0.0
ستیلا استور,26,0,0.0
سجاوود,31,0,0.0
سانل چوب,48,0,0.0
ساوان بیوتی,71,0,0.0
ساوین سرویس,62,0,0.0
سارمیس,20,0,0.0
سام بیوتیک سنتر,21,0,0.0
سام و نرگس,45,0,0.0
سان بایت,25,0,0.0
روبو بیوتی,139,0,0.0
روبویونیک شاپ,53,0,0.0
روپا,184,0,0.0
رز کلین,32,0,0.0
رزا بیوتی,24,0,0.0
رزدارو,393,0,0.0
رزگلد شادراج آرونیکا,107,0,0.0
رسپی نانو ریما,47,0,0.0
رشن گالری,25,0,0.0
رفیق,35,0,0.0
رنگ دونه,99,0,0.0
رنگ سرخ,43,0,0.0
رنگارنگ بهاران,45,0,0.0
ره اورد,138,0,0.0
روحبخش مارکت بومی,485,0,0.0
روزن بوک,117,0,0.0
روماک,66,0,0.0
رهامه گالری,258,0,0.0
رویال پژواک,21,0,0.0
زمانه,90,0,0.0
زود دارو,32,0,0.0
زیبارویان روژان,33,0,0.0
رویای گلبرگ خاطره,40,0,0.0
ریبن مارکت,40,0,0.0
زروان واچ,39,0,0.0
زرکات,191,0,0.0
بازرگانی مدرسی,118,0,0.0
بازرگانی فاکس,28,0,0.0
بازرگانی نائیجی,279,0,0.0
بازرگانی یزدان پارت,130,0,0.0
بازی  اسباب  آیدا,72,0,0.0
بازی شاپینگ,31,0,0.0
باستیان گالری,986,0,0.0
بازرگانی آف,105,0,0.0
بازرگانی ارکیده,88,0,0.0
بازرگانی اریکا,142,0,0.0
بازرگانی پارسیان ایرانیان,237,0,0.0
بازرگانی تجارت خاورمیانه,24,0,0.0
بازرگانی خوشه چین,87,0,0.0
بازرگانی دومان,111,0,0.0
بازرگانی راه ابریشم,172,0,0.0
بازرگانی  معتمد,23,0,0.0
بازرگانی آپوار,20,0,0.0
بارااستور,47,0,0.0
باراد زر,1057,0,0.0
باراد و راتین,680,0,0.0
بارادانا,90,0,0.0
باران طب,23,0,0.0
بازار ارزوها,39,0,0.0
ایلاتی,57,0,0.0
ایمرامدا,155,0,0.0
اکسسوری غرب,38,0,0.0
ای هایپرمارکت,34,0,0.0
ایدن گاردن,83,0,0.0
ایدو موزیک,134,0,0.0
ایران اسپرت شاپ,22,0,0.0
ایران زمین شاپ,46,0,0.0
ایران ژیلت,35,0,0.0
ایران گستر تهران,26,0,0.0
ایران نویان,30,0,0.0
ایرانگرد,302,0,0.0
ایفوریا گالری,210,0,0.0
اشراقی,59,0,0.0
اگمنت,31,0,0.0
النترا,33,0,0.0
الکترونیک هوم,22,0,0.0
اودینه,206,0,0.0
اوراش تویز,93,0,0.0
اورج سنتر,22,0,0.0
بهار کتاب,170,0,0.0
بنفش صورتی,37,0,0.0
بنو پخش,36,0,0.0
بنیسا,48,0,0.0
به پخش نوین,65,0,0.0
به دوست,161,0,0.0
بیزآرت مارکت,39,0,0.0
بیگای استودیو,51,0,0.0
بیوتی برکه,55,0,0.0
بیوتی بلندر مرکزی,23,0,0.0
بیوتی جت,26,0,0.0
بهکامان صبا,156,0,0.0
بهین مدیا,26,0,0.0
بوک آشام,503,0,0.0
برزمهر,122,0,0.0
برگزیده یاس,36,0,0.0
برمن,87,0,0.0
برندس استور ,186,0,0.0
برنز ارم,110,0,0.0
برنس,109,0,0.0
برکت ناب,85,0,0.0
بلغاری,28,0,0.0
بانو نوین,23,0,0.0
باهر شاپ,145,0,0.0
باکس تویز,50,0,0.0
بایتک,24,0,0.0
باینت,273,0,0.0
براتو,88,0,0.0
برایت مون,22,0,0.0
برد و باخت,109,0,0.0
پارلاما,22,0,0.0
پازل چین,40,0,0.0
پاس اسپرت,58,0,0.0
پالادیوم مارکت,147,0,0.0
بی همتا دست دوز,30,0,0.0
پادرینا,182,0,0.0
پارچه مبلی آیوار,31,0,0.0
پارس بوک,30,0,0.0
پخش بهین گستر روشا,113,0,0.0
پخش بینود,27,0,0.0
پخش پارس نوین اهواز,152,0,0.0
پخش پارمیدا,20,0,0.0
پایتی جامه,36,0,0.0
پاییز,53,0,0.0
پاییزانه,173,0,0.0
پخش اورین,79,0,0.0
پخش دنیز,50,0,0.0
پخش سایه,33,0,0.0
پخش شاهکار,128,0,0.0
پخش لاواری,159,0,0.0
پخش مبین,291,0,0.0
پخش معاصر,523,0,0.0
پخش نمایندگی الماس,72,0,0.0
پخش و بازرگانی وحید,125,0,0.0
استودیو هنری مریم,97,0,0.0
استریمو,205,0,0.0
استریو تومبا,2841,0,0.0
اسپست,21,0,0.0
اسپنکوژل,22,0,0.0
استراتوس کازما,46,0,0.0
اف بی کالا,37,0,0.0
افراتین,127,0,0.0
افق تهران,52,0,0.0
اسکمی,88,0,0.0
الیزابت,28,0,0.0
امشاسپند,22,0,0.0
انتشارات آرازبیکران,100,0,0.0
انتشارات آوینا قلم,34,0,0.0
انتشارات دیباگران تهران,116,0,0.0
انتشارات شولا,90,0,0.0
انتشارات طلایی,3845,0,0.0
انتشارات موثر  ,34,0,0.0
انتشارات نامه مهر,112,0,0.0
انتشارات نسل روشن,398,0,0.0
انتشارات هلیا,28,0,0.0
انوش گالری,34,0,0.0
اهورا تحریر,154,0,0.0
اهورا مهر شایان,55,0,0.0
اهورامهر,25,0,0.0
آکو استور,79,0,0.0
آوا پات,76,0,0.0
آینده کتاب,322,0,0.0
آیهان بوتیک,36,0,0.0
ا و  ,22,0,0.0
ابزار آوا,25,0,0.0
آنالینا شاپ,44,0,0.0
آنیسان,42,0,0.0
آسابست ماني,41,0,0.0
آسان پوش پدیده,28,0,0.0
آسمان علم,190,0,0.0
اسپادان هوم,72,0,0.0
ارمیا کالا,40,0,0.0
ارنیک شاپ,20,0,0.0
اریا الماس,25,0,0.0
اریایی,85,0,0.0
اس بی ام,27,0,0.0
اسباب بازی دانیال,35,0,0.0
ارزان سرای رحیم پور,43,0,0.0
ارزانسرای تیتان,24,0,0.0
ارمغان بوک,91,0,0.0
اچ آر دیزاین,100,0,0.0
ادویه جات حامی,692,0,0.0
ادویه کلبه,95,0,0.0
ارایشی مولان,241,0,0.0
ارتامن,131,0,0.0
آذین گرجی,31,0,0.0
آراسیلا,111,0,0.0
آذرخش پرتو,28,0,0.0
آرایشی بانه,30,0,0.0
آرایشی تجسم,29,0,0.0
آرایشی و بهداشتی جزیره یک,25,0,0.0
آرت بوک,111,0,0.0
آرسام تحریر,147,0,0.0
آرمان چرم تهران,35,0,0.0
آروین بیوتی,130,0,0.0
آريدال,95,0,0.0
آرکا استور,35,0,0.0
آرم پوش,51,0,0.0
آرام طب,41,0,0.0
آرامیش,35,0,0.0
آغاز کتاب,236,0,0.0
آفتاب درخشان خاورمیانه,20,0,0.0
آگرین کتاب,31,0,0.0
آلا بیبی شاپ,76,0,0.0
آلتین آی,129,0,0.0
آلما مد,150,0,0.0
آلمان مارکت,240,0,0.0
آلمانو,59,0,0.0
آلیزارین,148,0,0.0
آریان لوکس,155,0,0.0
آریان لوکس پلاس,21,0,0.0
آریاکار,31,0,0.0
آرین بیوتی,259,0,0.0
آژند تجارت,21,0,0.0
آژندگالری,27,0,0.0
 گالری میسیلدا,114,0,0.0
 لوازم خانه گلبرگ,36,0,0.0
آپفل,105,0,0.0
آتی مارکت,111,0,0.0
آدم برفی استور,27,0,0.0
آدینا بیوتی,149,0,0.0
آبا تل,38,0,0.0
آبرا,77,0,0.0
 هفتا ,593,0,0.0
 همزاد,21,0,0.0
 یاس اندیشه,52,0,0.0
 خشکبار و مواد غذایی ویدا,140,0,0.0
 دیونوسوس,71,0,0.0
 راسل مارکت,46,0,0.0
 سی سی,160,0,0.0
 شکوفه ها ولایت,24,0,0.0
 فرنوشک,60,0,0.0
 فروشگاه ایران,124,0,0.0
 بازار نمک,31,0,0.0
 باشگاه انگیزه,68,0,0.0
 بوک لند,905,0,0.0
 پیدایش,100,0,0.0
 تایسیز,28,0,0.0
 گالری رحمانی,33,0,0.0
 آفاق معرفت,124,0,0.0
 آلتیادو,29,0,0.0
 آکام تویز,250,0,0.0
شهر مداد,132,0,0.0
شهرزادبانوکالا,99,0,0.0
شهرقصه,48,0,0.0
شوپاد,23,0,0.0
شوینده بهداشتی امیرپارلا,78,0,0.0
شکیل,102,0,0.0
شیرازمهر,36,0,0.0
شیمی کالا تجارت,65,0,0.0
صحافی و بسته بندی آرتیم,29,0,0.0
صفا پخش ماندگار,46,0,0.0
صنایع تولیدی گلسان,50,0,0.0
صنایع دستی بی بی باف,30,0,0.0
شروان شاپینگ,110,0,0.0
شرکت رهاسان صنعت,24,0,0.0
شرکت زلال قطره پارس,48,0,0.0
شرکت فرش سهند,165,0,0.0
شرکت فرش نگین بوم کاشان,65,0,0.0
شرکت کفش بهشتیان,210,0,0.0
شلر ما,867,0,0.0
شهر بانو,65,0,0.0
شهر تحریر بهار,42,0,0.0
شمع و قلم,62,0,0.0
شمیم گستر,21,0,0.0
شاپ خورشید,21,0,0.0
شادان استایل,21,0,0.0
شایسته شاپ,71,0,0.0
شایمر,88,0,0.0
سیتا مد,39,0,0.0
سیسمونی السا,31,0,0.0
سیاره صورتی,106,0,0.0
سوغات دزفول,167,0,0.0
سوغات کرمان بیجاری,49,0,0.0
سوکالکشن,25,0,0.0
سوییم لند کورش,44,0,0.0
سنگ حاجی,43,0,0.0
سهندگالری,32,0,0.0
سوپر استایل,42,0,0.0
سوپرماکت,27,0,0.0
سنجاب,20,0,0.0
سنجاب وود,20,0,0.0
سلامت و زيبايي,23,0,0.0
سما گالری مرکزی,47,0,0.0
سرژه استایل,436,0,0.0
سرمشق,61,0,0.0
سرو مزون,21,0,0.0
سرای ساعت,87,0,0.0
سرای مس,85,0,0.0
سرایش,44,0,0.0
سردار تحریر,27,0,0.0
فروشگاه الفبت,163,0,0.0
فروشگاه ایده ال,22,0,0.0
فروشگاه ایرسا,44,0,0.0
فروشگاه بزرگ,20,0,0.0
فروشگاه بزرگ فدک,636,0,0.0
فروشگاه بورگاندی,65,0,0.0
فروشگاه خرازی رامین,125,0,0.0
فروشگاه خضرایی,172,0,0.0
فروشگاه خواجو,90,0,0.0
فروشگاه ذره بین مارکت,145,0,0.0
فروشگاه رایکا تویز,27,0,0.0
فروشگاه رمیو ,36,0,0.0
فروشگاه روزاندیش,30,0,0.0
فروشگاه روژ,23,0,0.0
فروشگاه ژپتو,42,0,0.0
فروشگاه ساعت استار ,21,0,0.0
فروشگاه سایلین,27,0,0.0
فروشگاه سرشور,49,0,0.0
فروشگاه سنجاقک,46,0,0.0
فروشگاه قصر زیبا,105,0,0.0
فروشگاه گلچین,153,0,0.0
فروشگاه لطافت,59,0,0.0
فروشگاه مجازی ناقابل,80,0,0.0
فروشگاه مهردارو,26,0,0.0
فروشگاه نوین پارت,37,0,0.0
فروشگاه هلن برتر,47,0,0.0
فروشگاه طنزدونی,52,0,0.0
فروشگاه تویین,401,0,0.0
فروشگاه جانبی دیجیتال,28,0,0.0
عروسک روسی حلما,20,0,0.0
عطاری شبنم بهشت,309,0,0.0
عینک و ساعت رسا,22,0,0.0
طرح و نقش عظیم زاده,32,0,0.0
طمطراق,257,0,0.0
شیندو,27,0,0.0
صنایع دستی جوان,32,0,0.0
صنایع دستی دنیا,34,0,0.0
صنایع دستی هنر چوب,92,0,0.0
صنایع دستی و سنتی فاخر,323,0,0.0
طراحی و دوخت قرآنی,35,0,0.0
فاموس,26,0,0.0
فامیلی شاپ,62,0,0.0
فرآیندالکترونیک,22,0,0.0
فرداد شاپ,26,0,0.0
فرش آبی,55,0,0.0
فرش اسماعیلی,37,0,0.0
فرش تکه,58,0,0.0
فرش رادین اصفهان,103,0,0.0
فرش مهراد,23,0,0.0
فرش نو,352,0,0.0
فرشته صورتی,165,0,0.0
فرشید تکنیک,53,0,0.0
فروشگاه آرشاک,20,0,0.0
فروشگاه آرمان مهر,72,0,0.0
گالری هستیا,32,0,0.0
گالری هنری آرش ,22,0,0.0
گالری هنری اقاقیا,53,0,0.0
گالری مختاری نوا,137,0,0.0
گالری مژان,57,0,0.0
گالری ملیکا 94,167,0,0.0
گالری مهرسا ناز,34,0,0.0
گالری نصف جهان,281,0,0.0
گالری نقش نگار,61,0,0.0
گالری نوین,27,0,0.0
گالری روشانو,90,0,0.0
گالری جیمبو,64,0,0.0
گالری چام,28,0,0.0
گالری خان یاشار,41,0,0.0
گالری صنایع دستی فرید,871,0,0.0
گالری عطر بارانا,154,0,0.0
گالری فاج,35,0,0.0
گالری گارنت,739,0,0.0
گالری ساعت ویوا,48,0,0.0
گالری سامیا,41,0,0.0
گالری سنتر بیوتی,23,0,0.0
فروشگاه یاقوت کویر,42,0,0.0
فسقلی سپید,37,0,0.0
فلو اسپرت,32,0,0.0
فندق مندق,115,0,0.0
فکر سالم,219,0,0.0
فیروزه  آمیتیس,46,0,0.0
فیلاتلیک شیراز,229,0,0.0
فیلو مارکت,31,0,0.0
قلم دون,26,0,0.0
قهوه کهن,251,0,0.0
گات,180,0,0.0
گالاردیا,94,0,0.0
گالری آرایشی پاریس,37,0,0.0
گالری آسکه,1310,0,0.0
گالری آفتاب کردون,33,0,0.0
گالری برگزیده,176,0,0.0
گالری اورلایا,303,0,0.0
ققنوس زرین,64,0,0.0
قلعه شادی,50,0,0.0
لی لیکس,32,0,0.0
لیما بوم,33,0,0.0
لیندلار استور,43,0,0.0
لبخندسیتی,41,0,0.0
لژور,30,0,0.0
لگو زیبا,45,0,0.0
لگولند,193,0,0.0
لناشاپ,67,0,0.0
لنتر,28,0,0.0
لوازم آرایشی صاد,28,0,0.0
لوازم تحریر سوهو,21,0,0.0
گیم فکتور,99,0,0.0
گیم گالری,44,0,0.0
گیم کلوپ,28,0,0.0
لاپیز کالا,67,0,0.0
لاکچری فیس,20,0,0.0
لاکی لایف,205,0,0.0
لاوین تجارت,95,0,0.0
لاروزا,44,0,0.0
گل تک,44,0,0.0
گلاریسم,30,0,0.0
گلاور,23,0,0.0
گلد بیوتی سنتر,200,0,0.0
گلد تلکام,795,0,0.0
گلدن پرشیا,151,0,0.0
گلسا,23,0,0.0
گوشکوه,31,0,0.0
گیتار ایران,45,0,0.0
گروه تولیدی عرفان,35,0,0.0
گلیم حس خوب ,43,0,0.0
گالری هنری خانواده,34,0,0.0
گالری ویترین,25,0,0.0
گالری کاشی رنگی,23,0,0.0
گالری کودک بومرنگ,37,0,0.0
گالری کودک هوراسا,42,0,0.0
گالری کیان بیوتی,77,0,0.0
گردافرید,22,0,0.0
گروه آپادانا,22,0,0.0
گروه بازاریابی کیانا,22,0,0.0
گروه بازرگانی اروند,36,0,0.0
گروه بین المللی ناتروسا,65,0,0.0
گروه هنری اردی بهشت,80,0,0.0
گروه هنری گدار,108,0,0.0
گروه هنری گلسو,66,0,0.0
گروه هنری و دوخت یاس,186,0,0.0
گروه کولاک,53,0,0.0
گس,721,0,0.0
گل آذین استور,29,0,0.0
کتابار,650,0,0.0
کتابسرای اشجع,236,0,0.0
کتابسرای نوین,333,0,0.0
کتابینه بوک,209,0,0.0
کتاب آوای مهدیس,58,0,0.0
کتاب برنا,187,0,0.0
کتاب پزشکی حیدری,352,0,0.0
کتاب درخت زندگی,456,0,0.0
کتاب فروشی مولانا,420,0,0.0
کتاب مهربان,65,0,0.0
کره بادامزمینی مسعود,42,0,0.0
کروم شاپ,228,0,0.0
کژال بیوتی,29,0,0.0
کفش آدمی,24,0,0.0
کلاسیک کازمتیک,30,0,0.0
کلوتو استور,54,0,0.0
کندی شاپ,230,0,0.0
کفش شاهین اصفهان,73,0,0.0
کفش حاتمی,24,0,0.0
یك مهربان,21,0,0.0
یلداسنتر,128,0,0.0
یونی کیدز,86,0,0.0
یا سماع ,453,0,0.0
یارا کالکشن,36,0,0.0
یاقوت برتر,328,0,0.0
یکتامارکت,23,0,0.0
کیمیا روناس آرمان,104,0,0.0
کیف چ,41,0,0.0
کوشا سنتر,22,0,0.0
کیدرس,26,0,0.0
کیامزون,98,0,0.0
کیان افزار,41,0,0.0
هنرکده تاووس,57,0,0.0
هنرکده شاهی,71,0,0.0
هنرکده صهبا,22,0,0.0
هودانا,244,0,0.0
هشت تا هشت,77,0,0.0
هشت مارکت,120,0,0.0
هنر داریوش,20,0,0.0
هنر فاخر,100,0,0.0
هایپر جهان تحریر ,35,0,0.0
هایپرکالای خودمون,23,0,0.0
هدایا تبلیغاتی پارسه,20,0,0.0
هدیک استور,163,0,0.0
نیکو,20,0,0.0
هآمون,20,0,0.0
هانا رامونا,29,0,0.0
هانیبال لند,179,0,0.0
وان کالا,103,0,0.0
ورسا نی نی مارکت,437,0,0.0
وسمه شاپ,50,0,0.0
وص مد,42,0,0.0
هیلالی,24,0,0.0
هیلدا بیوتی,21,0,0.0
هومان تجهیز فرتاک,153,0,0.0
هویاگالری,59,0,0.0
هیرلند,59,0,0.0
هیروش,154,0,0.0
وی لوکس,64,0,0.0
وی کر,41,0,0.0
ویهان لند,46,0,0.0
ویونج,50,0,0.0
وین شاپ,42,0,0.0
کارپت لند,69,0,0.0
کارنیکا مارکت,473,0,0.0
کارین استایل,56,0,0.0
کاترینکا,79,0,0.0
کادوپیچک,220,0,0.0
کادویی نازگل,55,0,0.0
کاتالوگ فارسی,20,0,0.0
کالا تجهیز,24,0,0.0
کالای خواب رز,23,0,0.0
کالای سروش,85,0,0.0
کالای نادر,24,0,0.0
کامیکام,52,0,0.0
کاویس,32,0,0.0
کالوادو,21,0,0.0
کالکشن دیدار,84,0,0.0
میلان استور,25,0,0.0
مینوما,52,0,0.0
نادی شاپ گلد,27,0,0.0
نارمک مد,27,0,0.0
نازنین مارکت,34,0,0.0
ناواهو,27,0,0.0
نایس پرفیوم,44,0,0.0
نبراسکا,26,0,0.0
ندای سبز کتاب,185,0,0.0
ندای مردم,41,0,0.0
نرم افزار محک آذربایجان,20,0,0.0
نرمیلا,24,0,0.0
نست کیدز,161,0,0.0
نمایندگی چرم طبیعی,24,0,0.0
نمد ساز,23,0,0.0
نمدطب,34,0,0.0
نواتک,43,0,0.0
نواوران تجارت سبز,50,0,0.0
نوبهار,22,0,0.0
نقره خاتم,26,0,0.0
نقره فروشی دلیجات,56,0,0.0
میس اسمایل,24,0,0.0
نسل نورانی,54,0,0.0
نیک گوهر,84,0,0.0
نیهان سنتر,69,0,0.0
نیو ول شاپ,59,0,0.0
نیوان کالا,45,0,0.0
نیک افراز,24,0,0.0
نیدو,43,0,0.0
نیرا نور,28,0,0.0
نیل استار,21,0,0.0
نیل کوک شاپ,38,0,0.0
نیلا استور,61,0,0.0
نی نی شاپ مارکت,42,0,0.0
نیاز استور,36,0,0.0
نیتن شاپ,26,0,0.0
نظر چشم,347,0,0.0
نوریانی استور,99,0,0.0
نوزده نودیک,299,0,0.0
نوشت افزار اوستا,50,0,0.0
نوشه شاپ,316,0,0.0
نگین گستر پارس,573,0,0.0
نوین تجارت رادناس,23,0,0.0
نوین لند,25,0,0.0
ماهشاد شاپ,29,0,0.0
ماهلین آرا,37,0,0.0
ماوراء,212,0,0.0
ماویکید,60,0,0.0
مایا مِی تا,83,0,0.0
مایراتا شاپ,112,0,0.0
لیواری,39,0,0.0
مانی کو,24,0,0.0
مازوکندل,21,0,0.0
ماسن تویز,82,0,0.0
مالمواستور,66,0,0.0
مارال چرم,20,0,0.0
ماراکا,71,0,0.0
ماربلین,55,0,0.0
مارکت سنتر منصوری,247,0,0.0
مارکت گل رز,67,0,0.0
مدامین,20,0,0.0
مبین ایده,2791,0,0.0
محسنی بوک,35,0,0.0
محصولات تاپ,22,0,0.0
ماهان طب سپنتا,118,0,0.0
مدوپد,1272,0,0.0
مرسل,69,0,0.0
مرگل شاپ,113,0,0.0
مرواریدسرخ,150,0,0.0
مرکز پخش پایتخت,27,0,0.0
مرکز پخش سپهرداد,27,0,0.0
مس زنجان,69,0,0.0
مستر آفر شاپ,331,0,0.0
مستر سام,42,0,0.0
مزرعه کیمیاگر,62,0,0.0
مزون اینفینیتی,29,0,0.0
معرض اخوان ,27,0,0.0
معیار شاپ,307,0,0.0
مفیدا دات آی آر,24,0,0.0
ملیسک,22,0,0.0
منصوری کارپت,352,0,0.0
مهر پاکان,73,0,0.0
مهر سحر,37,0,0.0
مهرتاب ویژن,23,0,0.0
مهندسیکا,28,0,0.0
موسسه آرام,154,0,0.0
موسسه فرهنگی کوثر,388,0,0.0
موسیقی فرد,56,0,0.0
مکس فور,510,0,0.0
مکعب مارکت,33,0,0.0
مکتب کمال,210,0,0.0
یگانه ابزار,54,0,0.0
یوتادو,54,0,0.0
یونالوم آرت,22,0,0.0
یکتا گیم,60,0,0.0
کیدو استایل,28,0,0.0
کیف و کفش شیک پوشان,37,0,0.0
کیمیانگار,25,0,0.0
کیهان سنتر کالا,48,0,0.0
کیوتا,32,0,0.0
کیوکمپ,25,0,0.0
یارا سنتر,20,0,0.0
کیلش,40,0,0.0
کیمیاگران فرهنگ پارسه,69,0,0.0
کتاب معاصر,27,0,0.0
کتاب نگاران,134,0,0.0
کتاب نیکا,255,0,0.0
کتاب ویدا,227,0,0.0
کتاب کوک,161,0,0.0
کتابسرای آوین,122,0,0.0
کتابسرای نگار,91,0,0.0
کتابفروشی وطن,26,0,0.0
کتابهای فیل و فنجون,156,0,0.0
کتابکالا,12403,0,0.0
کتابکده سبز,91,0,0.0
کتونی پلازا,21,0,0.0
کسپر,57,0,0.0
کسل,55,0,0.0
کوشا طب آویژه,65,0,0.0
کولیت,48,0,0.0
کومارز,53,0,0.0
کوه نور تجارت ارس,151,0,0.0
کیا سیتی,96,0,0.0
کیان شاد,89,0,0.0
کیان گستر مهر,150,0,0.0
کفش بانو,28,0,0.0
کمپ اوتلت,45,0,0.0
کنفکده,27,0,0.0
کوبوک استور,42,0,0.0
کوبیک,353,0,0.0
هلسی کالا,37,0,0.0
هلن گالری,180,0,0.0
همراه مارکتز,26,0,0.0
همراه ماندگار,36,0,0.0
هنر و زمان,294,0,0.0
هنر کده مرمر گالری,27,0,0.0
هنر یکتا,21,0,0.0
هنرآور,23,0,0.0
هورام پیشرو,24,0,0.0
هوریکس,49,0,0.0
هوس لند,108,0,0.0
هومان,272,0,0.0
هومرو,104,0,0.0
هستی بیوتی شاپ,25,0,0.0
هشت خرداد,117,0,0.0
هفت دریا 3,27,0,0.0
وایل,26,0,0.0
وحید کیت,288,0,0.0
واکف دیزاین,22,0,0.0
وارنا هالی,24,0,0.0
هیرو استور,81,0,0.0
وستا بوک,219,0,0.0
وقت و زمان,24,0,0.0
ولنجک بیوتی,442,0,0.0
ون گوک,26,0,0.0
ووداکتر,44,0,0.0
ویرا تجهیز اسپادانا,90,0,0.0
ویرا لایف,54,0,0.0
کاردیو,135,0,0.0
ویکدی,195,0,0.0
کاپانی,193,0,0.0
ویسپر مارکت,52,0,0.0
ویستا تحریر,33,0,0.0
کالامیر,23,0,0.0
کاروی,45,0,0.0
کاریزما بیوتی,84,0,0.0
کاشی برتر,544,0,0.0
کافه بهداشتی,381,0,0.0
کالا پزشکی نوین طب,25,0,0.0
کالای پزشکی احسان,23,0,0.0
کالج,119,0,0.0
کام سیلور,22,0,0.0
کامپیوتر باز,27,0,0.0
کامک آروین,21,0,0.0
کایلابیوتی,50,0,0.0
کتاب  آداش,38,0,0.0
کتاب آشنا,54,0,0.0
کتاب اسپادانا,24,0,0.0
کتاب باز اندیشه,854,0,0.0
کتاب تحریر پرتقال,42,0,0.0
کتاب خیزران,52,0,0.0
کتاب زر و سیم,50,0,0.0
موورا,24,0,0.0
میانه,20,0,0.0
میترا کانا,32,0,0.0
میرا الکتریک,34,0,0.0
میرا بوتیک,21,0,0.0
میراث زمین,169,0,0.0
میو استیکر,93,0,0.0
میکاسا تویز,96,0,0.0
نادین هنر,41,0,0.0
مهکام,25,0,0.0
میزیمو,102,0,0.0
میس اسپورت,65,0,0.0
نالی پلاستیک,28,0,0.0
نامیرا,27,0,0.0
نوآوران تک,536,0,0.0
نورایش,27,0,0.0
نورو ویژن,37,0,0.0
نقره زمانی,38,0,0.0
نقش گسترعرشیان,985,0,0.0
نقش مهستان,34,0,0.0
نگین پایتخت ایران زمین,126,0,0.0
نگین زیبا,24,0,0.0
نگین نما نگار,34,0,0.0
نایلون سبز,25,0,0.0
نبات تویز,93,0,0.0
نشر ارمغان,269,0,0.0
نشر شفاف,39,0,0.0
نیدشاپ,72,0,0.0
نیفا مد,38,0,0.0
نی فا,36,0,0.0
نیودیران,37,0,0.0
نوشت افزار افق,42,0,0.0
نوشکام,84,0,0.0
نوند,66,0,0.0
نوین اعتماد ایرانیان,50,0,0.0
نی نی تاب آنیل,39,0,0.0
نی نی سالن,56,0,0.0
نی نی ک,96,0,0.0
هایپر دکتر,25,0,0.0
هایپر سنتر توی,25,0,0.0
هپی لندی,23,0,0.0
هدیلند,88,0,0.0
هدیک بوتیک,124,0,0.0
هراپ,540,0,0.0
هادلند,2083,0,0.0
هارمونی بوک,456,0,0.0
هاناهانا,47,0,0.0
هانیه و حنانه,289,0,0.0
های ترندی,56,0,0.0
مهرآذین,114,0,0.0
موژان دوخت,50,0,0.0
موس تاپ,54,0,0.0
موسسه بافت ستاری,63,0,0.0
موسسه ی تجارتی شبنم,32,0,0.0
مزون یاشامی,33,0,0.0
مستر دیمو,22,0,0.0
ملکو,28,0,0.0
ممد بیوتی,133,0,0.0
مموشک,99,0,0.0
من و کتاب,149,0,0.0
مستر نمک,37,0,0.0
مشکات لند,187,0,0.0
مل اندموژ,75,0,0.0
ملودی ویترا,41,0,0.0
مزون سجادیان,22,0,0.0
مدادرنگی من  ,63,0,0.0
مدبیس,281,0,0.0
مرغوب خرید,23,0,0.0
مرکز آموزش و تحقیقات صنعتی ایران,166,0,0.0
مرکز پخش سانترال,20,0,0.0
مرکز پخش سناتور,203,0,0.0
مرکز تامین تجهیزات تصفیه آب,206,0,0.0
مرکز تجارت ایران نوین,22,0,0.0
مزرعه نکست,39,0,0.0
مادام کالکشن,48,0,0.0
لوازم تحریر فربار,48,0,0.0
لوازم جانبی چرم سازان,139,0,0.0
ماروس لند,112,0,0.0
مارک گلد,177,0,0.0
مارکت سالن,56,0,0.0
مامان و بابام,55,0,0.0
مانا گستر فرداد,22,0,0.0
ماندیرو,25,0,0.0
مانگر,30,0,0.0
ماشینک,30,0,0.0
محسنی,123,0,0.0
محصولات گیاهی قانون,64,0,0.0
محلیجات,58,0,0.0
مجدی,155,0,0.0
محبت مارکت,55,0,0.0
ماهان کالاگستر,42,0,0.0
ماهرخ شاپ,77,0,0.0
ماکت پایتخت,22,0,0.0
مای پکس,269,0,0.0
مای کیدز,90,0,0.0
فامیلیران,55,0,0.0
فخیمی گالری,36,0,0.0
فادو شاپ,37,0,0.0
فارامد,88,0,0.0
فارغی,25,0,0.0
فارم لند,174,0,0.0
فرش چله,46,0,0.0
فرش فستیوال,22,0,0.0
فرش من و تو کاشان,118,0,0.0
فرش میر نظامی,124,0,0.0
فرش نایین اصل,97,0,0.0
فرش یاقوت,113,0,0.0
فرشته گلد گالری,2423,0,0.0
فرشگاه چشمک,52,0,0.0
فرنازشاپینگ,27,0,0.0
فرهنگ و هنر جاسمین,21,0,0.0
فروارد,20,0,0.0
فروشگاه بیاتوتخفیف,25,0,0.0
فروشگاه پارس آرکا,51,0,0.0
فروشگاه جواهر,350,0,0.0
فروشگاه راپونزل,29,0,0.0
فروشگاه آنی لوکس,191,0,0.0
فروشگاه اسمایل,45,0,0.0
فروشگاه افق تهران,24,0,0.0
فروشگاه آرایشی بهداشتی سعید,52,0,0.0
فروشگاه آریا نیک,395,0,0.0
فرازین گستر,75,0,0.0
عنصر تکنیک,28,0,0.0
طلای مستجابی,831,0,0.0
طلوع بازی,45,0,0.0
طناز کالا,46,0,0.0
طهران کالا,233,0,0.0
طوس مد,99,0,0.0
عروسک ساز,47,0,0.0
عسل پلنگا,31,0,0.0
عصاره بیژه,59,0,0.0
عطاری فراهانی,38,0,0.0
عطاری مجذوبی,225,0,0.0
عطر ما,231,0,0.0
عطریات اوا,66,0,0.0
صنایع دستی غفار,37,0,0.0
صوفی پک,38,0,0.0
طاهالیزر,49,0,0.0
طب آفرین آذربایجان,26,0,0.0
طب تن,282,0,0.0
طب کده,35,0,0.0
طراوت آفرین,23,0,0.0
شیکدو,138,0,0.0
صدرا طب سینوهه,37,0,0.0
صنایع چرم دلارز,20,0,0.0
صنایع چوب و کاشی ترنج,51,0,0.0
صنایع دستی ال ایشلری آذربایجان,23,0,0.0
سبا تویز,127,0,0.0
سبک زندگی عرشیان,29,0,0.0
ستاره شرق,73,0,0.0
ستایشگر,184,0,0.0
سحربانو گالری,73,0,0.0
سدای شاد,301,0,0.0
سعید اینتکس,43,0,0.0
سفال همدان لالجین,247,0,0.0
سفیران رایحه ساز,27,0,0.0
سلاطین,36,0,0.0
سلیم اپتیک,168,0,0.0
سنت کده,177,0,0.0
سراب من,64,0,0.0
سرای ایران,35,0,0.0
سرای جاوید,153,0,0.0
سرای نمک دماوند,82,0,0.0
سردانالو,110,0,0.0
سرزمین چرم,1230,0,0.0
سانتکس,100,0,0.0
سانوز,86,0,0.0
سانیاکو,159,0,0.0
ساعت سوئیس,71,0,0.0
سایدا سنتر,84,0,0.0
سایروس بوک,28,0,0.0
ساریناگل,109,0,0.0
ساعت برنارد,34,0,0.0
ژوفا,80,0,0.0
ژیکمان,27,0,0.0
سیسمونی نینی کوچولو,77,0,0.0
سیلا مد,26,0,0.0
سینوهه,23,0,0.0
سیوان تویز,43,0,0.0
شاپنت,31,0,0.0
شاداب گالری,55,0,0.0
شادی شاپ بیوتی,41,0,0.0
شادیها,46,0,0.0
شالباف,28,0,0.0
سنگ های جادویی,34,0,0.0
سهاگل,23,0,0.0
سواشون,145,0,0.0
سوپرمدرسه,70,0,0.0
سورنا شرق,79,0,0.0
شهر کتاب ایران,21,0,0.0
شهراد اپوکسی,87,0,0.0
سوشیا بیوتی,87,0,0.0
سوغات  کیو,121,0,0.0
سی پرشیا,2419,0,0.0
سیاه و سفید بیرجند,160,0,0.0
سیب نارنجی,277,0,0.0
سیتروزن,54,0,0.0
شانیلند,56,0,0.0
شاکرین بافت,37,0,0.0
شبکه ویرا,52,0,0.0
شرکت پدیده شمیم قائم,74,0,0.0
شرکت چرم درسا,148,0,0.0
شرکت چرم مشهد,248,0,0.0
شرکت عطرآگین,112,0,0.0
شرکت لادیز,128,0,0.0
شرکت مد و پوشاک توتم,22,0,0.0
شمع های بهاری,158,0,0.0
شهر ابزار تکنو,96,0,0.0
فروشگاه کازیوه,25,0,0.0
فروشگاه ویشا,27,0,0.0
فروشگاه کوهنوش,32,0,0.0
فروشگاه کرم پور,247,0,0.0
فلفل نمکی,23,0,0.0
فن آوران هایا البرز,49,0,0.0
فن گالری,232,0,0.0
فکری و آموزشی میثاق,25,0,0.0
فروشگاه ماه و مهر,78,0,0.0
فروشگاه ملکه طلایی,126,0,0.0
فروشگاه مونو,39,0,0.0
فروشگاه میومیو,23,0,0.0
فروشگاه نسخه اول,82,0,0.0
فروشگاه نگین دانه,66,0,0.0
فروشگاه نومی,34,0,0.0
فروشگاه روبان,49,0,0.0
فروشگاه زرین پلاس,140,0,0.0
فروشگاه سیب سبز,25,0,0.0
فروشگاه شاپرک,32,0,0.0
فروشگاه شوپینگ,138,0,0.0
فروشگاه صنایع دستی پری زاد,21,0,0.0
گالری فرهمند شهریار,153,0,0.0
گالری ماسودا,24,0,0.0
گالری طلای مریم,298,0,0.0
گالری عطر شقایق,23,0,0.0
گالری سهی,99,0,0.0
گالری زیبایی آیلین,118,0,0.0
گالری زیبایی پرتو,21,0,0.0
گالری ژاوین,60,0,0.0
گالری توس,23,0,0.0
گالری تکچین کالا,47,0,0.0
گالری جهان,1101,0,0.0
گالری جورواجور,24,0,0.0
گالری چوب مارچوبه,33,0,0.0
كالاي ما,38,0,0.0
گازولین,230,0,0.0
گالری آرمیدخت,81,0,0.0
گالری آلمان رز,92,0,0.0
گالری بووم رنگ,20,0,0.0
گالری پارادایز,38,0,0.0
گالری پرشین گلد,148,0,0.0
فیدار نامدار سورین,24,0,0.0
فریور,82,0,0.0
فیگورشاپ,291,0,0.0
فیلو باکس,87,0,0.0
قاصدک بهار,142,0,0.0
قصر گلشهد,26,0,0.0
قلاب بافی رعنا و ریحان,35,0,0.0
لارا مد,50,0,0.0
گوهر مارکت,43,0,0.0
گیشا تجارت قشم,51,0,0.0
لپ گلی توی,21,0,0.0
لدی بگ,34,0,0.0
لشم,60,0,0.0
لگو استور,38,0,0.0
لاکی بیوتی,230,0,0.0
لنویت,112,0,0.0
لوازم آرایشی هفت رنگ,125,0,0.0
لوازم التحریر پاپکو,230,0,0.0
لوکسامین,188,0,0.0
لی لی بیوتی,41,0,0.0
لیاندو قشم,22,0,0.0
لیانو شاپ,96,0,0.0
لیپو شاپ,54,0,0.0
لیته,71,0,0.0
لیساندرا,31,0,0.0
لیلیزون,135,0,0.0
لینوفر,53,0,0.0
ما و نی نی مون,43,0,0.0
ماتیسا گالری,107,0,0.0
لودا آرت,43,0,0.0
لورنس,44,0,0.0
گالری هنری پیرایه,34,0,0.0
گالری هنری تاش,23,0,0.0
گالری کهن,209,0,0.0
گالری کیسان,37,0,0.0
گالیله کوچولو,38,0,0.0
گالری مهتدی,23,0,0.0
گالری مکرومه بافی,31,0,0.0
گالری میدیس آرت,20,0,0.0
گالری نقاشی رئالیسم,24,0,0.0
گالری نقره نیکان,39,0,0.0
گالری نور,224,0,0.0
گلد بیلیون,737,0,0.0
گلدان,60,0,0.0
گلستان تیهو,34,0,0.0
گنج خانه,63,0,0.0
گلوریا فشن,23,0,0.0
گرینیک,30,0,0.0
گل سنگ شاپ,30,0,0.0
گالری هنری ماهسون,34,0,0.0
گالری هنری ویولت,21,0,0.0
گروه تولیدی زیما,20,0,0.0
گروه لایکو,23,0,0.0
گروه هنری تاواتاو,58,0,0.0
گروه هنری زندگی,24,0,0.0
گروه کلید,168,0,0.0
گریبر,25,0,0.0
بانداژ,43,0,0.0
باشیلا,65,0,0.0
بازرگانی گیلدا,27,0,0.0
بازرگانی لاجوردی,21,0,0.0
بازرگانی ناتوسا,131,0,0.0
بازرگانی واقف,70,0,0.0
بازرگانی یاقوت,30,0,0.0
بازی بل,51,0,0.0
برکه کتاب,642,0,0.0
بست توی,157,0,0.0
بست شیک,81,0,0.0
بفران,94,0,0.0
بلوچ دوزی گدروزیا,212,0,0.0
بلوط سبز توس,32,0,0.0
بانوی تهران,457,0,0.0
برفا استور,28,0,0.0
برند پوشان دماوند,51,0,0.0
باهوز,20,0,0.0
باکسیکو,133,0,0.0
بدلیجات گلبانو,36,0,0.0
بوهوبابا,85,0,0.0
بوک نت,1524,0,0.0
بهین کیش کالا,31,0,0.0
بوتینی,37,0,0.0
بوتیک دلیار,61,0,0.0
بنی جواد,22,0,0.0
بنیس استایل,446,0,0.0
بنیس مارک,466,0,0.0
بهار سیتی,44,0,0.0
بهار شیراز,26,0,0.0
بهتا تولید,43,0,0.0
بهداشتی اصیل,50,0,0.0
بهکات یونیک,35,0,0.0
بی دکان بومی,39,0,0.0
بیبی گل,50,0,0.0
بیوتی لیلا شاپ,79,0,0.0
بیوتی مهد,92,0,0.0
پاآرا,79,0,0.0
پاراکورد,59,0,0.0
پارچه الف,116,0,0.0
پارچه باما,923,0,0.0
پارس چادر,48,0,0.0
پارس کیان,22,0,0.0
پارسی پاسارگاد,165,0,0.0
پارسیان بی همتا,43,0,0.0
ایران مگنت,29,0,0.0
ایزدمهر آریا,87,0,0.0
ایمنس هربال,45,0,0.0
ایران تحریر شاپ,210,0,0.0
ایران زمان,226,0,0.0
اکسی توسین,48,0,0.0
ای اچ پی ریدیزاین,31,0,0.0
ایران آزاد,24,0,0.0
ایران الفا,37,0,0.0
اکسسوری ویوات,68,0,0.0
اکسسوری گلی,22,0,0.0
اوراشی,175,0,0.0
اورانوس بیوتی,52,0,0.0
اوات گالری,28,0,0.0
اورکوکتل,41,0,0.0
اول سلامت,21,0,0.0
انتشارات امید سخن,55,0,0.0
انتشارات ایرانشناسی,25,0,0.0
انتشارات پدیده دانش,117,0,0.0
انتشارات پنج خط,40,0,0.0
انتشارات خانه ی رود,23,0,0.0
انتشارات راهنمای سفر,188,0,0.0
انتشارات طلایه,114,0,0.0
انتشارات عروج ایمان,138,0,0.0
انتشارات گراد,29,0,0.0
انتشارات گلبرگ,116,0,0.0
انتشارات منتشران,27,0,0.0
انگلیش تودی,102,0,0.0
بازرگانی پارسین,39,0,0.0
بازرگانی بخشمند,54,0,0.0
بازرگانی بیوتی سنتر,167,0,0.0
بازرگانی تهران سرمه,30,0,0.0
بازرگانی دلوین,24,0,0.0
بازرگانی رادمنش,47,0,0.0
بازرگانی طیبی,24,0,0.0
بازرگانی عابد,22,0,0.0
بازرگانی فارس,276,0,0.0
بازرگانی آرادین,37,0,0.0
بازرگانی آرشیدا,35,0,0.0
بازرگانی آرکان,150,0,0.0
بازرگانی آریا لوکس,93,0,0.0
بابک تویز,28,0,0.0
بادیبان,34,0,0.0
بارمان دکور چاپ,2522,0,0.0
باریزان,40,0,0.0
بازار نارنج,20,0,0.0
آس کالا کمپانی,80,0,0.0
آسانا شاپ,24,0,0.0
آسای,21,0,0.0
آشام تویز,99,0,0.0
آشیانه ی سبز,35,0,0.0
آفرا,26,0,0.0
آرین گروپ,70,0,0.0
آریناگالری,64,0,0.0
آزاده دکوراتیو,24,0,0.0
آفیس من,196,0,0.0
آرشا گیم شاپ,144,0,0.0
آلدی شاپ,22,0,0.0
آلما کتاب,181,0,0.0
آلماندو,31,0,0.0
آلیانس,149,0,0.0
آمورا,87,0,0.0
آمیتیس مارکت,61,0,0.0
آرانا مد,33,0,0.0
آرانیک,88,0,0.0
آرایشی اصیل ,57,0,0.0
آرایشی و بهداشتی پریا,76,0,0.0
آرایشی وینا,35,0,0.0
آرتا لند,79,0,0.0
آرتین کفش,66,0,0.0
آرولی پلاس,218,0,0.0
آرون تک,58,0,0.0
آروها,48,0,0.0
آروین زرین,119,0,0.0
آریا گستر افزار,156,0,0.0
 ایده ماندگار ,78,0,0.0
 ایران بیوتی,28,0,0.0
 بهداشت مکمل,106,0,0.0
 پرشین لند,33,0,0.0
 پوزیترون,520,0,0.0
 حراجکده,160,0,0.0
 رژا ,54,0,0.0
 سایه آرت,74,0,0.0
 فروشگاه رزلند,40,0,0.0
 گالری پاریس,29,0,0.0
 محصولات طبیعی اصفهان,166,0,0.0
 مه در,23,0,0.0
 مهردخت,24,0,0.0
 موری,189,0,0.0
 هرمودر ,48,0,0.0
 هم میهن,43,0,0.0
آذربیوتی,60,0,0.0
 کهکشان علم,53,0,0.0
آدرین فرش,27,0,0.0
آدین چرم,322,0,0.0
آذرآنتیک,83,0,0.0
 یاقوت گستر پارس,21,0,0.0
آ اند آ,147,0,0.0
آبان نقشینه,22,0,0.0
آباکیس,164,0,0.0
آبرنگ بیژن,84,0,0.0
آث میلان,31,0,0.0
آثامیا,107,0,0.0
آجیل خشکبار معصومی,530,0,0.0
ارتباط برتر هیمو,35,0,0.0
ارزین کالارسان,842,0,0.0
ارشان طب,30,0,0.0
ارغوان پاییز,227,0,0.0
ارمغان هنر ایران,94,0,0.0
ارونی چوب,116,0,0.0
اریاپیرکس,72,0,0.0
اسباب بازی آرماغان,90,0,0.0
اترنال گلد رز,238,0,0.0
اترک شاپ,28,0,0.0
آیلین تجارت,26,0,0.0
ابزار واحد,121,0,0.0
احساس برتر,24,0,0.0
ادموند شاپ,81,0,0.0
ارایشی بلا,429,0,0.0
آکریلیک,150,0,0.0
آکوا ایلیا,24,0,0.0
آقای لیف,105,0,0.0
آگرین چرم,27,0,0.0
إی ام ,21,0,0.0
آی بولک,666,0,0.0
آناباجی,93,0,0.0
آنالوگ,34,0,0.0
آنالی واچ ,45,0,0.0
آناهیتا مارکت,88,0,0.0
آنورشاپ,93,0,0.0
آنی گالری,119,0,0.0
آوات روبو,30,0,0.0
آواتصویر,33,0,0.0
آوانگاه,25,0,0.0
آوای نور,427,0,0.0
آورکام,29,0,0.0
آوین گستر پردیس,29,0,0.0
انار آبی,21,0,0.0
انبار مرکز,78,0,0.0
امپر,478,0,0.0
امپرسیون,88,0,0.0
امیدوار,26,0,0.0
امیر نشان,78,0,0.0
الیما شاپ,23,0,0.0
الینورا,75,0,0.0
ام استور,24,0,0.0
الانز شاپ,88,0,0.0
الهی نامه,84,0,0.0
الوان شاپ,60,0,0.0
اسباب بازی عسل,22,0,0.0
اسپرتی,141,0,0.0
اسپورت برند,80,0,0.0
استرایپس,107,0,0.0
استار بوک,89,0,0.0
استار لاکچری,22,0,0.0
افروز استور,74,0,0.0
اسکایلر,157,0,0.0
اسکلاره,464,0,0.0
اسمارت سولوشن,88,0,0.0
جینگیلستون,24,0,0.0
چاچامیک چایلد,32,0,0.0
جومانجی توی,38,0,0.0
جویل,40,0,0.0
جویینه,23,0,0.0
جیب,72,0,0.0
چهره کده,33,0,0.0
چوپی,100,0,0.0
چرم سورنا,114,0,0.0
چرم صادراتی تبریز,72,0,0.0
چرم لانکا,31,0,0.0
چرما اسپرت,28,0,0.0
چیتا پوشاک,114,0,0.0
چیزمیز,313,0,0.0
چیکا مارکت,507,0,0.0
حاجی ارزونی تهران,85,0,0.0
حرفه هنرمند,26,0,0.0
حس آمیزی,1340,0,0.0
حمنا مارکت,37,0,0.0
حکمت,212,0,0.0
حیات پوشش اکسیژن پاک,149,0,0.0
خانم و آقای مداد,304,0,0.0
خانه عطری,26,0,0.0
خانه فشن زانیسا,34,0,0.0
خانه گل و بلبل,41,0,0.0
خانه مد شیوانا,34,0,0.0
خانه و کاشانه,145,0,0.0
خانواده باهوش,66,0,0.0
خرازی فرهاد,125,0,0.0
دانژه بوک,123,0,0.0
دانشی نو,58,0,0.0
درس ایگو,40,0,0.0
درماکده,104,0,0.0
درماکده ایران,93,0,0.0
دریم پو شاپ,135,0,0.0
دریم مد,63,0,0.0
خلیج فارس,97,0,0.0
خمیر پلیمر دالیس,39,0,0.0
خوش پاک,35,0,0.0
دال آرت گالری,25,0,0.0
داروخانه حکیم گل,402,0,0.0
دستبافت های لیلی,45,0,0.0
دل اویز,34,0,0.0
دل لونا,35,0,0.0
دنیای زیبایی ساناز,124,0,0.0
دنیای سرمایه گذاری,35,0,0.0
دنیای ملورین,548,0,0.0
دنیای کتاب سایه ,173,0,0.0
دمو شاپ,21,0,0.0
دکتر فیلتر,43,0,0.0
دکو مارکت,92,0,0.0
دهلیز,20,0,0.0
دهکده سفال آمادای,255,0,0.0
دهکده مدرن من,43,0,0.0
دهکده نارمیلا,45,0,0.0
دوات کتاب,167,0,0.0
دونو باکس هدیه,89,0,0.0
دیدار استور,221,0,0.0
دینا شاپ,38,0,0.0
دینا یدک,21,0,0.0
ذین و فر,25,0,0.0
رابیلو,92,0,0.0
رادمهر هوم,40,0,0.0
راشن استور,24,0,0.0
راضی خرید,73,0,0.0
رامش کالا,34,0,0.0
دیا گالری,77,0,0.0
دیاسا,518,0,0.0
دیاکو شاپ لند,41,0,0.0
دیبالند,88,0,0.0
دیجی می,84,0,0.0
رخ گالری,148,0,0.0
رزا مارکت,60,0,0.0
رزیران آرت,25,0,0.0
رژارت,33,0,0.0
رهامدیکا,37,0,0.0
روبین استایل,20,0,0.0
روجا تجارت,108,0,0.0
رودگل,35,0,0.0
روز شو,27,0,0.0
روزنامه دیواری,20,0,0.0
روژان ماداکتو,31,0,0.0
رایان زمانی,44,0,0.0
رنس,421,0,0.0
رنگ تا رنگ,88,0,0.0
رنگساژ,51,0,0.0
زیگ زاگ استور,135,0,0.0
زینگو بازی,233,0,0.0
ژرمن پوشش,82,0,0.0
ژرمن مارکت,289,0,0.0
ژوان کالا,85,0,0.0
زیبایی خانه نو,66,0,0.0
زیبایی ژانین,34,0,0.0
زرین پیرکس آزما,179,0,0.0
رومو,30,0,0.0
رویا هوم,81,0,0.0
رویاسنتر,221,0,0.0
رویای ابریشمی ,54,0,0.0
رویای نارنجی,62,0,0.0
رویش نهال جوان,29,0,0.0
روشا چوب,76,0,0.0
زر نگار,30,0,0.0
ریحا بیوتی,523,0,0.0
رینوا,28,0,0.0
زانکو چرم,50,0,0.0
زاک لند,163,0,0.0
تاپ سل برند,49,0,0.0
پینک لندشاپ,315,0,0.0
پیکسل باز,50,0,0.0
پیشگامان به شم آرا,93,0,0.0
تایتل,50,0,0.0
تجارت سی و سه پل,59,0,0.0
تجاسب,39,0,0.0
تجهیزات پزشکی ندامد,42,0,0.0
تجهیزات دانیال روژ,20,0,0.0
تحریر حسن,43,0,0.0
تحریر سرو,21,0,0.0
تحول بوک,244,0,0.0
تولید  پخش سانلومکس,21,0,0.0
ترنم,57,0,0.0
توسعه هوشمند رستا,21,0,0.0
ترمه خاتم,21,0,0.0
ترمه سرای شاخه ی طوبی,54,0,0.0
ترمه گرافیک,1339,0,0.0
ترندشاپ,31,0,0.0
تریکو صالحی,23,0,0.0
تن نواز,48,0,0.0
تنگ تکاب,20,0,0.0
تولیدی قدس,57,0,0.0
تولیدی بانگیز,79,0,0.0
تولیدی برهان تن پوش,97,0,0.0
تولیدی داتیس,168,0,0.0
تک شاپ ایران,79,0,0.0
تک فرش آران,30,0,0.0
تکسام,29,0,0.0
تکین مهر جنوب,44,0,0.0
تی ست,60,0,0.0
تیتایم,270,0,0.0
تیج,133,0,0.0
تیشرت باران,47,0,0.0
تیلوس,40,0,0.0
ثانی استور,61,0,0.0
جامه فرش,130,0,0.0
جانا استور,43,0,0.0
جرجیا اسپرت,21,0,0.0
جرمن شوز,40,0,0.0
جرمن کالا,164,0,0.0
جستر,362,0,0.0
جعبه هنر,270,0,0.0
جم سواروسکی,41,0,0.0
جهان آکواریوم,169,0,0.0
جهان دخت,26,0,0.0
توی استور تهران,23,0,0.0
تویلی,80,0,0.0
جواهر بازار,36,0,0.0
جواهرسرا,68,0,0.0
جواهری سروری,173,0,0.0
پوشاک نی نی جان,28,0,0.0
پویا درمان مهر,94,0,0.0
پویا مارکت می,66,0,0.0
پوشاک کژین,62,0,0.0
پوشاک ایواشاپ,63,0,0.0
پوشاک تایتان,20,0,0.0
پرولایزبیوتی,42,0,0.0
پروما گالری,612,0,0.0
پندار کالا ,25,0,0.0
پوشاک آرشیا,20,0,0.0
پزشکی اکسیژن,58,0,0.0
پزشکی بورس طب,21,0,0.0
پزشکی نوراد,56,0,0.0
پرمیوس,36,0,0.0
پرن اپوکسی,37,0,0.0
پرنه,58,0,0.0
پرهاد,22,0,0.0
پرهام شاپ تهران,69,0,0.0
پخش روژا,27,0,0.0
پخش ریحانه,40,0,0.0
پخش سلسله مهر,603,0,0.0
بیش خوان,138,0,0.0
بیگ ماز,25,0,0.0
پاسارگاد اسپادانا,45,0,0.0
پپا فشن,153,0,0.0
پخش پرهام,48,0,0.0
پدیده نقش استور,141,0,0.0
پر پریا,39,0,0.0
پرتقال شیرین,122,0,0.0
پردیس مبین,51,0,0.0
پخش نوآوران سلامت,95,0,0.0
پخش نیک آیین,1205,0,0.0
پخش ورسای,214,0,0.0
پخش کالای آریا,399,0,0.0
پخش کالای اطلس,36,0,0.0
پخش کالای رامش,50,0,0.0
پخش کالای شمس,23,0,0.0
