seller,product_count,avg_rate,total_reviews
انتشارات مهر پاینده,20,90.6,376
فروشگاه نبض کتاب,59,89.69491525423729,3147
حامی بوک,21,89.23809523809524,13604
کتاب شمشاد,20,88.9,2010
صحافی و بسته بندی آرتیم,29,88.75862068965517,808
کتابفروشی زندگی,27,88.5925925925926,3823
إی ام ,21,88.28571428571429,162
 مهرسا    ,40,87.15,743
پاوین ساکس,53,87.13207547169812,3067
گروه هنری زندگی,24,87.0,721
انتشارات پی بوک,126,86.98412698412699,41609
هستی نیل,138,86.3913043478261,3018
پائیزان,22,86.18181818181819,3287
برگزیده برتر,23,85.82608695652173,15038
سایروس بوک,28,85.71428571428571,1883
بادخان,204,85.34313725490196,27895
مهرتاب ویژن,23,85.30434782608695,4271
کالای نادر,24,85.25,1333
طبیعت شاپ,24,85.25,23029
تولیدی بازرگانی کارن,47,85.06382978723404,46911
هاریکامزون,21,84.85714285714286,164
لنتر,28,84.71428571428571,3442
اینجا همچی گلچینه,34,84.41176470588235,261
پخش روشنا,23,84.17391304347827,13222
هایپر جهان تحریر ,35,84.17142857142858,9605
ژولی شاپ,110,84.16363636363636,5351
اسپست,21,84.0952380952381,4614
فنیلوکس,34,84.05882352941177,6631
پایار تجارت,88,83.97727272727273,56593
چیک کالا,20,83.8,3161
انتشارات زرین و سیمین,48,83.79166666666667,500
سنتربیوتی,22,83.63636363636364,10995
نوین تجارت رادناس,23,83.47826086956522,621
سانگبوکلیمی,36,83.44444444444444,17892
وان کالا,103,83.37864077669903,92742
مریخ ایرانیان کیش,228,83.29824561403508,15878
سیبا بوک,415,83.20481927710843,22564
گلستان استور,43,83.16279069767442,43077
وستا بوک,219,83.1324200913242,39501
لوازم التحریر مبین,23,83.1304347826087,14156
سبز آلود,22,83.0909090909091,1306
قلم دون,26,83.07692307692308,4720
کوبوک استور,42,83.04761904761905,727
فارغی,25,83.04,6085
زودبوک,40,82.95,1571
مرکز پخش سانترال,20,82.9,7769
پزشکی اکسیژن,58,82.86206896551724,29372
جانبی پخش دیجیتال,57,82.84210526315789,11049
تولیدی ایران زمین,20,82.7,36688
ترمه خاتم,21,82.66666666666667,273
تیکال,31,82.64516129032258,1440
طراوت آفرین,23,82.6086956521739,937
تنگ تکاب,20,82.6,7421
فارم لند,174,82.59770114942529,92499
رایکا برازش,55,82.54545454545455,19089
رزا بیوتی,24,82.5,257
اوریگامی,206,82.48543689320388,46567
رامش کالا,34,82.47058823529412,24350
انتشارات پنج خط,40,82.4,338
عمده پلاس,23,82.34782608695652,22663
فرداد شاپ,26,82.07692307692308,2022
کتاب آرش,29,82.06896551724138,371
ژوبلین رژ,117,82.03418803418803,33290
میم کاف,49,82.0,360
نشر شفاف,39,81.94871794871794,1486
کایلابیوتی,50,81.92,3017
انار آبی,21,81.9047619047619,385
آیرین پلاست,108,81.79629629629629,66174
باخک,29,81.79310344827586,14620
محصولات گیاهی قانون,64,81.75,9137
اورکوکتل,41,81.60975609756098,5541
پیشگامان تحریر,30,81.46666666666667,15844
گلدن مولد,57,81.40350877192982,740
مجموعه واریوس,20,81.4,92
مرکز پخش پایتخت,27,81.33333333333333,1940
سینوهه,23,81.21739130434783,6491
شکوه زیبایی,22,81.18181818181819,4153
روبو بیوتی,139,81.06474820143885,30714
افق تهران,52,81.0,4943
خورشید استار,248,80.99193548387096,28648
داروخانه اکسپرس,29,80.96551724137932,17660
پلتفرم سکو,30,80.93333333333334,589
توسعه خیلی سبز,62,80.87096774193549,1747
گارمنتز,72,80.80555555555556,37406
آباکیس,164,80.71951219512195,3659
تحریر حسن,43,80.69767441860465,8809
بازی شاپینگ,31,80.58064516129032,6484
ره اورد,138,80.57971014492753,10282
فیلو باکس,87,80.55172413793103,4570
ارزانکده تهرانی,24,80.5,8838
گیاهبان,124,80.46774193548387,3008
فروشگاه سیبچه,23,80.43478260869566,5422
کتاب تازه,34,80.41176470588235,4772
پویاکالا,20,80.4,7441
سام بیوتیک سنتر,21,80.38095238095238,5811
نیکاد,54,80.37037037037037,2280
نمد ساز,23,80.34782608695652,5808
در دونه,58,80.24137931034483,1148
بقا در طبیعت,36,80.22222222222223,1177
دلی تراریوم,66,80.18181818181819,5422
مشهد بیوتی,30,80.13333333333334,13390
برگزیده یاس,36,80.11111111111111,46870
فروشگاه سترگ,20,80.1,786
چهره کده,33,80.06060606060606,2526
مای کیدز,90,80.04444444444445,2356
رسپی نانو ریما,47,80.04255319148936,751
گروه کیهان,100,80.0,21525
اسکن سنتر,36,80.0,2531
ووروجک,32,80.0,3186
توسعه کتاب,62,79.96774193548387,745
بالهای کاغذی,75,79.84,6488
پایتی جامه,36,79.83333333333333,226
انتشارات راهنمای سفر,188,79.81914893617021,2581
ایران الفا,37,79.78378378378379,4512
کتاب پارسی,68,79.76470588235294,1022
آلارز کازمتیک,22,79.72727272727273,2245
پخش بینود,27,79.70370370370371,1753
آرکا تجارت بیستون آراد,31,79.6774193548387,1024
قاصدک بهار,142,79.61971830985915,3631
مشکات بیوتی شاپ,98,79.53061224489795,53753
سرای جاوید,153,79.47712418300654,928
ماشینک,30,79.46666666666667,262
برایت مون,22,79.45454545454545,516
 راسل مارکت,46,79.43478260869566,11797
چاپ هزاردستان,77,79.42857142857143,2642
دودل,32,79.375,1763
وی کر,41,79.36585365853658,4105
جوراب باپوک,46,79.21739130434783,1044
گلچینه,34,79.17647058823529,2302
یانگ شاپ,80,79.125,4326
نیوان کالا,45,79.02222222222223,1676
روزکتاب,53,79.01886792452831,2930
دزیره مال,445,79.01573033707865,73055
شونیا,30,78.93333333333334,20987
تجارت سی و سه پل,59,78.8135593220339,10638
میسانا,36,78.77777777777777,13906
کی اس کالکشن,21,78.76190476190476,3723
روتا,30,78.73333333333333,468
 رژا ,54,78.70370370370371,3687
لاپیز کالا,67,78.65671641791045,14438
دل اویز,34,78.6470588235294,1390
امیر پاسارگاد,27,78.5925925925926,519
یونی هوم,28,78.57142857142857,12779
 کوکوجم,28,78.57142857142857,582
آوانگاه,25,78.56,336
باینت,273,78.55677655677655,24222
آی هلو,137,78.54014598540147,19651
گلدن رز پارسیان,48,78.5,2021
آذربیوتی,60,78.5,1159
حمنا مارکت,37,78.48648648648648,1345
تولیدی آرمان تویز,21,78.47619047619048,14769
کتابدان,122,78.45901639344262,6801
خانه موکشا,24,78.33333333333333,3073
کتابسرای الیکا,352,78.32386363636364,10459
 کامک,83,78.3132530120482,14364
دلتاکالا,20,78.3,2447
ناو استایل,39,78.25641025641026,4759
کتاب نیکا,255,78.12549019607843,5990
بست شیک,81,78.12345679012346,55836
ویستا تحریر,33,78.12121212121212,3707
شهر کتاب ایران,21,78.0952380952381,1411
اسپیروما,27,78.07407407407408,964
زمانه,90,78.04444444444445,10107
گالاردیا,94,78.02127659574468,101949
آریان لوکس پلاس,21,78.0,1394
رایان پخش,25,78.0,330
رزدارو,393,77.98982188295166,13215
تیما سنتر,98,77.93877551020408,14286
جانا استور,43,77.90697674418605,15689
پرتی لیدی,21,77.9047619047619,5864
گالری کایلین,100,77.88,3411
کتاب هنری تحریر کاظمی,55,77.85454545454546,643
سوبا,36,77.83333333333333,482
انتشارات طلایه,114,77.7719298245614,3103
آنالوگ,34,77.76470588235294,2026
فروشگاه بیاتوتخفیف,25,77.76,3813
چرمینه اسپرت,52,77.73076923076923,1257
چیکا,101,77.72277227722772,18055
آرایشی نیلوفر,76,77.71052631578948,2888
لوکس تجاری نوین,206,77.68932038834951,999
تاپ سل برند,49,77.6734693877551,4645
بهنو,91,77.67032967032966,31054
فرنازشاپینگ,27,77.62962962962963,4165
فیلو مارکت,31,77.61290322580645,1979
سلام دوست من,70,77.6,9343
تارا اسپا,21,77.52380952380952,165
دوگتا,33,77.51515151515152,2279
ملکو,28,77.42857142857143,938
سرمشق,61,77.37704918032787,581
نیومد,24,77.33333333333333,2090
بازرگانی نور,26,77.3076923076923,550
عصاره بیژه,59,77.28813559322033,5027
بیتان,118,77.27118644067797,9110
فروشگاه ذره بین مارکت,145,77.22758620689655,4140
تکنوهوم,23,77.21739130434783,14106
ملی شاپینگ,160,77.2125,51037
دکمه آنلاین,58,77.20689655172414,12789
گالری بزک دوزک,140,77.14285714285714,21767
فروشگاه ماه و مهر,78,77.12820512820512,4508
گروه بازرگانی دیاموند,25,77.12,3681
نیل استار,21,77.04761904761905,1310
لاکی بیوتی,230,77.03478260869565,61909
برین تجارت پادیاو,70,77.0,1836
 فروشگاه مهیاس,25,76.96,2509
نوین لند,25,76.88,2841
آرادشاپ,37,76.86486486486487,1006
نوشه شاپ,316,76.86075949367088,13885
دوباره کالا,26,76.84615384615384,13434
صنایع تولیدی گلسان,50,76.84,2661
آمیتیس شاپینگ,62,76.83870967741936,4564
اسلایم توپولی,136,76.80882352941177,10950
دیبالند,88,76.79545454545455,1122
فلودو,69,76.69565217391305,15013
فروشگاه توپ تاپ,80,76.675,15725
هیرو استور,81,76.64197530864197,12486
تولیدی شیک شو,70,76.62857142857143,12616
جامبو,539,76.59369202226345,164027
مارال بیوتی,169,76.59171597633136,4209
نایس پرفیوم,44,76.5909090909091,6267
رایان بیوتی,122,76.59016393442623,35347
مشیرخلوت,41,76.58536585365853,15150
عنصر تکنیک,28,76.57142857142857,2232
هلدینگ داهال,67,76.56716417910448,5888
چسبچی,120,76.56666666666666,38950
اکسسوری شاران,270,76.56296296296296,13213
آماتیس مارکت,25,76.56,1229
فامیلی شاپ,62,76.54838709677419,12950
دریان سهند,48,76.54166666666667,1516
پندار کالا ,25,76.48,602
پاویژ,150,76.46666666666667,2715
فروشگاه الفبت,163,76.42944785276073,24811
گالری ویکتوریا,103,76.40776699029126,904
کافه بهداشتی,381,76.39895013123359,93211
پخش پرهام,48,76.375,1535
مانا گستر فرداد,22,76.36363636363636,1774
پارمیس کالا,83,76.36144578313252,12909
جویینه,23,76.34782608695652,1712
دیاکو شاپ لند,41,76.34146341463415,1524
تولیدی رادین,77,76.31168831168831,12537
بنو پخش,36,76.27777777777777,5080
تحریرام,38,76.26315789473684,4261
هنر گستر,260,76.18461538461538,20685
آریان نخ باف,346,76.16763005780346,36598
مکث استور,24,76.16666666666667,2031
استرپلاس,25,76.16,3029
انتشارات ایرانشناسی,25,76.16,115
 آنی تویز,276,76.15217391304348,48201
کمپینگ شاپینگ,33,76.12121212121212,7782
نیک افراز,24,76.08333333333333,2204
فرآراد,317,76.0,16358
بی بی گیفت,87,75.97701149425288,3499
دونیک اسپرت,46,75.95652173913044,4189
جاسمین گالری,39,75.94871794871794,311
آژن,36,75.94444444444444,8404
آ اند آ,147,75.93197278911565,4655
دست سازهای ام بی,37,75.89189189189189,644
تولید پوشاک زیر آوین,26,75.84615384615384,8438
سلامت و زيبايي,23,75.82608695652173,212
آرام طب,41,75.8048780487805,5634
نوین پارس تجارت,70,75.8,2750
آث میلان,31,75.74193548387096,15017
مامزی,166,75.67469879518072,31004
سرزمین ورزشی,30,75.66666666666667,7061
بهین تجهیزات مدرن,50,75.64,19961
ایران کتاب نوین,220,75.60909090909091,2212
هومان سنتر,24,75.58333333333333,5949
پخش سایه,33,75.57575757575758,6957
بست بوک,96,75.5625,3780
الهی نامه,84,75.54761904761905,18117
گیم گالری,44,75.54545454545455,15088
چکاد پخش,34,75.52941176470588,1345
تولیدی کیان تن پوش,140,75.52857142857142,4614
کارپت لند,69,75.47826086956522,3786
 مه در,23,75.47826086956522,124
تحریر پیکاسو,30,75.46666666666667,968
اذرین شاپ,21,75.42857142857143,354
واژ مارکت,29,75.37931034482759,3314
هایپرکالای خودمون,23,75.30434782608695,1820
کارنوصنعت,38,75.26315789473684,2697
مونلایت استور,27,75.25925925925925,7223
آیلین تجارت,26,75.23076923076923,797
توریث,110,75.21818181818182,5517
راسکال,340,75.21764705882353,69192
الیما شاپ,23,75.21739130434783,124
فروشگاه دولایک,26,75.15384615384616,728
پرکاس,73,75.15068493150685,1534
هیلدا بیوتی,21,75.14285714285714,14150
پوشاک کژین,62,75.09677419354838,3272
تحریر سرو,21,75.04761904761905,1478
استودیو میکاپ,91,74.98901098901099,3347
تولیدی تکوین,67,74.98507462686567,5061
آرکی,31,74.96774193548387,185
 حراجکده,160,74.9375,37361
صیدوشکاراسکار,22,74.81818181818181,415
افسرده,323,74.81114551083591,55597
تحریر هلیا,78,74.7948717948718,3806
گروه تکسان,41,74.78048780487805,12662
هومان,272,74.75735294117646,25446
ریو استور,52,74.73076923076923,2093
آذردنیز,58,74.72413793103448,4643
پات پلاس,45,74.71111111111111,1480
کتابفروشی وطن,26,74.6923076923077,414
 آلماپرایم سپه,21,74.66666666666667,305
دکتر فیلتر,43,74.65116279069767,1047
کفش فطرس,34,74.6470588235294,1273
ارشد,59,74.61016949152543,4169
ساتیان,86,74.5813953488372,6914
ارایشی ایلین,21,74.57142857142857,244
درجه یک,136,74.54411764705883,8589
فروشگاه جنت,321,74.52959501557632,35212
نشر وب,173,74.52023121387283,18905
استیکر بازار,125,74.48,2019
سیب نارنجی,277,74.4476534296029,6350
پخش هادی,59,74.44067796610169,24643
کفش بانو,28,74.42857142857143,1342
چوب های آبرنگی,24,74.41666666666667,692
فروشگاه میلاد مجید,150,74.4,8381
دریادشت,108,74.31481481481481,11485
آواگراف,110,74.30909090909091,658
پخش نقش جهان,123,74.3089430894309,1518
مکس فور,510,74.29803921568627,30266
درماکده,104,74.28846153846153,69111
سلاطین,36,74.27777777777777,5750
تحریر ملل,229,74.2707423580786,52083
نگین زیبا,24,74.25,6296
پخش ریحانه,40,74.2,5241
فروشگاه مدرن اسپرت,20,74.2,1060
ویرا بردگیم,20,74.2,761
پارسیان نیک هستی,877,74.17103762827823,143717
کیهان سنتر کالا,48,74.16666666666667,6015
بهکات یونیک,35,74.11428571428571,1822
فروشگاه آرشاک,20,74.1,973
پارسی اکسسوری,20,74.1,3491
ایران فامیلی شاپ,20,74.1,9852
کیسان  آذین,24,74.08333333333333,2118
دانیار مارکت,99,74.06060606060606,5312
نباتی استور,36,74.05555555555556,1132
آوا کفش,38,74.05263157894737,344
ایران  استودیو,78,74.05128205128206,1385
پخش چهره,43,74.0,3886
شهرزادبانوکالا,99,73.97979797979798,34046
بارادانا,90,73.97777777777777,5426
قانونمدار,79,73.92405063291139,5137
الین دخت,21,73.9047619047619,1020
پرن اپوکسی,37,73.89189189189189,658
تحریر پلاس,36,73.88888888888889,4311
دیباست,75,73.84,599
تحریر سنتر ایفل,21,73.80952380952381,1795
لوازم التحریر اسکندری,48,73.79166666666667,908
طلوع بازی,45,73.77777777777777,2968
کتاب نگاران,134,73.77611940298507,9087
همراه مارکتز,26,73.76923076923077,735
چهارشنبه بازار,33,73.75757575757575,8010
سریتا طب,65,73.72307692307692,2490
چرما اسپرت,28,73.71428571428571,1278
گالری کهن,209,73.71291866028709,30086
طوطی دیزاین,41,73.70731707317073,1437
گالری تکچین کالا,47,73.70212765957447,992
سهندگالری,32,73.6875,223
سون گام,598,73.66555183946488,37098
جانان مد,22,73.63636363636364,11348
گالری کلبه بلوط,37,73.62162162162163,195
مانترا مارکت,56,73.57142857142857,2151
ایران نخ باف,297,73.52861952861953,15412
گلدن کالا,79,73.51898734177215,1696
انتشارات صفار,137,73.48905109489051,1225
مارکت تهران,46,73.47826086956522,807
بست بای اورجینال,158,73.46835443037975,2038
آرشا مارک,263,73.4448669201521,3543
سرو طلایی,50,73.44,3171
پوشاک نجبا,25,73.44,1608
 یاقوت گستر پارس,21,73.42857142857143,191
بازرگانی فارس,276,73.39855072463769,52531
فانتزی باز,268,73.36567164179104,3857
پخش پرواز,113,73.34513274336283,13854
انگلیش لند,135,73.33333333333333,1104
ناستالیا,24,73.33333333333333,425
بابانوئل لند,28,73.28571428571429,3131
میلان استور,25,73.28,692
پخش سلسله مهر,603,73.27694859038142,18178
نیلوفر مارکت,43,73.25581395348837,12997
رامان هوم,21,73.23809523809524,464
لاولی لایف,73,73.23287671232876,21659
اکسسوری زرق و برق,23,73.21739130434783,379
جوراب ونیز,40,73.2,458
جوراب آکام,79,73.16455696202532,5058
انتشارات برف,179,73.15083798882682,2785
بازارتحریر,28,73.14285714285714,6857
اسمارت سولوشن,88,73.13636363636364,8067
بهداشتی اصیل,50,73.12,5317
آراکالا,29,73.10344827586206,547
چلیپا گروپ,62,73.09677419354838,3371
رویای سلامت,39,73.07692307692308,393
فروشگاه روژ,23,73.04347826086956,1045
لوازم آرایشی صاد,28,73.0,1333
محصولات آبگینه,30,73.0,1320
ایرانکتاب,1756,72.9886104783599,36422
 سی سی,160,72.9625,18241
بارلی سنتر,57,72.94736842105263,1521
تاج پلاس,43,72.88372093023256,520
پخش خرازی ماهور,39,72.87179487179488,2170
رنگساژ,51,72.86274509803921,820
فروشگاه بانیبو,263,72.80608365019012,10600
بهین تک,25,72.8,496
رفیق,35,72.8,2275
ویهان لند,46,72.78260869565217,4610
صنایع نوین آروند,70,72.77142857142857,6239
پوشاک کوروش,42,72.76190476190476,1289
ایزدمهر آریا,87,72.75862068965517,6580
زود دارو,32,72.6875,3903
لناشاپ,67,72.68656716417911,4362
کیان افزار,41,72.63414634146342,7471
بلک تام کت,325,72.58461538461539,15168
مدیکال,78,72.56410256410257,11981
گالری ساعت ساز,25,72.56,5251
دیزاس,24,72.5,401
بیزآرت مارکت,39,72.46153846153847,724
آرایشی بهداشتی دومان,94,72.38297872340425,457
النا بیوتی,53,72.37735849056604,6162
فاضل مدیا,55,72.36363636363636,1112
چرم جانتا,23,72.34782608695652,5645
الماس تجارت آسیا,113,72.33628318584071,23748
برزمهر,122,72.32786885245902,3910
ژیمن,342,72.32163742690058,13538
ارمغان بوک,91,72.28571428571429,3305
اس پی ال,43,72.27906976744185,454
درواژ,29,72.27586206896552,3508
تک سلر,114,72.24561403508773,6361
طبیعت تنت,60,72.23333333333333,4732
مد برتر,54,72.22222222222223,10867
دنیای رنگ مو,27,72.22222222222223,9587
گالری به آرا,29,72.20689655172414,496
پارتاک سیتی,63,72.19047619047619,5955
نزدیک,76,72.1842105263158,859
پخش کوروش کمپ,121,72.18181818181819,9621
ایران ژیلت,35,72.17142857142858,17497
دورنا شاپ,60,72.16666666666667,10419
رامسر شاپ,27,72.14814814814815,3157
انتشارات گراد,29,72.13793103448276,293
سجاوود,31,72.12903225806451,2189
فروشگاه آشیل کالا,78,72.12820512820512,13911
دنیای شیرین نبات,120,72.11666666666666,551
مینیاتور پازل,36,72.11111111111111,151
لابراتوار غروی,489,72.10633946830266,72759
فمیلی استور,1071,72.10457516339869,15216
باشیلا,65,72.0923076923077,1161
گلسا,23,72.08695652173913,1582
پلی فکتوری,30,72.06666666666666,862
نشر مظفر,61,72.0327868852459,1943
جلوه آیات,46,72.0,2478
جویل,40,72.0,2021
معجزه قلم,136,71.95588235294117,6318
گالری دربار,55,71.92727272727272,2568
کاترینکا,79,71.87341772151899,398
نوشت افزار افق,42,71.85714285714286,2228
پی کی تحریر,37,71.83783783783784,4219
هرمیداس,173,71.82658959537572,5519
صفا پخش ماندگار,46,71.82608695652173,3423
روژان ماداکتو,31,71.80645161290323,20433
تاباتا,69,71.76811594202898,5787
کیریستین بیوتی,85,71.76470588235294,3192
مفیدا دات آی آر,24,71.75,311
کتاب ویدا,227,71.70925110132158,2452
پدیدار آوا,264,71.6969696969697,14636
اریایی,85,71.69411764705882,3211
زانکو چرم,50,71.68,3036
گالری اورلایا,303,71.65016501650165,4723
برند دیبا,49,71.63265306122449,14932
پاییزانه,173,71.61849710982659,38022
لاوین تجارت,95,71.57894736842105,4040
بازرگانی مهوان,648,71.56172839506173,137665
کوشا طب آویژه,65,71.53846153846153,2953
سراج کمپ,38,71.52631578947368,3222
فروشگاه آویده,33,71.51515151515152,694
پرانسیس بیوتی,37,71.51351351351352,1029
سپیدرو,24,71.5,5124
اوریران,72,71.5,1651
توسعه الکترونیک گردو ,133,71.48872180451127,2875
آلماندو,31,71.48387096774194,387
نوردخت شاپ,30,71.46666666666667,1589
اوراینکو,26,71.46153846153847,2105
ژولانیک,83,71.44578313253012,3388
آتی مارکت,111,71.44144144144144,5607
اینجاست آ ,93,71.44086021505376,21435
مکتب کمال,210,71.42857142857143,5998
با نی نی,41,71.41463414634147,2129
مستر راد,672,71.41071428571429,70497
کلاسیک کازمتیک,30,71.4,5821
تامین کالای تهرانی,76,71.39473684210526,1459
گرینو,33,71.39393939393939,849
پخش نمایندگی الماس,72,71.38888888888889,1833
تجارت گستر جنوب,49,71.38775510204081,1862
رضی واکس,35,71.37142857142857,1827
کمال اندیشه,394,71.31472081218274,4331
پارسیان آرت,107,71.30841121495327,6797
آروین زرین,119,71.29411764705883,9683
الیزابت,28,71.28571428571429,3665
صدرا طب سینوهه,37,71.24324324324324,1341
بهار شیراز,26,71.23076923076923,436
شاپنت,31,71.2258064516129,4067
شاپی فا,31,71.2258064516129,1916
ویرا پلاستیک,20,71.2,490
بازرگانی آدینه,60,71.16666666666667,9202
هارمونی بوک,456,71.16666666666667,17323
مستر سام,42,71.14285714285714,4497
تی تی بوک,37,71.13513513513513,633
زینگو بازی,233,71.13304721030043,3262
الماس هنر ایران,43,71.11627906976744,3336
ماد بانو,80,71.1,8046
ویرا آونگ رسام,31,71.03225806451613,372
دورهمی گیم,67,71.01492537313433,3977
پخش چیتگر,30,71.0,4707
جهان دخت,26,71.0,612
چم کیدز,62,71.0,12169
کالا تجهیز,24,71.0,1193
مهر افزون,135,70.99259259259259,16830
دمیلو,133,70.97744360902256,23337
کیمیانگار,25,70.96,551
کالج,119,70.94117647058823,12429
محسنی بوک,35,70.91428571428571,348
ارتامن,131,70.8854961832061,25187
عروسک ساز,47,70.85106382978724,1782
دانشی نو,58,70.82758620689656,4396
لیماک شاپ نوین,38,70.78947368421052,1791
آرسام تحریر,147,70.77551020408163,6070
طهورا پوش,84,70.76190476190476,8073
بهار کتاب,170,70.72941176470589,12111
هدایا تبلیغاتی پارسه,20,70.7,1316
کمپانی آذین بهدیس,30,70.66666666666667,6425
کفش رادین,41,70.63414634146342,7182
فروشگاه قصر زیبا,105,70.62857142857143,974
پخش آرشین,138,70.6231884057971,8229
دهکده مدرن من,43,70.6046511627907,2132
کیف چ,41,70.58536585365853,283
کالیته استور,21,70.57142857142857,992
دنیای کتاب زبان,555,70.56936936936937,7231
کالا پزشکی نوین طب,25,70.56,2357
سدای شاد,301,70.53820598006645,3600
ماهان واردات,196,70.51020408163265,10458
پکویو,20,70.5,165
بنفش صورتی,37,70.48648648648648,1043
اوای پخش تهران,208,70.45192307692308,22341
فروشگاه سپندآسا,41,70.4390243902439,8165
گالری گارنت,739,70.39512855209743,83821
فروشگاه گیوا,130,70.38461538461539,24459
سوریم,159,70.37735849056604,18078
فانی تویز,189,70.37037037037037,12067
دل لونا,35,70.34285714285714,400
بایتک,24,70.33333333333333,407
نارین گستر مهرگل,122,70.32786885245902,5959
فروشگاه سپندار,27,70.29629629629629,618
یس,107,70.2803738317757,1594
فروشگاه تکنو سیستم,38,70.26315789473684,343
امپر,478,70.25523012552301,21644
قلم اندیشه,87,70.25287356321839,10132
انتشارات موثر  ,34,70.23529411764706,358
گروه تولیدی عرفان,35,70.22857142857143,3849
استقبال,81,70.22222222222223,5959
بازرگانی آپوار,20,70.2,1577
مهیاس پلاس,81,70.19753086419753,1351
شرکت رهاسان صنعت,24,70.16666666666667,664
موسسه ی تجارتی شبنم,32,70.125,876
زرین برکت,34,70.11764705882354,130
تهران دکور,46,70.08695652173913,2019
دیلی و برادران,139,70.0863309352518,4046
فاموس,26,70.0,1141
لوتوس کمپانی,143,69.98601398601399,29090
انتشارات پارمیس,61,69.9672131147541,2068
مرکز پخش سناتور,203,69.96059113300493,23241
ایمنس هربال,45,69.95555555555555,369
بانوی تهران,457,69.94748358862144,48525
آسا درمان,30,69.93333333333334,2341
گالری کیان بیوتی,77,69.92207792207792,2517
باغ کتاب ایران,381,69.92125984251969,9972
کانون طب نوین,50,69.92,2047
 هرمودر ,48,69.91666666666667,12300
بیش خوان,138,69.8695652173913,1583
هایپر دکتر,25,69.84,1506
باوین شاپ,117,69.76068376068376,1414
نوزده نودیک,299,69.75919732441471,12127
بازرگانی دلوین,24,69.66666666666667,2548
سرزمین گالری,48,69.66666666666667,7787
فرهنگ زبان,65,69.66153846153846,243
کامیکام,52,69.65384615384616,1231
ونوس طب,40,69.65,1476
آوای کتاب خوب,542,69.63468634686348,7698
قرن بیست و یک,42,69.61904761904762,2685
رادین طب,20,69.6,521
جی 5,40,69.55,570
طراحی و دوخت قرآنی,35,69.54285714285714,373
ماهان آرایش,90,69.4888888888889,3160
مرکز آموزش و تحقیقات صنعتی ایران,166,69.48192771084338,791
تجارت گستر ایرانیان,60,69.46666666666667,5472
ابزار هنر,123,69.44715447154472,6156
مگامال,99,69.43434343434343,2880
تریکو تندیس ,80,69.425,3374
ژیوار,245,69.41224489795918,3033
نسل بوک,222,69.38738738738739,3359
تحریر آوان,48,69.375,14363
فروشگاه شانا,25,69.36,969
کتاب مهربان,65,69.35384615384615,1035
میرشکار,106,69.33962264150944,2210
تحریر پارسه,50,69.32,2966
آقای کلاه,116,69.29310344827586,1947
کالای نیک شاپ,28,69.28571428571429,1563
اودینه,206,69.28155339805825,33468
کارگذاری جنوب,44,69.27272727272727,1588
رسپینا استور,33,69.27272727272727,8661
بیورا,56,69.25,821
دنیای کمپ عالیجناب,45,69.24444444444444,16915
چاپ آذرلاکچری,21,69.23809523809524,788
پرگار میرداماد,144,69.19444444444444,5384
شهر صندل ایران,55,69.12727272727273,946
الوان شاپ,60,69.1,704
مداوا مارکت,24,69.08333333333333,762
فروشگاه نومی,34,69.05882352941177,1090
پخش مرکزی آسمان,90,69.04444444444445,4860
توسعه تجارت خورشید,32,69.0,443
رینوا,28,69.0,3308
ارایشی مولان,241,68.99585062240664,9683
آرشا گیم شاپ,144,68.98611111111111,2711
باهر شاپ,145,68.96551724137932,9426
نورایش,27,68.96296296296296,588
رویاهای مدادی ,27,68.96296296296296,575
چتر آبی,27,68.96296296296296,382
فرش آبی,55,68.9090909090909,881
ارسال,67,68.86567164179104,2050
گالری هنری اقاقیا,53,68.79245283018868,1184
آرانا مد,33,68.78787878787878,1890
ماه بوک,64,68.78125,11654
سپهر ایران,35,68.74285714285715,3772
رویال واچ سنتر,350,68.73714285714286,15206
آیریا اسپرت,84,68.71428571428571,5321
بازرگانی آرایشی ایمان,23,68.69565217391305,7473
هلث مد,81,68.69135802469135,7258
پرتی,510,68.67450980392157,12424
انتشارات اندیشه کهن,92,68.6304347826087,9069
انتشارات نرم افزاری افرند,61,68.62295081967213,646
ارشان طب,30,68.6,307
فرازین گستر,75,68.58666666666667,788
میر تحریر,41,68.58536585365853,627
فروشگاه ایرسا,44,68.54545454545455,4377
فروشگاه رخسار سلامت,30,68.53333333333333,1869
کفش آریایی,75,68.53333333333333,9792
زیبایی ژانین,34,68.52941176470588,490
تیکو پلاس,35,68.51428571428572,1791
شهریار تویز,44,68.5,2864
پینک لیدی,161,68.45962732919254,7414
فروشگاه جوی واتر,156,68.43589743589743,6865
کالا پایتخت,47,68.42553191489361,733
اکسون نوین,353,68.41359773371104,31225
شاهدخت ایرانی,96,68.39583333333333,1453
فروشگاه مهردارو,26,68.38461538461539,6886
سفیاه,142,68.38028169014085,3273
افق استور,41,68.34146341463415,294
نازپا,73,68.32876712328768,2674
ناب ترین کالا,503,68.30616302186878,13240
بازرگانی فراک,53,68.26415094339623,2946
ترنم,57,68.24561403508773,1617
سوغات کرمان بیجاری,49,68.24489795918367,899
آیریک مارکت,50,68.24,1123
شرکت سحاب تجارت اسپادانا,118,68.23728813559322,6120
داروخانه آنلاین دارومن,58,68.20689655172414,2990
آذین مهر,31,68.19354838709677,5463
من و شما,86,68.18604651162791,2663
فکرچین,556,68.17985611510791,19173
کتابسرای اشجع,236,68.17796610169492,2559
لوازم اداری,34,68.17647058823529,1398
فیدار نامدار سورین,24,68.16666666666667,487
وقت خرید خوب,37,68.16216216216216,510
لوکسوره,61,68.1311475409836,5190
انتشارات عروج ایمان,138,68.1159420289855,4812
کالافان,38,68.10526315789474,6082
کتابکالا,12403,68.05611545593808,180913
بازرگانی قدیانی,62,68.03225806451613,486
بازرگانی اسپینو,77,68.02597402597402,2713
گروه طراحی گراسیپا,319,68.01253918495298,6303
مس زنجان,69,68.0,1077
جیک,181,67.98895027624309,947
گلسو,114,67.98245614035088,9757
فروشگاه فیلتر قام,24,67.91666666666667,1008
گالری هارمونیک,62,67.90322580645162,7429
دنیای سلامتی زیبایی,82,67.90243902439025,1072
کامودیتی,32,67.875,808
مانلي,74,67.86486486486487,2992
یک درجه فراتر,40,67.85,449
گالری عطر ایران,43,67.81395348837209,991
رهامه گالری,258,67.81395348837209,3130
دکوماتوس,30,67.8,277
نشر دلهام,20,67.8,303
وهامان,288,67.79861111111111,4491
سایدا سنتر,84,67.78571428571429,26400
تولیدی آرکو,62,67.7741935483871,2581
گالری ناصر,25,67.76,4234
داروخانه حکیم گل,402,67.73134328358209,24543
استارنت,22,67.72727272727273,933
ماهرخ شاپ,77,67.68831168831169,690
آمیتیس مارکت,61,67.67213114754098,42992
شرکت پدیده شمیم قائم,74,67.64864864864865,752
لوازم آرایشی و بهداشتی بالرین,86,67.62790697674419,674
یاساطب,45,67.6,1033
ساترین شاپ,57,67.57894736842105,3280
به پخش نوین,65,67.56923076923077,1728
بی بی باف ترنج,74,67.56756756756756,2279
نارمک سنتر,129,67.51937984496124,2100
نواتک,43,67.44186046511628,1465
پیکسل باز,50,67.4,1397
فروشگاه ژپتو,42,67.38095238095238,2688
نیلند,66,67.33333333333333,483
آنالند شاپ,38,67.3157894736842,873
طهران کالا,233,67.28755364806867,29634
بازرگانی سانای,103,67.28155339805825,6229
نوریانی استور,99,67.27272727272727,5396
آرکا تحریر,153,67.25490196078431,14064
کیف سازان,214,67.22429906542057,14090
پخش اورین,79,67.21518987341773,3617
شانیلند,56,67.21428571428571,4388
بازرگانی ارکیده,88,67.20454545454545,7166
رز کلین,32,67.1875,1570
یگانه ابزار,54,67.18518518518519,1933
مولتی آلفا,27,67.18518518518519,4863
گالری جورواجور,24,67.16666666666667,1555
لیما بوم,33,67.15151515151516,1280
الی سرگل,35,67.14285714285714,320
چرم دیاکو,81,67.1358024691358,12168
تریکو صالحی,23,67.1304347826087,86
باران رخ,20,67.1,1356
شایان ویژن,63,67.07936507936508,1838
هامتو کو,122,67.06557377049181,1760
پوشاک مجیک,49,67.06122448979592,1074
انتشارات صدرا آثار استاد مطهری,78,67.05128205128206,493
چاپ پاییزان,87,67.01149425287356,608
تولیدی برهان تن پوش,97,67.01030927835052,21031
کوه مان,93,66.98924731182795,10968
پخش آرکا مارکت,366,66.97814207650273,11758
آرتا لند,79,66.9620253164557,709
گیشا تجارت قشم,51,66.94117647058823,4719
تحریرمهراد,36,66.88888888888889,2477
بازار دهکده,70,66.88571428571429,944
پارس مهر,46,66.8695652173913,497
فروشگاه مجدالاشرافی,26,66.84615384615384,92
سورفین,24,66.83333333333333,1715
هارمونی مارکت,155,66.81290322580645,1772
راحات گییم,25,66.8,1797
رسا کالا,89,66.76404494382022,2980
کینگ وایت,184,66.76086956521739,13996
بازرگانی گیلدا,27,66.74074074074075,6141
بازرگانی سلامت پوست,73,66.73972602739725,7766
فن آوران هایا البرز,49,66.73469387755102,470
ندای مردم,41,66.73170731707317,266
گیسو استور,42,66.71428571428571,4283
ثنابانو,29,66.6896551724138,696
نیودیران,37,66.64864864864865,1780
صورتی سنتر,49,66.61224489795919,3563
سنجاقک نوت,23,66.6086956521739,53
ماندارین,299,66.60200668896321,10472
بازرگانی تانیان,165,66.5939393939394,5684
پخش شاهکار,128,66.59375,1958
بازرگانی مینال,28,66.57142857142857,224
پاریس بیوتی,103,66.5631067961165,1279
فروشگاه بندرشهر,57,66.49122807017544,530
محصولات سالم بهارنارنج,58,66.48275862068965,382
عالی قاپو,81,66.46913580246914,632
فروشگاه انصاری بازار,56,66.46428571428571,433
کیتی استور,50,66.44,3451
فرابوک,96,66.4375,9399
شرکت فرش سهند,165,66.42424242424242,4056
تولید لباس بچگانه گراکو,140,66.38571428571429,1102
پرهام شاپ تهران,69,66.34782608695652,1223
فردوس تحریر,47,66.34042553191489,401
نی نی سیس,30,66.33333333333333,271
نی نی ک,96,66.33333333333333,1462
کوتکا,1009,66.31119920713577,77623
خانه عطری,26,66.3076923076923,125
بهکامان صبا,156,66.2948717948718,1177
آنکادر,21,66.28571428571429,1239
الماس تجارت ایرانیان,416,66.28365384615384,29698
کتابفروشی اندیشه,560,66.28214285714286,6619
فرگل گالری,111,66.1981981981982,7740
آفرمارت,55,66.18181818181819,9578
فردزند,24,66.16666666666667,164
خرازی فرهاد,125,66.16,16588
پخش پدیده,52,66.15384615384616,2701
پیشگامان,119,66.15126050420169,1344
پاپیلون دستسازه,280,66.15,11814
پازل شاپ,219,66.12785388127854,12699
میرا الکتریک,34,66.11764705882354,497
سنتر تهران,93,66.10752688172043,1624
دستچین کالا,428,66.09345794392523,4390
گروه آپادانا,22,66.0909090909091,782
کارلوس,24,66.08333333333333,1664
دیاموند بلک,250,66.064,19756
یانگوم,1952,66.05430327868852,198134
لینوفر,53,66.0,140
ایرانیان توس,30,66.0,502
فروشگاه یشیل,35,65.94285714285714,3282
تولیدی فانتزی,165,65.92727272727272,5954
پخش پایتخت,77,65.8961038961039,4794
سی و سه پل,188,65.85106382978724,8012
نوین رایانه جانبی,370,65.84864864864865,2615
شیمر بیوتی,25,65.84,180
ویفا توریست کمپ,24,65.83333333333333,85
گالری شعله,33,65.81818181818181,718
فامیلیران,55,65.81818181818181,337
بازرگانی آوان,168,65.80952380952381,3360
کوهنوردی و کمپینگ و تاکتیکال,124,65.79032258064517,6292
عطاری فراهانی,38,65.78947368421052,184
اکسالیس,37,65.78378378378379,3064
پخش روژا,27,65.77777777777777,2850
سیسمونی,44,65.77272727272727,1209
کوچه کتاب استور,2226,65.7726864330638,19369
امیدوار,26,65.76923076923077,832
 فرنوشک,60,65.76666666666667,2001
ایفوریا گالری,210,65.74285714285715,4225
حاجی ارزونی تهران,85,65.74117647058823,3841
کیفانی چرم,59,65.72881355932203,1476
گلاریس هنر,21,65.71428571428571,1814
لی لی بیوتی,41,65.70731707317073,4503
مدبیس,281,65.69395017793595,27619
زمین کالا,39,65.6923076923077,6928
 گیتا,58,65.6896551724138,1378
بازرگانی ایران نوین,63,65.68253968253968,3396
رخ پلاس,78,65.66666666666667,3062
نکویار,106,65.66037735849056,638
تیج,133,65.65413533834587,1816
بازرگانی فدائی,45,65.64444444444445,964
فرهنگسرای ماهور,28,65.64285714285714,284
تک مونده,22,65.63636363636364,367
ارزانکده کوکاتیل,100,65.62,3758
شاهان نوین,46,65.6086956521739,568
براسیس,20,65.6,167
اکو مال,50,65.6,3306
کریمانه,29,65.58620689655173,193
مرسین,38,65.57894736842105,968
چشمک کالا,33,65.57575757575758,2140
اورین کو,27,65.55555555555556,2936
تکسام,29,65.51724137931035,1246
هشت تا هشت,77,65.48051948051948,3347
کارناوال کلاه,73,65.47945205479452,17362
هودانا,244,65.4672131147541,1995
فروشگاه کیف نت,22,65.45454545454545,1794
مد و استایل دوستان,22,65.45454545454545,525
کفش شاهین اصفهان,73,65.45205479452055,334
خوشگل موشگل,29,65.44827586206897,541
جهان رایانه,119,65.4453781512605,3266
فروشگاه گالری شفق,149,65.43624161073825,3019
لوازم پزشکی شیراز,39,65.43589743589743,880
زی گروپ,602,65.43189368770764,13918
باکسیتو,52,65.42307692307692,1461
کفاش مشهد,79,65.41772151898734,1664
نویا مد,37,65.4054054054054,1407
پایتخت نوین,57,65.40350877192982,604
الماس آذر سبزینه,69,65.3913043478261,9668
پاما شوز,501,65.3812375249501,4611
 فروشگاه جوی مارکت,118,65.37288135593221,5857
پایون توزیع کالا,60,65.36666666666666,923
اسپنکوژل,22,65.36363636363636,198
بازرگانی آرادین,37,65.35135135135135,2018
بافت کرک,55,65.34545454545454,544
مرکز تامین تجهیزات تصفیه آب,206,65.33980582524272,6721
زرین پیرکس آزما,179,65.31843575418995,5106
پرنیان تجارت,25,65.28,2362
ورزشی کالا,22,65.18181818181819,848
خلیج فارس,97,65.15463917525773,2897
میکاسا تویز,96,65.10416666666667,4403
محصولات بهداشتی پرنسس,20,65.1,133
فروشگاه سیسمونی آرمین,22,65.0909090909091,98
سارنگ بوک,187,65.0909090909091,3513
شبکه پخش دید برتر,511,65.08023483365949,8407
پرشین پرفیوم,26,65.07692307692308,3134
فروشگاه آرایشی بهداشتی سعید,52,65.07692307692308,990
ایران تحریر شاپ,210,65.04761904761905,11946
پخش کالای شمس,23,65.04347826086956,1624
فکری و آموزشی میثاق,25,65.04,408
مستر دیمو,22,65.0,141
بنپوش,135,64.99259259259259,14593
هشت خرداد,117,64.99145299145299,3138
شرکت چم تویز,327,64.9908256880734,46639
سیما پخش,117,64.97435897435898,346
سوریکا,23,64.95652173913044,1238
اوپوس,296,64.93243243243244,13357
کیمدی شاپ,127,64.92913385826772,854
دنیای برچسب و تحریر,26,64.92307692307692,322
پخش پارتاک,241,64.92116182572614,13733
آریاکار,31,64.90322580645162,1596
راک استار گیم,50,64.88,4627
مهرآذین,114,64.87719298245614,4641
زعفرانیه,295,64.87457627118644,21108
بادیزلند,21,64.85714285714286,55
آشام شاپ,49,64.85714285714286,6767
آلپاين,75,64.85333333333334,909
هیرلند,59,64.8135593220339,1319
الف با,186,64.80645161290323,8811
ایران ایتالی,20,64.8,794
کتاب باغ,30,64.8,535
فیتنس سیتی,28,64.78571428571429,1586
شرکت عصر آتی,31,64.7741935483871,7082
حرفه هنرمند,26,64.76923076923077,29
فروشگاه هم تاس,21,64.76190476190476,3743
فروشگاه کانون,168,64.75,4748
نو آوران سلامت,83,64.74698795180723,1015
راز مارکت,38,64.73684210526316,1342
بی اکسلنت,70,64.71428571428571,442
بیوتی سرای ایران,106,64.69811320754717,5445
آلما مد,150,64.68,3737
جورواجور شاپ,83,64.67469879518072,4399
آرمان پرداز,87,64.66666666666667,14511
وارونه,182,64.65934065934066,9787
لیاناهوم,35,64.62857142857143,3604
مهرنور,158,64.60759493670886,2137
آوا پات,76,64.60526315789474,1045
هادلند,2083,64.5933749399904,49667
منوشما,50,64.56,622
شادرنگ,122,64.55737704918033,6403
پارس کیان,22,64.54545454545455,2805
ماهان تن پوش,45,64.4888888888889,1753
میرور شاپ,38,64.47368421052632,479
زلال سازان مهر ایران,72,64.38888888888889,4500
تری لیوم,36,64.38888888888889,4945
سپند آسا,227,64.37885462555066,13832
لونا مارکت,275,64.37818181818182,27005
 بستان بوک,51,64.3529411764706,5438
فروشگاه هنر افق,40,64.35,1777
شرکت زلال قطره پارس,48,64.33333333333333,1254
کوثر استور,169,64.31952662721893,16149
پر پریا,39,64.3076923076923,5524
رویا کاغذی,101,64.25742574257426,1027
جیبی بوک,164,64.2560975609756,8185
راه مدرسه,371,64.23180592991913,9196
پاسارگاد اسپادانا,45,64.22222222222223,318
آفیس من,196,64.18367346938776,4318
جلوه دلدار,44,64.18181818181819,1774
بوک نت,1524,64.16797900262468,12188
ماهان ماهرو,37,64.16216216216216,758
گالری هستی و هلنا,251,64.14342629482071,4718
کتاب فروشی مولانا,420,64.12857142857143,4979
ساچو,32,64.125,317
سادنیز,225,64.10666666666667,5921
استودیو هنری مریم,97,64.0618556701031,756
شهراد اپوکسی,87,64.04597701149426,885
پخش مهلا,45,64.04444444444445,5324
ملکا شاپ,127,64.01574803149606,24138
گالری هدیه کارن,65,64.0,1840
پروندبوم,33,64.0,482
نو دوخت,21,64.0,413
گدیر,96,63.958333333333336,1244
بازار تخفیف,85,63.95294117647059,4150
کیدز لند,37,63.945945945945944,347
آریا پروشاپ,37,63.891891891891895,1990
عطر و رنگ,150,63.86666666666667,39573
چرم بارثاوا,118,63.86440677966102,1539
ایده پردازان مارال,172,63.825581395348834,2043
گروه بازاریابی کیانا,22,63.81818181818182,578
بازرگانی رایان رایحه,31,63.806451612903224,804
ماهشاد شاپ,29,63.793103448275865,310
تولید کلاه تهران,33,63.75757575757576,1567
محمودی راد,22,63.72727272727273,8536
رزالیاگالری,145,63.724137931034484,1208
مازوکندل,21,63.714285714285715,313
دومیلون,384,63.713541666666664,14109
کنفکده,27,63.7037037037037,478
رادمهر هوم,40,63.7,458
نوا بردگیم,26,63.69230769230769,287
تویز کیدز فانی,55,63.67272727272727,1746
نانو چرم,27,63.629629629629626,352
آکام من,75,63.626666666666665,2443
گالری هنری پرنسا,32,63.625,4678
آدین چرم,322,63.61490683229814,12004
رویال چرم,98,63.59183673469388,1536
نیلگون شاپ,44,63.59090909090909,1878
هلن گالری,180,63.56666666666667,936
پوشاک بنیس,96,63.541666666666664,3444
کیف و کفش حمید,37,63.513513513513516,304
لیانو شاپ,96,63.5,2832
آویده شوز,52,63.5,622
کفش نسیم,70,63.48571428571429,2191
فریمند,84,63.476190476190474,1469
چرم گیال,34,63.470588235294116,81
گلدان,60,63.46666666666667,2107
امیرو کالا,59,63.45762711864407,1185
عطریات اوا,66,63.45454545454545,2311
فروشگاه لطافت,59,63.42372881355932,1005
بازرگانی زیو,124,63.403225806451616,659
کالایاری,152,63.39473684210526,4347
دست سازه های ابریشم,211,63.39336492890995,4100
اکسسوری نامی,52,63.38461538461539,2483
آریان تجهیزراد,122,63.377049180327866,7906
ژینو پوشاک,31,63.354838709677416,1095
چرم کروماکی,304,63.30921052631579,12795
سیمارو,132,63.303030303030305,2041
شایسته شاپ,71,63.29577464788732,1638
هاناز,36,63.27777777777778,186
تکسل,22,63.27272727272727,208
ایرسا بیوتی شاپ,67,63.25373134328358,504
اسباب بازی نیما,396,63.25252525252525,28318
بازرگانی آف,105,63.23809523809524,1001
صحبا,304,63.2171052631579,36030
عطر ایریش,61,63.21311475409836,2632
اورال کلینیک,148,63.189189189189186,11314
رایکا,22,63.18181818181818,1941
شیک و زیبا,136,63.1764705882353,6838
وحیدالکترونیک,24,63.166666666666664,2109
تولیدی آرامش سازان خلج,20,63.1,243
کتاب تحریر پرتقال,42,63.04761904761905,222
نوژابوک,431,63.04408352668214,14857
انتشارات منتشران,27,63.03703703703704,126
تجارت اریا,189,63.03703703703704,6867
کتابسرای آوین,122,63.032786885245905,2097
امیر احسان,33,63.03030303030303,138
گالری سرای مریم,39,63.02564102564103,141
لوکس شو,65,63.01538461538462,1277
پارساراد,142,63.0,1607
زرین برگی,66,63.0,1524
سعادت استایل,114,63.0,20282
دمو شاپ,21,62.95238095238095,204
چرم عطارد,172,62.94186046511628,3102
ژرمن کالا,39,62.92307692307692,251
عطر ما,231,62.90909090909091,2949
رازآور,244,62.90163934426229,1775
پرینس,88,62.88636363636363,7534
بوژان آرا,32,62.875,412
روک لانژ,37,62.86486486486486,471
انتشارات کتاب نارنجی,51,62.86274509803921,945
 هم میهن,43,62.83720930232558,315
کتاب سالم,8733,62.826520096186876,105448
نشر پرتقال,109,62.825688073394495,442
مربع مکعب,245,62.80816326530612,6393
پرتقال شیرین,122,62.721311475409834,8713
پوشاک آرشیا,20,62.7,85
دالان,33,62.666666666666664,740
سردار تحریر,27,62.666666666666664,604
لباس زیر ماه,21,62.666666666666664,361
کفش سعیدی,70,62.65714285714286,941
فرفوژه,22,62.63636363636363,196
فروشگاه پوشاک تاپیک,30,62.6,149
اسپادان هوم,72,62.583333333333336,3623
سکرت شاپ,235,62.57872340425532,9059
معیار شاپ,307,62.56677524429968,8299
دست ساز های قاصدک,32,62.5625,3852
سراجی مهیار,26,62.53846153846154,633
کتابینه بوک,209,62.45933014354067,7621
پوشاک طائمه,31,62.45161290322581,254
نارمک مد,27,62.44444444444444,59
سام و نرگس,45,62.44444444444444,13153
الیزیوم,380,62.42631578947368,21561
ورهرام بیوتی,29,62.41379310344828,163
 آلتیادو,29,62.3448275862069,484
پروما گالری,612,62.333333333333336,19942
زر نگار,30,62.333333333333336,387
بهتا تولید,43,62.325581395348834,1244
کتابسرای نگار,91,62.30769230769231,4410
پخش آبگینه,562,62.24199288256228,55504
بلوط سبز توس,32,62.1875,79
آینده کتاب,322,62.17391304347826,4531
کودک سیتی,23,62.17391304347826,970
دیان,113,62.15929203539823,2062
کانتینر,130,62.07692307692308,2642
کیش محمد تجارت,22,62.0,336
آذرخش پرتو,28,62.0,1425
باهوز,20,62.0,184
 فرشتگان,370,61.97837837837838,1713
پخش کوشایی,67,61.940298507462686,794
پزشکی و بهداشتی هیراد,176,61.93181818181818,16772
 شیک پا,29,61.93103448275862,98
پیکسل تک,54,61.925925925925924,5730
اسمارت,24,61.916666666666664,1179
آس تجارت,23,61.91304347826087,384
مالربرو,23,61.91304347826087,466
هلیس,75,61.89333333333333,489
بازرگانی گلها,201,61.87064676616915,7316
برکه کتاب,642,61.84423676012461,6823
گیتی شاپ,113,61.84070796460177,2298
اینلاو,450,61.81777777777778,32578
صنایع چرم دلارز,20,61.8,944
مدیکال اینترنشنال,84,61.785714285714285,3041
دکوراتیو آرکیا,61,61.77049180327869,350
گلد بیوتی سنتر,200,61.77,2609
اقای تحریر,64,61.75,3363
نرسیس مارکت,53,61.735849056603776,281
توریست کمپینگ,37,61.729729729729726,422
دلگان,183,61.67213114754098,1201
ایرانیان همراه,196,61.6530612244898,6232
فن آرت,46,61.65217391304348,441
مرینوس لند,61,61.63934426229508,638
فروشگاه سنجاقک,46,61.608695652173914,565
رایان فرید,162,61.60493827160494,13103
لوازم آرایشی هفت رنگ,125,61.6,1211
رایان زمانی,44,61.59090909090909,206
لوازم تحریر قائم,29,61.58620689655172,499
خوبان جنوب,96,61.583333333333336,3518
دلشاد مارکت,38,61.578947368421055,1060
زولا مارکت,37,61.567567567567565,5398
هلسی کالا,37,61.567567567567565,343
نیچرلاو,32,61.5625,335
نایس لند,32,61.5625,104
ایرانوس,355,61.56056338028169,14058
بنیسا,48,61.541666666666664,603
گلوریس,25,61.52,1302
شهرقصه,48,61.5,769
پوزیدون شاپ,24,61.5,285
ویندا شاپ,114,61.49122807017544,5058
نی نی روم,475,61.4778947368421,13970
خانه چرم آنا,25,61.44,152
مانی کو,24,61.416666666666664,1102
بازرگانی اکسون,305,61.40983606557377,28647
سیمرغ کمپ,33,61.39393939393939,557
آرمان چرم تهران,35,61.371428571428574,225
کام سیلور,22,61.36363636363637,478
انتشارات گوهردانش,152,61.35526315789474,2037
آفر ا استور,111,61.351351351351354,4327
تولید و پخش مهرداد,439,61.348519362186785,22176
گلدن ریور,127,61.338582677165356,5637
اترنال بیوتی پلاس,47,61.319148936170215,1189
موسیقی بتهوون,464,61.314655172413794,12406
خانوم حنا,25,61.28,316
هایپر سیتی,137,61.25547445255474,3452
ابزار آوا,25,61.2,3331
طب کده,35,61.2,522
گالری عطر بارانا,154,61.1948051948052,7102
گالری چرم جانان,71,61.183098591549296,1487
فروشگاه کرم پور,247,61.1578947368421,6737
اسپرسو,45,61.15555555555556,1097
گاتهام,47,61.148936170212764,8227
مارکت سالن,56,61.142857142857146,1787
استریمو,205,61.13170731707317,5702
آرایشی دنیای زیبایی,25,61.12,514
دهلیز,20,61.1,143
کالج مارکت,191,61.089005235602095,29893
ممد بیوتی,133,61.08270676691729,879
انتشارات شولا,90,61.06666666666667,370
هنری اموریس,30,61.06666666666667,222
کالدرا,51,61.05882352941177,6410
آقای ست,129,61.054263565891475,561
دینا نیل,67,61.04477611940298,12874
دخمه,23,61.04347826086956,344
رخ آذین,103,61.029126213592235,1046
مهدخت توس,221,61.022624434389144,4220
شیکدو,138,61.01449275362319,706
پخش البرز,342,60.97076023391813,4930
فروشگاه عطر سپیدار,1139,60.9640035118525,34744
 فروشگاه رزلند,40,60.95,1472
آرایشی بهداشتی سحر,28,60.92857142857143,561
 کلاریس هوم,54,60.925925925925924,391
گالری ملاصدرا,268,60.91044776119403,3816
مهر و ماهور,62,60.903225806451616,1131
نیل کوک,187,60.86631016042781,5655
آسمان علم,190,60.863157894736844,2374
شیک شی,85,60.84705882352941,1695
جماعت,162,60.80246913580247,887
آرین سامان,20,60.8,338
بازرگانی آرشیدا,35,60.8,1004
خرد و اندیشه,1442,60.779472954230236,19484
مروارید سبز آسیا,24,60.75,117
نیوو کالا,33,60.72727272727273,2679
کتاب نایاب,666,60.71471471471472,35446
دکو مارکت,92,60.69565217391305,1005
نبراسکا,26,60.69230769230769,167
فروشگاه نوین پارت,37,60.648648648648646,1432
رزیران آرت,25,60.64,118
مجتمع فنی میرعلوی,45,60.577777777777776,184
پکاوج,418,60.569377990430624,27774
سبد مارکت,43,60.55813953488372,425
گالری جاده ابریشم,50,60.52,1235
پخش کرامتی,24,60.5,135
نگین نما نگار,34,60.470588235294116,172
انتشارات قدیانی,219,60.465753424657535,3078
اریدو,209,60.45933014354067,8554
آبتین,120,60.45,3901
الفبای عشق,262,60.43511450381679,3443
 ایران بیوتی,28,60.42857142857143,247
محصولات فرهنگی نور کوثر,30,60.4,136
رخشان استور,36,60.388888888888886,2431
حریق سبز,43,60.372093023255815,5539
تجهیزات ری,23,60.34782608695652,174
زیباوش,585,60.33162393162393,25870
گارینه,32,60.3125,10114
فروشگاه آلتزال ,20,60.3,519
خوش پاک,35,60.285714285714285,299
اف بی کالا,37,60.270270270270274,1135
کتابسرای نوین,333,60.26426426426426,11486
سیتروزن,54,60.25925925925926,703
کالاوا,26,60.23076923076923,638
رابیلو,92,60.21739130434783,872
 شمیم ,161,60.161490683229815,7025
فروشگاه ماهان,65,60.15384615384615,175
هوس لند,108,60.148148148148145,880
خانه کتاب و بازی,320,60.14375,2190
بوک آشام,503,60.1272365805169,11212
نستران,35,60.114285714285714,910
ویکدی,195,60.07179487179487,3894
سپنتا شاپ,91,60.043956043956044,405
آلتین آی,129,60.031007751937985,1456
پرفیموس,188,60.02127659574468,4860
ترانه بارانا,26,60.0,182
گرین پوینت,36,60.0,245
انتشارات پدیده دانش,117,60.0,1591
ژینا طب,108,59.98148148148148,9028
تامین کالای نو,59,59.96610169491525,506
کیان شاد,89,59.93258426966292,2352
رویاسنتر,221,59.92760180995475,17401
کیدتو,25,59.92,1157
گالری حسن پور,21,59.904761904761905,2332
گالری برج خلیفه,41,59.90243902439025,1624
فروشگاه جی کو,34,59.88235294117647,149
گالری ریماز,70,59.82857142857143,680
ساز آدرین,126,59.77777777777778,1963
کتاب زر و سیم,50,59.76,119
فصا,124,59.74193548387097,8974
یکتا گیم,60,59.733333333333334,770
شرکت مد و پوشاک توتم,22,59.72727272727273,185
بابی گالری,29,59.724137931034484,2182
ثمن کالا,34,59.705882352941174,395
پاندا گیمز,40,59.7,1031
کیانا بوتیک,50,59.68,1597
بازرگانی فاکس,28,59.642857142857146,148
خانم و آقای مداد,304,59.63157894736842,3701
فانتازیو پلاس,132,59.60606060606061,775
 شاپ حاتم,227,59.60352422907489,1112
بوفه کتاب,25,59.6,69
پیتایا,145,59.6,4325
رقابت,116,59.56896551724138,1181
هوم اپلاینس,21,59.523809523809526,98
کفش کهکشان ,25,59.52,1866
پزشکی هدف درمان,20,59.5,227
اهورا مهر شایان,55,59.49090909090909,2416
سحرمدیکال,35,59.48571428571429,769
جوگو,27,59.48148148148148,673
لیته,71,59.46478873239437,405
چرم سيال پاسارگاد,66,59.45454545454545,997
نهال دونه,36,59.44444444444444,1168
بامداد سلامت,60,59.43333333333333,3175
بنسر,105,59.40952380952381,18541
دیوارکوب جذاب من,89,59.39325842696629,494
آداناکالا,46,59.391304347826086,672
استریو تومبا,2841,59.385427666314676,19718
پخش آرایشی بیوتی,133,59.32330827067669,575
پوشاک گل آرا,249,59.31726907630522,7028
گالیله کوچولو,38,59.31578947368421,480
اوسر,29,59.310344827586206,311
مدنگار,34,59.294117647058826,282
ویولا رز,282,59.290780141843975,3895
تولیدی ستارگان,60,59.266666666666666,2220
موسیقی درویشخان,43,59.25581395348837,588
فروشگاه خواجو,90,59.24444444444445,536
طراحی ستا ره,62,59.225806451612904,359
جواهران,120,59.21666666666667,6165
گالری نیمرخ,940,59.2,19525
آوا تویز,27,59.18518518518518,1300
لورنس,44,59.18181818181818,3340
امیر نشان,78,59.17948717948718,1016
پازل کیان,77,59.142857142857146,2410
تجهیزات پزشکی کیمیا,44,59.13636363636363,187
گالری علی بابا,884,59.11085972850679,18363
اکسسوری ماهرخ,122,59.09836065573771,2795
استار لاکچری,22,59.09090909090909,213
بلوط لدر,28,59.07142857142857,330
گیتاشناسی نوین,50,59.04,822
 آرتام,27,59.03703703703704,803
اترک شاپ,28,59.0,1404
رها اسپرت,229,58.96069868995633,4151
رخ پرداز,102,58.94117647058823,1838
جنتلمن گالری,43,58.93023255813954,2097
کفش رشد,70,58.91428571428571,943
آرما,35,58.91428571428571,244
شیدا تحریر,32,58.875,906
اطلس پخش,38,58.8421052631579,701
نایس بیبی شاپ,29,58.827586206896555,157
آهودیا,264,58.81060606060606,11290
دیسک چوبی شازده,51,58.78431372549019,744
جیمی شاپ,686,58.737609329446066,14545
هانامد,22,58.72727272727273,261
طبیعت مارکت مرکزی,79,58.70886075949367,1568
آراد سنتر,99,58.707070707070706,2151
ایران گستر تهران,26,58.69230769230769,672
خط هنر,74,58.67567567567568,2558
پخش پرسپولیس,137,58.67153284671533,4460
پخش ایرسا,56,58.642857142857146,1807
فخرهنر,29,58.62068965517241,54
اسنو,848,58.60849056603774,38751
چرم صادراتی تبریز,72,58.583333333333336,227
سیحون بوتیا,39,58.56410256410256,217
حجاب فاطمی,86,58.55813953488372,1695
چوب ارا,28,58.5,718
مکعب مارکت,33,58.484848484848484,73
بارلی استور,58,58.48275862068966,794
دسار,22,58.45454545454545,446
لوکس تحریر مهدی,295,58.433898305084746,22786
پیشتاز سلامت,732,58.41256830601093,73193
سپنتاافزار,62,58.354838709677416,370
دیمو بگ,54,58.333333333333336,1250
شهر صندل هفت گام,30,58.333333333333336,226
احساس برتر,24,58.333333333333336,462
بازرگانی مدرسی,118,58.30508474576271,6312
پژواک زندگی,21,58.285714285714285,81
بالمی لایف,232,58.25,1689
فروشگاه آدنیس,25,58.24,500
قصر ماه آرا,72,58.19444444444444,5340
شمع و قلم,62,58.193548387096776,2452
رویای نارنجی,62,58.193548387096776,554
چاچامیک چایلد,32,58.1875,247
هستا,34,58.1764705882353,970
کتابهای فیل و فنجون,156,58.166666666666664,3260
خانه هیجان,87,58.160919540229884,3797
کیاکتی,231,58.15584415584416,4462
ناب ترین کیفیت,57,58.14035087719298,666
گروه هنری سارنگ,64,58.125,1232
بازرگانی کارنا,40,58.1,168
تجهیزات دانیال روژ,20,58.1,112
آی تک فهیمی,20,58.1,475
 سایه آرت,74,58.08108108108108,322
بازرگانی اریکا,142,58.070422535211264,15065
هایپر برند,106,58.0,1402
باپاری,272,57.93382352941177,6242
دنیای سرگرمیهای کمیاب,542,57.904059040590404,12292
انتشارات کاردستی,266,57.902255639097746,2588
واستین,75,57.89333333333333,3105
مد و پوشاک رحیمی,33,57.878787878787875,341
ارایشی آرمان,33,57.878787878787875,249
نوین تل,44,57.86363636363637,2177
فروشگاه دنیای بازی,179,57.85474860335196,3968
زردیس,332,57.8433734939759,4405
روجا تجارت,108,57.833333333333336,6031
بازرگانی شانو,205,57.82439024390244,10724
دهکده صورتی,21,57.80952380952381,149
رویای آرمانی,175,57.794285714285714,1717
کارنیکا مارکت,473,57.76744186046512,6599
وی لوکس,64,57.75,750
ایوان بوک,321,57.74454828660436,13972
سپیمو,93,57.69892473118279,1266
پرستیژ ایران,37,57.67567567567568,469
گالری لیا,115,57.6695652173913,1410
گالری آونگ,120,57.666666666666664,672
درماکده ایران,93,57.634408602150536,10564
نایلون سبز,25,57.6,3674
درخشش رنگ,25,57.6,85
تهران استور,80,57.55,4702
آذرآنتیک,83,57.54216867469879,528
اریاپیرکس,72,57.52777777777778,2276
شات پلاس,97,57.52577319587629,1447
آوای مکتوب,33,57.515151515151516,790
باریزان,40,57.5,467
گلاور,23,57.47826086956522,43
چی چاپ,590,57.47796610169492,3078
تولیدی نامی بامی,52,57.46153846153846,275
صدف بوک,125,57.456,12768
ارزان سرای خورشید,110,57.45454545454545,5098
عمده خرده,69,57.44927536231884,5573
یا سماع ,453,57.44812362030905,10435
کتاب برنا,187,57.44385026737968,920
برنس,109,57.43119266055046,282
کالا پخش ایرانیان,241,57.41908713692946,13891
جنگل رز,58,57.41379310344828,263
نمدطب,34,57.411764705882355,96
طب سما,87,57.40229885057471,2670
تجهیزات پزشکی ونوس,30,57.4,5661
اهورامهر,25,57.36,638
شاهین نوین,81,57.358024691358025,1048
دربی اسپرت,31,57.354838709677416,584
پخش هزاردستان,54,57.333333333333336,476
ساریناگل,109,57.321100917431195,254
نرم افزاری نوین,119,57.3109243697479,4230
نیکو,20,57.3,81
گالری آمریا,195,57.282051282051285,3558
بیگای استودیو,51,57.254901960784316,3168
برترشاپ,24,57.25,44
ایران رهام,141,57.248226950354606,18002
روبویونیک شاپ,53,57.20754716981132,2051
آرایشی و بهداشتی جزیره یک,25,57.2,339
بوهوبابا,85,57.1764705882353,207
فروشگاه بزرگ البرز,68,57.1764705882353,5219
روزن بوک,117,57.14529914529915,936
گالری سل آواز,56,57.107142857142854,814
آفتاب درخشان خاورمیانه,20,57.1,9534
فایننس,139,57.093525179856115,8423
امپرسیون,88,57.09090909090909,2841
شهرگیفت,40,57.05,1952
سیسمونی نینی کوچولو,77,57.03896103896104,441
تولید و پخش ایران زمین,178,56.95505617977528,1529
پارسا السا,65,56.95384615384615,3829
چهرازی استور,107,56.953271028037385,1035
آلیزارین,148,56.945945945945944,3298
مشکات لند,187,56.898395721925134,2196
گنجینه دانش,65,56.86153846153846,319
گالری پوشاک مرکزی,137,56.86131386861314,10095
چرم رادیس,144,56.861111111111114,1739
دایان تجارت نوین,31,56.83870967741935,237
گالری رویال کلاسیک,53,56.83018867924528,118
فراز پایتخت,315,56.8063492063492,5712
ارتباط برتر هیمو,35,56.8,137
گالری شهر ما,56,56.785714285714285,1872
کتاب طلایه,97,56.74226804123711,552
استاویتا,198,56.73737373737374,2415
رویال ویژن,33,56.72727272727273,705
شهر بانو,65,56.707692307692305,1018
آوا تجارت,23,56.69565217391305,109
انتشارات حک,23,56.69565217391305,36
ماگدا,33,56.666666666666664,5349
پخش پارسان,94,56.659574468085104,3167
پویان,1332,56.64264264264264,15854
خانه کیف,176,56.63636363636363,8205
فروشگاه بورگاندی,65,56.61538461538461,809
گول چیچک,36,56.611111111111114,105
مون لایت بیوتی,76,56.60526315789474,639
ژینوس بیوتی,126,56.6031746031746,387
بازرگانی روز ایران,49,56.53061224489796,411
نمایشگاه کتاب,395,56.470886075949366,2267
فروشگاه کتاب مان,218,56.46788990825688,1647
رنگ سرخ,43,56.46511627906977,153
آنا ائل,88,56.45454545454545,669
نوین هدف,54,56.44444444444444,1884
معرض اخوان ,27,56.44444444444444,172
شاپ بوم,23,56.43478260869565,113
شرکت عطرآگین,112,56.42857142857143,2051
النام,80,56.4,3946
سرایش,44,56.36363636363637,454
انوش گالری,34,56.35294117647059,837
بارااستور,47,56.340425531914896,3443
بازرگانی رادمنش,47,56.340425531914896,1179
 پرشین لند,33,56.303030303030305,773
لوح هنر,91,56.285714285714285,715
ملل مارکت,93,56.27956989247312,302
کتابهای نردبان,157,56.267515923566876,789
چرم آرا,307,56.20195439739414,10445
کندا چرم,26,56.15384615384615,113
کوه کالا,73,56.136986301369866,1512
مفتح,34,56.11764705882353,1104
کالای هوم تک,21,56.095238095238095,815
انتشارات پیام مهرعدالت,675,56.09185185185185,3870
پیشگامان به شم آرا,93,56.064516129032256,393
فروشگاه شاپرک,32,56.0625,144
کاویس,32,56.0625,476
ارایشی شهرزاد,1139,56.02985074626866,52082
ماسن تویز,82,56.02439024390244,5764
ماهلین آرا,37,56.0,1608
پت نام,22,56.0,675
کتابسرای دانشمند,1132,55.98409893992933,9218
دکوراسیون داخلی رویال,20,55.9,253
پوشیکا شاپ,132,55.878787878787875,1461
پاراکورد,59,55.86440677966102,706
باکس تویز,50,55.84,3581
بازرگانی انیس,85,55.83529411764706,1006
نوشکام,84,55.833333333333336,655
ام جی اسپرت فیتنس,32,55.8125,528
آیریا استور,21,55.80952380952381,1183
ولوت ریپابلیک,105,55.79047619047619,431
تلماه,63,55.77777777777778,334
فروشگاه طنزدونی,52,55.76923076923077,2652
بانومد,33,55.75757575757576,1751
اولسون,45,55.733333333333334,461
پوشاک مدی,28,55.714285714285715,146
حکمت,212,55.698113207547166,566
شهر سنگ,58,55.689655172413794,204
کرون شاپ,51,55.68627450980392,1640
شهر شیک,113,55.64601769911504,1703
بازرگانی طیبی,24,55.583333333333336,689
باساز,23,55.56521739130435,432
به چاشنی فلاح,142,55.563380281690144,815
پخش ولیعصر,430,55.51162790697674,7905
انگلیش تودی,102,55.509803921568626,901
میرزاخانیان آنی تک,24,55.5,216
محصولات پاک فیروزه,71,55.49295774647887,314
پارسیان بی همتا,43,55.48837209302326,555
سلامت ساز راد,155,55.483870967741936,6854
بهداشت گستران,105,55.46666666666667,571
ماوراء,212,55.4622641509434,1085
نسل نورانی,54,55.44444444444444,1503
نینی,61,55.40983606557377,1801
فروشگاه سواری,20,55.4,232
دنیای پارچه,133,55.38345864661654,1087
میترا کانا,32,55.375,826
بازرگانی بهران,119,55.36134453781513,8321
توسعه و تجارت بهاری,362,55.353591160220994,12850
 فروشگاه ایران,124,55.33870967741935,16709
بازرگانی دیبا تک,275,55.30909090909091,9313
آموزش فنی و حرفه ای مزرعه زرین,1220,55.308196721311475,6695
خلیج,98,55.30612244897959,731
بازرگانی مجنتا,756,55.283068783068785,5560
شادینو,152,55.276315789473685,2687
چمدان سنتر,58,55.275862068965516,360
نگین پایتخت ایران زمین,126,55.26984126984127,2074
فروشگاه روژان,88,55.25,514
انتشارات آریونا,1558,55.24518613607189,9941
پخش معاصر,523,55.219885277246654,2994
تولید و پخش امیران ,89,55.21348314606742,913
شرکت فرش نگین بوم کاشان,65,55.2,245
ست پوشاک,205,55.1609756097561,4559
ام استور,24,55.083333333333336,236
سپنتا نوین فرداد,91,55.07692307692308,558
مهندسیکا,28,55.07142857142857,92
امپایر مارکت,23,55.04347826086956,291
کیوکمپ,25,55.04,640
ندای جاویدان,66,55.0,1734
شهر فرشتگان,798,54.99248120300752,19583
دیجی‌کالا,8597,54.98639060137257,1586353
میرهانا,23,54.95652173913044,149
بگونیا,30,54.93333333333333,631
 پوزیترون,520,54.92307692307692,3197
اینکالا,71,54.901408450704224,1125
حانیکالا,56,54.892857142857146,328
کیدتویز,48,54.875,263
فکر سالم,219,54.8675799086758,8492
بیاکوه,97,54.865979381443296,756
فروشگاه نورینه,66,54.84848484848485,209
کاریزما بیوتی,84,54.833333333333336,927
 یارا,20,54.8,99
بازارکده شماره سوم,91,54.79120879120879,2497
آویژه صنعت,97,54.78350515463917,2440
فروشگاه خضرایی,172,54.77906976744186,1850
لنویت,112,54.767857142857146,809
ماموتی,62,54.74193548387097,422
گندم تجارت,56,54.67857142857143,3278
توربان رویا,92,54.67391304347826,1984
فرمیک,30,54.666666666666664,686
لند اسپرت,21,54.666666666666664,1692
فایر فلای,23,54.608695652173914,1591
فروشگاه سایلین,27,54.592592592592595,631
آرم پوش,51,54.588235294117645,1667
راشن استور,24,54.583333333333336,208
دیدی تویز,63,54.57142857142857,1264
تولیدی بانگیز,79,54.53164556962025,621
شهر تحریر بهار,42,54.523809523809526,580
ویرا لایف,54,54.51851851851852,270
هایپر آنا,102,54.470588235294116,780
چرم نگار,69,54.46376811594203,208
بازرگانی حرم,52,54.46153846153846,985
آغاز کتاب,236,54.44915254237288,1298
تولیدی خوش استایل,61,54.42622950819672,2228
مزون گوهر,34,54.411764705882355,360
رنگ دونه,99,54.38383838383838,4521
مدرن پرشیا,300,54.38,3529
تخفیف لند رام,63,54.34920634920635,491
فروشگاه شهر خورشید,25,54.32,6690
جوهری تحریر,21,54.285714285714285,909
مسترهت,131,54.274809160305345,10604
ترمه سرای شاخه ی طوبی,54,54.25925925925926,250
مایلر,323,54.247678018575854,5951
شهر کفش,560,54.246428571428574,19785
گالری پیلوته,208,54.24038461538461,7191
بهین مدیا,26,54.23076923076923,137
طب گستر آتیه,53,54.22641509433962,1023
گالری بازی,27,54.22222222222222,153
پونیا استور,100,54.22,977
ترواگالری,20,54.2,72
ایده ناب,90,54.2,1066
آرایشی سفید برفی,81,54.19753086419753,2143
نیک اسپریت,22,54.18181818181818,468
پویاگستر,44,54.18181818181818,321
شرکت محور پاسارگاد ماشین,34,54.1764705882353,281
پخش رامین,36,54.166666666666664,125
آلیانس,149,54.13422818791946,673
آریوان,158,54.10126582278481,2012
شین میم,20,54.1,92
مهر مهدی,44,54.09090909090909,505
کالای برتر ایلیا ,23,54.08695652173913,3588
مداد آبی,1737,54.086355785837654,10475
آنست,29,54.06896551724138,56
آبرا,77,54.05194805194805,431
یورپرینت,1151,54.04865334491746,21390
گالری آرمیدخت,81,54.02469135802469,633
داروخانه آپویت,59,54.0,1289
شهر مداد,132,53.984848484848484,4225
ماییلدا,1857,53.97522886375875,27461
اشراقی,59,53.96610169491525,192
سلامتی و زیبایی اس پی کی,25,53.92,334
مشهد کیت,122,53.91803278688525,2540
اول سلامت,21,53.904761904761905,432
وزوان,35,53.885714285714286,159
پینکو کالا ,218,53.88073394495413,14527
من و کتاب,149,53.87919463087248,2548
یوفو,47,53.87234042553192,112
لباس زیر مروا,43,53.86046511627907,629
بوکیدز,688,53.8343023255814,3133
بیوتی لیلا شاپ,79,53.822784810126585,1590
بنفشه مارکت,22,53.81818181818182,711
گردافرید,22,53.81818181818182,310
بیوتی سنتر سحر,54,53.81481481481482,2108
اونیکس تی سی,60,53.8,5226
فروشگاه فرادا,45,53.77777777777778,3855
دنیا استور,24,53.75,341
 اسپرت جهانی,38,53.73684210526316,579
هایپر لند,586,53.73037542662116,65283
پخش شین,21,53.714285714285715,217
فروشگاه نسخه اول,82,53.707317073170735,1598
بوتیک مد,31,53.67741935483871,1133
طناز کالا,46,53.65217391304348,441
واچ سنتر,33,53.63636363636363,906
ایدو موزیک,134,53.62686567164179,1165
چرم وارک,390,53.62564102564102,2434
گالری میدیس آرت,20,53.6,77
بیوتی لایم,30,53.6,51
گالری چرم روژه,45,53.6,166
گالری لیدیا,178,53.59550561797753,952
آلبوم عکس فرشته ها,24,53.583333333333336,48
تجهیزات پزشکی ندامد,42,53.57142857142857,446
آسمان شهر,113,53.557522123893804,340
گروه هنری اردی بهشت,80,53.55,184
میفان,95,53.536842105263155,900
نقش نگاه,116,53.53448275862069,7987
ونوس بانوی زیبا,31,53.483870967741936,1640
هانیبال لند,179,53.47486033519553,1745
موسسه فرهنگی کوثر,388,53.422680412371136,7603
نیکتحریر,160,53.4125,4006
شلر ما,867,53.40253748558247,7181
بیوتی مهد,92,53.369565217391305,7818
استور استایل,25,53.36,111
اسکلاره,464,53.349137931034484,19903
پزشکی بورس طب,21,53.333333333333336,65
کتاب باریزان,83,53.325301204819276,1913
طلوع بیوتی,259,53.28957528957529,2822
گالری ملیکا 94,167,53.2814371257485,557
مانگر,30,53.266666666666666,224
یلداسنتر,128,53.25,10158
نوند,66,53.24242424242424,360
ماراکا,71,53.23943661971831,615
شرکت آنلاین نقره,87,53.2183908045977,4111
چرخ و فلک,51,53.21568627450981,171
تیامو پلاس,61,53.21311475409836,256
لبخندسیتی,41,53.170731707317074,142
تحریر بازار,48,53.166666666666664,1473
نیلی و ایندیگو,87,53.14942528735632,134
گچ سفید,46,53.130434782608695,639
کافه سرگرمی,465,53.11827956989247,8835
نوین مال,47,53.1063829787234,650
فروشگاه سرشور,49,53.10204081632653,133
هنا پردازش,159,53.0440251572327,1529
باز بازی,423,53.040189125295505,14429
اسدشاپ,1819,53.03023639362287,44540
کتابفروشی کودک,57,53.01754385964912,314
بازار باشه,91,52.967032967032964,369
ماب,25,52.96,76
گالری ویترین,25,52.96,99
هستی بیوتی شاپ,25,52.96,544
بهار گالری,292,52.95205479452055,1480
لاکی لایف,205,52.94634146341463,5960
فروشگاه سبدطلایی,30,52.93333333333333,345
انتشارات دیباگران تهران,116,52.89655172413793,239
گالری آرایشی به سیما,74,52.891891891891895,2673
عینک علیخانی,44,52.86363636363637,247
هولی مارکت,157,52.853503184713375,6616
نگین مال,167,52.82634730538922,3817
کفش شهپر ممتاز,506,52.81818181818182,10025
نشر فرازمین,108,52.7962962962963,633
هزار و هشتصد و شصت ,21,52.76190476190476,87
کرال کویین,38,52.73684210526316,84
افراتین,127,52.724409448818896,1146
ویهان اسپورت,23,52.69565217391305,188
دهکده سفال آمادای,255,52.69019607843137,2160
فروشگاه زوین,1036,52.68725868725869,9762
طلا خانوم,301,52.67109634551495,3354
گالری فرمژه,95,52.65263157894737,2663
پرولایزبیوتی,42,52.61904761904762,916
لوازم جانبی لوکاس,59,52.610169491525426,822
بازار نوین,66,52.60606060606061,1344
ساریکو پلاس,20,52.6,35
جانرابر شاپ,107,52.598130841121495,622
گاندولند,31,52.58064516129032,2090
سوین شیمی,67,52.56716417910448,411
تولیدی داتیس,168,52.55952380952381,24808
مهرگان لوکس,132,52.515151515151516,531
آکو استور,79,52.48101265822785,2811
ایلاتی,57,52.45614035087719,1376
مرکز پخش مونترال,22,52.45454545454545,11147
اروند گلد,23,52.43478260869565,74
 اصفهان جی,25,52.4,356
اسکمی,88,52.34090909090909,271
آرایشی بانه,30,52.333333333333336,2446
سر زمین کودک دلوین,195,52.32820512820513,3749
زتوس,384,52.3125,3839
رخ سیما,45,52.31111111111111,388
فروشگاه تویین,401,52.29925187032419,1960
میزیمو,102,52.294117647058826,1072
دولت علم,35,52.285714285714285,64
کاردینال پلاس,73,52.273972602739725,136
آرکا استور,35,52.17142857142857,1208
گروه کولاک,53,52.15094339622642,718
فروشگاه رایکا تویز,27,52.148148148148145,204
فروشگاه تورک اویم,29,52.13793103448276,1450
بازرگانی نصیریان,60,52.13333333333333,1332
 آرمین تویز,252,52.11904761904762,7507
سورلان,39,52.1025641025641,1002
مورتی,63,52.095238095238095,571
سام خرید ,590,52.09152542372881,7395
الانز شاپ,88,52.09090909090909,446
پخش یامور,30,52.06666666666667,572
مانچو,555,52.03963963963964,4876
سیلیکون گیفت,41,52.0,895
اکسسوری جمشیدی,101,51.960396039603964,5111
لوکسامین,188,51.9468085106383,5194
آگرین کتاب,31,51.935483870967744,51
کارتیس,46,51.91304347826087,2155
گالری فاج,35,51.885714285714286,320
دور آل,79,51.848101265822784,3357
ماهلدی,25,51.84,31
بامی نامی,240,51.81666666666667,3236
رستاک گستر ایران,29,51.793103448275865,9131
هاناهانا,47,51.744680851063826,140
گالری زیبایی آیلین,118,51.71186440677966,1072
اکسسوری ماجان,26,51.69230769230769,90
اینتکس کالا,64,51.65625,2160
فروشگاه نگین سیستم,23,51.65217391304348,170
  کنکاش,79,51.64556962025316,142
ایماگ,32,51.625,190
مستر نمک,37,51.62162162162162,239
تولیدی کاژین,47,51.61702127659574,731
شاران هوم,61,51.60655737704918,196
لباس زیر کندو,40,51.6,371
بازرگانی ساراوا,54,51.592592592592595,481
ژیک شاپ,171,51.567251461988306,1613
گالری آسمان نیلی,76,51.55263157894737,911
گالری دلوان,67,51.55223880597015,685
لابراتوار نلا,100,51.52,873
پوشاک زیر مادام,62,51.516129032258064,210
حراج پوشاک ایرانی,293,51.474402730375424,1696
بهراد طب بیدار,279,51.448028673835125,5791
السا بیوتی پلاس,90,51.44444444444444,1355
پخش نیک آیین,1205,51.442323651452284,23962
ماجراجویی,104,51.44230769230769,4161
رایکا بنیط شایسته,363,51.42699724517907,2533
کیف خونه,31,51.41935483870968,45
کفش ایران,291,51.41580756013746,13659
کیمویار تجارت,71,51.40845070422535,1333
آدلیتا,188,51.40425531914894,13829
هایپر پازل,67,51.40298507462686,2394
آريدال,95,51.36842105263158,340
تجهیزات پزشکی خانه سلامت,25,51.36,1133
عطر دستان,25,51.36,90
پولاک سنتر,53,51.35849056603774,69
روشینا موزیک,52,51.34615384615385,369
صنعت ماندگار,27,51.333333333333336,1066
پارس بوک,30,51.333333333333336,1047
کالوادو,21,51.333333333333336,223
آرایشی بهداشتی نیکان,268,51.276119402985074,4866
رنگارنگ بهاران,45,51.24444444444445,1345
گالری زیگزاگ,80,51.225,600
گالری شقایق,1129,51.20814880425155,25998
ساواش,162,51.19753086419753,713
لاروزا,44,51.18181818181818,341
برگ و بو,133,51.17293233082707,174
پخش خرداد,29,51.172413793103445,8495
مهرگاد,125,51.168,1809
روشا چوب,76,51.1578947368421,6167
آی بولک,666,51.147147147147145,6735
دینا و ماه,76,51.078947368421055,216
بازرگانی مشایخ,750,51.048,4705
نیدشاپ,72,51.02777777777778,2061
اورمان دنیز,55,50.981818181818184,4248
 دیونوسوس,71,50.929577464788736,3214
سلین,233,50.927038626609445,913
رواق فیروزه ای,43,50.883720930232556,325
سررسید پدیده نقش,53,50.867924528301884,500
شکوه اسپرت,42,50.857142857142854,180
ماهورا دیزاین,26,50.84615384615385,717
گرندآفس,145,50.786206896551725,825
کودک پارسی,44,50.77272727272727,2097
آرسی تویز,34,50.76470588235294,126
کامنت,177,50.74576271186441,2688
نوید ارتو,136,50.720588235294116,3131
ماروس لند,112,50.714285714285715,4351
ایران زمین شاپ,46,50.69565217391305,1767
تامارین,41,50.68292682926829,1120
آرتین کفش,66,50.666666666666664,378
ارغوان پاییز,227,50.6431718061674,1653
ایران اسپرت شاپ,22,50.63636363636363,145
 کتاب روز,226,50.61946902654867,2121
گرالت,111,50.5945945945946,712
سیلور وینچستر,499,50.59318637274549,2941
مکرون,267,50.57677902621723,916
الینا پخش ,78,50.56410256410256,1333
آناباجی,93,50.55913978494624,3178
مت و پت تویز,30,50.53333333333333,244
شادیها,46,50.52173913043478,142
مرگل شاپ,113,50.51327433628319,6930
کالا پخش ایرانی,52,50.5,1712
لوازم تحریر سوهو,21,50.476190476190474,577
حس برتر,64,50.375,12039
مرکز پخش سپهرداد,27,50.370370370370374,54
جهان مال,473,50.36786469344609,7125
هادسون,29,50.3448275862069,68
 بیبی ماه,25,50.32,68
پاتیلوک,83,50.31325301204819,255
پخش پلاس,45,50.266666666666666,2807
کارن استار,55,50.25454545454546,206
سوغات دزفول,167,50.23952095808383,457
تولیدی یاقوت,254,50.21259842519685,4199
فارامد,88,50.20454545454545,1842
سورنا شرق,79,50.20253164556962,527
پارسیان پیشگام,101,50.198019801980195,207
فرآیندالکترونیک,22,50.18181818181818,439
گالری دلنواز قشم,146,50.178082191780824,3019
نارنگی شاپ,77,50.15584415584416,505
دنیای کتاب سایه ,173,50.15028901734104,377
پخش افزار,54,50.148148148148145,1561
کتاب آوای مهدیس,58,50.13793103448276,141
ارنیک شاپ,20,50.1,151
شووالین,71,50.08450704225352,145
فروشگاه ساحل کیش,36,50.05555555555556,383
تهران پوش,196,50.05102040816327,6474
ظریف بیوتی,42,50.04761904761905,145
تکاب فیلتر,532,50.03007518796993,8180
چپ دست,297,50.02693602693603,2445
بازرگانی آریا لوکس,93,50.02150537634409,1207
شاپ کلین,158,49.9873417721519,4516
انتشارات یاس بهشت,277,49.985559566787,3373
 بهداشت مکمل,106,49.9622641509434,4290
کیلش,40,49.9,717
هسکا مارکت,20,49.9,244
هزار لاله,38,49.89473684210526,257
فرکام,203,49.891625615763544,846
مدرنیتیزه,182,49.879120879120876,1519
طاهالیزر,49,49.87755102040816,79
السا پخش,323,49.82043343653251,2679
گالری نقش جهان,32,49.8125,98
هپی بازار,27,49.77777777777778,59
آرین گروپ,70,49.77142857142857,669
پالوته,34,49.76470588235294,8171
مهرایمند,33,49.75757575757576,70
کالای ورزشی سپنتا,33,49.75757575757576,166
ببرزی,65,49.753846153846155,1407
بوشیکا,23,49.73913043478261,182
بفران,94,49.702127659574465,6211
گالری زردخت,74,49.67567567567568,1758
پخش برقی ایران,82,49.65853658536585,950
مترینو شاپ,237,49.63713080168776,858
 رزگلد مارکت,155,49.61290322580645,1259
تکین مهر جنوب,44,49.59090909090909,18117
آفرودیت شاپینگ,130,49.58461538461538,413
پپا فشن,153,49.58169934640523,439
سنجاق مارکت,70,49.57142857142857,3953
باباشا,144,49.56944444444444,1804
طلوع عصر کالا,69,49.56521739130435,186
نادین هنر,41,49.5609756097561,1118
زاک لند,163,49.558282208588956,2138
ژینا کالا,92,49.54347826086956,3479
گل قاصدک,26,49.53846153846154,40
استودیو موزیک,32,49.5,223
رلو آرت,24,49.5,2129
فردا کالا,59,49.49152542372882,728
کالا تخفیف,70,49.457142857142856,1927
واکف دیزاین,22,49.45454545454545,164
سیوان تویز,43,49.44186046511628,369
دنیای سلامت ماهان,28,49.42857142857143,1812
 فروشگاه سماوات,148,49.41891891891892,6392
فروشگاه آرمان مهر,72,49.416666666666664,305
غزل و مانی,40,49.4,287
لشم,60,49.333333333333336,510
شادی شاپ بیوتی,41,49.31707317073171,556
تهران کتاب,3082,49.30499675535366,22422
بیوتی وومن,109,49.30275229357798,10304
سویل آرت,45,49.28888888888889,139
تحریر پژوه,145,49.282758620689656,586
کفش اورجینال ورزشی,39,49.282051282051285,115
مودامو,33,49.27272727272727,58
کتاب معاصر,27,49.25925925925926,134
پرشین سیلور,244,49.25409836065574,2174
نوکوپو,194,49.24742268041237,4114
انتشارات نور گیتی,81,49.20987654320987,362
کامجو,47,49.191489361702125,925
فروشگاه روبان,49,49.183673469387756,1119
حیات پوشش اکسیژن پاک,149,49.15436241610738,864
نشر محراب قلم ,320,49.125,1282
بازار کاغذ ایران,82,49.1219512195122,197
سپهر الماس پاسارگاد,36,49.111111111111114,201
نور و صدا یاس,36,49.111111111111114,176
امیر کالا وزین,69,49.10144927536232,2100
نی نی تاب آنیل,39,49.07692307692308,97
اکو تک,112,49.035714285714285,1028
کندی شاپ,230,49.03478260869565,1502
بازرگانی وثوقی,73,49.013698630136986,604
عطر و ادکلن لیلیوم,201,48.975124378109456,645
سام شاه,513,48.97076023391813,10517
فروشگاه عینک کالاچیو,268,48.90298507462686,1825
تولیدی ثمین تنپوش,20,48.9,637
آرشا آرت,568,48.87676056338028,7333
بانو نوین,23,48.869565217391305,261
نیودرما,37,48.86486486486486,256
سیسمونی هپی مپی,54,48.851851851851855,251
ناب ترین محصول,230,48.8,2150
تولیدی پدر,24,48.75,3558
ماریم,24,48.75,3970
باباریا,262,48.74809160305343,5151
پخش ورسای,214,48.71028037383178,654
اتریوم,93,48.70967741935484,223
آتیه زریال,99,48.707070707070706,6233
ا و  ,22,48.63636363636363,24
استار بوک,89,48.62921348314607,843
سالسابیوتی,264,48.59848484848485,10678
کتاب درخت زندگی,456,48.58771929824562,3985
هایپر شاپ,80,48.525,1394
سوپرمدرسه,70,48.51428571428571,2816
بازرگانی های کالا,119,48.48739495798319,764
وحید کیت,288,48.423611111111114,7145
پخش لاواری,159,48.41509433962264,325
پدیا سافت,702,48.407407407407405,4586
تبریزکمپ,69,48.405797101449274,1534
رانال شاپ,194,48.350515463917525,9107
لیساندرا,31,48.32258064516129,719
همسو کالا,212,48.27358490566038,6805
نوبهار,22,48.27272727272727,449
نیلسو واچ,39,48.256410256410255,91
لوازم تحریر فربار,48,48.208333333333336,1253
رخشانه,74,48.16216216216216,5547
 لوازم خانه گلبرگ,36,48.111111111111114,68
تیکا,95,48.04210526315789,4916
رخ گالری,148,48.04054054054054,406
خبرگان تجارت,66,48.03030303030303,545
گلوبندک,20,48.0,39
اکسسوری ایلماز,29,48.0,63
آورکام,29,48.0,386
بهار سیتی,44,48.0,4601
ساعت برنارد,34,47.94117647058823,119
اروااستور,75,47.92,1300
شاندیز مد,49,47.91836734693877,174
بازی ساز فرهنگ,20,47.9,254
فایدیم هوم,316,47.87341772151899,3013
امیر بیوتی,170,47.858823529411765,715
بلغاری,28,47.857142857142854,175
وین شاپ,42,47.857142857142854,104
اگزیت مد,131,47.81679389312977,2849
هوتشت,59,47.79661016949152,111
لوکس تحریر امین,142,47.7887323943662,1524
فروشگاه پوتک,308,47.77272727272727,21167
تاج پرفیوم,182,47.75824175824176,623
ناوالس,132,47.74242424242424,502
نیروان,1317,47.725132877752465,3620
چرم لانکا,31,47.67741935483871,62
ساوان بیوتی,71,47.66197183098591,209
سیلورجات,186,47.645161290322584,915
توشنا شاپ,226,47.63716814159292,1684
لیاندو قشم,22,47.63636363636363,707
گالری مژان,57,47.6140350877193,624
آرین بیوتی,259,47.52895752895753,1970
مستربازی,25,47.52,670
پوشاک ورساز,23,47.47826086956522,56
آراز   تویز,264,47.46969696969697,7897
قصر گلشهد,26,47.46153846153846,71
نوشت افزار اوستا,50,47.44,1606
کفش پایاپوش,21,47.42857142857143,83
 باشگاه انگیزه,68,47.411764705882355,591
بازرگانی ناتوسا,131,47.404580152671755,359
فروشگاه ازل,97,47.381443298969074,813
گالری مرلیا,88,47.36363636363637,1347
مدرن نیوتک,97,47.36082474226804,768
دهکده نارمیلا,45,47.333333333333336,865
بازرگانی پدر و پسر,92,47.32608695652174,1268
مداد فروش,145,47.26896551724138,5475
کافه هنرمند,27,47.25925925925926,1256
السانا مانتو ولیعصر,915,47.2327868852459,3530
هایپر تولد رنگین کمان,94,47.148936170212764,1089
موسیقی مهر,67,47.134328358208954,571
زبان آموز,55,47.127272727272725,231
پرهام نیل,32,47.125,2482
کالکشن شیرین,272,47.11764705882353,603
انتشارات الوندپویان,711,47.11392405063291,4557
سماگالری سما,82,47.09756097560975,172
فارگو,22,47.09090909090909,267
ژرمن استایل,279,47.053763440860216,770
ارایشی چشمک,228,47.04385964912281,9611
سحرانا,245,47.03673469387755,642
بنی,623,47.001605136436595,15830
کیدز شاپ یاسمین,49,46.97959183673469,130
نظر چشم,347,46.96829971181556,2505
شهر جواهر,52,46.96153846153846,1146
ادموند شاپ,81,46.93827160493827,123
اکو تولز,92,46.93478260869565,461
مهرمن,72,46.916666666666664,2007
میلاد مارکت,46,46.91304347826087,375
گروه تبلیغاتی رز اصفهان,89,46.89887640449438,468
بامبو استور,48,46.875,148
گالری کیسان,37,46.810810810810814,89
رز قرمز,85,46.8,516
کیان پخش اشکنان,71,46.7887323943662,748
شهرارزانی,21,46.76190476190476,817
بازرگانی جیکل,142,46.732394366197184,317
اژمان,194,46.7319587628866,9763
تایتل,50,46.72,1693
هت استور,34,46.705882352941174,811
گروه تولیدی زیما,20,46.7,58
فروشگاه هلن برتر,47,46.680851063829785,706
مینی ویولت,120,46.666666666666664,1000
برنز پیشرو,67,46.656716417910445,95
هومان تجهیز فرتاک,153,46.65359477124183,1209
واروژنا,167,46.59880239520958,397
کنسولک,495,46.5979797979798,2021
آورنگ,33,46.484848484848484,149
سی  اچ  آر  مد,303,46.48184818481848,1116
بازرگانی لیان پارس,52,46.46153846153846,996
بیتا کارن,57,46.45614035087719,586
بازی  اسباب  آیدا,72,46.416666666666664,2662
نی نی دلتا,77,46.38961038961039,704
ذاریات,344,46.38953488372093,4502
کیف و چمدان هدیه,27,46.370370370370374,182
آنیس,49,46.36734693877551,269
ابزار دایسو,82,46.34146341463415,2900
گروه بازرگانی اروند,36,46.333333333333336,42
رخشان,153,46.31372549019608,295
مانا مینی مارکت,27,46.2962962962963,110
نی نی شاپ مارکت,42,46.285714285714285,287
پخش بنفشه,49,46.285714285714285,4802
کتاب کهکشان,144,46.263888888888886,352
بوک نیکا,594,46.25925925925926,3826
زیورالات خرداد,57,46.24561403508772,422
کفش کودک پونی,27,46.22222222222222,32
مهر هانی,29,46.206896551724135,113
دلفی کاستوم,98,46.204081632653065,159
کارن چاپ,32,46.1875,197
گالری لادن,308,46.18181818181818,7041
کالامیر,23,46.17391304347826,47
بیوتی جت,26,46.15384615384615,138
شیندو,27,46.148148148148145,90
ولنجک بیوتی,442,46.12217194570136,3346
عروسکهای ماندانا,111,46.108108108108105,284
شقایق تهران,157,46.10191082802548,722
زیرتن پوش,62,46.096774193548384,143
فرش رادین اصفهان,103,46.077669902912625,273
فروشگاه نیلا نجلا,256,46.015625,10758
ژاندارگ,135,46.01481481481481,386
گالری چام,28,46.0,59
او کالا,26,46.0,256
فروشگاه شبآهنگ,42,46.0,362
استار لوکسر,60,46.0,1145
انتشارات باوند,124,45.95161290322581,157
جانبی لارا,41,45.951219512195124,1557
فروشگاه تاروردی,305,45.92131147540984,12381
زمان آوران,21,45.904761904761905,323
ایلا اسپرت,694,45.90201729106628,1638
بیتکس,33,45.878787878787875,440
فروشگاه ستاره امید,32,45.875,432
شاپ آرین,30,45.86666666666667,254
تن تاو ماه,957,45.85997910135841,6774
اکس بیوتی,153,45.8562091503268,3544
گالری زر بافت,65,45.84615384615385,290
طب برتر,47,45.829787234042556,911
گالری آب و آتش,66,45.81818181818182,740
شایمر,88,45.81818181818182,1134
تولیدی آلفا,183,45.814207650273225,2293
پاییز,53,45.77358490566038,112
سانیاکو,159,45.735849056603776,5025
عطر خدا,95,45.72631578947368,224
آئورا استایل,134,45.71641791044776,466
رایان کاویان,299,45.69899665551839,700
رز گالری,203,45.69458128078818,817
فلوریت,54,45.666666666666664,478
حجت,430,45.65581395348837,2781
گنج خانه,63,45.65079365079365,183
پوشاک فارس,28,45.642857142857146,159
گالری مهرسا,21,45.61904761904762,102
کاپانی,193,45.60621761658031,650
بذر آذر سبزینه,78,45.58974358974359,97
افرازمد,299,45.56521739130435,5376
درس ایگو,40,45.55,43
محصولات تاپ,22,45.54545454545455,1955
اسپرت,644,45.51863354037267,4663
زیباروی مشرق,102,45.490196078431374,597
شهر ابزار تکنو,96,45.479166666666664,2216
پاندوسا,23,45.47826086956522,84
گالری پرنسس تبریز,78,45.41025641025641,2003
سل دا,101,45.386138613861384,1103
گنبد کبود,292,45.31506849315068,571
فروشگاه راپونزل,29,45.310344827586206,129
گالری وانسی پلاس,52,45.30769230769231,491
مادر نوزاد,124,45.29032258064516,1292
گالری فرهمند شهریار,153,45.28104575163399,892
دیجتال مارکت,54,45.25925925925926,147
ارونی چوب,116,45.224137931034484,476
اسباب بازی عسل,22,45.18181818181818,366
یونالوم آرت,22,45.18181818181818,76
ایکس پروداکتس,45,45.15555555555556,290
کارااکال,52,45.15384615384615,102
هامان شاپ,28,45.142857142857146,29
فروشگاه باربد مرکزی,23,45.130434782608695,982
قفسه و نردبان رایکا,75,45.093333333333334,420
باغ فدک,21,45.04761904761905,114
تعمق,592,45.0472972972973,6047
چیکا مارکت,507,45.02564102564103,16469
والا تجارت,43,45.02325581395349,3291
پخش دامن,186,45.0,541
دی پی کالا,30,45.0,69
گیوسل,620,44.99677419354839,3358
گوشکوه,31,44.96774193548387,135
باربریس,63,44.95238095238095,364
الناز دست سازه,21,44.95238095238095,42
آکادمی دانشمند کوچک,230,44.93913043478261,840
ژانیتاکیدز,43,44.883720930232556,52
مهکام,25,44.88,27
گالری الماس ایرانیان,663,44.847662141779786,1961
سوغات  کیو,121,44.84297520661157,257
گالری شروین,151,44.82119205298013,2027
بازرگانی یزدان پارت,130,44.784615384615385,1463
پویا درمان مهر,94,44.680851063829785,1309
میلاد تجارت تبریز,165,44.67878787878788,1059
نستور,2342,44.6601195559351,6952
موسسه آرام,154,44.64935064935065,378
کپس هاف,28,44.642857142857146,275
ورشوگالری,22,44.63636363636363,90
پارچه سرای آوا,111,44.5945945945946,248
اویز موزیکال تخت درنیکا,31,44.58064516129032,85
خانه فرهنگ و هنر گویا,200,44.58,313
سیاره صورتی,106,44.490566037735846,248
چیتاوان,154,44.48051948051948,3751
مون گالری,110,44.472727272727276,621
دارکوب شاپ,108,44.46296296296296,4944
سارینا بیوتی,45,44.44444444444444,572
پوشاک ساروک,320,44.44375,861
بازرگانی پارس تجارت,477,44.40670859538784,1649
پاآرا,79,44.40506329113924,96
سندس شاپ,230,44.38260869565217,854
مولتی برند سوفیا,33,44.36363636363637,820
رویالتیم,39,44.35897435897436,61
آوین گستر پردیس,29,44.3448275862069,344
الینورا,75,44.32,2408
آونر,176,44.31818181818182,1707
آرایشی وینا,35,44.285714285714285,336
دنیزدولوکس,112,44.285714285714285,734
بست توی,157,44.28025477707006,3380
دلیچی,2581,44.245641224331656,8161
اسباب بازی دانیال,35,44.22857142857143,193
گالری الین بیوتی,129,44.21705426356589,815
گروه هنری و دوخت یاس,186,44.215053763440864,498
ارمیا کالا,40,44.2,269
فروشگاه موج نو,42,44.19047619047619,408
لینتل,74,44.189189189189186,196
کالای سروش,85,44.16470588235294,5108
هاماگراف,135,44.162962962962965,188
ماه نینی,50,44.16,190
فروشگاه رقابتی ,26,44.15384615384615,227
ستایشگر,184,44.05434782608695,648
وایل,26,44.0,4520
کودک شاد شاد,29,44.0,26
امشاسپند,22,44.0,25
فرسان واچ,25,44.0,1713
المرا شاپ,21,44.0,589
وی نو,91,43.97802197802198,174
فروشگاه سامیت,132,43.95454545454545,1739
مکثی نو,25,43.92,154
پانیل اسپرت,699,43.874105865522175,4782
میو استیکر,93,43.806451612903224,144
جاویدشایان,29,43.793103448275865,72
بازرگانی اندیشه نو,38,43.78947368421053,774
 برادران آفتاب,36,43.77777777777778,83
فخیمی گالری,36,43.72222222222222,37
گالری پری سیما,97,43.670103092783506,587
گرینیک,30,43.666666666666664,242
گالری پوشاک آنا,59,43.66101694915254,55
میسو شاپ,129,43.64341085271318,1283
فروشگاه بزرگ فدک,636,43.632075471698116,4069
دیج گیم,124,43.62903225806452,1479
اکسسوری روژانا,242,43.603305785123965,3514
ایرکوک,128,43.59375,2992
رساکو,225,43.55555555555556,4832
بهراد تابش,150,43.46666666666667,2283
گردآوران,189,43.46031746031746,730
جهانی نو,37,43.45945945945946,624
فروشگاه رجا,115,43.426086956521736,591
فروشگاه بامتی,288,43.38194444444444,2028
تیموشاپ,140,43.371428571428574,260
هنرکده صهبا,22,43.36363636363637,36
پخش و بازرگانی وحید,125,43.344,2583
گالری نویان,280,43.32857142857143,3649
پرنه,58,43.275862068965516,213
سان مد,33,43.27272727272727,285
پزشکی نوراد,56,43.25,2220
میرا بوتیک,21,43.23809523809524,23
باران طب,23,43.21739130434783,228
کیاشید,143,43.21678321678322,381
پوشاک فرنام,25,43.2,135
کانون کوه,22,43.18181818181818,76
فروشگاه تکنوجهان,72,43.138888888888886,441
 زمرد گالری,30,43.13333333333333,180
تریکو دوک,23,43.130434782608695,61
دهکده باتیس,167,43.125748502994014,5312
گیم فکتور,99,43.111111111111114,544
هایلند طب,74,43.108108108108105,2167
بی همتا مارکت,651,43.096774193548384,19075
هماشاپ,22,43.09090909090909,40
چاپ فانتزی,229,43.056768558951966,783
سفال همدان لالجین,247,43.036437246963565,573
عطاری شبنم بهشت,309,43.03559870550162,4500
تامین کالای ملودی,1854,42.98166127292341,21495
فرسام کالا,20,42.9,77
ورزشی کاریزما,175,42.857142857142854,1555
گالری نقاشی مقیمی,21,42.857142857142854,10
فروشگاه شهبال,77,42.77922077922078,3713
 گالری میسیلدا,114,42.73684210526316,1109
عقیق اصل,269,42.70631970260223,3504
پخش کالای رامش,50,42.68,121
تولیدی امین شاپ,53,42.679245283018865,473
نابسل,543,42.67034990791897,11718
هانا گالری ,752,42.662234042553195,6667
بهلاین,811,42.63378545006165,8753
تجهیز کارا,20,42.6,62
تولیدی فسقلیمون,20,42.6,60
ملکا تک,42,42.57142857142857,170
پژواک,221,42.56108597285068,1390
نگار تابان,62,42.54838709677419,68
تحریر قلمستان,33,42.54545454545455,164
مدرنلیز,30,42.53333333333333,433
ماهان پرفیوم,154,42.506493506493506,1534
هنر تاپیکال,100,42.5,634
گالری شادونه,210,42.43809523809524,390
آذران پوشاک,195,42.42051282051282,2514
سی بازار,161,42.409937888198755,574
 آری یلو,93,42.40860215053763,194
شیکو برند,30,42.4,36
اهورا تحریر,154,42.37662337662338,348
ونکات,127,42.36220472440945,153
فانی پخش,122,42.34426229508197,1151
اوکالیپتوس,20,42.3,175
پخش پارمیدا,20,42.3,16
 آنیسا,159,42.289308176100626,69859
کالا کده,34,42.23529411764706,160
گلدیس کالا,62,42.193548387096776,186
اثیر,21,42.19047619047619,30
شایا استور,43,42.18604651162791,724
لردارچر,229,42.17467248908297,428
پرنيان كتاب,97,42.144329896907216,607
سوشیا بیوتی,87,42.13793103448276,135
راه سلامتی,29,42.13793103448276,158
کیمیا روناس آرمان,104,42.13461538461539,289
شرکت آدولف,34,42.11764705882353,219
کتابکده سبز,91,42.08791208791209,3055
تولیدی آغوش,93,42.064516129032256,180
لیندلار استور,43,42.04651162790697,90
گلدنی,45,42.044444444444444,1060
گالری پرشین گلد,148,42.04054054054054,1205
کارما سیستم,63,42.03174603174603,219
بیانکا بوتیک,2127,42.017865538316876,27553
دیجیکال مشهد,26,42.0,529
لیا لیا,25,42.0,143
الکترونیک هوم,22,42.0,230
ژیوا,65,41.96923076923077,134
نیکی مد,36,41.94444444444444,63
زرین مهر,629,41.939586645469,3007
تولید و پخش نیلوفر,26,41.92307692307692,515
ملودی ویترا,41,41.90243902439025,83
زمانی,36,41.888888888888886,102
صنایع دستی هنر چوب,92,41.869565217391305,291
ستیلا استور,26,41.84615384615385,56
پرمیوس,36,41.77777777777778,1151
مینوما,52,41.76923076923077,705
کانون علمی نخبگان شریف,102,41.76470588235294,112
ژیکمان,27,41.7037037037037,75
پاشاکالام,123,41.67479674796748,398
رایان مدیکا,143,41.65034965034965,3792
باماجامه,107,41.626168224299064,243
ستاره شرق,73,41.61643835616438,389
بازرگانی راه ابریشم,172,41.616279069767444,561
درسان گالری,30,41.6,165
تشک شاپ,24,41.583333333333336,45
پتیاک,21,41.523809523809526,114
باغ سپهسالار,1045,41.496650717703346,3172
جینجرکلاب,51,41.490196078431374,175
هنرگلسا,248,41.475806451612904,865
رآت,155,41.44516129032258,2399
فروشگاه پاییزان,68,41.44117647058823,1209
بنی دکو,558,41.40501792114696,2356
پنبه اکسسوری,185,41.372972972972974,609
کتابهای خوب,29,41.310344827586206,72
سورلا گالری,39,41.282051282051285,32
گروه تجاری شارلوت,40,41.25,281
کار بازی,24,41.25,35
برند اورجینال اصل,928,41.22629310344828,2827
شیک و پیک مارکت,127,41.21259842519685,605
اکتیو اسپرت,43,41.2093023255814,106
گیتار ایران,45,41.2,199
سلین سنتر,43,41.16279069767442,154
فروشگاه آر ان اس,480,41.141666666666666,743
فروشگاه نوآوران ماهک,65,41.13846153846154,398
کتاب ارمغان,57,41.12280701754386,1432
میلاد استور,118,41.11864406779661,661
مارکی,100,41.1,384
نوشت افزار آذین,105,41.04761904761905,1237
سرتاب,71,41.014084507042256,502
اوپال اوپتیک,613,40.99836867862969,3735
دکونیک آکوستیک,134,40.985074626865675,335
موس تاپ,54,40.96296296296296,332
گیگیلی شاپ,24,40.916666666666664,88
فابريكا,173,40.90173410404624,396
دیا گالری,77,40.883116883116884,170
رهاوود,39,40.87179487179487,78
فرانا,54,40.851851851851855,68
بافتنی برفی,178,40.80898876404494,1836
شب و روز,30,40.8,130
تحریر برگ,26,40.76923076923077,1364
کالا شاپ ایران,206,40.70873786407767,2357
فروشگاه کازیوه,25,40.64,22
مسیر نو,631,40.63708399366086,1417
آداگسا,29,40.62068965517241,58
خانه و کاشانه,145,40.60689655172414,1352
قندونه,31,40.58064516129032,50
موندیال,134,40.56716417910448,1275
آیتوک شاپ,100,40.52,543
هنر آنتیک,42,40.476190476190474,58
کالا وان,129,40.46511627906977,275
 یاس اندیشه,52,40.42307692307692,126
کتاب اسپادانا,24,40.416666666666664,18
نازنین مارکت,34,40.35294117647059,720
آنیسان,42,40.333333333333336,1937
لوازم جانبی و تحریر باباشی,356,40.264044943820224,4857
دینا یدک,21,40.19047619047619,385
برزین کالا خانگی,25,40.16,87
پرهاد,22,40.09090909090909,44
مرسل,69,40.08695652173913,152
کاکتوس آبی,61,40.032786885245905,68
مهر پاکان,73,40.02739726027397,4859
آشیانه ی سبز,35,40.0,27
پخش کالا رستا,45,40.0,174
رایا افزار,20,40.0,65
ناب ترین,42,40.0,96
مُب استور,90,39.977777777777774,520
ویسپر مارکت,52,39.96153846153846,160
تورک پوشاک,196,39.94897959183673,850
تامین کالای لوتوس,107,39.925233644859816,464
مرسده بیونی,24,39.916666666666664,106
آرمیس بیوتی,646,39.910216718266255,14116
تجارت لوازم تحریر ,39,39.8974358974359,438
نوین اعتماد ایرانیان,50,39.88,334
ایران همتا,189,39.851851851851855,271
نی نی سالن,56,39.82142857142857,195
کتابخانه کوچک ما,20,39.8,1019
پارس چادر,48,39.791666666666664,314
دنیای محصولات جذاب,69,39.768115942028984,530
انتشارات آواز,267,39.767790262172284,2757
تموز,462,39.76623376623377,5178
بازار ارزوها,39,39.69230769230769,272
دیوسل شاپینگ,426,39.68544600938967,1493
بایمارکت,24,39.666666666666664,50
کژال بیوتی,29,39.6551724137931,197
ارکیده شب بو,52,39.61538461538461,3833
کیان گستر مهر,150,39.61333333333334,304
ترک پوش,256,39.609375,2463
فرنا بیوتی,237,39.586497890295355,4116
مادیتا,99,39.57575757575758,421
کتاب کوک,161,39.56521739130435,446
کارگاه فن و هنر,32,39.5625,29
ویونج,50,39.56,106
رویا هوم,81,39.55555555555556,234
کراوات آی آر,527,39.55218216318786,1484
فرسین,40,39.55,190
رودریگز مارکت,44,39.54545454545455,267
آرایشی و بهداشتی نفس اا منطقه آزاد ماکواا,148,39.54054054054054,1879
نیهان سنتر,69,39.53623188405797,2850
هنری زیور بانو,34,39.529411764705884,183
آذرخش مال,177,39.50282485875706,251
نواوران تجارت سبز,50,39.48,479
فری کانتری,239,39.47280334728033,3552
صنایع دستی ترنجستان,99,39.45454545454545,209
هدیه سرا,54,39.44444444444444,329
گالری آبراهام,25,39.44,92
 ماه نقره ای,115,39.391304347826086,879
مهرادان,39,39.38461538461539,121
آنالیا اسکارف,412,39.349514563106794,1538
مارکوبانیک,111,39.2972972972973,3679
ست کالکشن,31,39.225806451612904,60
گالری عطر شقایق,23,39.21739130434783,34
آبا تل,38,39.1578947368421,801
کاماگالری,34,39.11764705882353,397
مجا,74,39.108108108108105,398
بهین ماهور,24,39.083333333333336,68
چرم ایرانا,32,39.0625,34
مارک گلد,177,39.02824858757062,177
پزشکی بهراد طب,57,39.01754385964912,636
باکسیکو,133,39.00751879699248,1370
کیفانی,143,39.00699300699301,767
محبت مارکت,55,38.981818181818184,602
عرشی,129,38.945736434108525,325
ورسا نی نی مارکت,437,38.933638443935926,1314
نامی,31,38.903225806451616,1320
فروارد,20,38.9,20
گالری دالاهو,29,38.89655172413793,62
مایسا شاپ,130,38.89230769230769,228
موسیقی محمود,61,38.885245901639344,339
فلفل نمکی,23,38.869565217391305,21
گالری کودک هوراسا,42,38.857142857142854,57
تایم لند,182,38.824175824175825,338
سالیز دیزاین,68,38.8235294117647,139
آپفل,105,38.8,207
 فروشگاه عرب,53,38.79245283018868,190
خانواده باهوش,66,38.78787878787879,276
من,135,38.785185185185185,3521
انگشت دونه,37,38.75675675675676,58
رایکا نیک,118,38.74576271186441,918
حجره آنلاین اسپند,49,38.734693877551024,1515
تبریز کینگ,456,38.73245614035088,938
تویلی,80,38.725,263
فروشگاه آیدا,132,38.71212121212121,1453
موپیگان,60,38.666666666666664,1867
آیگین نیل,21,38.666666666666664,143
ایرانگرد,302,38.62251655629139,560
ایلیا سهند,23,38.608695652173914,116
مارکت گل رز,67,38.59701492537314,129
پینک لندشاپ,315,38.5015873015873,3322
هراپ,540,38.48518518518519,5911
چرم ادلیا,30,38.46666666666667,33
گالری امیر حافظ,26,38.46153846153846,788
سانتکس,100,38.46,2517
مجیک گلد,1762,38.449489216799094,4583
بازرگانی خوشه چین,87,38.39080459770115,202
 پیدایش,100,38.38,285
دنیای بچه ها,22,38.36363636363637,33
لوکس لیف,116,38.36206896551724,3514
آرینا کالا,65,38.33846153846154,2260
رادکس,327,38.33639143730887,666
برکینگ شاپ,30,38.333333333333336,48
مستر آفر شاپ,331,38.314199395770395,1162
گالری سهی,99,38.303030303030305,160
لباس نفیس,30,38.266666666666666,64
بردیس,700,38.254285714285714,1398
گالری مهدیار,57,38.24561403508772,375
گریبر,25,38.24,19
پرشيا,161,38.2360248447205,917
دیس نایت,38,38.1578947368421,44
استودیو میکاپ ایران,167,38.1437125748503,245
آرونیا تویز,135,38.13333333333333,4429
جم لند,20,38.1,223
الون استور,71,38.056338028169016,108
بیوتی وونت,145,38.0551724137931,170
بازرگانی واقف,70,38.02857142857143,90
سعیدی کفش,144,38.0,1750
سوما اسپرت,83,37.975903614457835,167
آندیا بیوتی,66,37.96969696969697,97
کیوت استار,526,37.961977186311785,1389
بازی های فکری,83,37.9277108433735,115
گالری صبا,147,37.91836734693877,1794
روما هور,22,37.90909090909091,37
نفیس گالری,330,37.903030303030306,921
تک شاپ ایران,79,37.89873417721519,1457
خانه  آشپزخانه,119,37.88235294117647,765
برند استایل,34,37.88235294117647,47
خانه لگو,98,37.87755102040816,310
دانش پژوهان جوان,38,37.8421052631579,237
دینا شاپ,38,37.8421052631579,28
تاچل,43,37.81395348837209,54
جزیره نقره,66,37.78787878787879,119
لوگیج,28,37.785714285714285,45
بازرگانی بیوتی سنتر,167,37.77245508982036,10786
طلای مستجابی,831,37.742478941034896,1856
طنین کالا,237,37.721518987341774,599
تن تاب نرجه,32,37.6875,28
ست لاورز,21,37.61904761904762,39
فروشگاه حصیر سرا,21,37.61904761904762,16
فروشگاه کادویی سیلور,87,37.60919540229885,116
نی نی پاپی شاپ,300,37.56666666666667,4760
گلوریا لند,45,37.55555555555556,1962
سمفونی آبی,58,37.55172413793103,45
چاپ گردو,324,37.54320987654321,593
کیمیاگران فرهنگ پارسه,69,37.53623188405797,1658
ارزان سرای رحیم پور,43,37.53488372093023,155
بازرگانی دومان,111,37.531531531531535,1765
ورزش کده,27,37.48148148148148,161
به تک مارکت,103,37.47572815533981,1888
ژرمن پوشش,82,37.46341463414634,117
گالری لند امیر ,67,37.43283582089552,91
ماسا دیزاین,1047,37.43075453677173,2358
آرکا پخش,242,37.264462809917354,653
کافه جانبی ایران,155,37.251612903225805,136
نی نی پاپی,105,37.21904761904762,1806
موسسه نوین بصیر,58,37.206896551724135,459
وانیا هنر,73,37.205479452054796,303
پارچه سرای شهرک,24,37.166666666666664,49
حراجی ضامن,64,37.15625,163
دستبافت های لیلی,45,37.15555555555556,98
شوینده بهداشتی امیرپارلا,78,37.15384615384615,143
ناواهو,27,37.111111111111114,292
آریان لوکس,155,37.07096774193548,438
گلدن پرشیا,151,37.05960264900662,893
پیشگام فرداد نور,70,37.02857142857143,560
سما استور,146,37.02739726027397,421
مد پوش,51,37.01960784313726,383
گالری هوردیس,70,36.97142857142857,3280
هوم کیچن,52,36.96153846153846,1278
شکیل,102,36.96078431372549,318
فروشگاه سارمد,25,36.96,44
سیاه و سفید بیرجند,160,36.95,109
ددی مارکت,102,36.94117647058823,1180
تنپوش رورو,20,36.9,112
توکالند,49,36.89795918367347,93
عروسک روسی پیشتاز,44,36.86363636363637,114
هوشمند آرشان,21,36.857142857142854,18
اقلیمه,767,36.80052151238592,856
گل آذین استور,29,36.758620689655174,43
زیبارویان روژان,33,36.72727272727273,521
دانش سرا,33,36.72727272727273,44
پورکاوه استور,53,36.716981132075475,88
دکادو,172,36.674418604651166,315
گرین استایل,27,36.666666666666664,25
فروشگاه کوهنوردی کراکس,226,36.663716814159294,923
تجارت صدف,201,36.62686567164179,184
گالری خاطره پردیس,26,36.61538461538461,25
شیرازمهر,36,36.611111111111114,63
 گالری اشرافی,27,36.592592592592595,327
بازرگانی کارنو,92,36.58695652173913,533
استارلند,300,36.56,388
پروشات آرت,36,36.5,66
کیدز فانی تویز,45,36.48888888888889,32
سنگ فرش,82,36.48780487804878,166
آدنو,44,36.45454545454545,94
 محصولات طبیعی اصفهان,166,36.44578313253012,135
پژواک هایپر,246,36.4390243902439,2295
تیتایم,270,36.422222222222224,2841
شیائومی سیتی,20,36.4,1073
چیچک آرت,36,36.388888888888886,208
شاپ خورشید,21,36.38095238095238,14
اکسسوری روژانو ,899,36.367074527252505,6766
فروشگاه کیچن,99,36.36363636363637,1745
جرمن مارکت,369,36.28184281842818,795
پخش کالای آریا,399,36.26065162907268,1027
از خانه,24,36.25,20
لیما مارکت,41,36.24390243902439,81
آرایشی تجسم,29,36.206896551724135,33
جی بی جو,98,36.204081632653065,170
طبیعت کوه,30,36.2,1088
سارزی,79,36.177215189873415,837
ارمغان تجارت سبز,47,36.170212765957444,220
کفش ابتهاج,289,36.15916955017301,718
هکس ایران,653,36.1531393568147,6063
آرایشی و بهداشتی بهاران,117,36.136752136752136,367
نیما شاپینگ مارکت,160,36.125,350
کتاب واحه,216,36.120370370370374,746
دکوری آفتاب ,67,36.11940298507463,567
بدلیجات گلبانو,36,36.111111111111114,692
صنایع دستی بی بی باف,30,36.06666666666667,43
شمع ویهان,321,36.04361370716511,2080
ماهان کادو,30,36.0,39
اوتلت مد,258,35.96124031007752,1056
فسقلی سپید,37,35.945945945945944,48
ریماز گالری,24,35.916666666666664,342
گالری سنتر بیوتی,23,35.91304347826087,137
بوتیک دلیار,61,35.90163934426229,88
دکتر یکتا,79,35.822784810126585,108
بتیسا,69,35.79710144927536,519
نوین تجارت خوزستان,29,35.793103448275865,86
فاطن,34,35.76470588235294,135
بیوتی کده شاپ,227,35.73568281938326,1125
فروشگاه رایکا,374,35.73262032085562,6631
گالری مادروپسر,34,35.705882352941174,233
سوشیانا,20,35.7,133
دکتر جوراب,506,35.6798418972332,1335
گالری هنری تاش,23,35.65217391304348,20
دهکده سبزسلامت,123,35.642276422764226,147
آروها,48,35.625,1586
نابینه,665,35.62406015037594,930
بابک گالری,215,35.609302325581396,204
 کالکشن دندی,100,35.6,550
آدینا بیوتی,149,35.59731543624161,609
راداتحریر,22,35.54545454545455,108
آتم,23,35.47826086956522,21
فرش من و تو کاشان,118,35.47457627118644,288
کمپ اوتلت,45,35.46666666666667,130
محلیجات,58,35.44827586206897,41
آراساند,28,35.42857142857143,110
پخش دنیز,50,35.36,61
کفش حاتمی,24,35.333333333333336,37
هومرو,104,35.32692307692308,121
شنا لند,41,35.31707317073171,98
فروشگاه دلسی و رونکاتو,206,35.271844660194176,384
ریبن مارکت,40,35.25,25
انتشارات بعثت,219,35.23287671232877,321
دل خواست,67,35.19402985074627,258
بازرگانی بچه مرشد,29,35.172413793103445,630
هانی شو,24,35.166666666666664,32
گلد باکس امید,24,35.166666666666664,477
فرش نو,352,35.15909090909091,628
اوکینری ,25,35.12,37
بای تیک,61,35.114754098360656,53
مموشک,99,35.111111111111114,293
 موری,189,35.1005291005291,289
گالری بووم رنگ,20,35.0,7
انتشارات آوینا قلم,34,35.0,54
لوازم التحریر پاپکو,230,34.982608695652175,1951
نیک پوش غرب,671,34.968703427719824,1916
هنر یکتا,21,34.95238095238095,526
ذوزنقه استور,40,34.95,173
رسپینا بیوتی,133,34.91729323308271,409
حراب,58,34.86206896551724,50
فیدار فرتاک ,123,34.84552845528455,149
فروشگاه ساراسا,118,34.813559322033896,289
گالری اونیکس گلد,52,34.80769230769231,127
مدامین,20,34.8,14
فروشگاه بزرگ,20,34.8,419
فروشگاه گلچین,153,34.79738562091503,249
گالری کفش تک اسپرت,43,34.7906976744186,44
بلوط شاپ آنلاین,100,34.74,96
ای میکاپ استور,388,34.7319587628866,1955
مرغوب خرید,23,34.69565217391305,611
کاغذو,32,34.6875,86
توی موی,38,34.68421052631579,172
اُپتیک اِستور,292,34.67123287671233,412
ژله ژورنال ,39,34.666666666666664,125
ارمیا آرت,55,34.654545454545456,85
اینترنتی دنیای کودک,28,34.642857142857146,58
اکسسوری غرب,38,34.63157894736842,62
هرمس جامه,89,34.62921348314607,133
همراه ماندگار,36,34.611111111111114,29
لوازم ورزشی جزیره کالا,23,34.608695652173914,59
ارسس صنعت,102,34.568627450980394,2619
موبیکا,33,34.54545454545455,16
اس اس وی مرکزی ,411,34.50121654501216,4062
بهشاد تویز,44,34.5,64
چرم لوکا,39,34.46153846153846,160
آریا مهر,306,34.450980392156865,522
روپاک تجارت,23,34.43478260869565,55
بانووک,155,34.42580645161291,156
سنگ پارسیان,79,34.379746835443036,127
بازار ارکیده,51,34.31372549019608,66
لوکس دیانا,114,34.29824561403509,1849
افروز استور,74,34.270270270270274,107
زرسام,128,34.25,94
بازرگانی نائیجی,279,34.24372759856631,1789
مندو,69,34.231884057971016,69
کارالند,69,34.20289855072464,95
گروه بازرگانی کینا,82,34.19512195121951,845
آژند تجارت,21,34.19047619047619,44
دانژه بوک,123,34.17886178861789,574
فروشگاه جوپار,591,34.135363790186126,3908
گالری آرایشی پاریس,37,34.108108108108105,97
کالی پا,297,34.08754208754209,1932
فروشگاه پامکا,69,34.08695652173913,56
وان توی,78,34.07692307692308,1204
هنر افق تهران,203,34.039408866995075,3063
پزشکی نبض,27,34.0,136
فروشگاه پاکدامن,40,34.0,74
محمود زاده,57,33.96491228070175,67
گالری اپیکور ,47,33.95744680851064,355
زیتازی,1110,33.935135135135134,3995
کلسیمیسی,140,33.92857142857143,285
امیرست,25,33.92,72
سنسیو,94,33.91489361702128,611
ورلد لیزر,32,33.875,29
کپلی,80,33.85,137
سیلا مد,26,33.84615384615385,29
آکریلیک,150,33.84,248
 پخش سرخابی,33,33.81818181818182,27
چیزمیز,313,33.70607028753994,441
ماهور ملودی,47,33.702127659574465,49
دکتر موزیکال,20,33.7,229
مهتایار پوش,53,33.698113207547166,44
 گالری رزگلد,564,33.687943262411345,3083
تولیدی فاین اند فیت,305,33.68524590163934,576
 پیشگام هنر,94,33.680851063829785,115
فرش راوی,22,33.63636363636363,55
مدینو استایل,252,33.63492063492063,401
نیهال کلودز,20,33.6,29
کیان بیوتی,338,33.55621301775148,761
هنرسرای حلما,91,33.494505494505496,139
پوشاک لانا,54,33.48148148148148,129
چرم ما,992,33.475806451612904,14692
دنیای برچسب,83,33.44578313253012,1362
خاتون استور,1144,33.42482517482517,1788
واریانا,31,33.354838709677416,206
کفش مسعود تبریز,151,33.35099337748344,169
تیهو گالری,293,33.33788395904437,2943
چاربیت,47,33.276595744680854,143
گالری دیان,33,33.27272727272727,98
فروشگاه بزرگ پاسارگاد ,76,33.23684210526316,133
عروسک روسی حلما,20,33.2,166
افسون شاپ,47,33.191489361702125,30
آرایشی بهداشتی بلوبری,192,33.1875,561
بازرگانی پارسین,39,33.17948717948718,179
دی جی مود,110,33.163636363636364,6579
لیدی برند,119,33.142857142857146,133
نیوایران بالانس,76,33.13157894736842,68
بی ام زون,25,33.12,136
بازرگانی جهانگرد,20,33.1,40
سوال,25,33.04,20
دایمون شاپ,29,33.03448275862069,2048
خیام بوک,157,32.955414012738856,2185
جرجیا اسپرت,21,32.95238095238095,71
مونو تیم,405,32.89876543209876,563
فروشگاه ایران کیدز ,207,32.89855072463768,418
تاپ شو,85,32.89411764705882,302
کفش اندیشه,53,32.867924528301884,55
ماه فام,142,32.83098591549296,694
باراد زر,1057,32.82876064333018,6777
بردیا مارکت,29,32.827586206896555,22
آرایشی و بهداشتی پریا,76,32.81578947368421,56
پاورتولز,57,32.80701754385965,545
شین کاف,253,32.758893280632414,3642
گروه هنری لیلیان,58,32.758620689655174,30
راستاد مارکت,79,32.734177215189874,671
خانه سفيد,22,32.72727272727273,27
نسیم طبیعت کاشان,77,32.701298701298704,209
عرصه البرز,149,32.671140939597315,472
زامیاد,863,32.60950173812283,11807
پریچهر گالری,106,32.528301886792455,255
دناپارس,20,32.5,8
کره بادامزمینی مسعود,42,32.476190476190474,108
هالو بیوتی,164,32.47560975609756,3042
آیرانرکو,24,32.416666666666664,61
سی لگ,44,32.40909090909091,21
ارایشی بلا,429,32.38228438228438,2888
سرو مزون,21,32.38095238095238,47
فرازتن پوش پوشاک ,89,32.359550561797754,58
فروشگاه یاقوت کویر,42,32.333333333333336,141
کارترزلند,480,32.3125,619
البرزکده,136,32.26470588235294,1264
می ما ,48,32.25,29
ژوپی استور,153,32.22222222222222,157
اکسسوری روژان,180,32.21111111111111,897
  دریم کالا,32,32.1875,626
مرکز پخش مدلینگ,195,32.174358974358974,6786
یارا کالکشن,36,32.166666666666664,40
ریسه گالری,528,32.14772727272727,989
برمن,87,32.13793103448276,141
نی نی دوست,30,32.13333333333333,490
کلمبیا استور,56,32.107142857142854,44
پینک کیدز,200,32.08,160
خانه فرهنگ پرنیان,25,32.08,29
کتاب پزشکی حیدری,352,31.96590909090909,520
لاوندر شاپ,72,31.944444444444443,79
پیکسل میکسل,127,31.937007874015748,155
دیجیسل,140,31.9,341
ژوفا,80,31.9,784
استایلوکس,31,31.870967741935484,102
کیدزبیبی,226,31.831858407079647,975
هوم کالای ایرانیان,20,31.8,136
 لیو,163,31.791411042944784,309
جاویدان تندیس,367,31.749318801089917,973
کاردانو,474,31.746835443037973,4118
تکنولوژی آموزشی فکور,51,31.725490196078432,70
توسعه هوشمند رستا,21,31.714285714285715,958
بانوان شیک پوش,39,31.692307692307693,14513
مونومونو,285,31.691228070175438,341
آرتان مارکت,80,31.675,177
اریا اتیل,197,31.66497461928934,525
بیکینگ,22,31.636363636363637,16
فروشگاه جواهر,350,31.56,423
جهان ارا,20,31.5,10
هاریکا کالا,70,31.485714285714284,586
گروه بازرگانی عسگری,81,31.48148148148148,173
کالای پزشکی احسان,23,31.47826086956522,66
مهران واچ,41,31.463414634146343,148
مایا ماهک,2580,31.446511627906975,7082
سامر,987,31.442755825734547,3978
جامیران,86,31.441860465116278,153
استار اسپرت تهران,64,31.4375,222
استار کمپ,331,31.43202416918429,923
مکاشف,76,31.42105263157895,122
گالری لطفی,24,31.416666666666668,2013
حری را ,46,31.391304347826086,51
بازرگانی  معتمد,23,31.391304347826086,577
اسپیتامن,59,31.389830508474578,62
کردار نیک,339,31.36873156342183,304
لیمو استور,123,31.365853658536587,120
ماسک نو,144,31.333333333333332,193
مونو استایلو,196,31.3265306122449,160
موکا شاپ,64,31.3125,832
هانیه و حنانه,289,31.30795847750865,820
مامی سپیتا,20,31.3,51
پاتن جامه,525,31.28,400
سایزبزرگ استانبول,101,31.26732673267327,216
دست سازه نیلگون,21,31.238095238095237,13
شایلی مد نو,118,31.23728813559322,80
بای کالا,73,31.232876712328768,475
ایران پارسا,79,31.21518987341772,208
کارین استایل,56,31.214285714285715,70
راستین,113,31.1858407079646,164
گروه تجاری نوین جامه,92,31.17391304347826,277
دوست خوب,264,31.15909090909091,330
فروشگاه نگارانه,49,31.142857142857142,504
بازرگانی لاجوردی,21,31.142857142857142,12
صنایع دستی ال ایشلری آذربایجان,23,31.130434782608695,91
فروشگاه داریوش مارکت,41,31.121951219512194,1187
نامیرا,27,31.11111111111111,42
پخش چکاوک,58,31.103448275862068,217
روزنامه دیواری,20,31.1,63
کوکی وان,158,31.088607594936708,192
بازرگانی ملورین,1402,31.082738944365193,6532
ققنوس زرین,64,31.0625,118
 اسپرت شاپ,81,31.061728395061728,86
شایلیین گالری,27,31.037037037037038,220
پویان اسپرت,122,31.0327868852459,1214
تجارتکده البرز,286,31.027972027972027,3948
فروشگاه لایتینو,37,31.027027027027028,138
 تولیدی کفش زیتون,95,31.010526315789473,62
رزگلد شادراج آرونیکا,107,31.009345794392523,2004
اورج سنتر,22,31.0,101
اسکایلر,157,30.955414012738853,353
مرکوری شاپ,45,30.933333333333334,63
لاچو و باراج من,247,30.850202429149796,300
تهران اسپورت,650,30.821538461538463,1233
عطف گالری,180,30.788888888888888,207
 تایسیز,28,30.785714285714285,32
کادوپیچک,220,30.754545454545454,1148
سعید اینتکس,43,30.74418604651163,379
اسکای اسپرت,33,30.727272727272727,24
اکسسوری الارز,59,30.71186440677966,42
آریا کالا امین,54,30.703703703703702,40
روجامد,95,30.694736842105264,131
دانی شاپ,24,30.666666666666668,13
گالری هستی,88,30.65909090909091,168
پارمیس و پرنیان,25,30.64,31
فروشگاه مهر,30,30.6,304
آراسته,51,30.58823529411765,400
پامامد,101,30.574257425742573,64
پدیده نقش استور,141,30.52482269503546,515
فروشگاه آریا نیک,395,30.50126582278481,2314
اسباب بازی تارا,29,30.482758620689655,28
ماناکو,25,30.48,33
گالری کیف تالی,34,30.470588235294116,65
گیم کلوپ,28,30.428571428571427,575
فروشگاه افق تهران,24,30.416666666666668,768
بارلینا شاپ,169,30.402366863905325,261
اکسسوری بارلی,54,30.37037037037037,78
پخش ترک,107,30.35514018691589,94
گالری هنری رز آبی,24,30.333333333333332,16
گیتاتک,124,30.322580645161292,943
فروشگاه نیک,91,30.307692307692307,59
جرمن کالا,164,30.26829268292683,196
بازار کیف,420,30.247619047619047,931
تیکو گالری,100,30.24,112
گالری محمد پارسا,109,30.238532110091743,712
پالادیوم مارکت,147,30.231292517006803,222
دلربا,567,30.19047619047619,17016
چاپتینو,945,30.18835978835979,1997
نیک ثمر,75,30.186666666666667,124
دنیای زیبایی ساناز,124,30.177419354838708,213
توی استور تهران,23,30.17391304347826,819
طاها سنتر,42,30.142857142857142,129
خرازی خوش ذوق,31,30.129032258064516,38
داریون دیزاین,313,30.10223642172524,441
طب چرم,22,30.09090909090909,55
فیگورشاپ,291,30.054982817869416,197
دکورخونه,40,30.05,37
آرا تن,131,30.045801526717558,282
تالین کالا,282,30.01418439716312,400
آذاردو,49,30.0,49
آلاماس,36,30.0,772
اس وی اس,33,30.0,46
نادریان,48,30.0,1381
پاکپل,25,30.0,72
سراب من,64,29.96875,145
آنیساکالا,29,29.93103448275862,31
همانام,23,29.91304347826087,132
ای زد شاپینو,22,29.90909090909091,26
کالاآباد,21,29.904761904761905,147
شایناگلد,145,29.90344827586207,161
گالری ملک زاده,96,29.895833333333332,138
ایران ملودیک,85,29.83529411764706,2331
چوبینه هفت دریا,35,29.82857142857143,28
جهیزیه شیک,29,29.79310344827586,18
جیب,72,29.77777777777778,642
ماه شاپین,121,29.75206611570248,580
سیوارو شاپ,23,29.73913043478261,20
بیگ وال,27,29.703703703703702,365
زرین  پوش,313,29.654952076677315,302
خانه مد شیوانا,34,29.647058823529413,20
گالری نوین,27,29.62962962962963,14
رابین هود,833,29.596638655462186,1239
فروشگاه شما,29,29.517241379310345,20
توکاسنتر,98,29.510204081632654,283
حورا شاپ,248,29.508064516129032,196
ماگت بازار,36,29.5,33
آیکیا تاج,135,29.496296296296297,118
آریوشاپ,89,29.48314606741573,204
آوای نور,427,29.475409836065573,570
نوین کالا,11341,29.454369103253683,60075
پخش نصف جهان,29,29.448275862068964,20
نیا پلاس,138,29.434782608695652,192
انتشارات گلبرگ,116,29.413793103448278,150
چاپ لند,30,29.4,449
تحریر ماهان,102,29.333333333333332,241
فیوچر,78,29.333333333333332,129
دالاوان,253,29.320158102766797,186
اکسسوری پوشاک ملودی,667,29.313343328335833,727
به دوست,161,29.304347826086957,94
مهیاس بوتیک,138,29.28985507246377,163
گالری سامیا,41,29.26829268292683,1187
ممتاز شاپ,49,29.26530612244898,23
بوکلا,27,29.25925925925926,104
ارت,39,29.23076923076923,70
دنیای لباس مهراد,31,29.225806451612904,21
خوشمزه های خانگی جاجا,46,29.217391304347824,48
آرمیتاژ استور,33,29.21212121212121,38
فروشگاه ایده ال,22,29.181818181818183,82
بافت رنگین,22,29.09090909090909,28
زیورآلات درخشان,28,29.071428571428573,92
آریا راگز,174,29.04597701149425,286
نیدو,43,29.023255813953487,448
موسیقی فرد,56,29.0,85
بنیتا استور,118,28.983050847457626,138
 گالری رحمانی,33,28.96969696969697,18
چرم یلسان,271,28.878228782287824,882
سوفی اکسسوری,48,28.875,89
نشر زرین اندیشمند,252,28.865079365079364,256
عاکفی استور,40,28.85,51
تای گر,85,28.847058823529412,62
یوتی شاپ,136,28.823529411764707,136
سوپرماکت,27,28.814814814814813,15
انتشارات امید سخن,55,28.8,74
بیتامد,161,28.795031055900623,415
بافت رنگینک,23,28.782608695652176,19
ساز موسیقی,159,28.77987421383648,234
سینا خواب,212,28.754716981132077,1185
یوتادو,54,28.74074074074074,260
دانشگاهی فرهمند,276,28.71014492753623,388
عمده بازار تهران,1003,28.67198404785643,11649
میک رویال,140,28.65714285714286,727
چوب کو,97,28.63917525773196,119
کومو,55,28.581818181818182,47
خشکبارآروند,167,28.5748502994012,434
مورنینگ مارکت,35,28.571428571428573,64
طمطراق,257,28.56809338521401,362
سرزمین عجایب آریا,53,28.566037735849058,55
پارلاکرفت,89,28.56179775280899,71
آروین بیوتی,130,28.553846153846155,368
اورانوس پخش,188,28.53191489361702,870
ورزشی مایکت,80,28.525,93
برترکالا,149,28.523489932885905,286
ماوی کوش,23,28.52173913043478,17
بوتیک مونالیزا,20,28.5,12
عالیسا,289,28.491349480968857,276
کفش پالیز,29,28.482758620689655,30
کاتالونی,83,28.481927710843372,280
دل نیا گالری,40,28.45,44
رسا کمپ,91,28.417582417582416,202
نشر پازینه,147,28.38095238095238,81
فرش فستیوال,22,28.363636363636363,14
فلوراکالا,333,28.354354354354353,6121
پخش چرم سون,53,28.339622641509433,94
رزین نوین,24,28.333333333333332,576
فرش يزدان,31,28.322580645161292,72
لاچینی,157,28.24203821656051,714
فروشگاه اومیروس,43,28.232558139534884,22
آبا فن آوران,36,28.22222222222222,25
اوراش تویز,93,28.193548387096776,157
آلور استور,24,28.166666666666668,201
وگاس استور,29,28.137931034482758,16
آقای لیف,105,28.076190476190476,266
آرایشی پوپر,538,28.074349442379184,1801
تن سا,203,28.059113300492612,134
کیف من,98,28.020408163265305,248
تاپ شاپ کیدز,45,28.0,19
آسان پوش پدیده,28,28.0,31
هنرکده تاووس,57,27.964912280701753,155
گالری نصف جهان,281,27.95729537366548,162
پینک گارد,44,27.954545454545453,62
ژولی,739,27.948579161028416,1029
رایحه پارسیان,87,27.908045977011493,661
عینک ساینا,45,27.866666666666667,1400
پخش بهین گستر روشا,113,27.858407079646017,437
فروشگاه چهارطاق,38,27.842105263157894,38
زاشادو,33,27.818181818181817,46
کفش شهرام طب,20,27.8,42
وینیکا شاپ,26,27.76923076923077,50
نلیسا استور,34,27.764705882352942,32
روتاک,94,27.74468085106383,768
پخش کالای مرکزی,149,27.731543624161073,3037
فروشگاه کافی,231,27.705627705627705,1972
ریش تراش مدرن,87,27.701149425287355,150
پرشیا استار مد,86,27.697674418604652,108
فراهان گالری,25,27.68,21
اسنیپ,49,27.6734693877551,125
نیل کوک شاپ,38,27.63157894736842,97
چرم ونوکس,27,27.62962962962963,17
بازرگانی پارسیان ایرانیان,237,27.628691983122362,27493
فروشگاه ساعت استار ,21,27.61904761904762,6
سعدی,86,27.6046511627907,58
ماهان طب سپنتا,118,27.559322033898304,780
رحان,27,27.555555555555557,13
آراسیلا,111,27.53153153153153,89
ثانی استور,61,27.508196721311474,60
هنرکده چکاوک,57,27.473684210526315,47
آرامازد شاپ,339,27.457227138643066,308
هانا رامونا,29,27.448275862068964,23
رنس,421,27.444180522565322,404
گالری هنری نگارینه,74,27.43243243243243,67
کتاب فروشی مبعث,1127,27.426796805678794,932
کیف سیاره,23,27.391304347826086,31
بازرگانی میشکا,97,27.38144329896907,179
مهندسی ماکان فارمد,31,27.35483870967742,21
نقره آمیتیس,262,27.328244274809162,484
کتاب باز اندیشه,854,27.250585480093676,3099
ژاویا,64,27.25,45
پخش کالای نوربخش,31,27.225806451612904,80
ساراودارا,36,27.22222222222222,18
هآمون,20,27.2,10
غزالی اسپرت,84,27.166666666666668,111
های تولد,552,27.108695652173914,306
گالری یاس بانو,31,27.096774193548388,24
دگرمان,44,27.045454545454547,27
گالری کودک بومرنگ,37,27.027027027027028,20
آدالان پوش,78,27.025641025641026,70
پخش بازار تهران,57,27.017543859649123,59
تیکا مارکت,30,27.0,67
فروشگاه زانی,76,26.94736842105263,627
آذین مهر رضا,51,26.941176470588236,34
فروشگاه زیرورو,205,26.878048780487806,241
دنیز مارکت,376,26.872340425531913,4787
سهاگل,23,26.869565217391305,27
تافی استور,111,26.864864864864863,622
پخش کالای اطلس,36,26.833333333333332,38
رهاگر,121,26.8099173553719,2071
زورخانه,85,26.776470588235295,41
گیسا آرت,88,26.772727272727273,137
ماهوت,26,26.76923076923077,114
کاروی,45,26.755555555555556,21
ژرمن سنتر,27,26.74074074074074,18
فروشگاه کمپینگ هرم چال,22,26.727272727272727,18
زرد چوبه,36,26.72222222222222,481
قلمدان,48,26.708333333333332,231
یکتامان,447,26.70246085011186,2398
تیتیش میتیش,20,26.7,17
گیفتسو,98,26.693877551020407,87
لیورجی,57,26.666666666666668,36
کلیپس و کش مو,49,26.653061224489797,50
کیوتا,32,26.625,23
بهین کیش کالا,31,26.580645161290324,815
جوانروکالا,33,26.545454545454547,69
رهام مال,401,26.528678304239403,1491
دست سازه مژگان,107,26.523364485981308,126
سیسمونی السا,31,26.451612903225808,41
بنیس مارک,466,26.446351931330472,513
هارمونی و صدا,27,26.444444444444443,109
لارا مد,50,26.44,141
داتیس,79,26.379746835443036,160
دنیای پیلاتس,49,26.367346938775512,224
 نیکسا گالری,40,26.35,336
باف لند,35,26.34285714285714,131
هاینزبرگ,72,26.333333333333332,104
کادویی نازگل,55,26.327272727272728,43
فرش افرند,156,26.32051282051282,307
برندو,32,26.3125,31
تجارت بهراد,45,26.31111111111111,465
فروشگاه کفش امیر,47,26.29787234042553,40
دیان استور,58,26.24137931034483,43
لیور مارکت,196,26.224489795918366,235
چشمه,28,26.214285714285715,48
آلما کتاب,181,26.209944751381215,155
نوین تجارت سام,153,26.209150326797385,1362
زیباشوباما,23,26.17391304347826,241
ظریف آرت,36,26.11111111111111,71
پازار,109,26.05504587155963,64
سیتی نایس,79,26.050632911392405,66
سردانالو,110,26.036363636363635,85
بازرگانی بزرگ لوتوس,26,26.0,25
صنایع چوب و کاشی ترنج,51,25.96078431372549,59
انتشارات ارمغان,541,25.948243992606283,4169
کیف و کفش تایسیز ,460,25.93913043478261,323
پخش جنوب,432,25.921296296296298,542
گالری شمرون,86,25.837209302325583,122
پالادیوم استور,24,25.833333333333332,156
مهاب استور,23,25.82608695652174,601
قلعه شادی,50,25.8,673
استراتوس کازما,46,25.782608695652176,202
اکسسورسیتی,50,25.76,105
خیام طب,25,25.76,50
آذین گرجی,31,25.741935483870968,23
هورتن,29,25.724137931034484,33
ستیا حجاب,28,25.714285714285715,12
بازرگانی نکو,48,25.708333333333332,54
سنجاب وود,20,25.7,32
لیزلی لند,103,25.689320388349515,131
نوبهاران,71,25.661971830985916,309
چرم کن آ,376,25.654255319148938,237
آناهید زروان,154,25.649350649350648,123
مستور کو,140,25.62857142857143,301
مغازه الین,21,25.61904761904762,42
ویم برتر,44,25.59090909090909,1085
ژانین بیوتی,110,25.581818181818182,297
کوئیلنا,45,25.555555555555557,1395
تاکتیک اسپورت,36,25.555555555555557,38
آیهان بوتیک,36,25.555555555555557,17
گروه آلفا الکترونیک,26,25.53846153846154,15
اندیشه بدیع,38,25.526315789473685,130
شمیم گستر,21,25.523809523809526,12
عیار کالا,25,25.52,371
ایران آزاد,24,25.5,23
گوهر مارکت,43,25.488372093023255,28
ورن,327,25.474006116207953,309
شمع های بهاری,158,25.430379746835442,247
لیلیون گالری,35,25.428571428571427,12
تجارت گستر پیام,24,25.416666666666668,8
آریان پخش,127,25.37007874015748,218
فروشگاه آندرومدا,276,25.355072463768117,274
زرکات,191,25.350785340314136,181
فامیلی شاپینگ,107,25.345794392523363,64
هاشکا,41,25.317073170731707,27
پزشکی مهر,47,25.27659574468085,103
بازرگانی پرشین گستر,107,25.27102803738318,493
هورام پیشرو,24,25.25,12
گرینویچ,84,25.238095238095237,194
چرم پاتن,156,25.23076923076923,168
پخش مبین,291,25.2233676975945,258
دانکالا,206,25.184466019417474,186
شرکت کفش بهشتیان,210,25.17142857142857,385
صنایع دستی سنجاقک,166,25.156626506024097,211
هنرکده پرسام,42,25.142857142857142,33
دات شاپ,612,25.137254901960784,1436
پوشاک کودک الیاکیدز,34,25.11764705882353,29
ساعت اسکمی,146,25.10958904109589,184
میروشا,351,25.105413105413106,2039
نشر ارمغان,269,25.092936802973977,201
آرولی پلاس,218,25.06422018348624,4460
نساجی فردوس,87,25.057471264367816,88
اطلس مد,216,25.055555555555557,113
هیروبی,90,25.044444444444444,127
آتاهان,23,25.043478260869566,28
بلو فشن هاوس,20,25.0,23
صنایع دستی جوان,32,25.0,14
الیاکو,82,24.975609756097562,129
ساعت آنالوگ,122,24.918032786885245,148
کوآلا شاپ,70,24.885714285714286,43
فروشگاه پینایت,46,24.869565217391305,20
نیو اسپورت شاپ,123,24.86178861788618,175
روژین و شروین,72,24.86111111111111,33
شوپن گالری,42,24.857142857142858,292
دلنار گالری,776,24.84020618556701,706
تن پوش مارکت,24,24.833333333333332,160
اورجینال اوژین,29,24.82758620689655,27
ورزش شو,58,24.82758620689655,125
محصولات ارگانیک میرزا,23,24.782608695652176,398
ویلیا,157,24.738853503184714,686
پارسی پاسارگاد,165,24.703030303030303,93
نیلوارا,37,24.7027027027027,54
فامو دیزاین,208,24.682692307692307,169
سورانیک,5645,24.68131089459699,10927
پوشاک کودک سناتور,28,24.642857142857142,9
محصولات عطرین,122,24.639344262295083,74
کوشا سنتر,22,24.636363636363637,473
محصولات سالم کوثر,108,24.61111111111111,95
سهیلی اسکارف,456,24.592105263157894,259
لوازم عکاسی سپاس,87,24.57471264367816,64
پینک تویز,95,24.54736842105263,329
مام استور,208,24.51923076923077,732
سرای نمک دماوند,82,24.51219512195122,67
نقره کار,130,24.50769230769231,90
کیوت گالری,143,24.475524475524477,71
نارکو مد,26,24.46153846153846,46
ثقفیان,27,24.444444444444443,9
زیگزاگ نینییون لند,27,24.444444444444443,22
تارا تین,92,24.391304347826086,51
شادی نوران,98,24.387755102040817,494
گیشا اسپورت,84,24.38095238095238,104
هایلی شاپ,23,24.347826086956523,7
ارزانسرای تیتان,24,24.333333333333332,19
فروشگاه لالانازی,111,24.324324324324323,82
سنت کده,177,24.293785310734464,515
پویا مارکت می,66,24.272727272727273,46
تکتین فیت,69,24.26086956521739,64
بازرگانی آرسا,515,24.25242718446602,565
ورزشی سعید اسپرت,25,24.24,15
شال و روسری افسون,42,24.238095238095237,78
خانم کوچولو,46,24.217391304347824,36
خرس کوچولو,79,24.20253164556962,137
گالری تکتا,227,24.19383259911894,214
کایوسان,52,24.192307692307693,37
آنیگما,308,24.181818181818183,246
نایریکاشاپ,62,24.161290322580644,70
سوسو گالری,149,24.161073825503355,151
الانه گستر,26,24.153846153846153,19
بازرگانی رویان,828,24.13768115942029,846
زیرآرا,161,24.124223602484474,92
پای نیک,116,24.103448275862068,49
زیمور,394,24.101522842639593,279
میرو کالا,235,24.093617021276597,567
کتونی پوشان,44,24.09090909090909,21
مرکز چمدان چرم آرا,117,24.085470085470085,82
مارادونا اسپورت,30,24.066666666666666,182
فرش یاقوت,113,24.035398230088497,393
پرینت آرت,4279,24.02477214302407,6157
گروه بازرگانی پایازمان,370,23.994594594594595,178
نیکا مال,329,23.99392097264438,329
تریکو آذران,28,23.928571428571427,10
دارمین,53,23.92452830188679,148
انتشارات نسل روشن,398,23.91457286432161,405
مای نبات,29,23.862068965517242,80
تحول بوک,244,23.81967213114754,200
رنگ تا رنگ,88,23.818181818181817,42
پوشاک روهان,22,23.818181818181817,25
گالری آرایشی رضا,106,23.81132075471698,145
می دل,76,23.789473684210527,63
ام اند او,168,23.785714285714285,187
پویش اندیشه,81,23.77777777777778,1714
فلو اسپرت,32,23.75,18
دستبافت های خاله لیلا,195,23.723076923076924,243
برند شو,243,23.720164609053498,215
راه پرداخت,21,23.714285714285715,39
نالی پلاستیک,28,23.714285714285715,36
سهند بوک,79,23.696202531645568,179
لیو شاپ,348,23.67816091954023,2008
مزون ناب,24,23.666666666666668,21
چی کالا,52,23.653846153846153,222
پوشاک نارنج,115,23.652173913043477,122
بلو بی بی,51,23.647058823529413,21
گیفتوری,33,23.636363636363637,12
هشت مارکت,120,23.633333333333333,879
تولید  پخش سانلومکس,21,23.61904761904762,34
فروشگاه وزان,25,23.6,6
کاجینه,39,23.58974358974359,46
فروشگاه ملکه طلایی,126,23.58730158730159,61
تولیدی دخملی,310,23.580645161290324,1542
لیلیان مد تجارت,47,23.574468085106382,27
رزا اسپرت,39,23.53846153846154,25
بازار افرا,25,23.52,43
یونیک پرو,53,23.50943396226415,105
کومارز,53,23.50943396226415,59
قشم اسپورت,23,23.47826086956522,12
دیمودا,23,23.47826086956522,8
شیرین اسپرت,211,23.46919431279621,123
پارملا سنتر,39,23.435897435897434,246
 اکب,154,23.428571428571427,140
کارینا پارت,61,23.40983606557377,105
تولیدی بازرگانی ایران,51,23.372549019607842,34
آفر استور,22,23.363636363636363,47
کوه نور تجارت ارس,151,23.311258278145694,104
پرنیان شاپ,83,23.301204819277107,135
فروشگاه زرین پلاس,140,23.271428571428572,502
گالری ساعت جوان,85,23.270588235294117,89
فروشگاه ستارگان,41,23.21951219512195,99
هرمس اسکارف,33,23.21212121212121,15
گروه تولیدی لیلپار دیزاین,44,23.181818181818183,29
ملکه باش,24,23.166666666666668,13
لوازم التحریر دیانا,43,23.162790697674417,34
کیمیا استور,641,23.157566302652107,1728
گروه هنری دانژه,197,23.14720812182741,82
جی دی,316,23.145569620253166,302
آراهنر,39,23.128205128205128,23
ادویه کلبه,95,23.11578947368421,78
اسمار,152,23.05263157894737,362
خرازی الی,40,23.05,67
لوپیلوار,50,23.04,36
 چاروق چی,70,23.02857142857143,28
باهر,183,23.027322404371585,226
آنی گالری,119,22.991596638655462,242
پیکانتو,1004,22.98207171314741,1447
پرن پوشاک,31,22.967741935483872,13
ژوآن,29,22.96551724137931,183
کتابفا,210,22.961904761904762,639
مهر سهند,50,22.96,35
فروشگاه آفتابگردان,24,22.916666666666668,274
پرینا,303,22.91089108910891,206
لگو تهران,21,22.857142857142858,7
ابزار واحد,121,22.84297520661157,181
 هانا گالری,667,22.842578710644677,730
بازرگانی لیدی شاپ,47,22.80851063829787,21
شرکت تصفیه سازان مهر,1197,22.795321637426902,12027
شیراز اسپورت,36,22.77777777777778,11
جوراب داب,987,22.770010131712258,608
گالری محبوب,151,22.75496688741722,352
 مهردخت,24,22.666666666666668,24
مرکز حراج ایرانیان,43,22.651162790697676,4372
کیمیانت فام,31,22.64516129032258,108
عروسک بهشتی,22,22.636363636363637,529
جانان جامه,323,22.625386996904023,327
آی کو,29,22.620689655172413,10
تارادیس باف,195,22.615384615384617,98
تندیس سبلان,21,22.571428571428573,67
مزون مرکا تهران,35,22.571428571428573,15
برد و باخت,109,22.513761467889907,148
گالری آنیل,32,22.5,15
گالری کاغذی,20,22.5,119
باران آنلاین,51,22.470588235294116,92
گالری هنری ماهسون,34,22.470588235294116,17
هیاهو مام کیدز,443,22.442437923250566,943
فروشگاه جانبی دیجیتال,28,22.428571428571427,69
مل اندموژ,75,22.426666666666666,32
کادینی,100,22.42,55
کفش افرا,83,22.36144578313253,702
سیب طلایی,756,22.35978835978836,1479
آلانه گستر,64,22.34375,72
راه اندیشان نوین,98,22.3265306122449,74
آکاژو استور,81,22.320987654320987,281
نگینالماس,52,22.307692307692307,52
پخش نوآوران سلامت,95,22.294736842105262,514
لباسام,75,22.293333333333333,36
بانک دیجیتال ایران,350,22.245714285714286,1317
لدی بگ,34,22.235294117647058,28
فرشته صورتی,165,22.23030303030303,852
نیاز استور,36,22.22222222222222,183
تن سلامت,221,22.190045248868778,1093
لینو کالینو,133,22.13533834586466,74
آیلیش کالکشن,174,22.091954022988507,339
چرم کوثر,51,22.03921568627451,49
شبکه ویرا,52,22.03846153846154,169
پارمیدا تویز,229,22.00873362445415,220
گالری هنری خانواده,34,22.0,16
ناژیامد,87,21.977011494252874,53
فروشگاه پارس آرکا,51,21.96078431372549,79
اسپورت برند,80,21.95,37
فادو شاپ,37,21.945945945945947,21
آرتمیس غرب,144,21.944444444444443,331
ایوان دیجیتال,31,21.93548387096774,32
آوین تجارت,212,21.92452830188679,140
جامه فرش,130,21.923076923076923,179
نیکان مهرشهر,25,21.92,17
تولیدی کیف و چمدان محمد,23,21.91304347826087,29
کیف و کفش صاد,467,21.905781584582442,249
گروه هنری گدار,108,21.88888888888889,50
ساوین سرویس,62,21.870967741935484,464
عصر بازی ,602,21.84717607973422,8501
شیرین شاپ امید,55,21.818181818181817,81
مامان و بابام,55,21.818181818181817,18
کوبیک,353,21.813031161473088,361
ایرانیاز,49,21.79591836734694,48
ژرمن لند,201,21.791044776119403,133
برفا استور,28,21.785714285714285,11
گالری ماندگار,96,21.770833333333332,689
موبایل راک,57,21.75438596491228,49
هوباس,77,21.74025974025974,60
انتشارات خانه ی رود,23,21.73913043478261,29
هیروش,154,21.7012987012987,86
تپل تیپ,45,21.68888888888889,23
گالری ساعت کارن,30,21.666666666666668,9
تهرانی هوم,39,21.641025641025642,161
ماکت پایتخت,22,21.636363636363637,9
گودی کالا کام,55,21.636363636363637,31
گندم بتن,64,21.59375,31
کتونی پالیک,237,21.561181434599156,120
پانته گالری,140,21.557142857142857,616
هورنقش,189,21.523809523809526,148
کالای برق افشان,343,21.516034985422742,157
بژامد,24,21.5,13
لاکچری فیس,20,21.5,33
پاییز تحریر,75,21.493333333333332,172
آلمانو,59,21.491525423728813,43
 همزاد,21,21.428571428571427,91
انتشارات هلیا,28,21.428571428571427,15
رودگل,35,21.428571428571427,11
روپا,184,21.380434782608695,126
بازرگانی آرکان,150,21.32,53
پخش پارس نوین اهواز,152,21.31578947368421,415
بستویز,889,21.275590551181104,713
دنیای کلکسیون,47,21.23404255319149,749
آرتام تن پوش,33,21.21212121212121,11
وارش سنتر,235,21.19148936170213,99
گالری ظهیرالدینی,136,21.191176470588236,67
پخش پرنیا,62,21.129032258064516,22
هاوار شاپ,39,21.128205128205128,110
روغنکده بکلی,69,21.10144927536232,21
روحبخش مارکت بومی,485,21.09278350515464,337
اسپرتی,141,21.04964539007092,55
لاریس تبریز,39,21.025641025641026,14
پزشکی زیبایی پاشا,75,21.013333333333332,149
ملورادبوتیک,81,21.012345679012345,86
مشهوری,40,21.0,65
آوات روبو,30,21.0,24
گلوریا تاول,533,20.9906191369606,553
پرواز پرستوها,91,20.967032967032967,152
اکسسوری گلی,22,20.90909090909091,7
نکیسا,37,20.864864864864863,18
بنی جواد,22,20.818181818181817,91
گروه مهرآذر,22,20.818181818181817,11
گالری سکه اکبری,25,20.8,33
ساسویه,91,20.76923076923077,31
کفش سینا تبریز,27,20.74074074074074,8
فروشگاه خرازی رامین,125,20.72,77
ساتوشی,42,20.714285714285715,18
تولیدی سنتی اصفهان,64,20.6875,59
تولید و پخش مادر,32,20.6875,32
انتشارات آرازبیکران,100,20.68,57
پریا گالرین,77,20.675324675324674,67
اسیستور,5204,20.669100691775558,7275
جاناگالری,163,20.63803680981595,191
گالری یگانه,43,20.6046511627907,38
زگماک,34,20.58823529411765,16
نیوساید,25,20.56,37
ووگان,314,20.554140127388536,1063
نیک نو,31,20.516129032258064,18
فروشگاه کسپر,193,20.507772020725387,512
تی اچ ام شاپ,24,20.5,17
ایران مگنت,29,20.482758620689655,9
پادرین,46,20.47826086956522,22
گس,721,20.46879334257975,370
شیمی کالا تجارت,65,20.46153846153846,378
مستر وودی,74,20.45945945945946,22
ندای سبز کتاب,185,20.454054054054055,78
 تخت جمشید,59,20.406779661016948,90
یکتا نشان,74,20.405405405405407,35
رنگین کمون گالری,253,20.3399209486166,695
پرتو آبی,144,20.291666666666668,118
کبریت نقره ای,45,20.266666666666666,76
دستکش شبگرد,40,20.25,15
تینو پلاس,773,20.23803363518758,740
شیکا نیل,116,20.224137931034484,51
دیوید جونز ایران,135,20.22222222222222,107
آرمیتا و آریا,408,20.16176470588235,198
هفت دریا 3,27,20.14814814814815,10
آداک گالری,430,20.13953488372093,867
آئینه زدای,72,20.13888888888889,107
پیوند مهر,132,20.12121212121212,380
کتاب آشنا,54,20.11111111111111,20
نیکتا مد,276,20.10144927536232,231
گروه خانه ساعت,428,20.093457943925234,2381
فروشگاه زد اسپرت,55,20.072727272727274,52
گلدن باکس الف,510,20.058823529411764,376
برسا استور,72,20.055555555555557,22
کاشی برتر,544,20.03676470588235,451
پوشاک ام دی,23,20.0,10
مزرعه ما,21,20.0,5
سنجاب,20,20.0,5
اتی مد,24,20.0,15
فروشگاه رزگلد اکسلنس,53,20.0,61
سواشون,145,19.986206896551725,316
فیورلا آنلاین,221,19.97285067873303,267
ماهووت,549,19.95264116575592,313
مای هوم پک,39,19.94871794871795,27
 آفاق معرفت,124,19.919354838709676,60
یارا سنتر,20,19.9,24
رمو تن پوش,51,19.88235294117647,30
دکوگراف,55,19.854545454545455,35
هلن,26,19.846153846153847,22
سان رایز تویز,428,19.845794392523363,410
کیف نادر,21,19.80952380952381,37
راضی خرید,73,19.80821917808219,38
چوب و تحریر آرمون,67,19.791044776119403,31
مایا دخت,26,19.76923076923077,18
اسکای ویو,95,19.768421052631577,50
کامپیوتر باز,27,19.703703703703702,24
گروه تولیدی سیکوک,143,19.678321678321677,83
فندق مندق,115,19.669565217391305,92
فروشگاه کفش طبی,99,19.656565656565657,35
فروشگاه پریزاد,131,19.587786259541986,41
کفش آدمی,24,19.583333333333332,17
وزین اسپرت,33,19.575757575757574,12
بلوط نارنجی,106,19.528301886792452,593
رترومد,69,19.507246376811594,38
اورانوس بیوتی,52,19.5,78
ماخ,41,19.463414634146343,16
درگهان سنتر,74,19.45945945945946,67
آس شاپ,319,19.398119122257054,263
كالاي ما,38,19.36842105263158,14
کاردان استور,37,19.35135135135135,19
استار راد,73,19.34246575342466,595
آکوا مینی مارکت,24,19.333333333333332,11
بلوط صورتی,83,19.27710843373494,271
مد و پوشاک لیرا,143,19.244755244755243,57
اخگر کالا,29,19.24137931034483,360
اپشن ایران,24,19.166666666666668,7
فروشگاه ورنا,168,19.166666666666668,106
نمایندگی چرم طبیعی,24,19.166666666666668,5
آلفامد,775,19.148387096774194,438
اسمارت استایل,30,19.133333333333333,13
انعام,22,19.09090909090909,7
بازرگانی تهران سرمه,30,19.066666666666666,43
عینک دیدار,87,19.057471264367816,290
اولیوروبر,33,19.03030303030303,17
دارا اسپرت,20,19.0,5
مسترمانی,159,18.968553459119498,83
نسن پوش,123,18.959349593495936,64
چاوینو,885,18.933333333333334,1390
دلیل ما,421,18.921615201900238,183
فروشگاه نگین دانه,66,18.90909090909091,99
فامو استور,425,18.90823529411765,270
لونا شاپ,83,18.89156626506024,60
هایپر سنتر توی,25,18.88,1356
هستی گالری دنیا,345,18.83478260869565,330
گالری مد کاریزما,145,18.813793103448276,59
حوله ایدین,45,18.8,15
گالری ماسالند,34,18.764705882352942,19
لوتوس آزاد,117,18.735042735042736,206
گروه تجاری مونو,170,18.705882352941178,215
برمازیا,88,18.681818181818183,62
پولکادات,315,18.66031746031746,164
کالای پارتاک,37,18.64864864864865,14
تولیدی رز,37,18.64864864864865,10
اکسسوری ویوات,68,18.61764705882353,25
فروشگاه برندو,492,18.597560975609756,316
چرم شیفر,148,18.56756756756757,149
کالای کودک ایران,84,18.547619047619047,57
چوپی,100,18.5,36
نولوشاپ,39,18.41025641025641,248
ساناهی,156,18.397435897435898,76
فروشگاه شهر طبیعت,56,18.392857142857142,43
آرت اسکای,72,18.38888888888889,588
ماه برزین,33,18.363636363636363,12
تورینو,51,18.352941176470587,16
جاویدان تندیس پرگاس,196,18.29591836734694,207
کلاه شاپو,157,18.29299363057325,86
آنلاین24,359,18.245125348189415,289
آووست,91,18.21978021978022,359
نی نی استاپ,335,18.208955223880597,109
شروان شاپینگ,110,18.2,332
سیکاس,21,18.19047619047619,17
بی اس دی شاپ,211,18.18957345971564,98
تایلومیک,140,18.185714285714287,160
گالری برگزیده,176,18.181818181818183,45
پاکفر,101,18.178217821782177,298
ادویه جات حامی,692,18.158959537572255,333
گلستان تیهو,34,18.11764705882353,15
آنورشاپ,93,18.06451612903226,43
کارنیلا هنر,4162,18.054781355117733,2133
رویال اسپورت,53,18.037735849056602,157
هنر کده مرمر گالری,27,18.0,147
نوین ویژن,49,18.0,84
بامینو,1391,17.99568655643422,759
طب تن,282,17.97163120567376,1175
ام مارکت,180,17.88888888888889,290
نیلا استور,61,17.868852459016395,37
پخش اپتیک سلطان,445,17.84269662921348,836
پارلا پلاس,59,17.83050847457627,37
صنایع دستی زاینده رود,212,17.79245283018868,162
یوفوریو شاپ,83,17.783132530120483,107
مایراتا شاپ,112,17.767857142857142,36
گالری دنیای هستی,439,17.767653758542142,2045
آسانا شاپ,24,17.75,328
مدو شاپ,137,17.722627737226276,58
فروشگاه بونیتا,34,17.705882352941178,34
موژان دوخت,50,17.68,24
ویژن فیت,291,17.676975945017183,229
چرم شاپرک,60,17.666666666666668,15
منارک,53,17.660377358490567,23
داستان اسباب بازی ها,505,17.65148514851485,207
پیپرتس و لوپیلو,160,17.625,67
عطاری لند بهاران,62,17.612903225806452,23
عرش استودیو,93,17.591397849462364,35
کفش ارسی من,36,17.5,17
هوم دکور استور,56,17.5,29
پرگل گالری,78,17.46153846153846,89
تولیدی بازرگانی جم ویژن راه نیک,65,17.446153846153845,20
گالری جیمبو,64,17.4375,22
بهنام اسپورت,28,17.428571428571427,21
بوتیک تاج رز,286,17.41958041958042,186
پویا بوتیک,31,17.419354838709676,11
فروشگاه هورشید,443,17.41309255079007,3115
 کهکشان علم,53,17.39622641509434,40
نیکادل,52,17.384615384615383,18
دست نگار,354,17.35593220338983,194
شامار پوش,59,17.35593220338983,39
نانو سافت,38,17.31578947368421,25
دیدار استور,221,17.30316742081448,186
اسمارت تویز,431,17.280742459396752,164
میرا گالری,29,17.24137931034483,8
شامقصود,189,17.238095238095237,77
طلای پر,26,17.23076923076923,15
هانستو,289,17.224913494809687,170
دیاسا,518,17.216216216216218,408
بهشاپ مد,125,17.216,76
سانوز,86,17.209302325581394,26
کتاب خیزران,52,17.192307692307693,38
دی جانبی شاپ,488,17.15573770491803,625
النترا,33,17.151515151515152,11
مهیاس گرانولا,42,17.142857142857142,13
دکتر بالون,367,17.13351498637602,194
پخش سنجاقک,193,17.129533678756477,80
لوازم خواب نوزاد شایلی,72,17.11111111111111,24
ماتیش,234,17.094017094017094,241
سالنی لند,27,17.037037037037038,8
فرش آراد,20,17.0,4
دیجیتال الکترا,20,17.0,9
سانل چوب,48,17.0,13
یاقوت برتر,328,16.98780487804878,206
پارچه باما,923,16.95991332611051,343
ترمه گرافیک,1339,16.95444361463779,689
لوکس پاپیون,56,16.892857142857142,28
انبار مرکز,78,16.871794871794872,28
شاپ کو,218,16.844036697247706,168
پروا کالا,129,16.837209302325583,42
فام گالری ,101,16.81188118811881,35
دونو باکس هدیه,89,16.808988764044944,147
بانداژ,43,16.790697674418606,23
اوات گالری,28,16.785714285714285,11
پاپان چرم تبریز,200,16.78,76
آویناپوش,154,16.766233766233768,131
گلدن هلیکس,37,16.756756756756758,11
گالری پارادایز,38,16.736842105263158,15
تجهیزات پزشکی سیب,44,16.727272727272727,162
ایپو مد,86,16.72093023255814,68
بیلیو,51,16.705882352941178,468
آقا و خانم سی,454,16.704845814977972,218
پامان,24,16.666666666666668,7
گالری مکرومه بافی,31,16.64516129032258,12
تجارت کارن,31,16.64516129032258,13
گالری دویار,119,16.638655462184875,51
 المپیا تولز,270,16.62962962962963,122
رابین گالری,84,16.571428571428573,89
سنگ ناب,70,16.571428571428573,35
فروشگاه ویهان کوچولو,34,16.529411764705884,14
آریناگالری,64,16.5,114
ایستگاه مد,99,16.464646464646464,45
فروشگاه شال و روسری ایوا,36,16.38888888888889,15
تازتا,47,16.340425531914892,24
آکوا ایلیا,24,16.333333333333332,88
تیدا کندل,27,16.296296296296298,47
باشیدا,69,16.28985507246377,35
آونگ نقره ای,253,16.268774703557312,198
آیمهر,82,16.26829268292683,72
رادمه تجارت,23,16.26086956521739,32
محصولات غذایی مارجان,197,16.253807106598984,67
جینگیلستون,24,16.25,8
بومیم شاپ,180,16.22222222222222,80
بل سنتر,351,16.193732193732195,156
بومیکده,460,16.178260869565218,188
نگاریا,90,16.177777777777777,65
جین شهرو,145,16.16551724137931,63
فیفتان,76,16.157894736842106,55
کفش امیتیس,133,16.150375939849624,53
شیبا شات,59,16.135593220338983,81
رویان شاپ,74,16.135135135135137,47
آبان نقشینه,22,16.09090909090909,6
بالست,23,16.08695652173913,9
رنگی رنگی لند,44,16.045454545454547,188
آلما استایل,374,15.97860962566845,364
آنالی واچ ,45,15.955555555555556,11
پوشاک نیرا,149,15.946308724832214,69
هنر فاخر,100,15.94,53
آواتصویر,33,15.93939393939394,42
فروشگاه مونلایت,32,15.9375,8
مرکزمد,49,15.918367346938776,10
آقا شاپ,270,15.88888888888889,145
جانبی زوم بازار,34,15.882352941176471,16
هونامیک نوین,153,15.869281045751634,45
برند پوشان دماوند,51,15.843137254901961,81
پاتریک مون,94,15.808510638297872,41
کارنسی,38,15.789473684210526,19
میس اسپورت,65,15.784615384615385,51
ژرمن مارکت,289,15.764705882352942,147
قهوه کهن,251,15.737051792828685,106
سلامت پا,35,15.714285714285714,13
روبین استایل,20,15.7,19
وقت و زمان,24,15.666666666666666,7
سپادا,30,15.666666666666666,10
چاپر,68,15.647058823529411,32
پوشاک مانا,118,15.627118644067796,35
تن نواز,48,15.625,10
سرای ایران,35,15.6,9
هدیه مادر,241,15.5850622406639,104
پوشاک زنانه فدورا,27,15.555555555555555,7
فروشگاه برنگی ,25,15.52,11
کفش ایران اسکارپا,40,15.5,21
نیلان,2544,15.48191823899371,859
كفش حافظ,33,15.454545454545455,10
اقیانوس گالری,301,15.44186046511628,122
نادین گالری,74,15.432432432432432,37
عسلک,254,15.409448818897637,106
پوشاک آلفردو,135,15.392592592592592,47
روشن برایت,36,15.38888888888889,14
نگین گستر پارس,573,15.38219895287958,278
دال تل,283,15.363957597173146,6547
تقارن,21,15.333333333333334,9
پادینا شاپ,310,15.303225806451612,106
صفاهوم,50,15.28,17
گالری کلبه طلایی,174,15.25287356321839,43
 شکوفه ها ولایت,24,15.25,47
جعبه هنر,270,15.244444444444444,61
فرندزاسپرت,23,15.217391304347826,8
جوراب بارلی,83,15.204819277108435,46
فروشگاه وثوق,20,15.2,9
در دانه,65,15.169230769230769,13
حله,69,15.159420289855072,15
سلندیون,35,15.142857142857142,7
پوشاک دامون من,75,15.12,24
چرم کوروش,473,15.103594080338267,542
مدشاپ,37,15.08108108108108,43
والیناسور,130,15.076923076923077,29
شرکت چرم مشهد,248,15.07258064516129,76
پریزانس,185,15.037837837837838,83
مزون یاشامی,33,15.030303030303031,21
میشاکیدز,93,15.010752688172044,31
نیلای لاو,24,15.0,4
پوشاک وستا,28,15.0,5
آرسس کالکشن,20,15.0,5
به پوشاک,20,15.0,4
هیپو گالری,82,14.975609756097562,130
پخش پاپو,71,14.95774647887324,29
بلوچ دوزی گدروزیا,212,14.952830188679245,47
ایمرامدا,155,14.929032258064517,37
ان سی نو,143,14.881118881118882,46
گالری یاقوت درخشان,25,14.88,14
فاخر استور,87,14.850574712643677,285
باژیکان,1538,14.83224967490247,1099
ماریتا دیزاین,29,14.827586206896552,7
سنبادکس,121,14.793388429752065,30
سامی مد,28,14.785714285714286,7
مینیمال طور,46,14.782608695652174,10
بیوتی بلندر مرکزی,23,14.782608695652174,5
بادیبان,34,14.764705882352942,34
فروشگاه مجازی ناقابل,80,14.75,20
گل برچک,34,14.705882352941176,6
آرایشی اصیل ,57,14.701754385964913,19
جین مد,64,14.6875,189
الا مد مزون,47,14.680851063829786,10
وسمه شاپ,50,14.68,29
فروشگاه سیب سبز,25,14.64,13
تیلوس,40,14.6,35
بی همتا دست دوز,30,14.6,47
نورو ویژن,37,14.594594594594595,9
تنیس اسپورت,21,14.571428571428571,8
آدلی شوز,177,14.55367231638418,49
برند سلین کالا,768,14.549479166666666,1252
زای,169,14.544378698224852,93
سیتی اسپورت,26,14.538461538461538,10
جم سواروسکی,41,14.536585365853659,29
بلک لمون,46,14.521739130434783,76
هوم تریپ,871,14.51435132032147,278
تا بی تا,837,14.501792114695341,333
رارا کیدز,20,14.5,7
تولیدی پنبینه,1291,14.455460883036405,554
گالری تماشا,60,14.433333333333334,25
رشن گالری,25,14.4,5
حسنالی,52,14.384615384615385,31
گالری بارش,178,14.382022471910112,135
بازرگانی عابد,22,14.363636363636363,9
مد روز استایل,22,14.363636363636363,57
زیتا,22,14.363636363636363,8
کلیپس ملیپس,583,14.329331046312179,730
ما و نی نی مون,43,14.325581395348838,41
آرتیمیکو,20,14.3,5
فروشگاه شوپینگ,138,14.27536231884058,36
کیا سیتی,96,14.270833333333334,23
هیژا تویز,82,14.268292682926829,590
دل تافته,61,14.262295081967213,12
زینی,25,14.24,32
اچ مد,413,14.208232445520581,197
گالری ژاوین,60,14.166666666666666,11
گالری ساعت زیگو,30,14.133333333333333,196
لیانا شاپ,113,14.123893805309734,628
روم استور,44,14.090909090909092,12
آرشام کوچولو,355,14.090140845070422,118
فاران تویز,209,14.086124401913876,100
نیتن شاپ,26,14.076923076923077,7
آریمو,26,14.076923076923077,11
کلوتو استور,54,14.074074074074074,12
دیزاین کده,32,14.0625,6
بازرگانی سام لند,66,14.06060606060606,23
برساد برشاد,154,14.025974025974026,39
هنری شو,258,14.015503875968992,69
سانریو,80,14.0,14
وستاک,33,14.0,12
جرمن شوز,40,14.0,8
جهانشهر,182,14.0,69
تامین کالای فاخر,25,14.0,8
به کالا,53,13.962264150943396,8
سان واچ,84,13.952380952380953,27
مهربانو رویا,488,13.950819672131148,151
فروشگاه فخر,580,13.927586206896551,420
ماوی مدل,219,13.917808219178083,83
نرمیلا,24,13.916666666666666,56
ژوان کالا,85,13.905882352941177,34
استتی سیزمو,36,13.88888888888889,10
پارچه سرای نکو,49,13.877551020408163,14
اسدی استور,81,13.876543209876543,23
 آکام تویز,250,13.848,466
آتینی,61,13.80327868852459,29
ونداد تجارت,28,13.785714285714286,36
 بوک لند,905,13.767955801104973,678
ارمغان هنر ایران,94,13.76595744680851,28
دیپ دیریم,93,13.763440860215054,25
بیگ ماز,25,13.76,162
 کهنمو شاپ,80,13.725,216
هدیلند,88,13.704545454545455,37
پینک شاپ کیتی,27,13.703703703703704,8
الیشا مد,46,13.652173913043478,11
نسرین شاپ,76,13.631578947368421,62
گالری تاپ,565,13.582300884955751,954
متین تجارت پایدار,373,13.58176943699732,6136
شاین سیلور,165,13.575757575757576,91
کاروانا شاپ,206,13.572815533980583,59
بازرگانی مولانیزا,112,13.571428571428571,312
گالری مهرسا ناز,34,13.529411764705882,7
جهان آکواریوم,169,13.52662721893491,44
گالری طلا کاکامی,21,13.523809523809524,12
زیورالات چوبی بهراد,37,13.513513513513514,8
بن سل,34,13.470588235294118,17
داجو,65,13.415384615384616,18
لاولی تویز,20,13.4,7
لناسنتر,494,13.380566801619434,116
پوشاک نی نی جان,28,13.357142857142858,7
سویل مارکت,30,13.333333333333334,7
پرن ساری,63,13.333333333333334,11
جهان علم,78,13.333333333333334,86
فانتزی هوم,36,13.333333333333334,7
بازرگانی امید تهران,110,13.272727272727273,29
شاداب گالری,55,13.272727272727273,11
کوچ مارکت کرج,39,13.23076923076923,127
گلیش,529,13.217391304347826,201
ملکه رویاها,25,13.2,8
گالری هنر و کیمیا,719,13.184979137691238,216
بازرگانی برند اسپرت ,606,13.184818481848184,139
مینزیفا,26,13.153846153846153,21
دنیای کاترین,116,13.137931034482758,46
تک سیتی,83,13.132530120481928,53
فست کالا,186,13.075268817204302,83
گالرى دوقلوها,23,13.043478260869565,3
سلیم اپتیک,168,13.023809523809524,38
دنیای ملورین,548,12.97080291970803,205
اسمونی مارکت,191,12.890052356020943,188
دوات کتاب,167,12.874251497005988,85
پاستل گالرئ,55,12.872727272727273,28
رادکس گالری,550,12.86909090909091,206
هنر اسپادانا,28,12.857142857142858,4
پوشاک ایواشاپ,63,12.825396825396826,15
آی باکلاه,27,12.814814814814815,12
چی چی لاس,124,12.806451612903226,99
آرتیمل,332,12.783132530120483,183
چرم آرسیس,52,12.76923076923077,23
مام سین,181,12.751381215469614,46
پارلاما,22,12.727272727272727,5
بیوتی گراف,22,12.727272727272727,4
بامبیلیپ,3576,12.699664429530202,6808
آوا زمان گالری,403,12.694789081885856,143
آنی لوکس لند,291,12.694158075601374,68
تصفیه آب خانگی نور,143,12.685314685314685,62
نقرینوگالری,118,12.661016949152541,19
بلک مارک,22,12.636363636363637,207
ویرمان,101,12.633663366336634,38
کنکور طلائی,32,12.625,8
ون گوک,26,12.615384615384615,32
 گلبرگ,540,12.58148148148148,126
پارسینه تجارت دیانا,152,12.578947368421053,109
ست لوکس,47,12.553191489361701,10
فروشگاه خانم های مشهدی,22,12.545454545454545,73
اتم گالری,41,12.536585365853659,41
گالری شانلی پلاس,151,12.516556291390728,46
کاردوربین,20,12.5,4
هایپر اکو,52,12.5,34
الماس,424,12.495283018867925,96
کیفیت ممتاز,46,12.478260869565217,10
الیزا سوینگ,40,12.45,12
کیانی آرت,94,12.446808510638299,30
جستر,362,12.430939226519337,131
هیواد نو,29,12.413793103448276,5
میرک,20,12.4,707
آنا تویز,30,12.4,33
مارمارا,40,12.4,18
گالری فیاض,21,12.380952380952381,3
کاندید اسپرت,1893,12.341257263602747,2087
لاماسو بازار,77,12.337662337662337,40
چرم کرمانی,189,12.306878306878307,48
بازرگانی نیلسا,164,12.28048780487805,175
آنالینا شاپ,44,12.272727272727273,8
حافظ اوت لت,152,12.263157894736842,30
اوژن شاپ,33,12.242424242424242,30
شیک پوش ایرانی,179,12.23463687150838,93
کیدی مد,36,12.222222222222221,6
قصر پریا,200,12.22,159
اپتیک مدرن ,46,12.173913043478262,8
صنایع دستی سما,138,12.159420289855072,90
سا رار,51,12.156862745098039,9
سراج احسان,27,12.148148148148149,258
 زنجیره,275,12.123636363636363,311
آیپی استور,50,12.12,32
عینک ونوسا,69,12.115942028985508,24
گالری روشانو,90,12.11111111111111,22
یوز تریکو,84,12.095238095238095,21
یار اسپرت,269,12.089219330855018,59
تروفو روم,108,12.018518518518519,21
ایکیا شاپ,20,12.0,3
دی تهران جی,25,12.0,5
پوشاک بانوان ابریشم,142,11.985915492957746,88
ناز نارین,157,11.961783439490446,62
وایت روبان,58,11.89655172413793,12
اركان,29,11.862068965517242,7
تولید ساز های موسیقی فیدا,27,11.851851851851851,4
یارطلا,22,11.818181818181818,4
کفش پاشیک,84,11.80952380952381,30
پوشاک نکیسا,50,11.8,9
های ترندی,56,11.785714285714286,8
ساعت رویایی,27,11.777777777777779,4
تمام چرم پلاس,46,11.73913043478261,8
ارزان تامین,58,11.724137931034482,23
آسیامال,98,11.714285714285714,42
لوکس آویز ساعت,188,11.627659574468085,51
ماهسایان,21,11.619047619047619,8
بازرگانی پاپوشا,312,11.602564102564102,87
شروین پخش,193,11.585492227979275,101
مبین ایده,2791,11.573629523468291,752
فرناد گالری,42,11.571428571428571,13
اگمنت,31,11.548387096774194,120
گالری جهان,1101,11.547683923705723,1748
آکو هنر,5425,11.547649769585254,2935
نلا,26,11.538461538461538,9
پونی کوچولو,39,11.538461538461538,101
سان بایت,25,11.52,10
بادامه کالا,49,11.510204081632653,164
زیر و زبر,162,11.506172839506172,74
صحرا استایل,20,11.5,4
آناهیتا مارکت,88,11.477272727272727,15
سی اچ آر ,378,11.465608465608465,817
آرمانی کارت,21,11.428571428571429,3
آرانیک,88,11.409090909090908,23
پوشاک افرا,409,11.408312958435207,88
ثمین یار,128,11.40625,25
هپی اسپرت,90,11.4,26
فروشگاه روزاندیش,30,11.333333333333334,6
بانه اسپرت,38,11.31578947368421,10
مدیالندز,95,11.305263157894737,34
پروشات تم,23,11.304347826086957,4
دیریم,89,11.303370786516854,236
بلک مون گالری,102,11.27450980392157,19
پوشاك بچگانه گلچين بهاران,22,11.272727272727273,9
گالری کابل,164,11.268292682926829,267
شیکا پا,135,11.25925925925926,22
پارسیان چارسو,203,11.231527093596059,57
مدیوار,33,11.212121212121213,8
گالری برگ سبز,25,11.2,5
نورآ,34,11.176470588235293,5
چرم اوال,34,11.176470588235293,4
سنگ های جادویی,34,11.176470588235293,9
آمیسی گالری,23,11.130434782608695,12
تام اسپرت,5018,11.127939418094858,6136
 گلاک,195,11.076923076923077,29
گالری صادقی,45,11.066666666666666,45
لطیف آفرینان وسام آسا,85,11.058823529411764,11
کیوآر,91,11.054945054945055,28
گلسا کالکشن,96,11.041666666666666,17
جورو شاپ,187,11.037433155080214,71
علی ونوس,29,11.03448275862069,4
ایلان شاپ,29,11.03448275862069,8
اس ای گییرز,94,11.0,15
سیمین فرهنگ,124,11.0,21
نرم افزار محک آذربایجان,20,11.0,4
اسمار لاین,128,10.9375,2294
آرامیش,35,10.857142857142858,6
اترنال گلد رز,238,10.823529411764707,43
اترنال رز,248,10.82258064516129,53
گالری ورزشی حسام,79,10.810126582278482,13
فریوش,47,10.76595744680851,9
سالیکو بوتیک,34,10.764705882352942,8
پگاه کالکشن,21,10.761904761904763,9
بیرشوز,134,10.73134328358209,51
گالری نسیم,118,10.728813559322035,23
ارکان شاپ,109,10.715596330275229,18
طلاب جانبی,516,10.709302325581396,5311
بوراهه سنتر,295,10.705084745762711,127
باراد و راتین,680,10.697058823529412,213
کسل,55,10.690909090909091,12
هارمونی تغییر,35,10.685714285714285,17
گل سنگ شاپ,30,10.666666666666666,4
بازرگانی یاقوت,30,10.666666666666666,4
نیتسیله اکسسوری,298,10.664429530201343,92
ثارنگ,206,10.640776699029127,117
یونی کیدز,86,10.581395348837209,12
بازرگانی آوای ماندگار,35,10.571428571428571,5
مهرآوا,54,10.555555555555555,10
زیب زر اکسسوری,157,10.547770700636942,59
ماربلین,55,10.545454545454545,6
گالری بوف کور,144,10.51388888888889,115
فیشن استار,21,10.476190476190476,4
دورا,21,10.476190476190476,3
فروشگاه تاران,134,10.447761194029852,36
امستور,38,10.421052631578947,63
آژندگالری,27,10.37037037037037,3
ساسا یاشام,29,10.344827586206897,3
کودک خوب من,60,10.333333333333334,9
کارانس,5212,10.314658480429777,4001
آفرا,26,10.307692307692308,9
لاو تک,66,10.303030303030303,9
دیلا,37,10.27027027027027,4
آرام جان,201,10.26865671641791,59
فانیکو,64,10.21875,12
آناشید خیال,49,10.204081632653061,8
واو,30,10.2,22
عسل کوهستان مهدی,79,10.177215189873417,15
کفش پا تک,196,10.153061224489797,35
مجموعه هنری آتریسا,57,10.140350877192983,409
 گالری پاریس,29,10.137931034482758,5
می نی نی,126,10.126984126984127,28
لوازم جانبی چرم سازان,139,10.115107913669064,34
گلبرگ پوش,234,10.11111111111111,74
خانم کفاش,41,10.097560975609756,71
ایران بامبو,43,10.093023255813954,8
زهلن ,360,10.083333333333334,78
آوای نی,25,10.08,21
کیف آژند,55,10.072727272727272,8
عینک کاریان,127,10.047244094488189,28
تیک تات,20,10.0,3
 چرم بابت,30,10.0,3
تیناکید,40,10.0,6
تولیدی قدس,57,10.0,24
مزرعه نکست,39,10.0,12
نیفا مد,38,10.0,8
گالری عطوش,26,10.0,3
گالری نوشاد,31,10.0,7
جی تی هوگرو,214,10.0,34
لینوزین,298,9.993288590604028,57
دورلان,451,9.968957871396896,165
فیروزه  آمیتیس,46,9.956521739130435,11
آشام تویز,99,9.93939393939394,52
گیلدا سفید,155,9.845161290322581,30
براتو,88,9.840909090909092,12
قشم خرید,30,9.8,64
گروه بین المللی ناتروسا,65,9.784615384615385,231
سرژه استایل,436,9.784403669724771,71
ماتیسا گالری,107,9.757009345794392,20
پرسیس طلایی,112,9.732142857142858,24
طوس مد,99,9.676767676767676,24
ترنه استایل,70,9.657142857142857,462
تولیدی نکسون,29,9.655172413793103,4
ممتاز گرافیک,405,9.634567901234568,74
مگا فیتنس,27,9.62962962962963,16
چاپ و طراحی کاربن,54,9.62962962962963,7
گالری ضامن,3723,9.622884770346495,1954
شادیا تویز,280,9.621428571428572,180
انتشارات نامه مهر,112,9.589285714285714,16
تجسم یک هنر,23,9.565217391304348,4
سینستر,31,9.548387096774194,111
لاله طلایی,203,9.54679802955665,39
واچوک,35,9.542857142857143,26
گالری نگارینو,21,9.523809523809524,3
آنکارا شاپ,21,9.523809523809524,2
گالری هنری ویولت,21,9.523809523809524,2
پادرینا,182,9.472527472527473,49
گالری دارلی,682,9.460410557184751,132
پوشاک زنانه مروارید,193,9.450777202072539,39
شاپ شید,58,9.448275862068966,351
سالی پک,188,9.436170212765957,30
آفرمانت,227,9.427312775330396,29
لیمونار گالری,598,9.421404682274247,144
بهشت آباد,66,9.393939393939394,9
ماهان کالاگستر,42,9.380952380952381,1678
سامیل لند,32,9.375,7
ویرستایل,93,9.35483870967742,11
شیک کده,135,9.333333333333334,77
گستر امین,620,9.325806451612904,424
اینفوریا,154,9.311688311688311,21
فشن اسکارف,61,9.311475409836065,23
سنگ حاجی,43,9.30232558139535,4
کیف و کفش نورا,31,9.290322580645162,15
پوشاک والا,147,9.27891156462585,28
شهر فیگور,220,9.272727272727273,28
گالری آسکه,1310,9.262595419847328,270
کالا تجارت فرجاد,229,9.25764192139738,29
نگین آرمان تجارت,39,9.23076923076923,6
آذر سلر,56,9.214285714285714,12
شاین واچ,114,9.175438596491228,22
اعیان کیدز,96,9.166666666666666,13
فراهانی فر,259,9.166023166023166,36
قلم ایران,142,9.154929577464788,26
باستیان گالری,986,9.13184584178499,275
گنجینه ساعت استار,23,9.130434782608695,4
لباس کودک بست,1036,9.115830115830116,205
کارنشو,124,9.112903225806452,18
کوک مک پلاس,31,9.096774193548388,328
گلد بیلیون,737,9.082767978290367,493
شاینی استاف,139,9.079136690647482,52
مرواریدسرخ,150,9.066666666666666,23
صنایع دستی الماس,59,9.05084745762712,8
گالری شانا,42,9.047619047619047,5
مستر لوکی,42,9.047619047619047,4
پوشاک تاپ لند,126,9.047619047619047,19
مک نیل,25,9.04,6
چیکی توی,90,9.022222222222222,23
آرین گلابتون,421,9.021377672209026,89
هویاگالری,59,9.016949152542374,13
کار روبیک,30,9.0,4
بهاریا,28,9.0,13
سبا تویز,127,8.992125984251969,106
گیرای,148,8.972972972972974,41
استرایپس,107,8.97196261682243,16
کارا گلبرگ,148,8.95945945945946,195
کالاکو,1711,8.94915254237288,451
کتاب  آداش,38,8.947368421052632,5
کالای خواب پروشات,3751,8.94534790722474,1498
سرای ساعت,87,8.942528735632184,21
فروشگاه سیسمونی آدانا,85,8.941176470588236,10
بارمان دکور چاپ,2522,8.91593973037272,523
فریور,82,8.902439024390244,11
پوشاک آیکلوتز,60,8.9,26
محسنی,123,8.878048780487806,29
محصولات شاد,834,8.865707434052759,207
اکسسوری ماهو ,108,8.851851851851851,55
دکتر ضی,92,8.804347826086957,13
ذین و فر,25,8.8,3
چاپ آلفا,32,8.75,3
زرنگار,24,8.75,4
فروشگاه استوک اروپایی,32,8.75,5
نوآوران تک,536,8.708955223880597,282
گالری گلد,23,8.695652173913043,7
دابکو,208,8.692307692307692,53
لا گالریا,56,8.678571428571429,9
هنرکده ناب,30,8.666666666666666,3
سارن,59,8.64406779661017,21
فروشگاه نقره رضازاده,128,8.640625,75
خانه فرش,44,8.636363636363637,5
خانه ایکی,22,8.636363636363637,5
بنیس استایل,446,8.57847533632287,69
الراد گالری,65,8.553846153846154,18
ارکیده,238,8.529411764705882,69
لیدل پوش,160,8.5125,49
برگ و باد,100,8.5,17
نمایشگاه ساعت حاج صباغ ,184,8.478260869565217,28
دریم پو شاپ,135,8.42962962962963,65
داتیس گالری,95,8.421052631578947,12
سیتی واچ,78,8.41025641025641,24
آلا بیبی شاپ,76,8.368421052631579,41
بازرگانی تجارت خاورمیانه,24,8.333333333333334,2
رزا مارکت,60,8.333333333333334,7
رومو,30,8.333333333333334,5
کولیت,48,8.333333333333334,5
پاپو هوم,179,8.324022346368714,20
کتاب و نوشت افزار علیرضا,560,8.317857142857143,930
اس بی ام,27,8.296296296296296,8
آس کالا کمپانی,80,8.275,16
الماس امیران,22,8.272727272727273,22
فروشگاه آرکوشپ,633,8.27172195892575,99
لیلیوم گلد,52,8.26923076923077,6
گروه لایکو,23,8.26086956521739,4
پرنیسا,34,8.235294117647058,3
فروشگاه یوشا,150,8.226666666666667,36
اورز,56,8.214285714285714,6
میم کاور,2476,8.193053311793214,375
آبینه,440,8.168181818181818,61
سیده,1040,8.163461538461538,1567
کژال اسپرت,64,8.15625,24
نانوبازار,59,8.135593220338983,5
آلمان مارکت,240,8.133333333333333,56
 بازار نمک,31,8.129032258064516,20
حصار چال,21,8.095238095238095,4
صنایع دستی صفائی,21,8.095238095238095,3
کاری ماماما,34,8.058823529411764,5
کژوال پوش,35,8.0,6
گالری شاهزاده,30,8.0,3
راینو شاپ,20,8.0,3
تنیس اسپرت,35,8.0,3
سوکالکشن,25,8.0,3
لگو استور,38,8.0,11
استودیو هنری ژانو,18451,7.9923039401658444,5644
پرستیژ کالا,3400,7.987058823529412,550
صوفی پک,38,7.947368421052632,17
گالری رامش,29,7.931034482758621,6
فروشگاه بندار,266,7.924812030075188,47
فروشگاه و مزون روشا,123,7.91869918699187,26
بازرگانی ژومانیز,67,7.91044776119403,753
آلتین کتاب,40,7.85,7
مای پکس,269,7.828996282527881,41
پوشینه کالا,102,7.803921568627451,22
گالری ساعت ویوا,48,7.791666666666667,15
فروشگاه رمیو ,36,7.777777777777778,4
طلای فراهانی,49,7.755102040816326,6
کیف و کفش شیک پوشان,37,7.72972972972973,5
آلدی شاپ,22,7.7272727272727275,3
حجاب نگارا,56,7.714285714285714,20
هانا کالا,20,7.7,9
دی جی گود,287,7.686411149825784,63
لاکچری بیبی شاپ,79,7.670886075949367,11
پیناکل مارکت,49,7.63265306122449,204
تن یار اسپرت,42,7.619047619047619,6
محصولات هنری الینا,36,7.611111111111111,6
چوبچی,79,7.594936708860759,7
آرون تک,58,7.586206896551724,16
پامارو,37,7.5675675675675675,4
گابیانی,27,7.555555555555555,3
فروشگاه کتونی پیک اسپرت,45,7.555555555555555,5
رویای گلبرگ خاطره,40,7.55,7
آرت بوک,111,7.54954954954955,24
موج روز,40,7.5,4
صنایع دستی صدر,151,7.496688741721854,28
پارسیان کتاب,23,7.478260869565218,6
اداس,59,7.4576271186440675,7
کیف کفش کیمیا,75,7.413333333333333,12
بانک کتاب ناهید,61,7.377049180327869,9
نست کیدز,161,7.354037267080745,23
کرمان ژیوار,49,7.346938775510204,10
گالری پاتریکا,26,7.3076923076923075,34
سیمارا,22,7.2727272727272725,2
فروشگاه اگزرسیس,22,7.2727272727272725,2
گروه هنری سرنا,415,7.2626506024096384,42
آس تهران,771,7.2347600518806745,111
ترند اپتیک,398,7.231155778894473,51
خندالو,7687,7.213477299336542,2602
مخمل شاپ,53,7.169811320754717,10
هیل شاپ,284,7.147887323943662,35
کی مد استایل,192,7.145833333333333,32
قلاب بافی رعنا و ریحان,35,7.142857142857143,5
کروم شاپ,228,7.140350877192983,33
مسیحا بیوتی,92,7.108695652173913,13
گروه هنری مهر,31,7.096774193548387,3
استانبول دات کام,343,7.096209912536443,70
جامه یاب,629,7.023847376788553,157
پوشاک عزیز,152,7.0131578947368425,15
فروشگاه تخصصی فیروزه,360,7.011111111111111,48
گالری ماه کادو,121,6.925619834710743,135
گالری ثانیه ها,253,6.924901185770751,105
سیتی مارکت دات شاپ,128,6.921875,17
روسری و شال بهشال,58,6.896551724137931,7
تراولتراپی,107,6.878504672897196,15
ساعت سوئیس,71,6.845070422535211,37
جهان پیشرو,1083,6.843951985226224,341
آلیند,38,6.842105263157895,4
آبادشت,41,6.829268292682927,3
الیویا,83,6.819277108433735,10
هنر و زمان,294,6.816326530612245,39
مارکت سنتر منصوری,247,6.809716599190283,179
گلد تلکام,795,6.777358490566038,120
پطروس,34,6.764705882352941,6
شهرجوراب,37,6.756756756756757,129
آقای برند ,86,6.744186046511628,9
جفت پوش,46,6.739130434782608,6
خیابان بوک,50,6.72,9
عطاری ادویان,23,6.695652173913044,36
عاطیما,27,6.666666666666667,3
بیتی کالکشن,45,6.666666666666667,3
چرم آی مد,27,6.666666666666667,2
لژور,30,6.666666666666667,2
تجاسب,39,6.666666666666667,3
اریگامی لند,22,6.636363636363637,435
مادام رز استور,87,6.597701149425287,13
عینک پرسیس,91,6.593406593406593,9
نقره زمانی,38,6.578947368421052,4
تعالی,45,6.5777777777777775,11
آندیا مارکت,66,6.545454545454546,20
شیک ترین ها,385,6.535064935064935,61
شیکامزون,2791,6.53099247581512,377
بی بی برند,42,6.523809523809524,5
دایا استور,46,6.521739130434782,4
نی نی می یو,85,6.470588235294118,9
کودکانه های من,62,6.419354838709677,22
توسعه کالای دماوند,191,6.408376963350785,41
تچر,64,6.40625,7
نلا استور,50,6.4,5
زرسین,33,6.363636363636363,4
نیل شاپ,140,6.357142857142857,11
دریم مد,63,6.349206349206349,8
برکاکید,454,6.3392070484581495,169
کاسیو مد,124,6.32258064516129,15
لونی ماژ,25,6.32,21
ساحل استایل,20,6.3,4
اسپورتاپ,32,6.25,3
گیچ گالری,22,6.181818181818182,115
لنااسکارف,55,6.181818181818182,4
لیدی شاپ مشهد,246,6.178861788617886,353
لیمو لاکچری,776,6.164948453608248,102
زیگ زاگ استور,135,6.103703703703704,17
گالری زیوین,173,6.08092485549133,22
اطلس استایلیش,933,6.079314040728832,218
عطاری مجذوبی,225,6.071111111111111,23
ناری سنتر,245,6.0,23
ایدن گاردن,83,5.951807228915663,127
کوکو پنبه,176,5.943181818181818,88
تویلند گیشا,207,5.893719806763285,75
گات,180,5.888888888888889,16
همکلاسی خوب,80,5.875,138
امنیت پلاس,25,5.84,8
ساعت پندار,399,5.839598997493734,112
بازرگانی میلادی,693,5.838383838383838,79
برکت ناب,85,5.8352941176470585,7
کریزی توی,24,5.833333333333333,2
پیک اسپرت,79,5.822784810126582,6
برنز ارم,110,5.818181818181818,9
کیامزون,98,5.816326530612245,10
لاو استور,209,5.7894736842105265,20
ساعت چکاوک,28,5.714285714285714,5
بامبو تجارت,189,5.714285714285714,17
سورا گالری,35,5.714285714285714,7
نیرا نور,28,5.714285714285714,2
کوشا اکسسوری,94,5.702127659574468,32
 یاس پوشان,107,5.700934579439252,14
بومی و محلی لوبلی,295,5.694915254237288,24
ناهید مد,122,5.655737704918033,11
خانم آقا,447,5.655480984340045,46
مرکزچاپ پرمانه,6159,5.647020620230557,3529
لگو زیبا,45,5.644444444444445,70
سیتا مد,39,5.641025641025641,4
کفش مهرشانا,78,5.641025641025641,6
عسل پلنگا,31,5.612903225806452,8
نوین ایده,41,5.609756097560975,7
صنایع دستی و سنتی فاخر,323,5.603715170278638,24
فروشگاه نارون شاپ,123,5.5772357723577235,23
گالری مس مشربه,61,5.573770491803279,5
سعید اپتیک,72,5.555555555555555,5
اسباب بازی آرماغان,90,5.555555555555555,5
روماک,66,5.545454545454546,7
پیلاپیلا,1741,5.537047673750718,247
مزون حس,29,5.517241379310345,2
پارچه سعید,161,5.515527950310559,18
شایا تجارت,355,5.498591549295774,42
سو مو استور,491,5.486761710794298,55
سراج باشی,84,5.476190476190476,10
کیف و کفش شمس,132,5.454545454545454,11
گالری حما,44,5.454545454545454,4
فروشگاه کالای آرمانی,22,5.454545454545454,2
نظایر,44,5.454545454545454,3
آران گالری,46,5.434782608695652,4
جوینده دانش,35,5.428571428571429,3
کلاپا,48,5.416666666666667,4
هزاره گالری,78,5.384615384615385,6
زمان و زیور,749,5.359145527369827,82
تی ست,60,5.333333333333333,9
صنایع دستی شبرنگ ,67,5.2835820895522385,8
پارسا آریانا,231,5.2813852813852815,20
گالری فیدانو,138,5.27536231884058,14
نشر متخصصان,171,5.2631578947368425,12
سفال کده سپهر,44,5.2272727272727275,4
گالری کاشی رنگی,23,5.217391304347826,2
پوشاک نسرین,73,5.205479452054795,6
بازرگانی پانیس,27,5.185185185185185,2
ارکا,71,5.183098591549296,29
آتالانته,252,5.174603174603175,23
چرم آیدان,31,5.161290322580645,2
تاب طره,243,5.152263374485597,31
نقره صدر,208,5.144230769230769,25
آیمهر شاپ,35,5.142857142857143,2
ماهیلا,42,5.142857142857143,6
ریژاو,43,5.116279069767442,4
ترنگ شاپ,51,5.098039215686274,3
میراث زمین,169,5.088757396449704,9
راد صنعت ایرانیان,237,5.063291139240507,20
آمورا,87,5.057471264367816,6
توسعه امید,36,5.0,2
پوشاک تایتان,20,5.0,1
جومانجی توی,38,5.0,3
سوییم لند کورش,44,5.0,4
سارمیس,20,5.0,2
ثن سین,20,5.0,1
گیفت شاپ آمیتیس,208,5.0,14
ناریان,20,5.0,2
طراحان  سیب نارنجی,76,5.0,7
محسام,122,4.967213114754099,36
رزمشکی,38,4.947368421052632,3
اورجیمارک,113,4.902654867256637,8
کیلا ترک,37,4.864864864864865,3
شاکرین بافت,37,4.864864864864865,3
بنویدی,93,4.838709677419355,7
داتیس مارکت,149,4.832214765100671,11
مثلث برمودا,71,4.816901408450704,33
شهر مدل,27,4.814814814814815,3
مزون بهپوشان,46,4.782608695652174,3
بازرگانی کمالی,67,4.776119402985074,4
کارا بالیک,21,4.761904761904762,1
آسای,21,4.761904761904762,1
کامک آروین,21,4.761904761904762,1
نمدکالا,124,4.709677419354839,11
ترنج فردوس,20,4.7,3
ترانه,30,4.666666666666667,2
نیکان تجارت هاشمی,54,4.62962962962963,4
بوستان سنقر,468,4.589743589743589,27
فروشگاه دم,220,4.572727272727272,20
فیت پلاس ,57,4.56140350877193,3
خوشه چین کالا,44,4.545454545454546,7
تندیس کودک,53,4.528301886792453,3
فروشگاه گالری مقدم,115,4.521739130434782,6
فروشگاه میرکالا,930,4.498924731182796,1817
هدیک استور,163,4.478527607361963,14
صندل ارزانی,55,4.472727272727273,75
خانه چرم تبریز,150,4.466666666666667,9
کیتز,36,4.444444444444445,2
عینک مجیدی,27,4.444444444444445,3
شهراکسسوری,70,4.428571428571429,5
فروشگاه پوشاک پریا,24,4.416666666666667,7
ترابی گالری,268,4.395522388059701,34
آلند گالری,431,4.3944315545243615,49
گالری خان یاشار,41,4.390243902439025,2
کالای خواب رز,23,4.3478260869565215,1
گلوریا فشن,23,4.3478260869565215,1
شرکت چرم درسا,148,4.324324324324325,8
خانه کتاب ایران,44,4.318181818181818,5
ماگ نایس,68,4.294117647058823,7
وص مد,42,4.285714285714286,3
گالری گل ارکیده,190,4.2631578947368425,21
آنیلا گالری,78,4.230769230769231,6
بازرگانی ایران مد,28,4.214285714285714,12
پرسا گالری,56,4.214285714285714,8
چرم سورنا,114,4.2105263157894735,9
 برزی شاپ,208,4.1923076923076925,112
پسرک لباس فروش,196,4.183673469387755,19
سر و سامون,96,4.166666666666667,5
تیک پوشاک,24,4.166666666666667,1
لی کوپر,41,4.146341463414634,3
پیشروگستران,421,4.133016627078385,27
کاتانا,3984,4.11144578313253,296
فیلیچی شاپ,83,4.096385542168675,8
کتانی آرژانتین,44,4.090909090909091,2
مردادی,23,4.086956521739131,3
لیردا گلد,17774,4.079104309665804,1518
پرایوت بوتیک,143,4.055944055944056,9
گیلواره زراوشان,1105,4.018099547511312,149
گالری کرونو,320,4.0125,21
آقای سرگرمی,20,4.0,1
صنایع دستی پادوک,70,4.0,3
فروشگاه اسمایل,45,4.0,2
ریحا بیوتی,523,3.9464627151051626,326
کیدوپلاس,306,3.9411764705882355,17
نارگلد گالری,13598,3.9399911751728194,5734
گالری نقش نگار,61,3.9344262295081966,3
گالری عینک ملیکا,36,3.888888888888889,2
کرابو,7295,3.871418779986292,534
ترندشاپ,31,3.870967741935484,2
طب آفرین آذربایجان,26,3.8461538461538463,1
کیدرس,26,3.8461538461538463,1
گالری مستور,26,3.8461538461538463,2
آذر پردازش,26,3.8461538461538463,2
آبرنگستان,26,3.8461538461538463,1
آرشام لیدر,25,3.84,1
کیاشاشاپ,1011,3.8358061325420376,71
جوراب کایرا,47,3.8297872340425534,2
سما گالری مرکزی,47,3.8297872340425534,2
یکتامارکت,23,3.8260869565217392,116
کیف و کفش الینور,23,3.8260869565217392,12
دیاموند بوتیک,97,3.814432989690722,9
رترو دودز,21,3.8095238095238093,1
الی شال,21,3.8095238095238093,2
شادان استایل,21,3.8095238095238093,1
مدادرنگی من  ,63,3.8095238095238093,3
بازرگانی تاس,140,3.7857142857142856,7
درامو,4315,3.7770567786790266,394
ساکاها,25,3.76,3
چاپ زیبا,970,3.7237113402061857,66
لپ گلی توی,21,3.7142857142857144,21
سفیران رایحه ساز,27,3.7037037037037037,1
اپتیک آیلند,27,3.7037037037037037,3
نادی شاپ گلد,27,3.7037037037037037,1
میس مد,27,3.7037037037037037,2
اورجینال مد,27,3.7037037037037037,1
کاتالوگ فارسی,20,3.7,8
میانه,20,3.7,3
کلبه ی جوراب,49,3.673469387755102,3
فروشگاه رانژ,1875,3.6725333333333334,237
موسسه بافت ستاری,63,3.6507936507936507,4
ویمی,159,3.647798742138365,8
گالری ریتون,22,3.6363636363636362,2
گلوریا لایت,51,3.607843137254902,5
پیشگام تجارت پارسه کیش,25,3.6,4
پوشاک پارسا امیری,25,3.6,2
والاپوش,420,3.5952380952380953,19
خواب سینا,78,3.58974358974359,3
بابک تویز,28,3.5714285714285716,1
اورنامنت استور,28,3.5714285714285716,1
روکش صندلی سوشیانت,28,3.5714285714285716,1
انتشارات طلایی,3845,3.566710013003901,293
واچ مارکت,766,3.5326370757180157,52
آماریسا,23,3.4782608695652173,1
آدخت مرکزی,75,3.466666666666667,4
کوزالند,55,3.4545454545454546,3
سبک زندگی عرشیان,29,3.4482758620689653,1
پرگاس گالری,93,3.4408602150537635,4
فروشگاه سیاوش مقدم,35,3.4285714285714284,2
اکسسوریسیتی,3408,3.4172535211267605,1132
خاتمستان,53,3.3962264150943398,2
وال24,112,3.392857142857143,5
گالری توس,23,3.391304347826087,56
پارچه سرای مانا,59,3.389830508474576,2
گالری طلای مریم,298,3.389261744966443,70
هنرکده آریا آرت,97,3.3608247422680413,893
گالری آنلاین مستر گلاسیز,115,3.356521739130435,7
میس اسمایل,24,3.3333333333333335,1
پونه بافت,30,3.3333333333333335,1
آرن بیبی شاپ,21,3.3333333333333335,2
لقا استور,109,3.302752293577982,6
فن گالری,232,3.2758620689655173,10
لودا آرت,43,3.255813953488372,2
فروشگاه بابا علی,172,3.244186046511628,34
شبناز گالری,37,3.2432432432432434,2
گالری فردوسان,108,3.240740740740741,5
فروشگاه آفرودیت,229,3.2314410480349345,10
ریبارشاپ,31,3.225806451612903,1
بازرگانی حاجی علیان,31,3.225806451612903,1
مهسان مد,25,3.2,1
پرنیان بوتیک,25,3.2,2
گلبرگ کیدز,1623,3.192852741836106,143
پرینتینگ لند,188,3.1914893617021276,10
بوستان امید,338,3.1834319526627217,18
آس گالری,641,3.157566302652106,31
ایران متال,3643,3.1320340378808673,168
 آصام پلاس,433,3.131639722863741,54
سایا ورزشی,58,3.103448275862069,5
شانی کو,471,3.099787685774947,20
کالکشن دیدار,84,3.0952380952380953,4
صنایع دستی غفار,37,3.081081081081081,4
فروشگاه مونو,39,3.076923076923077,2
خانه صورتی مشهد,39,3.076923076923077,2
کاردیو,135,3.066666666666667,10
ارزین کالارسان,842,3.0570071258907365,48
گالری آفتاب کردون,33,3.0303030303030303,2
آداکس اسپورت,30,3.0,2
سیسمونی آیسان,80,3.0,4
بست دکور,187,2.9946524064171123,6
لیلیزون,135,2.9925925925925925,11
چاپ پارس مشهد,194,2.9896907216494846,7
الماس کنت,213,2.967136150234742,17
نقره زارع,135,2.962962962962963,5
گریت سان,68,2.9411764705882355,3
طرح چاپ,48,2.9166666666666665,2
لوازم جانبی چرم,1798,2.9132369299221357,118
گل تای,124,2.903225806451613,7
هنرکده آریا ارت,97,2.88659793814433,3
تجارت الکترونیک الوند,335,2.8597014925373134,68
گالری پاران,63,2.857142857142857,2
فروشگاه هنریتو,28,2.857142857142857,230
منوی دکتر,28,2.857142857142857,2
بیلسی اسپرت,21,2.857142857142857,2
نم,1790,2.841340782122905,306
کتابفروشی رمضانی پور,78,2.8205128205128207,3
مدرن مالز,103,2.8155339805825244,5
ماندیرو,25,2.8,2
سرزمین چرم,1230,2.7886178861788617,44
ایران زمان,226,2.7787610619469025,10
نی فا,36,2.7777777777777777,1
پازل چین,40,2.75,3
ملیسک,22,2.727272727272727,1
مزون وزین,22,2.727272727272727,1
بوتیک کوکو,59,2.711864406779661,2
توتال شوز,152,2.710526315789474,15
مشهد دنتال,37,2.7027027027027026,1
فروشگاه راض,37,2.7027027027027026,2
استودیو هنر کاژه,30,2.6666666666666665,1
جوانرود,30,2.6666666666666665,1
 منیصا استایل,45,2.6666666666666665,2
ایران نویان,30,2.6666666666666665,1
تاپ قاب,68,2.6470588235294117,2
تایم کلاک,31,2.6451612903225805,2
عینک دونی,1836,2.6350762527233114,85
چیتا پوشاک,114,2.6315789473684212,4
فروشگاه ماهلین,36,2.611111111111111,6
گسترش و توسعه تحقیقات تهران,23,2.608695652173913,1
کفش تخت جمشید,31,2.5806451612903225,2
الوری,57,2.56140350877193,4
مالمواستور,66,2.5454545454545454,9
بوکم,20731,2.5228884279581303,1611
هیلالی,24,2.5,1
کفش لمور,20,2.5,2
فیلاتلیک شیراز,229,2.489082969432314,15
سحربانو گالری,73,2.4657534246575343,2
کیدزشاپ اهواز,57,2.456140350877193,2
نشمین گالری,224,2.455357142857143,8
هاکر برفین,45,2.4444444444444446,3
خانه گل و بلبل,41,2.4390243902439024,1
فرست دیت استایل,41,2.4390243902439024,1
پاس اسپرت,58,2.413793103448276,2
اچ آر دیزاین,100,2.4,7
کسپر,57,2.3859649122807016,7
اسپورتیج پلاس,26,2.3846153846153846,2
گالری شوکران ,126,2.380952380952381,5
قیمت شکن,80,2.375,3
ساعت کوک,38,2.3684210526315788,2
چاپ آجه,72,2.361111111111111,30
ای هایپرمارکت,34,2.3529411764705883,1
اطلس آبی,6067,2.348772045492006,252
چومس شاپ,111,2.3423423423423424,3
رواق رضوان,215,2.3255813953488373,9
اما استایل,31,2.3225806451612905,11
دریم تل,26,2.3076923076923075,1
آرنیکا رزین گالری,104,2.3076923076923075,8
گالری علیزاده کرج,26,2.3076923076923075,1
گل تک,44,2.272727272727273,1
مجتمع فرش زندیه,115,2.260869565217391,4
گیگاسنتر,108,2.240740740740741,93
سمین شاپ,36,2.2222222222222223,1
رویال کلاب,27,2.2222222222222223,1
آدم برفی استور,27,2.2222222222222223,1
آگرین چرم,27,2.2222222222222223,1
فروشگاه نیوبالانس,36,2.2222222222222223,1
ویرا تجهیز اسپادانا,90,2.2222222222222223,2
روشا گالری نیوشا,84,2.1904761904761907,7
گالری آراد تابلو,46,2.1739130434782608,1
بوتینی,37,2.1621621621621623,2
مهر سحر,37,2.1621621621621623,5
لیدی لاوین,605,2.1487603305785123,16
گالری برزگر,28,2.142857142857143,2
فروشگاه کج کلاه,187,2.1390374331550803,7
تابلو سازی خاتم,94,2.127659574468085,2
الباخ,66,2.121212121212121,2
سرزمین لوازم جانبی,66,2.121212121212121,7
گالری رویال واچ,33,2.121212121212121,2
فروشگاه فرش مدرن,38,2.1052631578947367,1
اکسی توسین,48,2.0833333333333335,1
آثامیا,107,2.05607476635514,3
لیواری,39,2.051282051282051,1
برندس استور ,186,2.043010752688172,6
لی لیکس,32,2.0,5
بیبی گل,50,2.0,1
فایواستارز,40,2.0,1
کالا میکس,88,2.0,7
فستیوال,20,2.0,1
گالری اس تایل,61,1.9672131147540983,2
بارمان دکور,1898,1.9589041095890412,120
سانا کفش,41,1.951219512195122,1
لولو مارکت,36,1.9444444444444444,2
گالری مختاری نوا,137,1.9416058394160585,3
فرشگاه چشمک,52,1.9230769230769231,1
همه جور مارکت,1207,1.9188069594034798,54
سریرکالا,42,1.9047619047619047,1
میم مارک,40,1.9,11
دفینه شاپ,32,1.875,2
گالری هستیا,32,1.875,2
نمایشگاه ساعت صباغ,86,1.8604651162790697,2
دارینا لوکس,124,1.8387096774193548,5
پوشاک ترک پلاس,98,1.836734693877551,3
حبیبان,44,1.8181818181818181,1
بوژنه,77,1.8181818181818181,2
ایرن شاپ,44,1.8181818181818181,1
فروشگاه پوشاک انسی,215,1.7674418604651163,6
ان جی گالری,167,1.7365269461077844,5
عینک نور چشم,752,1.7287234042553192,22
ایس کالا,36,1.6666666666666667,2
پوشاک برتر علی,48,1.6666666666666667,2
سوپر استایل,42,1.6666666666666667,2
نقش نگین,2286,1.6666666666666667,53
نیک گوهر,84,1.6666666666666667,4
آوا رز,85,1.6470588235294117,2
اهلمد,86,1.627906976744186,2
بلتاگالری,605,1.6264462809917355,22
روزینس,87,1.6091954022988506,2
اریباد,25,1.6,1
پوشاک نایریکا,150,1.6,3
مزون روژینا,151,1.5894039735099337,4
لوازم ورزشی جی کی,63,1.5873015873015872,2
قم چرم,63,1.5873015873015872,1
میکو شاپ,795,1.5723270440251573,21
پردیس مبین,51,1.5686274509803921,1
دلورا,276,1.5217391304347827,5
قاب نایس,66,1.5151515151515151,1
زیبایی خانه نو,66,1.5151515151515151,4
آریانا گالری,106,1.509433962264151,2
یونیک واچ,160,1.5,4
آریستا شاپ,1745,1.4934097421203438,46
کتابار,650,1.4923076923076923,13
میلادی بازرگانی,2129,1.484264913104744,42
پوشاک زنانه سولین,162,1.4814814814814814,6
ویوا نایس,27,1.4814814814814814,1
پوشاک گوگولی ها,229,1.4759825327510918,37
ماهک هوم,407,1.4742014742014742,9
جومانجی,34,1.4705882352941178,2
مرساناپوش,220,1.4454545454545455,60
نقره فروشی دلیجات,56,1.4285714285714286,1
گالري آرمان,360,1.4166666666666667,7
اوراشی,175,1.4057142857142857,4
پاساکو گالری,467,1.39186295503212,9
چاپ اچ دی,1646,1.391251518833536,31
بلو راک,58,1.3793103448275863,1
ملون شاپ,119,1.3445378151260505,3
آبگینولد,30,1.3333333333333333,1
سوئیس گالری ملل,136,1.3235294117647058,2
کلاه سون,61,1.3114754098360655,1
گازولین,230,1.3043478260869565,6
زودیکا,534,1.2921348314606742,12
فروشگاه استایل کالا,62,1.2903225806451613,2
فروشگاه اوپالین,62,1.2903225806451613,1
آجیل خشکبار معصومی,530,1.2830188679245282,10
جواهری سعیدیان,168,1.25,6
اچ آر مد,64,1.25,2
لگولند,193,1.2435233160621761,3
تین بانی,212,1.2264150943396226,3
فروشگاه رنگاب,66,1.2121212121212122,1
کالا سنتر,752,1.196808510638298,13
دیجی می,84,1.1904761904761905,1
نقش مهستان,34,1.1764705882352942,1
محصولات خانگی روستا,68,1.1764705882352942,1
هوده,85,1.1764705882352942,1
 هفتا ,593,1.136593591905565,13
پوشاک جین ایران ,161,1.1180124223602483,2
نقره گالری ,72,1.1111111111111112,1
گالری مروند,324,1.0987654320987654,9
هرمد استور,92,1.0869565217391304,1
ياسر ,93,1.075268817204301,1
کیمیا کو,112,1.0714285714285714,2
فا فا,168,1.0714285714285714,3
چرم پا آرا,75,1.0666666666666667,1
پرسون داریا,76,1.0526315789473684,1
عینک بینش,885,1.03954802259887,21
سلین کالا پلاس,359,1.0194986072423398,93
گره کارپت,563,1.0088809946714032,7
فروشگاه عموعطار,179,1.005586592178771,2
استورپرهام,20,1.0,1
گالری صنایع دستی فرید,871,0.9873708381171068,12
ساعتچی شاپ,311,0.9839228295819936,6
هلما خاتون,376,0.9680851063829787,9
سحوری,21,0.9523809523809523,1
بیبی سیسو,84,0.9523809523809523,1
کالاسنتر ارشیا,1557,0.9377007064868337,24
صنایع مهر کوروش,87,0.9195402298850575,1
گالری آی پارا,22,0.9090909090909091,1
مد برتر ایرانی,1854,0.895361380798274,20
گالری نور,224,0.8928571428571429,6
عینک برلین,204,0.8823529411764706,2
هدیک بوتیک,124,0.8064516129032258,1
فرشته گلد گالری,2423,0.7717705323978539,27
ال آی مد,416,0.7692307692307693,7
سرای سرخ,79,0.759493670886076,1
لومینو,106,0.7547169811320755,1
نقش گسترعرشیان,985,0.751269035532995,9
گالری شوپارد,563,0.7104795737122558,9
تک فرش آران,30,0.6666666666666666,1
تولیدی صفائی,150,0.6666666666666666,1
دلاریس استایل,124,0.6451612903225806,1
سپنتا استور,115,0.6434782608695652,3
 خشکبار و مواد غذایی ویدا,140,0.6428571428571429,2
ویوات کالکشن,157,0.6369426751592356,1
 ساغر مینا ,160,0.625,1
گروه کلید,168,0.5952380952380952,1
جواهری سروری,173,0.5780346820809249,1
آذر فرش,436,0.5412844036697247,241
لیوسا مزون,153,0.5228758169934641,1
زروان واچ,39,0.5128205128205128,1
گالری  هزار و یک فرش,324,0.49382716049382713,2
چاپلینکو,41,0.4878048780487805,1
صنایع دستی حجره,249,0.4819277108433735,2
شرکت لادیز,128,0.46875,1
سی پرشیا,2419,0.4150475403059115,20
ساعت پارلا,255,0.39215686274509803,2
تبریکان,663,0.39215686274509803,3
مجدی,155,0.3870967741935484,1
فرشید تکنیک,53,0.37735849056603776,1
دیزد,265,0.37735849056603776,2
هریس,220,0.35454545454545455,11
فرش حریر ایران زمین,584,0.3424657534246575,3
میکائیل لند,814,0.3316953316953317,8
فرش میر نظامی,124,0.3225806451612903,1
فسقل خان,64,0.3125,1
دیچا,449,0.267260579064588,2
شمسین گالری,315,0.25396825396825395,2
منصوری کارپت,352,0.24431818181818182,4
 گالری امیرخان,416,0.2403846153846154,1
گلیم ایران,121,0.1652892561983471,1
زیورآلات ملک پور,142,0.14084507042253522,1
حس آمیزی,1340,0.07462686567164178,2
خانه فشن زانیسا,34,0.0,0
خمیر پلیمر دالیس,39,0.0,0
چرم خلخال,24,0.0,0
تیشرت باران,47,0.0,0
جواهر بازار,36,0.0,0
جواهرسرا,68,0.0,0
روز شو,27,0.0,0
رهامدیکا,37,0.0,0
رژارت,33,0.0,0
دال آرت گالری,25,0.0,0
دنیای سرمایه گذاری,35,0.0,0
ترندیست,52,0.0,0
پوشاک ورسا,40,0.0,0
بی دکان بومی,39,0.0,0
پارچه الف,116,0.0,0
آدرین فرش,27,0.0,0
آبرنگ بیژن,84,0.0,0
 ایده ماندگار ,78,0.0,0
آزاده دکوراتیو,24,0.0,0
آریا گستر افزار,156,0.0,0
اکسسوری سونا,45,0.0,0
ای اچ پی ریدیزاین,31,0.0,0
ایران برند پوشان,33,0.0,0
بازار نارنج,20,0.0,0
بازی بل,51,0.0,0
بازرگانی مطمئن,39,0.0,0
بازرگانی بخشمند,54,0.0,0
فرش نایین اصل,97,0.0,0
فرهنگ و هنر جاسمین,21,0.0,0
فروشگاه آنی لوکس,191,0.0,0
فروشگاه صنایع دستی پری زاد,21,0.0,0
فروشگاه رزیاست,20,0.0,0
فرش چله,46,0.0,0
گالری ماسودا,24,0.0,0
گالری چوب مارچوبه,33,0.0,0
گالری زیبایی پرتو,21,0.0,0
گالری آلمان رز,92,0.0,0
فروشگاه ویشا,27,0.0,0
فروشگاه میومیو,23,0.0,0
فروشگاه کوهنوش,32,0.0,0
فروشگاه کفش پاشیک,162,0.0,0
رویای ابریشمی ,54,0.0,0
رویش نهال جوان,29,0.0,0
شالباف,28,0.0,0
مرکز تجارت ایران نوین,22,0.0,0
مزون سجادیان,22,0.0,0
مزون ماه پوش,32,0.0,0
مادام کالکشن,48,0.0,0
گروه هنری تاواتاو,58,0.0,0
گالری هنری پیرایه,34,0.0,0
گالری هومهر,75,0.0,0
گالری هنری شادی,85,0.0,0
گالری مهتدی,23,0.0,0
گالری نقاشی رئالیسم,24,0.0,0
گالری نقره نیکان,39,0.0,0
لیپو شاپ,54,0.0,0
نبات تویز,93,0.0,0
موورا,24,0.0,0
هپی لندی,23,0.0,0
هرلند استور,44,0.0,0
ووداکتر,44,0.0,0
هوریکس,49,0.0,0
هنرآور,23,0.0,0
وارنا هالی,24,0.0,0
کیدو استایل,28,0.0,0
کتونی پلازا,21,0.0,0
کتونی سن سیرو,21,0.0,0
مزرعه کیمیاگر,62,0.0,0
مزون اینفینیتی,29,0.0,0
مارال چرم,20,0.0,0
مدوپد,1272,0.0,0
ماویکید,60,0.0,0
مایا مِی تا,83,0.0,0
لاریسام,55,0.0,0
گلاریسم,30,0.0,0
گروه هنری گلسو,66,0.0,0
گلیم حس خوب ,43,0.0,0
نیو ول شاپ,59,0.0,0
هنر داریوش,20,0.0,0
هنرکده شاهی,71,0.0,0
نقره خاتم,26,0.0,0
میگوس,375,0.0,0
طرح و نقش عظیم زاده,32,0.0,0
صنایع دستی دنیا,34,0.0,0
شوپاد,23,0.0,0
زیورآلات حنا خانوم,44,0.0,0
ساعت زرین,20,0.0,0
ساعت سنتر ارغا,33,0.0,0
ساعت بیست,20,0.0,0
سرای مس,85,0.0,0
فرش مهراد,23,0.0,0
عینک و ساعت رسا,22,0.0,0
فرش اسماعیلی,37,0.0,0
فرش تکه,58,0.0,0
گالری هنری آرش ,22,0.0,0
فورشاپ بوشهر,63,0.0,0
تولو,29,0.0,0
تیرانامس,23,0.0,0
تیکی مکس,20,0.0,0
تاشرنگ,25,0.0,0
پرنگ,25,0.0,0
رویال پژواک,21,0.0,0
چرم تابا,29,0.0,0
چرم طبیعی منط,149,0.0,0
دانایان,26,0.0,0
دانژه نیک,29,0.0,0
حامی بازار,175,0.0,0
 لولوس,36,0.0,0
آسابست ماني,41,0.0,0
اریا الماس,25,0.0,0
پارچه مبلی آیوار,31,0.0,0
بیبی دریمز,31,0.0,0
بیوتی برکه,55,0.0,0
بادیزن,35,0.0,0
کالادونه,56,0.0,0
کیانیت گالری,37,0.0,0
کفش کتونی راد استور,45,0.0,0
یك مهربان,21,0.0,0
زیورالات مهدعلیا,22,0.0,0
زگنا گالری,26,0.0,0
زيپ,22,0.0,0
ساده کارپت استور,30,0.0,0
صنایع دستی آبانا,23,0.0,0
عینک تاو,68,0.0,0
طهرانی کیدز  شاپ,26,0.0,0
شکوفه لند,21,0.0,0
شمسان گالری  ,84,0.0,0
شال روسری رز,23,0.0,0
شاهوارشاپ,23,0.0,0
گالری ارگ,25,0.0,0
گالری جواهر ماندگار,27,0.0,0
گالری فرش لطفی,58,0.0,0
گالری عطوفی,27,0.0,0
فرش حاجی محمد,77,0.0,0
فروشگاه رزتی گالری,27,0.0,0
فروشگاه مینروا,44,0.0,0
فروشگاه نیکادل,52,0.0,0
موتیز,37,0.0,0
مهوا دارو,35,0.0,0
گیسوی بهار,161,0.0,0
هت شاپ,36,0.0,0
ورگن,59,0.0,0
نقش اندیش,28,0.0,0
نگین چرم کیا,72,0.0,0
میناسرای سیمرغ,21,0.0,0
آتلیه آرت,25,0.0,0
آرتان لند,25,0.0,0
اسپیور,24,0.0,0
بانو استایلیش,44,0.0,0
بالوی,27,0.0,0
بهاشاپ,43,0.0,0
ایران کده,130,0.0,0
انگشترکام,27,0.0,0
چرم و چوب برساد,20,0.0,0
چیمن راحتی,25,0.0,0
حبه,34,0.0,0
دلسازها,28,0.0,0
دهسرا,65,0.0,0
دیاموند شاپینگ,27,0.0,0
روما چرم,44,0.0,0
پامبیق,21,0.0,0
تولیدی محمدرضا,21,0.0,0
ترمه اسطوره,22,0.0,0
توزیع کالا نوید,32,0.0,0
تایتان گروپ,21,0.0,0
کیش الیت,22,0.0,0
یاسمن دیزاین,24,0.0,0
یارا میس,28,0.0,0
کفش کودکانه,74,0.0,0
گانیوکی شاپ,38,0.0,0
گالری فرش بیژن,48,0.0,0
گالری مدرن آیرن,48,0.0,0
گالری هنری آتنا,20,0.0,0
مجتمع سپیدار,43,0.0,0
ماسیس بوتیک,32,0.0,0
مدهیم,28,0.0,0
ملیناز,63,0.0,0
نقاشی آروان,35,0.0,0
شیکرسنتر,266,0.0,0
شازار,50,0.0,0
سرزمین تخفیفات ,20,0.0,0
زربای,31,0.0,0
ساعت پرستیژ,29,0.0,0
ژوان اپتیک,22,0.0,0
فنچول,27,0.0,0
قلم زنی سپنتا,20,0.0,0
قصر فرش لاهیجان,52,0.0,0
قاب تی رکس,66,0.0,0
گالری باجو,88,0.0,0
گالری بهارنارنج,38,0.0,0
گالری بینهایت,42,0.0,0
گالری خوبرنگ,26,0.0,0
گالری رحدونه,38,0.0,0
فرش اعظمی تبریز,21,0.0,0
فرش مدرن امیرخیز,68,0.0,0
فردوس کیان,62,0.0,0
عینک جمبو,36,0.0,0
عروسک صوفیا,32,0.0,0
فروشگاه اکسسوری درنیکا,35,0.0,0
فروشگاه پیام عدالت,50,0.0,0
دکودنت,47,0.0,0
دهکده آنیتا,31,0.0,0
ریبتن,51,0.0,0
راویتا پلاس,26,0.0,0
چرم رودکی,28,0.0,0
چوب نارنج,39,0.0,0
جینگولیات با نیل,27,0.0,0
حسینی مارکت,20,0.0,0
حما,29,0.0,0
دست سازه ی مریم,27,0.0,0
دست سازهای هنری سپهر,23,0.0,0
دنیای ساعت شایان,32,0.0,0
تورگالری,37,0.0,0
تیکاپلاس,21,0.0,0
تاکو,33,0.0,0
تایم گالری,25,0.0,0
 فرش پاییزان,27,0.0,0
آدیان,43,0.0,0
آذین نوین,30,0.0,0
آلامیس,96,0.0,0
آریسان کالا,26,0.0,0
اگنس,22,0.0,0
برشید شاپ,20,0.0,0
بذرک,58,0.0,0
بازی باکس,30,0.0,0
بافدنیوم,22,0.0,0
انیس گالری,20,0.0,0
اکسسوری هیما,45,0.0,0
ایران سنتر تحریر,21,0.0,0
هنر كهن,69,0.0,0
هنرسرای آنا,25,0.0,0
ویرا سیتی,23,0.0,0
