id,title_fa,category1,price,min_price_last_month,discount_percent
10997562,فیلتر دستگاه تصفیه آب آکوا مدل JW-jumbo-PP,سلامت محیط,240000,990000,75.76
3815203,کتاب تاریخ ترسناک 10 سلحشوران سیاه و دژهای دود زده اثر تری دیری نشر افق,کتاب کودک و نوجوان,220000,751400,70.72
3515840,هفت دستگاه و پنج آواز موسیقی ایرانی برای سنتور اثر ارفع اطرایی نشر ماهور,کتاب هنر و سرگرمی,1000000,2786800,64.12
7625162,کیف مجلسی زنانه مدل luxury,اکسسوری زنانه,1290000,3360000,61.61
226321,کتاب سه بار خوش شانسی اثر شیلا ترنیج,کتاب کودک و نوجوان,380000,970000,60.82
10489581,پارچه لباس مدل هستی کد K101-A,دست بافته‌ ها، رودوزی و محصولات پارچه ای و چرمی,350000,890000,60.67
9099216,فرش ماشینی زرباف مدل مراکشی کد 7797 زمینه قهوه ای,فرش,17940000,43700000,58.95
9814632,پارچه لباس مدل لینن کد D100-A,دست بافته‌ ها، رودوزی و محصولات پارچه ای و چرمی,490000,1190000,58.82
1656991,تستر ادو تویلت مردانه داویدف مدل Cool Water حجم 125 میلی لیتر,عطر و ادکلن مردانه,5981100,14200000,57.88
185794,کتاب اقیانوس های هراس آور اثر آنیتا گانری,کتاب کودک و نوجوان,200000,465100,57.0
229985,کتاب سکون سخن می گوید اثر اکهارت تله,کتاب دینی,400000,930000,56.99
4151539,ساعت مچی عقربه ای زنانه الیویا برتِن مدل ob16am151,اکسسوری زنانه,45000000,104120000,56.78
1774541,کتاب موشبان ها شماره یک: گم شده اثر دیوید پیترسن نشر باژ,کتاب شعر و ادبیات,150000,327300,54.17
3097842,ساعت مچی عقربه ای مردانه اسکمی مدل 9083 کد BB,اکسسوری مردانه,5950000,12654800,52.98
519833,تونیک ضد ریزش لافارر مدل colored and damaged Hair حجم 60 میلی لیتر,شامپو و مراقبت مو,670000,1361500,50.79
6250772,ادو پرفیوم مردانه دایرکشن مدل Black Orchid حجم 100 میلی لیتر,عطر و ادکلن مردانه,3900000,7900000,50.63
640590,دستبند چرمینه اسپرت مدل آلمان کد 9002,اکسسوری زنانه,490000,989000,50.46
11044429,عینک آفتابی زنانه مدل پرسینگ دار نگینی ,اکسسوری زنانه,2068300,4150700,50.17
10713048,پارچه لباس مدل آستری طرح رویا کد A,دست بافته‌ ها، رودوزی و محصولات پارچه ای و چرمی,250000,498000,49.8
10713101,پارچه لباس مدل آستری طرح رویا کد B,دست بافته‌ ها، رودوزی و محصولات پارچه ای و چرمی,250000,498000,49.8
10593574,پارچه لباس مدل آستری راه راه کد B,دست بافته‌ ها، رودوزی و محصولات پارچه ای و چرمی,250000,498000,49.8
11674624,پارچه لباس مدل آستری راه راه D,دست بافته‌ ها، رودوزی و محصولات پارچه ای و چرمی,250000,498000,49.8
7692011,تی شرت زنانه کیکی رایکی مدل BB02865-002,لباس زنانه,990000,1960000,49.49
12383256,کتاب زنگ ها و راه ها سرگذشت بازرگانان ایرانی اثر حسین بکایی انتشارات کانون پرورش فکری کودکان و نوجوانان,کتاب کودک و نوجوان,351100,688500,49.01
9870889,کفش مخصوص دویدن مردانه مدل SPEED TESLA BKGRY-109007001,کفش مردانه,9800000,19000000,48.42
10935923,گردنبند دخترانه مدل کلاف و گربه بازیگوش دو ردیفه,دخترانه,882000,1710000,48.42
3628513,کتاب تاریخ ترسناک 11 عصر حجر پرخطر اثر تری دیری نشر افق,کتاب کودک و نوجوان,450000,870000,48.28
9713452,گردنبند زنانه گيلواره زراوشان مدل پاکت نامه آیت الکرسی کد A47,اکسسوری زنانه,650000,1250000,48.0
5756894,"کتاب کمیک بون بشکه پناه اثر جف اسميت
 نشر باژ جلد 5",کتاب شعر و ادبیات,150000,287600,47.84
8668531,تی شرت آستین کوتاه زنانه اسپیور مدل S-3021011,لباس زنانه,990000,1875000,47.2
3770743,کتاب هوش برتر فعالیت هایی برای پرورش هوش هیجانی EQ ویژه 10 تا 12 سال اثر ریحانه رامشگر و سمیه جابری انتشارات یارمانا,کتاب فلسفه و روانشناسی,950000,1796800,47.13
3227669,کتاب هاکلبری فین اثر مارک توین نشر افق,کتاب شعر و ادبیات,350000,658800,46.87
4234662,ساعت مچی عقربه ای زنانه الیویا برتِن مدل OB15EG38,اکسسوری زنانه,55000000,102980000,46.59
1942973,ادو پرفیوم زنانه  مدل Bloom Nettare Di Fiori حجم 100 میلی لیتر,عطر و ادکلن زنانه,17249500,31600000,45.41
4308255,تاپ ورزشی زنانه یونی پرو مدل 812251102-95,لباس زنانه,490000,880000,44.32
3687097,کرم مرطوب کننده اویور مدل Mont Blanc Legend حجم 75 میلی لیتر,مراقبت پوست,290000,518000,44.02
9312211,جامدادی مدل ملوان طرح Voyager کد XML-6112,کیف، کوله و جامدادی,760000,1350000,43.7
8936941,پارچه ملحفه طرح شکوفه کد B100-A,دست بافته‌ ها، رودوزی و محصولات پارچه ای و چرمی,220000,390000,43.59
1421751,ساعت مچی عقربه ای زنانه مایکل کورس مدل mk3836,اکسسوری زنانه و مردانه,79000000,139840000,43.51
12444107,اکشن فیگور نکا مدل جیسون ورهیز طرح Jason Voorhees Part 5 Roy Burns,اسباب بازی,17000000,30000000,43.33
3742681,اکشن فیگور مدل کرش کد 45,اسباب بازی,22400000,39500000,43.29
8653877,تی شرت مردانه اکزاترس مدل I03200111091370133,لباس مردانه,990000,1740000,43.1
1890195,شکم بند بارداری نوید کد 115,ساپورت های طبی,1000000,1757100,43.09
9536711,ست کت و پیراهن دخترانه فیورلا مدل النور,دخترانه,6120000,10710000,42.86
11392030,ساعت مچی عقربه‌ای مردانه لاروس مدل 0917,اکسسوری مردانه,22450000,39063000,42.53
6160763,کفش مخصوص دویدن مردانه مدل PEGASUS SPEED BKFIR-15800893,کفش مردانه,9800000,17000000,42.35
2561352,اکشن فیگور طرح ونوم کد AFV01,اسباب بازی,3749000,6490000,42.23
734911,موزن گوش، ابر و بینی میکروتاچ مدل 025,اصلاح موی گوش، بینی و ابرو,1990000,3441000,42.17
12108564,عینک آفتابی زنانه تروساردی مدل TR12942,اکسسوری زنانه,70000000,120000000,41.67
2207951,اتوسکوپ ریشتر مدل 2101-200,لوازم پزشکی,23350000,40000000,41.63
435541,پشتی طبی لبه دار مدل Nice سایز L,کالای خواب و استراحت طبی,1650000,2820000,41.49
9456628,شیشه شیر پینو بیبی مدل Natural sense کد M 0-6 ظرفیت 150 میلی لیتر,شیشه شیر، سرلاک و داروخوری,499000,849000,41.22
2385289,خمیر اصلاح آرکو من مدل Sensitive حجم 94 میلی لیتر,لوازم اصلاح مو,250000,418800,40.31
8240904,ابزار ایفای نقش مدل نقاب ORGINAL LED 1,اسباب بازی,2990000,5000000,40.2
8479312,کلاه کپ مدل نقابدار کد 017,اکسسوری زنانه و مردانه,585000,975000,40.0
7793665,پیراهن زنانه اسمارا مدل maxi ,لباس زنانه,4500000,7500000,40.0
9072327,گلیم ماشینی طرح افشان کد 0011,گلیم و گبه,1200000,2000000,40.0
12289968,عینک آفتابی مردانه اوگا مدل 2305-NAVYBLUE-YELLOW,اکسسوری مردانه,7080000,11700000,39.49
1678005,چسب محافظ ریشه فرش پارس فوم کد 14-235,لوازم جانبی فرش و ابزار فرش,230400,380000,39.37
9880820,کفش پیاده روی زنانه مدل STRETCH FIT BBND PIN-105024077,کفش زنانه,12800000,21000000,39.05
11524412,ساعت مچی عقربه ای زنانه سوییستار مدل 9570,اکسسوری زنانه,28950000,47478000,39.02
12461971,کنسول بازی مدل DOUBLE-2.4G,کنسول پرتابل,21998000,36000000,38.89
5294463,کیف پول چرما اسپرت کد HBK002,اکسسوری زنانه و مردانه,6980000,11400000,38.77
1135628,کیت ماشین کد 002,اسباب بازی,2470000,4000000,38.25
108413,عصای کوهنوردی اکسپوننت مدل ABD-3-8009,کوه‌ نوردی و صخره نوردی,2645000,4280000,38.2
746277,ماشین بازی مدل کامیون ارتشی ak229,اسباب بازی,1400000,2249000,37.75
12255237,شامپو تقویت کننده مو تینولا بیوتی مدل 03 حجم 220 میلی لیتر,شامپو و مراقبت مو,1070000,1718200,37.73
4009087,کتاب شب امتحان انگلیسی هشتم اثر علی یگانه انتشارات خیلی سبز,کتاب درسی، کمک‌درسی و آزمون,350000,560500,37.56
11390111,عینک آفتابی مردانه لاگوست مدل 18155,اکسسوری مردانه,8945000,14312000,37.5
12229420,پیراهن آستین بلند مردانه ان سی نو مدل لیور,لباس مردانه,4840000,7744000,37.5
820881,کتاب شب امتحان عربی پایه یازدهم اثر بهروز حیدربکی,کتاب درسی، کمک‌درسی و آزمون,350000,559600,37.46
152263,کتاب مرغ مقلد اثر کاترین ارسکین,کتاب کودک و نوجوان,620000,990000,37.37
6370283,شال زنانه اسمر ایپک مدل حاشیه لمه کوب کد 0083,اکسسوری زنانه,1875000,2990000,37.29
11178007,فوم شستشوی صورت پتال رز مدل VC  حجم 150 میلی لیتر,مراقبت پوست,1566700,2498000,37.28
9894749,کفش مخصوص دویدن مدل WINFLO 1 BKGR-100038001,کفش زنانه و مردانه,13800000,22000000,37.27
12517043,تی شرت مردانه مدل اورسایز  پنبه ای کپ مربعی,لباس مردانه,2450000,3900000,37.18
8366025,شلوارک مردانه کیکی رایکی مدل MBB03549-018,لباس مردانه,2390000,3790000,36.94
11498747,پولوشرت آستین کوتاه مردانه زانتوس مدل 141722 رنگ بادمنجانی,لباس مردانه,1990000,3150000,36.83
9851971,دستبند مدل چرمی مجموعه 2 عددی,اکسسوری زنانه و مردانه,650000,1026000,36.65
11868198,کوله پشتی سفری مدل FLAG,لوازم سفر,16900000,26600000,36.47
12001257,عینک آفتابی مدل گرد دسته فلزی-کائوچو کد GL- GRN,اکسسوری زنانه و مردانه,1551900,2434800,36.26
73864,کتاب حلزون اثر شکوه قاسم نیا,کتاب درسی، کمک‌درسی و آزمون,225000,352600,36.19
8797033,تی شرت آستین کوتاه زنانه زانتوس مدل 14918-99,لباس زنانه,990000,1550000,36.13
8797334,تی شرت آستین کوتاه زنانه زانتوس مدل 14918-15,لباس زنانه,990000,1550000,36.13
11544189,عروسک کد 0011 ارتفاع 12 سانتی متر,اسباب بازی,490000,765000,35.95
5087602,کتاب بچه جاسوس (2) سرقت غیرممکن اثر مک بارنت انتشارات پرتقال,کتاب کودک و نوجوان,390000,608600,35.92
11679220,عینک آفتابی زنانه مدل 0106,اکسسوری زنانه,5700000,8880000,35.81
6407946,سشوار حرفه ای جانسون مدل js3344,سشوار,4900000,7632000,35.8
10935958,لگو سری سیتی مدل اکتشاف در ایستگاه فضایی کد 60349,اسباب بازی,36640000,57000000,35.72
4034612,شلوار مردانه مدل p-gre,لباس مردانه,2250000,3500000,35.71
4489424,لوسیون ضد آفتاب آردن سان مدل bug guard حجم 75 میلی لیتر,مراقبت پوست,580000,899000,35.48
11360019,ساعت مچی عقربه ای زنانه آکوا دی پولو مدل APSV1-A6430-KM454,اکسسوری زنانه,4615000,7129000,35.26
3445895,کتاب شب امتحان فارسی هفتم اثر مهدی کرانی و آذین محمد زاده انتشارات خیلی سبز,کتاب درسی، کمک‌درسی و آزمون,350000,539700,35.15
11432643,کیف پول چرم لانکا مدل PC-10-11315103610010,اکسسوری زنانه و مردانه,2278000,3508000,35.06
11432282,کیف رودوشی چرم لانکا مدل CB-9,اکسسوری زنانه و مردانه,7128000,10950000,34.9
12299842,صندل مردانه مدل meh9876-mehr69,کفش مردانه,599000,920000,34.89
8737627,تی شرت آستین بلند مردانه مدل اربعین W287,لباس مردانه,299000,459000,34.86
12057183,ساعت مچی عقربه‌ای مردانه  مدل سابمارینر Submariner - کد WG-127,اکسسوری مردانه,21700000,33264000,34.76
11441575,کلاه شاپو بچگانه مدل BK013,مد و پوشاک دخترانه و پسرانه,850000,1300000,34.62
2358658,مقنعه مدل بروجرد,لباس زنانه,899000,1373000,34.52
12194210,عینک آفتابی مدل گرد کد GNTL-SBZ,اکسسوری زنانه و مردانه,1900000,2900000,34.48
8590311,کرم پودر کاتریس مدل All Matt شماره 033C حجم 30 میلی لیتر,آرایش صورت,2490000,3790000,34.3
6998328,کتاب خوش خطی اول دبستان اثر منیره بحرگرد نیکو انتشارات خیلی سبز,کتاب درسی، کمک‌درسی و آزمون,710000,1080000,34.26
9222235,ساعت مچی عقربه‌ای مردانه فسیل مدل ME3043,اکسسوری مردانه,89000000,135150000,34.15
2465283,عینک آفتابی مدل V800012,اکسسوری زنانه و مردانه,1450000,2200000,34.09
3843537,شلوار زنانه مانگو مدل 31037537-B2,لباس زنانه,4280000,6490000,34.05
11497537,مانتو زنانه هماتاش مدل شکوفه رنگ طوسی,لباس زنانه,4300000,6500000,33.85
9837770,سوتین زنانه پانیذ مدل بدون فنر کد 66508-9 رنگ سفید,لباس زنانه,590000,890000,33.71
8624317,کتاب توپک سازگاری اثر دایان آلبر انتشارات فنی ایران,کتاب کودک و نوجوان,250000,376000,33.51
9786919,ساعت مچی عقربه ای زنانه اوماکس مدل PL10R44IO,اکسسوری زنانه,27023000,40600000,33.44
2347596,کتاب باغ رز اثر پیتر اچ. رینولدز انتشارات پرتقال,کتاب هنر و سرگرمی,390000,585600,33.4
6494998,زنجیر نقره زنانه اسپریت مدل 929z,اکسسوری زنانه,7835000,11752500,33.33
12218701,آغوشی نوزاد طرح ابر مدل 15001,آغوشی,3800000,5700000,33.33
12277923,تی شرت آستین کوتاه مردانه مدل BCK-X100,لباس مردانه,1500000,2250000,33.33
11404940,مایو دخترانه مدل توردار IS207,دخترانه,1990000,2980000,33.22
10593512,پارچه لباس مدل آستری راه راه کد A,دست بافته‌ ها، رودوزی و محصولات پارچه ای و چرمی,250000,374000,33.16
5517895,کتاب همسایه با سایه اثر عباس مهری آتیه انتشارات روزنه,کتاب شعر و ادبیات,825000,1226700,32.75
2851339,ادو پرفیوم اینیشیو مدل Oud for Greatness حجم 90 میلی لیتر,عطر و ادکلن مردانه و زنانه,71800000,106600000,32.65
6351890,کتاب درک متن پایه چهارم دبستان اثر جمعی از نویسندگان انتشارات خیلی سبز ,کتاب درسی، کمک‌درسی و آزمون,470000,695800,32.45
9850113,ست کراوات و دستمال جیب مردانه بربری مدل 80138182,اکسسوری مردانه,2699000,3995000,32.44
11588739, اکشن فیگور مدل مرد عنکبوتی کد 002,اسباب بازی,730000,1080000,32.41
12559986,ادوپرفیوم زنانه روونا مدل MY LOVE حجم 100 میلی‌لیتر,عطر و ادکلن زنانه,4600000,6798800,32.34
168405,ماسک مو کریستال مدل Revitalizing Stabilizer حجم 500 میلی لیتر,شامپو و مراقبت مو,1480000,2181700,32.16
4530384,شانه مو مدل Z3,برس‌ها و تجهیزات آرایشی,95000,140000,32.14
12441583,ابزار شوخی مدل شوکر شگفت انگیز,اسباب بازی,8075000,11900000,32.14
8176743,جاکلیدی طرح Hello Kitty ,اکسسوری زنانه و مردانه,502200,739500,32.09
595818,ماسک نقابی آنیپک مدل مروارید,مراقبت پوست,231000,340000,32.06
6214646,دفتر طراحی مدل کیوت کد BirdsA4,دفتر و کاغذ و مقوا,1020000,1500000,32.0
810249,ماشین فلزی کی دی دبلیو مدل Tower Crane,اسباب بازی,19021900,27967900,31.99
8213198,انگشتر مدل SK-Strns827,اکسسوری زنانه و مردانه,1995000,2925000,31.79
11706598,کفش مخصوص دویدن مردانه مدل  Renew Run 3,کفش مردانه,133100000,193600000,31.25
12301280,پولوشرت آستین کوتاه مردانه ان سی نو مدل نیچه,لباس مردانه,4224000,6144000,31.25
11408386,مایو زنانه مدل IS400,لباس زنانه,1990000,2890000,31.14
6872518,کفش روزمره مردانه راکی مدل داکا,کفش مردانه,1990000,2890000,31.14
7495655,تفنگ بازی مدل Fight Virus کد 33A-666,اسباب بازی,5500000,7980000,31.08
7471827,پلیور زنانه کیکی رایکی مدل BB02801-040,لباس زنانه,2000000,2900000,31.03
3255951,قیچی اصلاح مو شنگ مدل P-98,برس‌ها و تجهیزات آرایشی,450000,650000,30.77
1996614,عینک واقعیت مجازی مدل 568,لوازم جانبی کنسول بازی,3800000,5480000,30.66
5084028,پیراهن آستین بلند مردانه جوتی جینز مدل 47569,لباس مردانه,6790000,9790000,30.64
4205507,کتاب کار ریاضی دهم اثر جمعی از نویسندگان انتشارات خیلی سبز,کتاب درسی، کمک‌درسی و آزمون,1040000,1498800,30.61
74180,کتاب اطلس تاریخ جهان برای دانش آموز اثر سیمون آدامز,کتاب کودک و نوجوان,1500000,2159600,30.54
8922728,کفش پیاده روی اسکچرز مدل SN.12058,کفش زنانه و مردانه,17125000,24600000,30.39
11584745,ماشین اصلاح موی صورت وی جی ار مدل VGR V-385,اصلاح موی صورت,11000000,15800000,30.38
11941647,پولوشرت آستین کوتاه ورزشی مردانه سارزی مدل POL_ZS_gh.r.m.z,لباس مردانه,1990000,2850000,30.18
44845,کتاب نمایشنامه پرده خانه اثر بهرام بیضایی,کتاب شعر و ادبیات,790700,1131900,30.14
5274047,سرم پوست دی اوردینری مدل چای سبز حجم 30 میلی لیتر,مراقبت پوست,3003500,4295700,30.08
10959335,رقص نور مدل نوت موسیقی کد RGB99 -APP,تجهیزات استودیویی,6980000,9979900,30.06
12178889,ادو پرفیوم رودیر پلاس مدل ساوانا حجم 100 میلی لیتر,عطر و ادکلن زنانه,3990000,5700000,30.0
11126169,کیف زنانه اوال مدل 101 طرح گل رنگ مشکی,اکسسوری زنانه,15746500,22490000,29.98
3687214,کرم مرطوب کننده اویور مدل Versace حجم 75 میلی لیتر,مراقبت پوست,250000,357000,29.97
11498746,پولوشرت آستین کوتاه مردانه زانتوس مدل 141722 رنگ زرشکی,لباس مردانه,1990000,2840000,29.93
4918164,پاک کن کنکو مدل MS7 بسته 5 عددی,نوشت افزار,376200,535800,29.79
9996773,تی شرت ورزشی مردانه مدل 847268-720,لباس مردانه,48000000,68300000,29.72
79617,کیت رنگ مو لورآل شماره 9.3 Excellence,آرایش مو,9430000,13400000,29.63
3945363,پد لاک پاکن ویولت مدل 5456 بسته 6 عددی ,بهداشت و زیبایی ناخن,350300,497600,29.6
3943968,هودی ورزشی مردانه 1991 اس دبلیو مدل GK1912 NB,لباس مردانه,4570000,6490000,29.58
12286286,انگشتر مردانه مدل اسکلت چشم دار,اکسسوری مردانه,700000,994000,29.58
6522415,پنکیک برجیس شماره B201,آرایش صورت,1110000,1575000,29.52
7554153,انگشتر مردانه مدل حلقه ارباب حلقه ها حکاکی لیزری رنگ طلایی,اکسسوری مردانه,309000,438000,29.45
5077182,روغن تقویت کننده مو ریش و سبیل اف جی مدل 001 حجم 60 میلی لیتر,شامپو و مراقبت مو,610000,864000,29.4
2412067,ماسک مو کالیون مدل Argan حجم 750 میلی لیتر,شامپو و مراقبت مو,805000,1140000,29.39
8067202,کتاب عشق هرگز کافی نیست اثر پروفسور آرون تی بک انتشارات ذهن آویز,کتاب فلسفه و روانشناسی,1200000,1698400,29.35
10363989,شانه مو آی جواهر مدل دم باریک کد A300 مجموعه 3 عددی,برس‌ها و تجهیزات آرایشی,119000,168000,29.17
8750461,کفش راحتی مردانه کروماکی مدل km700m,کفش مردانه,3190000,4500000,29.11
8605996,عینک آفتابی زنانه  مدل DG-5887 C-06,اکسسوری زنانه,11310000,15950000,29.09
4518328,ماسک ورقه ای صورت گابلین مدل 0072,مراقبت پوست,440000,620000,29.03
3834028,ماشین بازی کنترلی طرح جرثقیل مدل crane tower,اسباب بازی,23843700,33499900,28.82
5270017,تی شرت زنانه اسپیور مدل 2W16-1,لباس زنانه,990000,1390000,28.78
8484141,لگو سری City Stunt Plane کد 60323,اسباب بازی,5960000,8350000,28.62
8388326,کفش زنانه چرم مشهد مدل j2534,کفش زنانه,21490000,30090000,28.58
9795861,کیف رودوشی زنانه چرم مشهد مدل s0713,اکسسوری زنانه,22490000,31490000,28.58
11304525,کیف دوشی زنانه چرم مشهد مدل s0865,اکسسوری زنانه,24990000,34990000,28.58
11073946,ساعت مچی عقربه ای زنانه امپریو آرمانی مدل AR60043,اکسسوری زنانه,124500000,174300000,28.57
12325036,کیف دستی زنانه چرم مشهد مدل S0882,اکسسوری زنانه,21490000,30086000,28.57
12197333,کفش پیاده روی زنانه مدل Air Vapormax,کفش زنانه,17245000,24090000,28.41
7826063,قوتو خشخاشی بیجاری کرمان - 600 گرم بسته 2 عددی,کیک و شیرینی خانگی,1790000,2500000,28.4
9537749,ست نیم تنه و شورت ورزشی زنانه کوزا مدل 9113-6 رنگ سرمه ای,لباس زنانه,1090000,1520000,28.29
5011742,تیشرت آستین کوتاه مردانه مدل 34,لباس مردانه,1700000,2370000,28.27
11639160,دستبند زنانه مدل خاویار,اکسسوری زنانه,1221000,1700000,28.18
2679570,آنالوگ دسته پلی استیشن 4 مدل ALPS,لوازم جانبی کنسول بازی,360000,500000,28.0
12343914,چرخ دنده کوادکوپتر مدل X5/X5C/X5SC مجموعه 12 عددی,اسباب بازی,1800000,2500000,28.0
9095127,شلوار مردانه کیکی رایکی مدل DIO 7016-02,لباس مردانه,3730000,5170000,27.85
9119204,جوراب ساق بلند زنانه اکسلنس مدل شیشه ای,لباس زنانه,260000,360000,27.78
12227414,قمقمه مدل NK--7363 گنجایش 1.1 لیتر,ورزش های هوازی و تناسب اندام,3690000,5100000,27.65
2171115,ست پیراهن و شورت ورزشی پسرانه طرح تیم ملی ایران کد 2020,پسرانه,1650000,2280000,27.63
6590621,انگشتر مدل چشم اژدها کد collor44,اکسسوری زنانه و مردانه,680000,937800,27.49
8552888,ماشین اصلاح موی سر و صورت کیمی مدل KM-i5S,اصلاح موی صورت,9100000,12550000,27.49
2943984,پن شستشو گل سیتو مدل HRZ وزن 100 گرم,بهداشت و نگهداری کودک,581000,799800,27.36
8909295,کتاب مکالمات روزمره انگلیسی اثر اکرم داودی انتشارات حضور,کتاب زبان,266600,366600,27.28
12203941,ساعت مچی عقربه‌ای مردانه سیتی زن مدل a9001,اکسسوری مردانه,50400000,69200000,27.17
3885028,جاکلیدی چرمی بارثاوا مدل 44,دست سازه های هنری,357500,490000,27.04
12053492,دستبند مردانه مدل زنجیری کد TBR-108,اکسسوری مردانه,1978300,2710000,27.0
3739806,کابل شارژ مدل M5 مناسب برای مچ بند هوشمند شیائومی Mi Band 5,لوازم جانبی ساعت و مچ بند هوشمند,460000,630000,26.98
11423116,پیراهن آستین کوتاه مردانه جی تی هوگرو مدل 908,لباس مردانه,4740000,6490000,26.96
11056612,پیراهن آستین کوتاه مردانه جی تی هوگرو مدل 908,لباس مردانه,4740000,6490000,26.96
11218867,عینک شب مدل D1747 Transparent Maroon,اکسسوری زنانه و مردانه,3490000,4760000,26.68
1822736,عینک آفتابی مدل BJ5157B,اکسسوری زنانه و مردانه,1100000,1500000,26.67
11169905,کتاب کد612 چه کسی شازده کوچولو را کشت اثر میشل بوسی انتشارات فارابی,کتاب شعر و ادبیات,575300,784400,26.66
4918170,پاک کن کنکو مدل MS7 بسته 9 عددی,نوشت افزار,586800,800000,26.65
11170279,فوم شستشوی صورت پتال رز مدل OS حجم 150 میلی لیتر,مراقبت پوست,1439000,1950600,26.23
9898374,عینک آفتابی  مدل آنتی رفلکس کد C3,اکسسوری زنانه و مردانه,4058300,5500000,26.21
4953768,سنجاق قفلی کد S025 مجموعه 4 عددی,چرخ خیاطی دستی و ملزومات خیاطی,210000,284600,26.21
5853462,کتاب 504 واژه کاملا ضروری اثر مریم قاضی اسداللهی انتشارات ارتباط نوین,کتاب زبان,200000,270000,25.93
538992,ماسک مو گیاهی کالیون مدل گندم حجم 750 میلی لیتر,شامپو و مراقبت مو,1000000,1350000,25.93
9946506,کفش پیاده روی زنانه اسکچرز مدل Air Cooled Memory Foam 65868,کفش زنانه,18250000,24600000,25.81
8282378,اتو مو مدل XYJ-826,اتو و حالت دهنده ی مو,2990000,4029600,25.8
1432823,مایع روشن کننده دکاموند کلینیک مدل Lightening حجم 210 میلی لیتر,مراقبت پوست,720000,970000,25.77
4214286,رژ لب مایع جویل شماره JR286,آرایش لب,997500,1342000,25.67
10490879,هدبند دخترانه مدل انیمه ناروتو konoha,دخترانه,870000,1170000,25.64
240467,کتاب ژرفای زن بودن اثر مورین مورداک,کتاب فلسفه و روانشناسی,1300000,1746000,25.54
12150600,عینک شب مدل Pr 8251,اکسسوری زنانه و مردانه,1700000,2280000,25.44
11239828,چراغ کمپینگ ورکینگ لامپ مدل W599B,کوه‌ نوردی و صخره نوردی,4400000,5900000,25.42
4665856,نیم تنه زنانه اسپیور مدل 2W07-19,لباس زنانه,590000,790000,25.32
11940776,کفش ساحلی مدل میلان کد 1396-GNBE,کفش زنانه و مردانه,1475000,1975000,25.32
1068347,آدامس موی دی داکس مدل Gum حجم 150 میلی لیتر,آرایش مو,325000,435000,25.29
82102,شامپو حجم دهنده فولیکا حجم 200 میلی لیتر,شامپو و مراقبت مو,385000,515000,25.24
3544425,کفش روزمره زنانه تی اند ال مدل 4021-092,کفش زنانه,5350000,7150000,25.17
11338719,لگینگ زنانه مدل کمر پهن براق کد 4384 رنگ سرخابی,لباس زنانه,1490000,1990000,25.13
12199053,شلوار مردانه لیورجی مدل کارگو کد 2029,لباس مردانه,11990000,16000000,25.06
10936319,ست تی شرت و شلوارک ورزشی مردانه آلشپرت مدل MUH1146,لباس مردانه,3890000,5190000,25.05
7781219,ست تی شرت و شلوارک ورزشی مردانه آلشپرت مدل MUH1269-006,لباس مردانه,3890000,5190000,25.05
11259455,عینک آفتابی مردانه دیسکوارد مدل DQ017101C52,اکسسوری مردانه,29990000,39990000,25.01
1716157,کتاب مامور Z و موزهای قاتل اثر مارک هادون انتشارات هوپا,کتاب کودک و نوجوان,210000,280000,25.0
2723890,سوهان ناخن او پی آی مدل 100/180 بسته 20 عددی,بهداشت و زیبایی ناخن,1156400,1540000,24.91
6121244,تی شرت زنانه آر اِن اِس مدل 11020865-92,لباس زنانه,1314000,1750000,24.91
10757902,قاشق و چنگال و چاقوی سفری مدل 4522 استیل تاشو,لوازم کمپینگ,1275000,1696900,24.86
5695110,کتاب کمال ذهن اثر دکتر جو دیسپنزا انتشارات پردیس آباریس,کتاب فلسفه و روانشناسی,1950000,2593000,24.8
355611,کتاب موج ‌ها اثر ویرجینیا وولف,کتاب شعر و ادبیات,983400,1305600,24.68
8480166,اسپری موبر کازانوا مدل 123 حجم 100 میلی لیتر,لوازم اصلاح مو,1040000,1380000,24.64
7495372,رینگ لایت آرایشی و آینه باسئوس مدل DGZM-02,برس‌ها و تجهیزات آرایشی,15380000,20355000,24.44
8023145,ساعت مچی عقربه‌ای مردانه آدومارس پیگه مدل Selfwinding Flying Tourbillon,اکسسوری مردانه,27985600,37000000,24.36
11592103,پیراهن آستین بلند مردانه باینت مدل 2261529-4559,لباس مردانه,2490000,3290000,24.32
8416245,سشوار برس دار حالت دهنده براون مدل as530,سشوار,21500000,28400000,24.3
7138172,ماشین اصلاح موی صورت فیلیپس مدل S7783,اصلاح موی صورت,120000000,158500000,24.29
246574,کتاب تو برای من عزیزترینی اثر مکس لوکیدو,کتاب کودک و نوجوان,306000,404000,24.26
11456818,کتاب اسم تو 2 اثر  ماکوتو شینکای انتشارات نگاه آشنا,کتاب کودک و نوجوان,459800,606600,24.2
12439766,مجموعه قاشق و چنگال سفری,لوازم کمپینگ,680000,895000,24.02
7266411,کرم روشن کننده سورفین مدل ویتامین سی حجم 125 میلی لیتر به همراه کرم شب سورفین مدل ویتامین E,مراقبت پوست,570000,750000,24.0
11542467,ژل ابرو شگلم مدل Set Me Up به همراه برس ابرو,آرایش ابرو,3690000,4850000,23.92
10270463,ماسک مو میسوری مدل EXTRA VOLUME حجم 500 میلی لیتر,شامپو و مراقبت مو,2200000,2891000,23.9
11118793,پلیور مردانه جین وست کد 504,لباس مردانه,8290000,10890000,23.88
11118937,پلیور مردانه جین وست کد 502,لباس مردانه,8290000,10890000,23.88
11873889,جوراب دل مد گروپ مدل 249022819 بسته 2 عددی,اکسسوری زنانه و مردانه,990000,1300000,23.85
11873915,جوراب دل مد گروپ مدل 249022870 بسته 2 عددی,اکسسوری زنانه و مردانه,990000,1300000,23.85
10273529,کیسه آب گرم مدل 05,پد و کیسه آب گرم,990000,1300000,23.85
8366697,تی شرت زنانه کیکی رایکی مدل BB20007-063,لباس زنانه,990000,1300000,23.85
332406,کیف اداری کهن چرم مدل L73-50,اکسسوری مردانه,20000000,26250000,23.81
8015229,سرم پوست دی اوردینری مدل B Oil حجم 30 میلی لیتر,مراقبت پوست,4381100,5749800,23.8
281083,عینک ضد اشعه UV واته مدل Silver,اکسسوری زنانه و مردانه,1295500,1700000,23.79
11339444,کیبورد بی‌سیم دسته بازی مدل TYX-586S مناسب برای ایکس باکس وان,لوازم جانبی کنسول بازی,5196000,6796000,23.54
12105056,ماکت ماشین جادا مدل فورد هری پاتر طرح ford harry potter angila 1959 مجموعه 2 عددی,اسباب بازی,22560000,29500000,23.53
10589521,مسواک بنسر مدل ORTHODONTIC با برس نرم,بهداشت دهان و دندان,519400,679000,23.51
6897956,چوب بستنی مدل رنگی k10 بسته 40 عددی,ابزار نقاشی و رنگ آمیزی,176000,230000,23.48
3363469,کتاب تاریخ بلعمی اثر محمدبن جریر طبری انتشارات هرمس,کتاب تاریخ و جغرافیا,3400000,4437600,23.38
6774811,کلاه بافتنی مدل m1000,اکسسوری زنانه و مردانه,690000,900000,23.33
11242311,سرم پوست ایشااونی مدل ویتامین سی حجم 30 میلی لیتر,مراقبت پوست,2839500,3700000,23.26
3872783,هودی مردانه مدل ابر و ماه X1034 رنگ مشکی,لباس مردانه,690000,899000,23.25
11649523,شلوارک جین زنانه ایزی دو مدل 218128558,لباس زنانه,1990000,2590000,23.17
11777691,کرم ضد آفتاب دکتر راشل مدل anti - aging وزن 80 گرم,مراقبت پوست,2990000,3890000,23.14
2185913,ژل شستشو صورت درمالاین مدل Rose water حجم 150 میلی لیتر,مراقبت پوست,845000,1099200,23.13
9168581,کوله پشتی ورزشی رومیکس مدل RH62,لوازم سفر,4990000,6490000,23.11
11358336,ساعت مچی عقربه‌ای مردانه مدل Rk3,اکسسوری مردانه,2500000,3250000,23.08
12468054,چوب لباسی نوزاد تاپکو مدل Ir-235 مجموعه 6 عددی,نوزاد,600000,780000,23.08
8991912,فریم عینک طبی داویدف مدل D8301c4,اکسسوری زنانه و مردانه,14938000,19400000,23.0
11592130,تونیک زنانه باینت مدل 2261548-99,لباس زنانه,2290000,2970000,22.9
3978051,نمک حمام آس مدل Mixed وزن 900 گرم,بهداشت و مراقبت بدن,270000,350000,22.86
7271251,پایه نگهدارنده دسته بازی ps5 دابی مدل G2C4,لوازم جانبی کنسول بازی,1890000,2450000,22.86
8698611,کلاه باکت مدل ساده B-1010,اکسسوری زنانه و مردانه,440000,570000,22.81
12201866,تاپ زنانه مدل سرشانه باز اشکی,لباس زنانه,1220000,1580000,22.78
8510359,ست 5 تکه حوله کودک مادرکر مدل M1146.13,حمام کودک و شست و شو,8500000,11000000,22.73
10632948,لباس خواب زنانه مدل فانتزی نگین دار فاق باز وارداتی کد KW120Z,لباس زنانه,2550000,3298000,22.68
10643430,ادو پرفیوم مردانه حارث مدل بلو شنل پلاس حجم 100 میلی لیتر,عطر و ادکلن مردانه,3138000,4052400,22.56
11077938,عینک آفتابی آکوا دی پولو مدل AQ 80,اکسسوری زنانه و مردانه,4640000,5990000,22.54
12274393,ادو پرفیوم زنانه روژا مدل الکسیر حجم 100 میلی لیتر,عطر و ادکلن زنانه,43000000,55500000,22.52
9977632,شلوار زنانه جاستیفای مدل W0414211PN,لباس زنانه,3790000,4890000,22.49
977930,رژ لب جامد دایانا مدل Long Stay شماره 04,آرایش لب,899500,1160000,22.46
296273,ساعت مچی عقربه ای مردانه کاسیو مدل EFR-543BK-1A9VUDF,اکسسوری مردانه,75483000,97228000,22.36
12023236,قمقمه کودک طرح یونیکورن مدل GTCI90 گنجایش 0.80 لیتر,قمقمه و فلاسک کودک و نوزاد,3100000,3989800,22.3
10542049,کیف پول مدل A122,اکسسوری زنانه و مردانه,980000,1260000,22.22
3977379,ساعت مچی عقربه ای زنانه مایکل کورس مدل MK6055,اکسسوری زنانه,45900000,59000000,22.2
9396753,کفش مردانه مدل Azarplas,کفش مردانه,6990000,8980000,22.16
39765,کتاب مهارت های زندگی اثر فیلیپ مک گرا انتشارات ذهن آویز,کتاب فلسفه و روانشناسی,1520000,1951000,22.09
9038387,تی شرت آستین کوتاه مردانه ال سی وایکیکی مدل BO10164,لباس مردانه,3822000,4900000,22.0
11604855,پیراهن آستین بلند مردانه جوتی جینز مدل 045,لباس مردانه,8190000,10490000,21.93
8416760,نیم تنه ورزشی زنانه مدل 268981402,لباس زنانه,1320000,1690000,21.89
2458715,کرم ضد چروک ژوت مدل Vitalityحجم 50 میلی لیتر,مراقبت پوست,1800000,2300000,21.74
10036116,گردنبند مدل یین و یانگ کد 02 مجموعه دو عددی,اکسسوری زنانه و مردانه,509000,650000,21.69
7179679,ادو پرفیوم مردانه رودیر مدل ALLOR حجم 30 میلی لیتر,عطر و ادکلن مردانه,1700000,2170000,21.66
3543311,ست لباس زیر زنانه ان بی بی مدل 4526-01 مجموعه 4 عددی,لباس زنانه,5790000,7390000,21.65
10118827,کفش روزمره مردانه چرم یلسان مدل دریتا کد MSK-DRT-520-GN,کفش مردانه,19080000,24327000,21.57
10119027,کفش روزمره زنانه چرم یلسان مدل دریتا کد SOR-DRT-520-GN,کفش زنانه,19080000,24327000,21.57
8797003,تی شرت آستین کوتاه زنانه زانتوس مدل 142067-1,لباس زنانه,990000,1260000,21.43
3669600,کفش پیاده روی زنانه مدل Air Max 2018,کفش زنانه,11000000,14000000,21.43
8122807,کتاب خانواده خرس ها صبر اثر مایک برنستین نشر موزون,کتاب کودک و نوجوان,545400,694000,21.41
8529304,اکشن فیگور نکا مدل آرنولد شوارتزینگر ترمیناتور,اسباب بازی,21000000,26700000,21.35
4073447,کتاب شرح جامع آیین دادرسی کیفری اثر دکتر بهزاد ستاری نشر ارشد,کتاب علوم اجتماعی,2750000,3496500,21.35
11412828,سرم ضد ریزش مو لاکمه مدل K.THERAPY حجم 6 میلی لیتر بسته 8 عددی,شامپو و مراقبت مو,11000000,13978200,21.31
10110257,کفش روزمره زنانه کروماکی مدل km9030,کفش زنانه,3120000,3960000,21.21
8532940,تفنگ بازی مدل J-shot کد 7118,اسباب بازی,26000000,33000000,21.21
431015,فیگور اساسین کرید مدل Altair The Legendary,اسباب بازی,28000000,35500000,21.13
11957807,کیف دستی زنانه چرم مشهد مدل S0881-001,اکسسوری زنانه,34785000,44086000,21.1
12374046,مداد نوکی 2 میلی متری مدل بینهایت طرح خرس کیوت,نوشت افزار,754000,955000,21.05
8362361,جوراب ساق کوتاه زنانه مدل اسپرت ساده,لباس زنانه,199000,252000,21.03
11494568,کت مردانه جوتی جینز مدل سوئیت کد 233,لباس مردانه,8290000,10490000,20.97
11972202,مانتو زنانه السانا مدل ثنا کد 154201,لباس زنانه,5280000,6680000,20.96
159581,کتاب تاثیر بد اثر استن و جن برنشتاین نشر موزون,کتاب کودک و نوجوان,519200,656800,20.95
11361387,محلول تقویت کننده مو پاک دارو مدل ماینوکسیدیل 2 - 5 حجم 60 میلی لیتر مجموعه 2 عددی,شامپو و مراقبت مو,2190000,2770000,20.94
12349619,تستر ادو پرفیوم مردانه عود وود مدل TOM FORD حجم 100 میلی لیتر,عطر و ادکلن مردانه,52700000,66600000,20.87
12507936,چسب تزریق مدی باب مدل s500 بسته 500 عددی,چسب و پد درمانی,1211000,1530000,20.85
7507948,کتاب رمان های جاویدان جهان 24 بی خانمان اثر هکتور مالو نشر افق,کتاب شعر و ادبیات,950000,1200000,20.83
11833762,روغن مو دی اوردینری مدل گل گاو زبان حجم 30 میلی لیتر,مراقبت پوست,2850800,3596400,20.73
11393251,مایو زنانه مدل IS003,لباس زنانه,1990000,2510000,20.72
10824842,کفش پیاده روی زنانه مدل ALPHABOOST W FX1124,کفش زنانه,19500000,24590000,20.7
10755023,لگو سری ماینکرفت مدل 21240,اسباب بازی,8330000,10500000,20.67
9360461,لگو سری Minecraft El Refugio-Zorro کد 21178 ,اسباب بازی,15710000,19800000,20.66
11433896,انگشتر مردانه مدل اسکلت چشم الماس,اکسسوری مردانه,700000,882000,20.63
4623347,اسپری مو کودک پادینا مدل anti-frizz حجم 250 میلی لیتر,شامپو و مراقبت مو,250000,315000,20.63
1848560,برس مو دکتر مورنینگ مدل 01DR,برس‌ها و تجهیزات آرایشی,348000,438000,20.55
751604,اسباب بازی مار مدل SNACK SMALL کد 15,اسباب بازی,309900,390000,20.54
10340917,کتاب هنر تغییر ذهن متعصب اثر جونا برگر انتشارات سبزان,کتاب فلسفه و روانشناسی,1269300,1597300,20.53
8217508,جامدادی مدل K323,کیف، کوله و جامدادی,310000,390000,20.51
12467747,چوب لباسی نوزادی تاپکو مدل Ir-451  بسته 6 عددی,نوزاد,620000,780000,20.51
11842956,جعبه جواهرات مدل XBX,اکسسوری زنانه و مردانه,350000,440000,20.45
10856619,جاکلیدی برنجی طرح کلاه  ,دست سازه های هنری,3900000,4900000,20.41
9169121,کفش پیاده روی زنانه تیمبرلند مدل DELPHIVILLE,کفش زنانه,39000000,49000000,20.41
9672183,کفش کوهنوردی کلمبیا مدل FAIRBANKS GRY-128004007,کفش زنانه و مردانه,24500000,30780000,20.4
11799194,شامپو مو فولیکا مدل GINKGO B5E مخصوص موهای شکننده و مجعد حجم 400 میلی لیتر,شامپو و مراقبت مو,954000,1198000,20.37
11257430,عینک شب آکوا دی پولو مدل AQ88,اکسسوری زنانه و مردانه,4640000,5820000,20.27
11836541,کیف دوشی بچگانه مدل پاپیت یونی کورن کد Uc,مد و پوشاک دخترانه و پسرانه,1260000,1580000,20.25
12132356,کفش روزمره مردانه زارا مدل 800-120-2211,کفش مردانه,31900000,40000000,20.25
906146,کیف خلبانی مدل 24114,لوازم سفر,3990000,5000000,20.2
4439442, فرش ماشینی مدل فانتزی کد BRN2022 ,فرش,950000,1190000,20.17
11719032,عینک آفتابی زنانه مدل Z3578 Obsidian Onyx,اکسسوری زنانه,2788000,3490000,20.11
7861806,شلوار زنانه آر اِن اِس مدل 104,لباس زنانه,1990000,2490000,20.08
2159996,پیله ابریشم سیب سرا مدل PA-50 بسته 50 عددی,مراقبت پوست,959000,1200000,20.08
1959204,خمیر دندان سنسوداین مدل Repair & Protect حجم 75 میلی لیتر مجموعه 2 عددی,بهداشت دهان و دندان,2150000,2688500,20.03
9176613,شلوار ورزشی مردانه جین وست مدل زمستانه 534,لباس مردانه,9990000,12490000,20.02
7045549,پن شستشو گل سیتو مدل درماتولوژیک وزن 100 گرم,صابون شستشو,669400,836900,20.01
12407543,عینک آفتابی مردانه پول اند بیر مدل DIROGEN LIMITED EDITION 2023,اکسسوری مردانه,19990000,24990000,20.01
12561473,شلوار مردانه پاتن جامه مدل کتان کشی 101221010409846 رنگ مشکی,لباس مردانه,5840000,7300000,20.0
12132171,کفش پیاده روی مردانه زارا مدل 2327120102,کفش مردانه,37200000,46500000,20.0
12276862,کرم شوینده درماتیپیک مدل آتوپیک حجم 200 میلی لیتر,مراقبت پوست,1960000,2450000,20.0
12239544,نیم بوت مردانه برشکا مدل 2023,کفش مردانه,45600000,57000000,20.0
12242492,پیراهن آستین کوتاه مردانه پاتن جامه مدل 121721020111290,لباس مردانه,5280000,6600000,20.0
7038284,جوراب زنانه ال سی وایکیکی مدل هندوانه ای کد BO10270,لباس زنانه,796000,995000,20.0
5687120,عینک آفتابی مدل NEWYORK148,اکسسوری زنانه و مردانه,4260000,5325000,20.0
5983781,تیشرت آستین کوتاه مردانه پاتن جامه مدل 131621000043229,لباس مردانه,1992000,2490000,20.0
5664968,عینک آفتابی مدل 1617,اکسسوری زنانه و مردانه,4020000,5025000,20.0
6232738,پد فاصله دهنده انگشت شصت پا مدل carefoot-100 بسته 2 عددی,ابزار مراقبت پا,400000,500000,20.0
9077902,تی شرت آستین کوتاه مردانه مدل DIVERDITY,لباس مردانه,2160000,2700000,20.0
9933565,نیم بوت مردانه کرمانی مدل چرم دستدوز کد 51351 رنگ قهوه ای,کفش مردانه,25920000,32400000,20.0
8097245,پودر دکلره آوایی مدل کراتین وزن 50 گرم رنگ بنفش,آرایش مو,480000,600000,20.0
11589813,شلوار جین دخترانه مدل نیم بگ 6090,دخترانه,3560000,4450000,20.0
11427579,شلوار مردانه پاتن جامه مدل 101221010148539 رنگ سرمه ای,لباس مردانه,4960000,6200000,20.0
11487618,بازی فکری مدل مگ دوز,اسباب بازی,2240000,2800000,20.0
11096906,شلوار مردانه پاتن جامه مدل 101221010392846 رنگ مشکی,لباس مردانه,6000000,7500000,20.0
10957657,شلوار مردانه پاتن جامه مدل فیگارو 101221000110846 ,لباس مردانه,6000000,7500000,20.0
10400720,کوله پشتی مدل nansi,اکسسوری زنانه و مردانه,21360000,26700000,20.0
9050528,دیسپانسر سشوار مدل 7200/7250,سشوار,1242000,1552000,19.97
7246402,گردنبند مردانه طرح شمشیر و اژدها مدل 534GAM,اکسسوری مردانه,680000,849300,19.93
6966552,نیم تنه ورزشی زنانه ماییلدا مدل 3722 رنگ بنفش,لباس زنانه,2232000,2784000,19.83
2383712,سرم مو ماکادامیا مدل ULTRA RICH MOISTURE حجم 125 میلی لیتر,شامپو و مراقبت مو,4980000,6200000,19.68
3118614,ساعت مچی عقربه ای زنانه روینا مدل 5139-L2BW,اکسسوری زنانه,45000000,56000000,19.64
8133586,ست ماشین اصلاح موی صورت و بدن وال مدل Detailer 5 Star 0801-1216H,اصلاح موی صورت,42000000,52080000,19.35
11388201,شورت زنانه ان بی بی مدل 540 رنگ کرم,لباس زنانه,1170000,1450000,19.31
11519849,ساق دست زنانه مدل شطرنجی کد M 20233,لباس زنانه,549100,680000,19.25
5828417,ماسک صورت فریمن مدل cucumber حجم 175 میلی لیتر,مراقبت پوست,1615000,2000000,19.25
11106515,جاکارتی کد A124,اکسسوری زنانه و مردانه,420000,520000,19.23
12468044,چوب لباسی نوزادی تاپکو مدل Ir-474 مجموعه 6 عددی,نوزاد,630000,780000,19.23
12467311,چوب لباسی نوزادی تاپکو مدل Ir-874 بسته 6 عددی,نوزاد,630000,780000,19.23
11282887,عینک آفتابی آکوا دی پولو مدل AQ106,اکسسوری زنانه و مردانه,4840000,5990000,19.2
9873125,کفش روزمره مردانه مدل طآرین بندی,کفش مردانه,1600000,1980000,19.19
12527701,ساعت مچی عقربه‌ای مردانه هابلوت مدل BING BANG کد WG-175,اکسسوری مردانه,81158600,100404100,19.17
11391924,عینک آفتابی مورل مدل 78023 POLARIZED,اکسسوری زنانه و مردانه,6875000,8500000,19.12
847393,دستگاه بخور سرد و رطوبت ساز سرد مدل Ultrasonic,دستگاه بخور و رطوبت ساز,7000000,8650000,19.08
6969628,کتاب خانواده خرس ها فرار از خواب اثر استن و جن برنستین نشر موزون,کتاب کودک و نوجوان,540800,668100,19.05
6432097,ماشین اصلاح موی صورت پاناسونیک مدل RT30,اصلاح موی صورت,23900000,29500000,18.98
10220929,پودر دکلره آوایی مدل Jasmine وزن 50 گرم رنگ یاسی,آرایش مو,470000,580000,18.97
9267138,کتاب در دفاع از فهم اثر آلبر کامو نشر چشمه ,کتاب شعر و ادبیات,1911700,2359000,18.96
10448169,ماشین اصلاح موی سر و صورت وال مدل سنیور 5 ستاره ,اصلاح موی سر,64000000,78900000,18.88
10387456,دوربین آندوسکوپی گوش مدل V-E,بهداشت و مراقبت بدن,4296000,5295000,18.87
6742231,لوسیون مو بیول مدل Ice Cream Biscuit حجم 250 میلی لیتر,شامپو و مراقبت مو,580800,715800,18.86
5270020,تی شرت زنانه اسپیور مدل 2W16-8,لباس زنانه,990000,1220000,18.85
3431568,ساعت مچی عقربه ای زنانه مدل Constellation کد 05,اکسسوری زنانه,20699800,25500000,18.82
12086212,ساعت مچی عقربه‌ای مردانه آدومارس پیگه مدل Master quality Chronograph ROYAL QOK کد WG-104,اکسسوری مردانه,50370000,62050000,18.82
8596095,پالت سایه چشم کاتریس مدل  Lavender Breeze,آرایش چشم,4900000,6027500,18.71
11697507,ساعت مچی عقربه‌ای مردانه  مدل اتوماتیک استیل,اکسسوری مردانه,36550000,44900000,18.6
11907817,پرتابگر فرفره انفجاری مدل شمشیری ,اسباب بازی,1970000,2419800,18.59
12546941,ادو پرفیوم مردانه جسیکا تواین مدل HAYAATI حجم 100 میلی لیتر,عطر و ادکلن مردانه,6100000,7492500,18.59
7240701,کلاه مدل باکت تدی دو رو,اکسسوری زنانه و مردانه,570000,700000,18.57
11890254,فیگور مدل وکالید طرح هاتسونه میکو,اسباب بازی,1795300,2203600,18.53
9480898,نمک حمام مدل شیر توت فرنگی وزن 900 گرم,بهداشت و مراقبت بدن,220000,270000,18.52
9652739,کفش پیاده روی مدل air force 1 whall-121003025,کفش زنانه و مردانه,4800000,5890000,18.51
11017836,انگشتر نقره مردانه بازرگانی میلادی مدل رکاب دست ساز فیلی سنگ عقیق یمنی کهنه کد AM_2789,اکسسوری مردانه,106324800,130452000,18.5
2475833,دستمال مرطوب کودک بانیو مدل ECE001 بسته 120 عددی,لوازم تعویض,400000,490700,18.48
6421107,فرش ماشینی فرش مشهد کد 802081 زمینه طوسی,فرش,117000000,143500000,18.47
3396543,ادو پرفیوم رودیر مدل لکسوس اسپرت حجم 100 میلی لیتر,عطر و ادکلن مردانه و زنانه,3400000,4169700,18.46
6839237,اتو و حالت دهنده ی مو مدل R77,اتو و حالت دهنده ی مو,4064000,4980000,18.39
7252815,صابون بچه گل سیتو مدل گلیسیرینه وزن 100 گرم,بهداشت و نگهداری کودک,462400,566500,18.38
9079738,ست شورت و سوتین زنانه ان بی بی مدل Q0-1O-2A-4F,لباس زنانه,5730000,7020000,18.38
7352792,روغن بدن آرمان مدل بادام شیرین حجم 30 میلی لیتر,بهداشت و مراقبت بدن,640000,784000,18.37
11325359,کفش روزمره مردانه برشکا مدل 2023,کفش مردانه,19836000,24300000,18.37
11945360,قاب عینک مدل زیپی کد 2323,اکسسوری زنانه و مردانه,400000,490000,18.37
9742257,موتور بازی کنترلی کرازون مدل wind gallop,اسباب بازی,17880000,21900000,18.36
11637409,ساعت مچی دیجیتال مردانه کاسیو مدل DWE-5600PR-2DR,اکسسوری مردانه,90307000,110500000,18.27
10936399,ست تی شرت و شلوارک ورزشی مردانه آلشپرت مدل MUH12256,لباس مردانه,3590000,4390000,18.22
10936422,ست تی شرت و شلوارک ورزشی مردانه آلشپرت مدل MUH1127,لباس مردانه,3590000,4390000,18.22
7778971,ست تی شرت و شلوارک ورزشی مردانه آلشپرت مدل MUH1194-004,لباس مردانه,3590000,4390000,18.22
7777331,ست تی شرت و شلوارک ورزشی مردانه آلشپرت مدل MUH1128-003,لباس مردانه,3590000,4390000,18.22
11940878,عصا دستی مدل چهارپایه قابل تنظیم کد 030,ابزار توانمند سازی,3600000,4400000,18.18
8064352,ابزار ایفای نقش مدل نقاب طرح Hacker mask,اسباب بازی,947800,1157000,18.08
3808894,لیزر موهای زائد مدل A110,اصلاح موی بدن بانوان,19990000,24400000,18.07
11686649,عینک آفتابی زنانه مدل KL21008 Sangria Matte,اکسسوری زنانه,2788000,3400000,18.0
11718910,عینک آفتابی زنانه مدل Z71503 Light Sky Lollipop,اکسسوری زنانه,3567000,4350000,18.0
3071515,کتاب موسسه اثر استفن کینگ نشر روزگار,کتاب شعر و ادبیات,3765300,4590000,17.97
10543252,لگو سری Bugatti Bolide کد 42151,اسباب بازی,35820000,43650000,17.94
10184755,عینک آفتابی اوگا مدل 58990 POLARIZED,اکسسوری زنانه و مردانه,4895000,5963000,17.91
6969609,کتاب خانواده خرس ها عشق ما بابا اثر جن و مایک برنستین نشر موزون,کتاب کودک و نوجوان,540800,658700,17.9
11512494,قمقمه مانیا مدل 103142 گنجایش 0.900 لیتر,ورزش های هوازی و تناسب اندام,918000,1117700,17.87
10678819,بند آویز شلوار دخترانه مدل زنجیر,دخترانه,485000,590000,17.8
10471854,کیف رودوشی ساراسا مدل Charmi01,اکسسوری زنانه و مردانه,3650000,4440000,17.79
5893654,عینک آفتابی  مدل 3BLU,اکسسوری زنانه و مردانه,1480000,1800000,17.78
12228392,کتاب وروجک ها و علوم 2 اثر مگان هیوز باتلر انتشارات پرتقال,کتاب درسی، کمک‌درسی و آزمون,329000,400000,17.75
6888885,ماسک صورت بایو آکوا مدل جلبک وزن 25 گرم مجموعه 4 عددی,مراقبت پوست,218000,265000,17.74
11358306,محلول تقویت کننده مو پاک دارو مدل ماینوکسیدیل 5 - 2 حجم 60 میلی لیتر مجموعه 2 عددی,شامپو و مراقبت مو,2180000,2650000,17.74
10281325,جاکارتی مدل چرم طبیعی کد CW Pro,اکسسوری زنانه و مردانه,1973100,2397100,17.69
10969924,پیراهن آستین بلند مردانه جوتی جینز مدل پاییزه کد 050,لباس مردانه,6990000,8490000,17.67
11105604,کیف دوشی زنانه پرادا مدل ostrich,اکسسوری زنانه,16240000,19720000,17.65
11523824,تیر و کمان دستی مدل TKS-03,اسباب بازی,1295000,1572500,17.65
8351611,کفی کفش مدل افزایش قد,کفش زنانه و مردانه,1190000,1445000,17.65
2143667,ماساژور دستی مدل MR230,ماساژور,700000,850000,17.65
12091585,سرم مو کاریته مدل آرگان حجم 40 میلی لیتر,شامپو و مراقبت مو,805000,977500,17.65
7016008,سرم دی اوردینری مدل Hyaluronic Acid حجم 60 میلی لیتر,مراقبت پوست,7990000,9700000,17.63
7074036,آغوشی چیکو مدل SOFT&amp;DREAM,آغوشی,7300000,8860000,17.61
8785563,میکروفون کندانسر مدل Westcott bm800 Mixer به همراه کارت صدا و پایه بازویی و پاپ فیلتر ,تجهیزات استودیویی,21000000,25490000,17.61
3529622,کیت رنگ مو آتوسا رویال شماره 08 حجم 50 میلی لیتر رنگ قهوه ای,آرایش مو,820000,995000,17.59
4598474,کتاب پوملو فیل فیلسوف ترس‌های بزرگ اثر رامونا بدسکو انتشارات هوپا,کتاب کودک و نوجوان,617800,749600,17.58
8881450,"ساعت مچی دیجیتال
بچگانه مدل لمسی ضد آب طرح میکی موس",مد و پوشاک دخترانه و پسرانه,436800,530000,17.58
8494206,ست تی شرت و شلوارک پسرانه مدل 155,پسرانه,989000,1200000,17.58
11020785,ست نیم تنه و شلوارک ورزشی زنانه ماییلدا مدل 4332-6745 رنگ مشکی,لباس زنانه,4340000,5265000,17.57
12203025,شلوارک مردانه مامی دوز مدل Limited Edition,لباس مردانه,3950000,4790000,17.54
10712779,ماشین اصلاح موی سر و صورت مدل 7in1,اصلاح موی صورت,9896000,11995000,17.5
11272454,تی شرت آستین کوتاه پسرانه مدل سونیک 4060,پسرانه,990000,1200000,17.5
9378438,ماشین اصلاح موی سر و صورت واکیل مدل WK 9100,اصلاح موی صورت,6596000,7995000,17.5
682721,سرم مو مارال مدل روغن آرگان حجم 100 میلی لیتر,شامپو و مراقبت مو,1980000,2400000,17.5
11466186,مایو دخترانه ماییلدا مدل Trolls کد 4412-2,دخترانه,1336000,1618000,17.43
6012061,کتاب شیپور زن شهر هاملین اثر جمعی از نویسندگان انتشارات پیام مقدس,کتاب شعر و ادبیات,66400,80400,17.41
159596,کتاب اتاق به هم ریخته اثر استن و جن برنشتاین,کتاب کودک و نوجوان,540800,654600,17.38
159638,کتاب ترس از تاریکی اثر استن و جن برنشتاین,کتاب کودک و نوجوان,540800,654600,17.38
73175,کتاب گنج راکهام سرخ پوش، ماجرا‌های تن تن خبرنگار جوان 12 اثر هرژه,کتاب کودک و نوجوان,450000,544300,17.33
4219407,کرم پودر مپ بوته شماره M020 حجم 30 میلی لیتر,آرایش صورت,1927200,2330000,17.29
10769638,ساعت مچی عقربه‌ای مردانه اینویکتا مدل زئوس,اکسسوری مردانه,36806500,44500000,17.29
7894749,عینک آفتابی امریکن اوپتیکال مدل 20KGP,اکسسوری زنانه و مردانه,4575000,5530000,17.27
12200804,ماسک صورت شب کلینیک مدل آبرسان حجم 30 میلی لیتر,مراقبت پوست,13900000,16800000,17.26
9843359,خمیر دندان چند منظوره سیگنال مدل Fresh Naturals مجموعه دو عددی به همراه هدیه خمیر دندان سفید کننده مدل Revitalize حجم 75 میلی لیتر,بهداشت دهان و دندان,1089000,1316000,17.25
11415018,کلاه آفتابگیر بچگانه مدل دختر کفشدوزکی,مد و پوشاک دخترانه و پسرانه,240000,290000,17.24
3672076,ادو تویلت مردانه رصاصی مدل Royale حجم 75 میلی لیتر,عطر و ادکلن مردانه,4024200,4858600,17.17
9234090,بادی اسپلش ویکتوریا سکرت مدل رمانتیک حجم 250 میلی لیتر,بادی اسپلش,5800000,7000000,17.14
10823410,قمقمه مدل 7357 -YY-532 گنجایش 0.77 لیتر,ورزش های هوازی و تناسب اندام,3200000,3860000,17.1
3121780,کتاب حماسه های ایرانی اثر دکتر مهرداد بهار انتشارات زرین و سیمین,کتاب تاریخ و جغرافیا,2080000,2508900,17.1
3495196,بالم لب زنانه اویور مدل گیلاس,آرایش لب,538900,650000,17.09
11960863,ادو پرفیوم وودی سنس مدل SOLO ABSOLUTE حجم 100 میلی لیتر,عطر و ادکلن مردانه و زنانه,1310000,1580000,17.09
9214683,خمیر دندان اورال-بی مدل plus protect clean حجم 75 میلی لیتر,بهداشت دهان و دندان,1545000,1862700,17.06
7989866,کفش راحتی  بچگانه داتیس کد BK.3277,مد و پوشاک دخترانه و پسرانه,2050000,2470000,17.0
9670103,کفش طبیعت گردی نورث فیس مدل ULTRA BKSIL-129002006,کفش زنانه و مردانه,19500000,23490000,16.99
9974753,پیراهن آستین کوتاه مردانه وینترهارت مدل M2002007SH,لباس مردانه,4890000,5890000,16.98
10046350,پارچه لباس مدل لیدا کد F100-C,دست بافته‌ ها، رودوزی و محصولات پارچه ای و چرمی,490000,590000,16.95
11733136,دمپایی مردانه مدل 346M GH,کفش مردانه,490000,590000,16.95
6762117,کفش پیاده روی زنانه مدل ساقدار جورابی کشباف رنگ مشکی,کفش زنانه,2990000,3600000,16.94
8089196,ساعت مچی عقربه‌ای مردانه کاسیو مدل MTP-VC01L-2EUDF,اکسسوری مردانه,17029000,20500000,16.93
7695771,ماساژور برقی موری مدل X7,ماساژور,34900000,42000000,16.9
11236277,اکشن فیگور نکا مدل Jason Voorhees,اسباب بازی,17450000,21000000,16.9
6452675,هودی زنانه آر اِن اِس مدل 11101108-59,لباس زنانه,1995000,2400000,16.88
4337403,ژل شستشو صورت نوتروژینا مدل Soothing Clear حجم 200 میلی لیتر,مراقبت پوست,1480000,1780000,16.85
1704986,ساعت مچی عقربه ای مردانه کاسیو مدل EFV-550D-2AVUDF,اکسسوری مردانه,45751000,55000000,16.82
6962681,کرم آبرسان و روشن کننده سورفین مدل ویتامین سی حجم 125 میلی لیتر,مراقبت پوست,312000,375000,16.8
11359593,موتور بازی تری تریک مدل هارلی,اسباب بازی,1290000,1550000,16.77
11277289,ست تاپ و شلوارک دخترانه مدلا مدل فلامینگو کد MAS8506,دخترانه,1490000,1790000,16.76
11277409,ست تاپ و شلوارک دخترانه مدلا مدل آفتابگردان کد MAS8509,دخترانه,1490000,1790000,16.76
11620403,ست تاپ و شلوارک دخترانه مدلا مدل هاوایی کد MAS85010,دخترانه,1490000,1790000,16.76
8826943,کوله پشتی والنتیر مدل V 1518 - 22A ,لوازم سفر,9990000,12000000,16.75
11649524,شلوارک جین زنانه ایزی دو مدل 218128551,لباس زنانه,1990000,2390000,16.74
11420794,تی شرت آستین کوتاه مردانه زی سا مدل 153162027,لباس مردانه,1990000,2390000,16.74
11673530,ست ساعت مچی عقربه ای  زنانه و مردانه  مدل 41,اکسسوری زنانه و مردانه,24136600,28986400,16.73
10448547,پالتو زنانه آلفونسی مدل W2114009MA,لباس زنانه,7990000,9590000,16.68
10826106,سرهمی نوزادی پسرانه فیورلا مدل دایناسور 23040,نوزاد,2430000,2916000,16.67
10745974,پیراهن آستین بلند مردانه کروم مدل جودون 2310105,لباس مردانه,12945000,15534000,16.67
10886827,پیراهن آستین بلند مردانه کروم مدل 2220119,لباس مردانه,11945000,14334000,16.67
10894426,ست تی شرت و شلوارک نوزادی فیورلا مدل اسب 23046,نوزاد,3055000,3666000,16.67
11646569,پیراهن آستین کوتاه مردانه برندس مدل 60078C13,لباس مردانه,5945000,7134000,16.67
11715842,مایو زنانه مدل عروسکی ,لباس زنانه,4999000,5999000,16.67
11781390,جوراب زنانه دکتر جوراب مدل مچی پنبه بوکله طرح تدی بسته 2 عددی,لباس زنانه,1125000,1350000,16.67
11879561,روبدوشامبر زنانه اویاندا مدل  تدی کد 2023,لباس زنانه,5900000,7080000,16.67
11362446,شلوار مردانه ان سی نو مدل اتاوا,لباس مردانه,7400000,8880000,16.67
11290577,کت تک مردانه کروم مدل چهار جیب لینن 2310208,لباس مردانه,54445000,65334000,16.67
11228271,ست تی شرت و شلوارک نوزادی فیورلا مدل تدی 23053,نوزاد,4400000,5280000,16.67
11160068,پیراهن آستین بلند مردانه کروم مدل یقه دکمه دار 2310118,لباس مردانه,12945000,15534000,16.67
8722375,مچ بند طبی مدل YC-3509,ساپورت های طبی,800000,960000,16.67
8198190,تی شرت مردانه آر اِن اِس مدل 12021222-84,لباس مردانه,1917500,2301000,16.67
7399855,گردنبند مدل یین و یانگ ,اکسسوری زنانه و مردانه,375000,450000,16.67
4570857,گردنبند مدل میکروفون کد 1,اکسسوری زنانه و مردانه,780000,936000,16.67
12201676,شلوار مردانه کروم مدل کتان لینن 2312709,لباس مردانه,16945000,20334000,16.67
12144227,پیراهن آستین کوتاه مردانه برندس مدل 60152C07,لباس مردانه,7245000,8694000,16.67
12224089,شلوار مردانه ان سی نو مدل یارا,لباس مردانه,3840000,4608000,16.67
12225112,شلوار مردانه ان سی نو مدل یارا,لباس مردانه,3840000,4608000,16.67
7776518,فیلتر دستگاه تصفیه آب آلکالاین مدل ZH-350,سلامت محیط,690000,827900,16.66
9593930,ساعت مچی عقربه ای زنانه اسکمی مدل 1311,اکسسوری زنانه,7100000,8518800,16.65
8942623,بلوز آستین کوتاه زنانه جین وست مدل 56312,لباس زنانه,4990000,5980000,16.56
11685764,عینک آفتابی زنانه مدل K61502 Turquoise Lollipop ,اکسسوری زنانه,3321000,3980000,16.56
8881796,نیم بوت مردانه کروماکی مدل km7193,کفش مردانه,6790000,8125000,16.43
8870114,نیم ست مردانه مدل زنجیری کد 682NSM,اکسسوری مردانه,560000,670000,16.42
5129834,ریمل نوت مدل Lash code,آرایش چشم,2549400,3050000,16.41
4421279,کتاب IQ هوش فکری 4 تا 5 سال اثر جمعی از نویسندگان نشر گوهر اندیشه,کتاب کودک و نوجوان,629800,753400,16.41
862518,نوار چسب کینزیولوژی تیپ مدل Sport,چسب و پد درمانی,800000,957000,16.41
3340100,ادو پرفیوم زنانه ژولییتا مدل Alien Mugler حجم 30 میلی لیتر,عطر و ادکلن زنانه,500000,598000,16.39
4364874,ساعت مچی دیجیتال مدل BNMI-GL,اکسسوری زنانه و مردانه,2500000,2990000,16.39
7094596,شامپو مو آدرا مدل کراتین حجم 270 میلی لیتر,شامپو و مراقبت مو,580000,693600,16.38
11278488,قمقمه مدل  2023-EYUN گنجایش 0.8 لیتر,ورزش های هوازی و تناسب اندام,3200000,3825000,16.34
159569,کتاب هله هوله اثر استن و جن برنشتاین,کتاب کودک و نوجوان,542800,648700,16.32
12326700,شامپو مو ایوان مدل هتلی  حجم 30 میلی لیتر مجموعه 50 عددی,شامپو و مراقبت مو,1672900,1999000,16.31
10387223,کفش پیاده روی مردانه مانگو مدل 37004380-SILO-LH,کفش مردانه,28900000,34500000,16.23
5836744,برس مو دکتر مورنینگ کد FG39,برس‌ها و تجهیزات آرایشی,712500,850000,16.18
4182450,ساک سفری دیمو مدل DM51,لوازم سفر,3990000,4760000,16.18
11948462,ماشین اصلاح موی صورت نیکای مدل NK-134,اصلاح موی صورت,4990000,5950000,16.13
10625983,فلوئید ضد آفتاب رنگی آردن سولاریس +SPF50 مدل Unifying Newgen مناسب انواع پوست حجم 75 میلی لیتر,مراقبت پوست,2234100,2662400,16.09
11433741,انگشتر مردانه مدل ببر سیلور ,اکسسوری مردانه,600000,715000,16.08
4512773,کرم آبرسان لوازم آرایشی سیمپل مدل light حجم 125 میلی لیتر ,مراقبت پوست,2098000,2500000,16.08
6572855,قلاب ماهیگیری موستاد مدل فنردار سایز 3 بسته 7 عددی,لوازم ماهیگیری,201500,240000,16.04
6969586,کتاب خانواده خرس ها فشار زندگی اثر استن و جن برنستین نشر موزون,کتاب کودک و نوجوان,519200,618300,16.03
6964408,کتاب خانواده خرس ها مهربانی اثر استن و جن برنستین نشر موزون,کتاب کودک و نوجوان,519200,618300,16.03
11401288,نوک مداد نوکی 0.5 میلی متری زبرا مدل دلگارد Delguard,نوشت افزار,965600,1150000,16.03
11557280,کتاب خانواده خرس ها تب داغ اسباب بازی اثر استن و جن برنشتاین نشر موزون,کتاب کودک و نوجوان,519200,618300,16.03
6458935,کیف دوشی دست دوز زنانه انگشتدونه مدل بنفشه کد B101,اکسسوری و زیورآلات دست ساز,4200000,5000000,16.0
12305910,ماسک مو باباریا مدل aceite de coco حجم 400 میلی لیتر,شامپو و مراقبت مو,5055800,6019000,16.0
160230,کتاب تیم بیسبال اثر استن و جن برنشتاین,کتاب کودک و نوجوان,542800,646000,15.98
10915308,شلوار جین مردانه جین وست مدل 004,لباس مردانه,9990000,11890000,15.98
8790276,پیراهن آستین بلند مردانه جوتی جینز مدل کلاهدار کد 30306 رنگ مشکی زرشکی,لباس مردانه,9990000,11890000,15.98
1500401,بازی فکری راونزبرگر مدل The Castles of Burgundy,اسباب بازی,5000000,5950000,15.97
3074785,ست تی شرت و شلوارک دخترانه مادر مدل 2041100-67,دخترانه,4160000,4950000,15.96
1410757,کراوات مردانه کد 10 رنگ مشکی,اکسسوری مردانه,411000,489000,15.95
4455832,کرم ضد آفتاب آردن سان مدل UV Max حجم 50 میلی لیتر,مراقبت پوست,954300,1134100,15.85
7667334,ادو پرفیوم زنانه رودیر مدل lavia st bel حجم 100 میلی لیتر,عطر و ادکلن زنانه,2390000,2840000,15.85
12216758,کاپشن مردانه ترندیول مدل PILOT,لباس مردانه,14980000,17800000,15.84
8446334,ماساژور برقی مدل GB-620,ماساژور,8190000,9730000,15.83
11684635,عینک آفتابی مدل Z3579 Abalone Thunder,اکسسوری زنانه و مردانه,3772000,4480000,15.8
11163497,کفش پیاده روی سالومون مدل 411160,کفش زنانه و مردانه,41600000,49400000,15.79
9283229,عینک آفتابی بچگانه مدل 1012 B,مد و پوشاک دخترانه و پسرانه,800000,950000,15.79
3175951,ست اسباب بازی تفنگ طرح کلاشینکف مدل AK-47,اسباب بازی,960000,1140000,15.79
12123590,کیف کراس بادی نشنال جئوگرافیک مدل N21214 EXPLORER,لوازم سفر,15920000,18905000,15.79
6964538,کتاب خانواده خرس ها گاف بزرگ اثر استن و جن برنستین نشر موزون,کتاب کودک و نوجوان,519200,616300,15.76
8690969,ساعت مچی عقربه‌ای مردانه کاسیو مدل MCW-200H-2AVDF,اکسسوری مردانه,23586000,28000000,15.76
11489867,ساعت مچی عقربه ای زنانه اسکمی مدل 1533SLV,اکسسوری زنانه,7994000,9490000,15.76
2991849,ربات کنترلی طرح سگ جین شینگ دا کد 01,اسباب بازی,17475900,20739300,15.74
11527032,کفش پیاده روی اسکچرز مدل ARCH FIT GO WALK,کفش زنانه و مردانه,14100000,16732000,15.73
385059,کرم پودر نوت سری Detox And Protect شماره 11,آرایش صورت,3359000,3985200,15.71
11048110,کتاب هابیت یا آنجا و بازگشت دوباره اثر جی آر آر تالکین انتشارات روزنه,کتاب شعر و ادبیات,1400000,1660800,15.7
2851070,عینک آفتابی کد SL33266,اکسسوری زنانه و مردانه,1290000,1529900,15.68
6964329,کتاب خانواده خرس ها از دست این اینترنت اثر استن و جن برنستین نشر موزون,کتاب کودک و نوجوان,519200,615600,15.66
5020016,کتاب خانواده خرس ها 56 دست انداختن اثر جمعی از نویسندگان نشر موزون,کتاب کودک و نوجوان,519200,615600,15.66
11557371,کتاب خانواده خرس ها عمرا اگه بتونی اثر استن و جری برنشتاین نشر موزون,کتاب کودک و نوجوان,519200,615600,15.66
11557430,کتاب خانواده خرس ها مدرسه سالم اثر استن و جن برنشتاین نشر موزون,کتاب کودک و نوجوان,519200,615600,15.66
9957355,شامپو مو میسوری مدل گریپ فروت حجم 1000 میلی لیتر,شامپو و مراقبت مو,1947700,2308500,15.63
9331013,تونیک زنانه فلاویا مدل  W1347019SH,لباس زنانه,3190000,3780000,15.61
10741678,عینک آفتابی مردانه مدل Gf 315,اکسسوری مردانه,1300000,1540000,15.58
11173917,شلوار مردانه لیورجی مدل کتان کد Slux2023BB,لباس مردانه,8360000,9900000,15.56
11184127,بند آویز شلوار پسرانه مدل زنجیری,پسرانه,490000,580000,15.52
11388464,بادی نوزادی مدل 107,نوزاد,490000,580000,15.52
9708833,کیف دوشی زنانه چرم یلسان مدل  دلسا کد DLSA-077-MRV-10,اکسسوری زنانه,12667000,14994000,15.52
5134144,مداد چشم بارین شماره 07,آرایش چشم,278800,330000,15.52
9556714,کیف رودوشی چرم بارثاوا مدل 1228,اکسسوری زنانه و مردانه,8250000,9765000,15.51
9744150,لگو مدل ماینکرفت 21164,اسباب بازی,6650000,7870000,15.5
12505059,ادو پرفیوم مردانه فراگرنس ورد مدل Orient Blanc حجم 100 میلی لیتر,عطر و ادکلن مردانه,4965000,5874100,15.48
1588685,پد پاکسازی پوست مدل M-03,برس‌ها و تجهیزات آرایشی,186000,220000,15.45
1129807,کتاب ویلف ترسوی بزرگ 3 اثر جرجیا پریجت از انتشارات کتاب پارک,کتاب کودک و نوجوان,350000,413800,15.42
11817917,هودی مردانه جوتی جینز مدل آستین کوتاه کد 202534 رنگ آبی تیره,لباس مردانه,10990000,12990000,15.4
9380530,دسته بازی ایکس باکس مدل Xbox Daystrike Camo,لوازم جانبی کنسول بازی,43920000,51900000,15.38
825961,خودکار سی کلاس مدل Soft Touch,نوشت افزار,220000,260000,15.38
4255931,کتاب آیین دوست یابی اثر دیل کارنگی انتشارات اردیبهشت,کتاب فلسفه و روانشناسی,1100000,1300000,15.38
9882387,شلوارک ورزشی زنانه مدل   چریکی کمر گنی رنگ سبز,لباس زنانه,1600000,1890000,15.34
10690465,ساعت مچی عقربه ای زنانه  مدل A923,اکسسوری زنانه,21000000,24800000,15.32
11869007,گواش پنتر کد GP-711-1,ابزار نقاشی و رنگ آمیزی,271000,320000,15.31
9061036,عینک آفتابی زنانه  مدل 13661,اکسسوری زنانه,2000000,2359700,15.24
11106875,بلوز زنانه آروما مدل 20501014,لباس زنانه,3350000,3950000,15.19
947112,خود تراش دورکو مدل TD709N مجموعه 4 عددی,لوازم اصلاح مو,738000,870000,15.17
11552158,پلیور مردانه مدل 578,لباس مردانه,4490000,5290000,15.12
10471694,ماشین بازی کنترلی مدل تویوتا لندکروز,اسباب بازی,22000000,25900000,15.06
9407598,قند رژیمی استویا بدون گلوتن نوشکام - 300 گرم,مواد غذایی,722000,850000,15.06
11199336,موتور آرمیچر گجت مدل N22,اسباب بازی,195000,229500,15.03
9135343,پیراهن آستین بلند مردانه جوتی جینز مدل 024,لباس مردانه,6790000,7990000,15.02
9927141,کتاب روزی روزگاری سازمانی اثر ژاک کوپچک و کیریستین ارلاخ نشر اطراف,کتاب علوم اجتماعی,680000,800000,15.0
7616810,پیراهن آستین بلند مردانه مدل تترون قواره آزاد,لباس مردانه,4930000,5800000,15.0
11269796,شیکر مدل شارژی S-POW-MN Portable گنجایش 0.45 لیتر,ورزش های هوازی و تناسب اندام,22100000,26000000,15.0
11851508,تی شرت آستین کوتاه مردانه مدل A0209,لباس مردانه,459000,540000,15.0
11853221,تی شرت آستین کوتاه مردانه مدل A0208,لباس مردانه,459000,540000,15.0
10733317,پیراهن زنانه اسمارا مدل LS307,لباس زنانه,2890000,3400000,15.0
10815330,ژل لیفت ابرو جین اشلی مدل B1221 مجموعه 2 عددی,آرایش ابرو,578000,680000,15.0
6935350,بارانی زنانه مدل BEH10,لباس زنانه,2337500,2750000,15.0
9585339,کرم آبرسان ناک مدل حاوی پروپولیس,مراقبت پوست,1453600,1710000,14.99
9265678,ریمل ابرو نوت شماره 02,آرایش ابرو,2000000,2350000,14.89
12088771,کفش پیاده روی زنانه رامیلا مدل رومانی کد ram 10,کفش زنانه,3560000,4183000,14.89
10078162,شلوار دخترانه لوپیلو مدل پنبه ای کد 10078162 مجموعه 2 عددی,دخترانه,2980000,3500000,14.86
5300969,روغن تقویت کننده مو لنبنا مدل ESSENCE GROWTH حجم 20 میلی لیتر ,شامپو و مراقبت مو,1490000,1750000,14.86
3770453,بازی فکری مدل 22 بازی برتر دنیا,اسباب بازی,1105400,1296800,14.76
6605476,شامپو تقویت کننده مو اورین مدل hair energizer حجم 200 میلی لیتر,شامپو و مراقبت مو,1320000,1547000,14.67
6032580,شامپو رنگساژ دوماسی مدل AMMONIA FREE شماره 6.22 حجم 300 میلی لیتر رنگ بنفش آماتیس,آرایش مو,1990000,2332000,14.67
10419560,کوله پشتی ساراسا مدل 01طرح تدی,اکسسوری زنانه و مردانه,6980000,8180000,14.67
10419861,کوله پشتی ساراسا طرح تدی مدل 03,اکسسوری زنانه و مردانه,6980000,8180000,14.67
12276186,استند لوازم آرایشی ویژن مدل  آینه دار کد MM08,برس‌ها و تجهیزات آرایشی,1692900,1984000,14.67
12109920,شلوار زنانه مدل لینن 80,لباس زنانه,2800000,3280000,14.63
160140,کتاب دردسر با دوستان اثر استن و جن برنشتاین,کتاب کودک و نوجوان,519200,608200,14.63
12028328,ژل حالت دهنده مو تافت سری ULTIMATIV مدل MEGA STARK 5 حجم 150 میلی لیتر,آرایش مو,2415100,2828700,14.62
7339984,ربات کنترلی مدل گربه کد 45,اسباب بازی,6700000,7846400,14.61
8730314,سرم پوست دی اوردینری مدل Moroccan Argan حجم 30 میلی لیتر,مراقبت پوست,3268200,3826700,14.59
9466013,شلوار جین زنانه جین وست مدل 505,لباس زنانه,9990000,11690000,14.54
9012326,شلوار جین زنانه جوتی جینز مدل 804 مام استایل,لباس زنانه,9990000,11690000,14.54
9485408,شلوارک مردانه لیورجی مدل جین کد 9485408,لباس مردانه,3675000,4300000,14.53
7511087,ژل شستشو صورت رینوزیت مدل 02 حجم 500 میلی لیتر,مراقبت پوست,530000,620000,14.52
12501081,ادوپرفیوم فراگرنس ورد مدل  MIDORI حجم 100 میلی‌لیتر,عطر و ادکلن مردانه و زنانه,4171200,4878400,14.5
9987418,پارچه لباس مدل پشمی گیلدا کد E101-A,دست بافته‌ ها، رودوزی و محصولات پارچه ای و چرمی,590000,690000,14.49
11228208,شال زنانه مدل حریر مجلسی لمه طرح ساده کریشه کد ana-2265,اکسسوری زنانه,1180000,1380000,14.49
2426054,محفظه نگهدارنده عطر  مدل FV01,عطر جیبی,2197800,2569800,14.48
8017781,زانوبند حرارتی  مدل the01,ساپورت های طبی,13000000,15200000,14.47
5129692,کانسيلر مايع نوت مدل فول کاور شماره 02,آرایش صورت,2250000,2629900,14.45
10673999,هاشور ابرو ورشیپ شماره 20,آرایش ابرو,1540000,1800000,14.44
8156919,تفنگ بازی کیو اچ ایکس مدل MP47,اسباب بازی,20970000,24500000,14.41
5372917,کلاه لئونی مدل 33,اکسسوری زنانه و مردانه,398000,465000,14.41
10674028,هاشور ابرو ورشیپ شماره 30,آرایش ابرو,1610000,1880000,14.36
10208597,پیراهن دخترانه مدل چین دار,دخترانه,5980000,6980000,14.33
11751244,پولوشرت آستین کوتاه مردانه باینت مدل 370-37,لباس مردانه,2990000,3490000,14.33
8473007,ساک ورزشی گوگانا مدل 2016,لوازم سفر,2990000,3490000,14.33
2559401,پولوشرت مردانه باینت کد 370-1,لباس مردانه,2990000,3490000,14.33
4873984,تیشرت آستین کوتاه مردانه جک اند جونز مدل 12151955 رنگ سفید ,لباس مردانه,4770000,5565000,14.29
8744763,تی شرت آستین کوتاه مردانه مالدینی مدل T-121,لباس مردانه,2100000,2450000,14.29
7991880,محلول پاک کننده آرایش صورت گارنیه مدل S Naturals حجم 200 میلی لیتر,مراقبت پوست,900000,1050000,14.29
7644491,شال گردن گرماطب مدل گرمایشی GT007,اکسسوری زنانه و مردانه,4050000,4725000,14.29
10075878,ست دستبند و پابند دست ساز زنانه مدل گل بابونه,اکسسوری و زیورآلات دست ساز,1800000,2100000,14.29
11173265,کفش روزمره زنانه کروماکی مدل تنفسی کد kmfw11,کفش زنانه,3980400,4644000,14.29
11069088,تقویم رومیزی سال 1402 مدل لاویز,سالنامه,300000,350000,14.29
159589,کتاب دوری از غریبه ها اثر استن و جن برنشتاین,کتاب کودک و نوجوان,519200,605300,14.22
10184209,عینک آفتابی مردانه مورل مدل 26860A C3 LU,اکسسوری مردانه,3990000,4650000,14.19
11721950,ساعت مچی عقربه‌ای مردانه  مدل دراگون اژدها کد 4,اکسسوری مردانه,8400000,9787500,14.18
160115,کتاب شبح جنگل اثر استن و جن برنشتاین,کتاب کودک و نوجوان,542800,632500,14.18
12110226,عینک آفتابی زنانه مدل گربه ای طرح گل کد 0120 UV400 ,اکسسوری زنانه,3390700,3950000,14.16
1117889,زیرنشیمنی مدل azar _ B2,کالای خواب و استراحت طبی,409000,476000,14.08
9537685,کرم آبرسان ناک مدل پروپولیس حجم 250 میلی لیتر,مراقبت پوست,1502100,1748200,14.08
3302225,برچسب تعمیرات لوازم بادی اینتکس کد 596311,وسایل بازی و تجهیزات پارکی کودک,464000,540000,14.07
9542749,عینک آفتابی  مدل PL1814 POLARIZED,اکسسوری زنانه و مردانه,4675000,5440000,14.06
185804,کتاب رودخانه های خشمگین اثر آنیتا گانری,کتاب کودک و نوجوان,400000,465100,14.0
10044174,شلوار مردانه مدل  AR-0912,لباس مردانه,2490000,2895000,13.99
4332510,پیلینگ صورت مدل Eli-74,برس‌ها و تجهیزات آرایشی,80000,93000,13.98
369172,کتاب ایزدان هم اثر آیزاک آسیموف,کتاب شعر و ادبیات,722900,839900,13.93
9862101,کیف کمری دیوتر مدل TRAVEL BELT F2022,لوازم سفر,20400000,23700000,13.92
5181684,کتاب از کاخ شاه تا زندان اوین اثر احسان نراقی انتشارات رسا,کتاب زندگینامه و دایره المعارف,2150000,2497500,13.91
1774252,فشار سنج وکتو مدل PG-800b8S,فشارسنج,21700000,25200000,13.89
8164966,کتاب هوش و خلاقیت بازی و سرگرمی برای افزایش هوش 6 (قطعات پازل) اثر سیدعلیرضا سیدفاخر انتشارات آسمان علم,کتاب کودک و نوجوان,111900,129900,13.86
12065703,مانتو زنانه السانا مدل صبا کد 154680,لباس زنانه,4980000,5780000,13.84
11190410,مایو زنانه مدل Fashion Concept- 5387207 black 7648,لباس زنانه,4990000,5790000,13.82
10670518,سوهان پا مدل A20,برس‌ها و تجهیزات آرایشی,250000,290000,13.79
1867702,کرم مرطوب کننده گینو مدل پور اکلیبر حجم 50 میلی لیتر,مراقبت پوست,2550000,2958000,13.79
576502,سبد پیک نیک لاولی مدل 6003,لوازم کمپینگ,2500000,2900000,13.79
12286138,انگشتر مردانه مدل حسبی الله,اکسسوری مردانه,600000,696000,13.79
1080274,شلوار ورزشی مردانه 1991 اس دبلیو مدل Metallic,لباس مردانه,2570000,2980000,13.76
2926926,عینک آفتابی زنانه مدل A-297,اکسسوری زنانه,1578600,1830000,13.74
4040811,شانه تقسیم مو مدل h4,برس‌ها و تجهیزات آرایشی,220000,255000,13.73
5582212,اسپری ضد تعریق مردانه نیوآ مدل INVISIBLE ORIGINAL حجم 200 میلی لیتر,ضد تعریق,2200000,2550000,13.73
2297525,ست ماشین اصلاح موی صورت رمینگتون مدل PG3000,اصلاح موی صورت,18900000,21900000,13.7
9284242,کرم ضد آفتاب ایزدین مدل اکتیو یونیفای حجم 50 میلی لیتر,مراقبت پوست,15880000,18400000,13.7
12255814,کفش پیاده روی زنانه مدل ال استار کد 003 رنگ مشکی,کفش زنانه,3870000,4480000,13.62
9720713,کتاب ماجراهای من و درسام انگلیسی دوازدهم اثر حسن بلند انتشارات خیلی سبز,کتاب درسی، کمک‌درسی و آزمون,2380000,2755000,13.61
8159495,کیف رودوشی زنانه مدل cham02,اکسسوری زنانه,2350000,2720000,13.6
10470353,ماشین اصلاح موی سر و صورت موزر مدل Type1411 کد 0051-1411,اصلاح موی صورت,15800000,18282000,13.58
4851548,اکشن فیگور نکا مدل God of war 2 کد 2022,اسباب بازی,12971300,15000000,13.52
2885230,ادو پرفیوم مردانه بایلندو مدل Aqua d g o حجم 100 میلی لیتر,عطر و ادکلن مردانه,2500000,2890000,13.49
3331738,لیزر موهای زائد مدل A110,اصلاح موی بدن بانوان,19990000,23100000,13.46
3764046,شامپو مو لازس مدل تقویت کننده حجم 250 میلی لیتر,شامپو و مراقبت مو,450000,520000,13.46
9947097,مداد طراحی فابر کاستل مدل pitt graphite matt-hb کد 160232,نوشت افزار,986500,1140000,13.46
9947174,مداد طراحی فابر کاستل مدل pitt graphite matt-b8 کد 160235,نوشت افزار,986500,1140000,13.46
5297808,گردنبند زنانه مدل آمیتیست کد 09,اکسسوری زنانه,501100,579000,13.45
8184665,ماشین اصلاح موی سر وی جی ار مدل V-671,اصلاح موی سر,19910000,23000000,13.43
9851092,تی شرت آستین بلند زنانه افراتین مدل  قلب رنگ صورتی,لباس زنانه,2580000,2980000,13.42
8966008,کفش زنانه مدل زیپ دار,کفش زنانه,1715000,1980000,13.38
1998361,ماشین بازی طرح کامیون جنگل سگ های نگهبان کد 2028,اسباب بازی,24000000,27696900,13.35
2807783,گوشی طبی لیتمن مدل کلاسیک III کد 5803,نمایشگر ضربان قلب,69990000,80750000,13.33
5725729,جوراب شلواری زنانه اسمارا مدل toori1010,لباس زنانه,1300000,1500000,13.33
6617972, دفتر مشق 60 برگ الیپون کد 2271316,دفتر و کاغذ و مقوا,520000,600000,13.33
8363529,عینک آفتابی زنانه شانل مدل میس لیدی کد a094,اکسسوری زنانه,44720000,51600000,13.33
10617097,ست تی شرت آستین کوتاه و شلوارک دخترانه ناربن مدل 1521447-19,دخترانه,1950000,2250000,13.33
10333330,کیف غذا مدل wheel4,لوازم سفر,2080000,2400000,13.33
11432759,ساعت مچی عقربه ای مدل کلاسیک کد kz1,اکسسوری زنانه و مردانه,1092000,1260000,13.33
10270577,ماسک مو میسوری مدل DAILY &amp; NORMAL حجم 500 میلی لیتر,شامپو و مراقبت مو,2421000,2793000,13.32
12365685,شلوار اسلش مردانه لیورجی مدل شش جیب کد 12365685,لباس مردانه,14580000,16821000,13.32
3373704,لگو سری Classic مدل Creative Suitcase 10713,اسباب بازی,14000000,16150000,13.31
12606563,ادوپرفیوم زنانه فراگرنس ورد مدل emporia حجم 100 میلی‌لیتر,عطر و ادکلن زنانه,4595400,5300000,13.29
2412209,پک ضد عفونی کننده بتادین 60 میلی لیتر به همراه 6 عدد گاز استریل آریان طب حجم 250 گرمی,باند و گاز,850000,980000,13.27
10217416,سرم تقویت کننده ابرو آیسول ,آرایش ابرو,2177200,2510000,13.26
11465051,ساعت مچی عقربه ای زنانه بولگاری مدل ماری BVL004,اکسسوری زنانه,18652300,21502600,13.26
8942150, کفش مخصوص پیاده روی جوتی جینز مدل 6232,مد و پوشاک دخترانه و پسرانه,5980000,6890000,13.21
5744890,اسپری ضدآفتاب کودکان سی گل مدل SPF50 حجم 150 میلی لیتر,لوازم تعویض,1688000,1945000,13.21
5193268,اسپری بدن مردانه بوتانیس مدل Perfect حجم 175 میلی لیتر,اسپری,380000,437800,13.2
5607814,رول ضد تعریق مردانه مولهنس مدل اونتوس حجم 60 میلی لیتر,ضد تعریق,520000,599000,13.19
7286654,لگینگ زنانه مدل آنتی سلولیت رنگ مشکی,لباس زنانه,1580000,1819800,13.18
3810385,ماسک صورت شب بایو آکوا مدل KIWIFRUIT وزن 120 گرم,مراقبت پوست,685000,789000,13.18
12069242,کرم ضد آفتاب درمالوگ مدل anti spot حجم 50 میلی لیتر,مراقبت پوست,2800000,3225000,13.18
9947267,مداد طراحی فابر کاستل مدل pitt graphite matt-b10 کد 160237,نوشت افزار,990000,1140000,13.16
5196739,اسپری مو لویز مدل perofessional حجم 500 میلی لیتر,آرایش مو,810000,932000,13.09
12464770,ساعت مچی عقربه ای زنانه مایکل کورس مدل MK6558,اکسسوری زنانه,59900000,68900000,13.06
1721956,کتاب اژدهای چهاربال دشت پارسوا ۵ اثر مریم عزیزی نشر افق,کتاب شعر و ادبیات,466200,536200,13.05
5062149,خودکار BIA مدل پاک کن دار  کد M8005 بسته 2 عددی,نوشت افزار,687000,790000,13.04
3663958,اسپری بدن زنانه رودیر مدل Donna حجم 200 میلی لیتر ,اسپری,800000,920000,13.04
7364019,کرم مرطوب کننده بیول مدل Royal Jelly حجم 200 میلی لیتر ,مراقبت پوست,400000,460000,13.04
10857522,بیگودی مو مدل M11,بیگودی و فر کننده ی مو,6000000,6900000,13.04
9700301,خودکار سلنا کد 15 بسته 3 عددی,نوشت افزار,283800,326200,13.0
9358231,روان نویس سی.کلاس مدل ژل future بسته 3 عددی ,نوشت افزار,400200,460000,13.0
8022407,سرهمی زنانه اسمارا مدل Am,لباس زنانه,3900000,4482000,12.99
8895848,ژل تقویت کننده ابرو لاکچری کوین مدل 110 حجم 4 میلی لیتر,آرایش ابرو,2784800,3200000,12.98
10872059,ست اسباب بازی آشپزخانه مدل یخچال پنج درب,اسباب بازی,2350000,2700000,12.96
11882472,مانتو زنانه مدل M3148,لباس زنانه,4980000,5720000,12.94
4076613,اکشن فیگور پلی میتس مدل طرح god of war 5 کد 05,اسباب بازی,14800000,17000000,12.94
983266,ساعت مچی عقربه ای مردانه کاسیو مدل MQ-24-7ELDF,اکسسوری مردانه,5224000,6000000,12.93
6964437,کتاب خانواده خرس ها از دست دادن دوست اثر استن و جن برنستین نشر موزون,کتاب کودک و نوجوان,540800,621000,12.91
12451296,فلاکس یونیک مدل 2002 گنجایش 1 لیتر,لوازم کمپینگ,3039700,3490000,12.9
11912426,ست تی شرت آستین کوتاه و شلوارک زنانه ناربن مدل 1521765_3391 رنگ صورتی,لباس زنانه,2980000,3420000,12.87
8620376,تی شرت دخترانه ال سی وایکیکی مدل W182581Z4-CVL-NEWBLACK,دخترانه,3590000,4120000,12.86
11912266,تاپ زنانه ناربن مدل 1521766_3404 رنگ سرمه ای,لباس زنانه,1360000,1560000,12.82
12509987,قمقمه مدل کتابی گنجایش 0.38 لیتر,ورزش های هوازی و تناسب اندام,6800000,7800000,12.82
9548201,ست نیم تنه و شورت ورزشی زنانه کوزا مدل 9151-3 رنگ خاکستری روشن,لباس زنانه,1090000,1250000,12.8
737245,گیره فرم دهنده و کوچک کننده بینی مدل Nose Up,برس‌ها و تجهیزات آرایشی,157000,180000,12.78
12291612,مهره دستبند مدل لاجورد کد 8mm بسته 45 عددی,اکسسوری زنانه و مردانه,3306500,3790000,12.76
4806543,فیگور هاسبرو مدل پولیشی و سخنگوی بیبی یودا,اسباب بازی,41880000,48000000,12.75
12629939,کتاب گام به گام هفتم سری شاه کلید اثر جمعی از نویسندگان انتشارات بین المللی گاج,کتاب درسی، کمک‌درسی و آزمون,2696200,3090000,12.74
1961174,کلاه کپ کد NK301,اکسسوری زنانه و مردانه,480000,550000,12.73
4918196,پاک کن کنکو مدل MS7 بسته 2 عددی,نوشت افزار,218200,250000,12.72
37369,فشارسنج دیجیتال امرن مدل M2,فشارسنج,18290000,20950000,12.7
9291691,بادی اسپلش مردانه شمیاس مدل سیلور سنت حجم 250 میلی لیتر,بادی اسپلش,1570000,1798400,12.7
11398554,رژ لب مایع اورچی مدل HIGH شماره 01-130 ,آرایش لب,2693700,3085300,12.69
10560425,لباس خواب زنانه ان بی بی مدل 8750000372066_S5-6G-BB,لباس زنانه,7850000,8990000,12.68
12306055,عطر جیبی مردانه وودی سنس مدل BVLGURI IN BLACK حجم 30 میلی لیتر,عطر جیبی,690000,790000,12.66
8956353,کفش پیاده روی زنانه اسکچرز مدل SN.12058,کفش زنانه,17125000,19600000,12.63
11492455,ادو پرفیوم زنانه کریشن ایریس مدل madame bovary حجم 100 میلی لیتر,عطر و ادکلن زنانه,7800000,8924000,12.6
6327019,کرم اصلاح آرکو من مدل SENSITIVE حجم 94 میلی لیتر,لوازم اصلاح مو,350000,400400,12.59
5546875,ادو پرفیوم مردانه دلیسیو مدل Allure Homme Sport حجم 50 میلی لیتر,عطر و ادکلن مردانه,2780000,3180000,12.58
4280280,کرم افتر شیو اینتسا مدل Sensitive حجم 100 میلی لیتر,لوازم اصلاح مو,3170000,3625000,12.55
6964475,کتاب خانواده خرس ها دل دادن به کار اثر جن و مایک برنستن نشر موزون,کتاب کودک و نوجوان,540800,618300,12.53
7779091,ست پیراهن و شورت ورزشی مردانه آلشپرت مدل MUH1200-009,لباس مردانه,4190000,4790000,12.53
11250210,ست تی شرت و شلوارک پسرانه مدل مرد عنکبوتی کد N 06,پسرانه,699000,799000,12.52
9860504,عینک آفتابی زنانه مولسیون مدل MS6051B2054,اکسسوری زنانه,17490000,19990000,12.51
9861076,عینک آفتابی زنانه مولسیون مدل MS7075B6157,اکسسوری زنانه,17490000,19990000,12.51
6951344,عینک آفتابی زنانه مولسیون مدل MS7085A6058,اکسسوری زنانه,17490000,19990000,12.51
6548998,جعبه ساعت مدل MDF کد 718,اکسسوری زنانه و مردانه,420000,480000,12.5
6705144,دفتر طراحی 60 برگ الیپون کد 2561469,دفتر و کاغذ و مقوا,911400,1041600,12.5
7286487,کوله پشتی رونکاتو مدل پورتوفینو کد 461103,اکسسوری زنانه و مردانه,47600000,54400000,12.5
6433669,شورت مردانه من بیسیک مدل 32 بسته 2 عددی,لباس مردانه,3355800,3835200,12.5
4105463,دفتر مشق 100 برگ الیپون کد 2413249,دفتر و کاغذ و مقوا,711200,812800,12.5
810205,سوتین ینینچی مدل 1950KEREM,لباس زنانه,4900000,5600000,12.5
3359213,برس مو دکتر مورنینگ مدل CHO-TI-0,برس‌ها و تجهیزات آرایشی,1050000,1200000,12.5
9563937,بازی FIFA 23 مخصوص NintendoSwitch,بازی های کنسول خانگی,25200000,28800000,12.5
8635986,شلوار اسلش مردانه اسپیور مدل PUD01-1,لباس مردانه,2030000,2320000,12.5
8636098,شلوار اسلش مردانه اسپیور مدل PUD01-39,لباس مردانه,2030000,2320000,12.5
11259963,عینک آفتابی مردانه دیسکوارد مدل DQ018596Q58,اکسسوری مردانه,34990000,39990000,12.5
11419171,تی شرت آستین کوتاه زنانه آر اِن اِس مدل 05-11021676,لباس زنانه,2765000,3160000,12.5
11875555,ماشین بازی مدل مک کوئین طرح پلیس انتظامی,اسباب بازی,154000,176000,12.5
10437983,تونیک زنانه اسمارا مدل 7985,لباس زنانه,1750000,2000000,12.5
10658746,کفش پیاده روی مردانه ویکو مدل spideknit,کفش مردانه,11900000,13600000,12.5
12386573,کوله پشتی دخترانه مدل 003,دخترانه,3213000,3672000,12.5
12250152,کفش پیاده روی مردانه ساکنی مدل PWRVZI FORMFIT,کفش مردانه,24500000,28000000,12.5
12199515,شلوار مردانه آر اِن اِس مدل 93-12041682,لباس مردانه,2520000,2880000,12.5
11985710,مانتو زنانه کلوتو مدل SANAM PANCAKE,لباس زنانه,8400000,9600000,12.5
12000542,تی شرت آستین کوتاه مردانه هاوس مدل YJ514-32X,لباس مردانه,3493000,3992000,12.5
12109927,چراغ قوه دستی مدل K91,کوه‌ نوردی و صخره نوردی,14350000,16400000,12.5
11412141,کتاب خاطرات يك ابله سياسي اثر ياسمينا تشانويچ نشر ماهی,کتاب زندگینامه و دایره المعارف,898400,1026500,12.48
6382333,ماشین اصلاح موی سر و صورت فیلیپس سری MG3720 Multigroom مدل 7 در 1,اصلاح موی صورت,14300000,16340000,12.48
6348178,منگنه کانکس مدل  HD-10,لوازم اداری,609000,695300,12.41
3681397,کیسه آب گرم برقی مدل GB-65,پد و کیسه آب گرم,1326000,1513000,12.36
4558837,گیتار پارسی مدل m2 کد4/4,سازهای زهی,26300000,30000000,12.33
3548219,نیم تنه زنانه ان بی بی مدل 2401-99,لباس زنانه,1990000,2270000,12.33
10833162,فریم عینک طبی مدل RGE031C3 Acetate Navy Abalon,اکسسوری زنانه و مردانه,19200000,21900000,12.33
12187607,سشوار خانگی مدل HDP,سشوار,4980000,5680000,12.32
12343772,کیف مجلسی زنانه مدل گرد 1214,اکسسوری زنانه,4200000,4790000,12.32
11056348,پاپوش دخترانه مکس مدل Cute Cat,دخترانه,2565000,2925000,12.31
11735139,پیراهن آستین بلند مردانه لیورجی مدل جودون کد Pique2023B,لباس مردانه,5700000,6500000,12.31
7921331,نمک حمام هامانا مدل Lavender وزن 900 گرم,بهداشت و مراقبت بدن,199000,226900,12.3
12081236,گردنبند مدل پالت نقاشی,اکسسوری زنانه و مردانه,1070000,1220000,12.3
9931818,نیم بوت زنانه کفش مسعود تبریز مدل ژینا کد 016,کفش زنانه,14710000,16769400,12.28
11714350,عینک آفتابی پرادا مدل PS51WS 5VF101,اکسسوری زنانه و مردانه,75000000,85500000,12.28
10139603,نیم بوت زنانه کفش مسعود تبریز مدل M-22-09,کفش زنانه,13455000,15338700,12.28
9977266,ساعت مچی عقربه‌ای مردانه اینویکتا مدل هیبرید,اکسسوری مردانه,44703800,50950000,12.26
8122816,کتاب خانواده خرس ها کمک در خانه اثر استن برنستین نشر موزون,کتاب کودک و نوجوان,540800,616300,12.25
159586,کتاب دعوا اثر استن و جن برنشتاین نشر موزون,کتاب کودک و نوجوان,540800,616300,12.25
7217182,انگشتر مدل مار کد SN-110,اکسسوری زنانه و مردانه,315900,360000,12.25
6969597,کتاب خانواده خرس ها در جستجوی دایناسور اثر جن و مایک برنستین نشر موزون,کتاب کودک و نوجوان,540800,616300,12.25
12097469,کت مردانه واتسونز مدل مخمل کد 2027,لباس مردانه,12285000,14000000,12.25
527654,گردنبند زنانه لوکسین طرح دستکش بوکس مدل N589,اکسسوری زنانه,790000,900000,12.22
7959540,ست بهداشتی فیروز مدل اسطوخودوس مجموعه 4 عددی,حمام کودک و شست و شو,2000000,2278400,12.22
4424972,استیک ضد تعریق زنانه لیدی اسپید مدل Pure Freshness وزن 40 گرم,ضد تعریق,1510000,1720000,12.21
12274975,سشوار حرفه ای پرومکس مدل 7770,سشوار,59700000,68000000,12.21
73437,کتاب طلسم سمرقند اثر جاناتان استرود,کتاب شعر و ادبیات,1295000,1474500,12.17
11771529,پیراهن آستین بلند مردانه لیورجی مدل چهارخانه کد LGn2023Chek,لباس مردانه,5525000,6290000,12.16
8122782,کتاب خانواده خرس ها چه پررو اثر مایک برنستین نشر موزون,کتاب کودک و نوجوان,540800,615600,12.15
6969620,کتاب خانواده خرس ها آتش نشانان اثر مایک برنستین نشر موزون,کتاب کودک و نوجوان,540800,615600,12.15
3791537,فیگور مدل حیوانات وحشی بسته 24 عدی,اسباب بازی,2100000,2390000,12.13
12195007,اکشن فیگور نکا مدل دراکولا رنگی طرح Dracula Universal Monsters Ultimate ,اسباب بازی,43940000,50000000,12.12
125159,لاک ناخن این لی مدل Sweet Secret شماره 026,بهداشت و زیبایی ناخن,334000,380000,12.11
2532305,کتاب نیما نابغه اثر آتوسا صالحی نشر فندق جلد 1,کتاب کودک و نوجوان,555400,631900,12.11
11278149,تی شرت آستین کوتاه زنانه افراتین مدل قلب کد 2593,لباس زنانه,2180000,2480000,12.1
5467840,انگشتر مدل حرارتی کد WC009,اکسسوری زنانه و مردانه,480000,546000,12.09
11898544,ماشین بازی مدل مک کویین,اسباب بازی,175000,199000,12.06
9833314, پارچه ملحفه طرح عروسکی کد C103-B,دست بافته‌ ها، رودوزی و محصولات پارچه ای و چرمی,350000,398000,12.06
11867961,بازی آموزشی ایپکا مدل چوب آذین کد GQ 3010,اسباب بازی,2366000,2690000,12.04
5275047,ماشین بازی مدل شورولت کوروت 1970 کد 0286,اسباب بازی,1390000,1580000,12.03
5185915,رول ضد تعریق مردانه مولهنس مدل الور اسپرت حجم 60 میلی لیتر,ضد تعریق,550000,625000,12.0
6845956,عینک آفتابی زنانه امیلیو پوچی مدل EP001427T53,اکسسوری زنانه,21990000,24990000,12.0
11052595,سشوار حرفه ای پرومارون مدل RL-8804,سشوار,22000000,25000000,12.0
9965408,گردنبند زنانه مدل قلب سیم خار دار ,اکسسوری زنانه,440000,500000,12.0
7778272,لگو سری تکنیک BATMAN BATMOBİL کد 42127,اسباب بازی,60720000,69000000,12.0
8558475,کفش کوهنوردی مردانه هامتو مدل 220865A-2,کفش مردانه,29040000,33000000,12.0
1942031,ست کالسکه دلیجان مدل Roma plus,کالسکه و کریر,59940000,68080000,11.96
152272,کتاب دشت پارسوا اثر مریم عزیزی جلد اول,کتاب شعر و ادبیات,604600,686700,11.96
305485,بالش طبی مدی فوم مدل Serenity,کالای خواب و استراحت طبی,25080000,28485700,11.96
8881692,نیم بوت مردانه کروماکی مدل km7051,کفش مردانه,6490000,7370000,11.94
5849618,مداد نوکی 0.7 میلی متری فابر کاستل کد 30,نوشت افزار,695000,789000,11.91
5771229,اسپری برنزه کننده باباریا مدل نارگیل حجم 300 میلی لیتر,مراقبت پوست,6300000,7150000,11.89
6964110,کتاب خانواده خرس ها اردو اثر استن و جن برنستین نشر موزون,کتاب کودک و نوجوان,492100,558500,11.89
943869,تیغ یدک ژیلت مدل Fusion 5 Proglide بسته 4 عددی,لوازم اصلاح مو,7490000,8500000,11.88
11099624,مسواک برقی مدل ویبره دار,بهداشت دهان و دندان,3516800,3990000,11.86
12233899,مسواک برقی اورال-بی مدل Pro Battery,بهداشت دهان و دندان,7780000,8825000,11.84
11277128,ست تاپ و شلوارک دخترانه مدلا مدل یونیکورن کد MAS8503,دخترانه,1490000,1690000,11.83
11277251,ست تاپ و شلوارک دخترانه مدلا مدل بهار کد MAS8505,دخترانه,1490000,1690000,11.83
7591680,تاپ زنانه کیکی رایکی مدل BB02800-055,لباس زنانه,820000,930000,11.83
160088,کتاب کمک به دیگران اثر استن و جن برنشتاین,کتاب کودک و نوجوان,542800,615600,11.83
5704767,کرم مرطوب کننده تاپ شاپ مدل کلاژن حجم 500 میلی لیتر,مراقبت پوست,820000,930000,11.83
2965125,ماشین بازی طرح پژو پارس کد 0008,اسباب بازی,1228500,1393000,11.81
4726701,تبدیل توالت فرنگی کودک مادرشید مدل MS1892.1 ,حمام کودک و شست و شو,1980000,2245000,11.8
9032111,پودر پرپشت کننده مو میسوری شماره N5 وزن 60 گرم رنگ گردویی,آرایش مو,787700,893000,11.79
12365794,شلوار اسلش مردانه لیورجی کد 12365794,لباس مردانه,11900000,13490000,11.79
12278825,ست ظروف سفری سی تو سامیت مدل Delta Light Camp Set 2.2 کد F2023 مجموعه 10 عددی,لوازم کمپینگ,14250000,16150000,11.76
12003054,نیم بوت مردانه لیورجی مدل T54,کفش مردانه,18000000,20400000,11.76
9529945,کرم ضد آفتاب وکالی مدل 06 حجم 130 میلی لیتر,مراقبت پوست,1165000,1320300,11.76
11510878,ست تی شرت و شلوار زنانه مولی جون مدل MJ5-202-50,لباس زنانه,3750000,4250000,11.76
10130592,ست سویشرت و شلوار پسرانه مدل Sidona,پسرانه,4350000,4930000,11.76
5605875,کتاب دختر پشت پنجره اثر گلسرن بودایجی اوغلو انتشارات ایهام ,کتاب فلسفه و روانشناسی,1407000,1594600,11.76
8986655,بازی فکری فکرآوران مدل عمو پولدار کد 1-4148,اسباب بازی,670000,759000,11.73
10628776,گیتار مدل C70,سازهای زهی,26390000,29890000,11.71
7422389,تفنگ بازی طرح کلت کد c18,اسباب بازی,23400000,26500000,11.7
11361301,شلوار جین مردانه مدل 129000813,لباس مردانه,8160000,9240000,11.69
3860309,کرم مرطوب کننده شون مدل Shea Butter حجم 300 میلی لیتر,مراقبت پوست,800000,905900,11.69
2130236,گیتار کلاسیک مدل NE2,سازهای زهی,12849400,14541200,11.63
9434274,ست تیشرت و شلوارک زنانه افراتین مدل آرام رنگ مشکی,لباس زنانه,2280000,2580000,11.63
9514773,تراش فکتیس مدل samaneh بسته 3 عددی,نوشت افزار,618400,699700,11.62
7180312,اکشن فیگور کراتوس مدل god of war05,اسباب بازی,14500000,16400000,11.59
11331303,ژل شستشوی صورت ویتالیر مدل سنسی ویت حجم 200 میلی لیتر,مراقبت پوست,840000,950000,11.58
11700075,ساعت مچی دیجیتال اسکمی مدل S-1142,اکسسوری زنانه و مردانه,4200000,4750000,11.58
12486991, حباب ساز مدل Mortar ,اسباب بازی,3360000,3800000,11.58
12054499,ژل حالت دهنده مو تافت مدل POWER STYLING حجم 150 میلی لیتر,آرایش مو,2378800,2690000,11.57
2108421,عینک شب مدل 323904,اکسسوری زنانه و مردانه,1990000,2250000,11.56
2850916,پودر حالت دهنده مو پشینت مدل O1221 وزن 20 گرم مجموعه 2 عددی,آرایش مو,1990000,2250000,11.56
11594326,ادو پرفیوم مردانه نیفتی مدل MARLY PEGASUS حجم 125 میلی لیتر,عطر و ادکلن مردانه,17249500,19500000,11.54
11148351,ست نیم تنه و شلوارک زنانه مدل کبریتی,لباس زنانه,1725000,1950000,11.54
393313,بازی ساختنی تک توی مدل کلبه جنگلی,اسباب بازی,990000,1119000,11.53
4925581,کیت آموزش رباتیک روبویونیک مدل روبوکاپ,اسباب بازی,5300000,5990000,11.52
81973,کرم مرطوب کننده آردن مدل عصاره چای سبز و سبوس برنج وزن 150 گرم ,مراقبت پوست,469000,530000,11.51
7231535,صابون مایع گل سیتو مدل گل همیشه بهار وزن 300 گرم,صابون شستشو,385400,435500,11.5
7966193,عطر جیبی زنانه اسمارت کالکشن مدل Euphoria حجم 25 میلی لیتر مجموعه 2 عددی,عطر جیبی,2300000,2598900,11.5
8391160,ساختنی مدل بلوک های خانه سازی کد ARMN 62,اسباب بازی,840000,949000,11.49
8847652,خمیر دندان سفید کننده زنون مدل SMART WHITE حجم 100 میلی لیتر,بهداشت دهان و دندان,509000,575000,11.48
12059031,ساعت مچی عقربه‌ای مردانه مدل تقویم و تاچیمتردار,اکسسوری مردانه,3700000,4180000,11.48
7505162,جاکلیدی مدل چراغ قوه دار کد p98,اکسسوری زنانه و مردانه,309000,349000,11.46
3595163,پالت سایه چشم میبلین مدل Urban Light شماره 110,آرایش چشم,2420700,2734000,11.46
3267719, ادو پرفیوم زنانه ژولییتا مدل Lancome La Vie Est Belle حجم 30 میلی لیتر,عطر و ادکلن زنانه,528000,596200,11.44
3916522,عینک آفتابی بولون مدل BL5029C10,اکسسوری زنانه و مردانه,17490000,19749000,11.44
9313747,ساعت مچی عقربه ای زنانه مدل نگین جواهری کد WHW_263,اکسسوری زنانه,58900000,66500000,11.43
10538633,ست شورت و سوتین زنانه دکسونری مدل 355010010,لباس زنانه,1860000,2100000,11.43
11278912,عینک آفتابی آکوا دی پولو مدل AQ98,اکسسوری زنانه و مردانه,4840000,5460000,11.36
5852100,کیف دسته چک سیی مدل بیاضی کد 1665,اکسسوری زنانه و مردانه,1716000,1936000,11.36
12188803,دهان شویه ایرشا مدل Ir-P حجم 250 میلی لیتر,بهداشت دهان و دندان,320000,361000,11.36
8870626,ماساژور برقی بوستر مدل Pro 2,ماساژور,139000000,156790000,11.35
9741804,قمقمه مدل فیل گنجایش 380 میلی لیتر,قمقمه و فلاسک کودک و نوزاد,3990000,4500000,11.33
5994606,تیشرت آستین کوتاه مردانه جک اند جونز مدل 12188613 رنگ سفید,لباس مردانه,3990000,4500000,11.33
12510538,کتاب گام به گام چهارم سری شاه کلید کلاغ سپید انتشارات بین المللی گاج,کتاب درسی، کمک‌درسی و آزمون,2296800,2590000,11.32
5699832,فر کننده مو باراباس نانو مدل ST2290 ,بیگودی و فر کننده ی مو,6200000,6990000,11.3
6566771,کفش راحتی مردانه مدل Stan Smith کد Lexus رنگ سفید,کفش مردانه,3150000,3550000,11.27
2826821,صابون روشن کننده پوست مدیلن کد 01 مقدار 100 گرم ,صابون شستشو,355000,400000,11.25
8138421,موزن گوش و بینی و خط زن فیلیپس مدل NT5650/16,اصلاح موی گوش، بینی و ابرو,14200000,16000000,11.25
9583928,ساعت مچی عقربه ای زنانه مایکل کورس مدل MK3780,اکسسوری زنانه,79000000,89000000,11.24
545887,ادوپرفیوم مردانه کریش آدامز مدل Active Man حجم 100 میلی لیتر,عطر و ادکلن مردانه,4438000,5000000,11.24
12225225,هدست گیمینگ آئولا مدل S501,لوازم جانبی کنسول بازی,13979100,15750000,11.24
10605388,کفش تمرین مردانه پیر کاردین کد 8050,کفش مردانه,31700000,35700000,11.2
7837461,جاکلیدی چرم عطارد مدل C07,اکسسوری زنانه و مردانه,1190000,1340000,11.19
7404414,اسباب بازی دل هوس مدل خانه عروسکی,اسباب بازی,6200000,6980000,11.17
9103955,عینک آفتابی بچگانه مدل AB200,مد و پوشاک دخترانه و پسرانه,700000,788000,11.17
10729750,برس پاک سازی بدن بیورر مدل FC55,ابزار مراقبت از پوست,79800000,89800000,11.14
11945719,پیراهن آستین بلند مردانه مدل 659,لباس مردانه,3990000,4490000,11.14
7871005,کرم ضد چروک روز لاکچری کوین مدل گلیسرین حجم 30 میلی لیتر,مراقبت پوست,4026200,4530000,11.12
6566050,کفش پیاده روی دخترانه جین وست مدل 8541,دخترانه,7990000,8990000,11.12
4114067,کرم ضد چروک شب لورآل مدل Revitalift Hydrating حجم 50 میلی لیتر,مراقبت پوست,4000000,4500000,11.11
5129704,کانسیلر نوت مدل Full Coverage شماره 04,آرایش صورت,2000000,2250000,11.11
409368,ماشین اصلاح سر و صورت و بدن فیلیپس مدل MG5750-49,اصلاح موی صورت,24000000,27000000,11.11
3622143,رژ لب جامد سیترای شماره 513,آرایش لب,400000,450000,11.11
8267501,پیراهن دخترانه اچ اند ام مدل Little heart,دخترانه,3120000,3510000,11.11
10629281,كاپشن مردانه جين وست مدل 7112252,لباس مردانه,26000000,29250000,11.11
11750910,صندل زنانه مدل نیو کالکشن چسبی,کفش زنانه,7952000,8946000,11.11
12124183,کوله پشتی نشنال جئوگرافیک مدل N21110 SHADOW,لوازم سفر,39600000,44550000,11.11
12124508,کوله پشتی نشنال جئوگرافیک مدل N21218 EXPLORER,لوازم سفر,42000000,47250000,11.11
12155152,ست شن بازی مدل 4 رنگ 412,اسباب بازی,2400000,2700000,11.11
12554152,جامدادی مدل هویج کد 00N1,کیف، کوله و جامدادی,880000,990000,11.11
10034133,عینک آفتابی رندولف مدل 5-1/2 - شیشه,اکسسوری زنانه و مردانه,2890000,3250000,11.08
4516463,کتاب صد سال تنهایی اثر گابریل گارسیا مارکز انتشارات مجید,کتاب شعر و ادبیات,1806000,2031000,11.08
6969606,کتاب خانواده خرس ها ترس از صحنه اثر استن و جن برنستین نشر موزون,کتاب کودک و نوجوان,540800,608200,11.08
6969656,کتاب خانواده خرس ها شغل محبوب من اثر استن و جن برنستین نشر موزون,کتاب کودک و نوجوان,540800,608200,11.08
6787345,گردنبند مدل ویچر نماد گرالت کد j-11946,اکسسوری زنانه و مردانه,1036700,1165700,11.07
544985,ساز دهنی مدل Bee,سازهای بادی,1957800,2200000,11.01
11962257,دسته بازی پلی استیشن 5 مدل  Final Fantasy XVI,لوازم جانبی کنسول بازی,50990000,57300000,11.01
11948658,دستبند طلا 18 عیار مردانه لیردا مدل اسم سینا,زیورآلات طلا مردانه,12015000,13500000,11.0
11943574,دستبند طلا 18 عیار مردانه لیردا مدل اسم بهداد,زیورآلات طلا مردانه,12015000,13500000,11.0
11921449,دستبند طلا 18 عیار مردانه لیردا مدل اسم عباس,زیورآلات طلا مردانه,9790000,11000000,11.0
3244041,عروسک دیزنی مدل وودی ارتفاع 40 سانتی متر,اسباب بازی,14514300,16300000,10.96
11474194,کفش پیاده روی زنانه ال سی وایکیکی مدل استپ دار,کفش زنانه,18690000,20990000,10.96
11910216,ژل شستشوی صورت موزیلا مدل هیالورونیک اسید و عسل  حجم 400 میلی لیتر ,مراقبت پوست,1270800,1427100,10.95
11236477,کفش پیاده روی مدل 1726001 رنگ مشکی,کفش زنانه و مردانه,6225600,6990000,10.94
7960698,زیر انداز سفری مدل ISP_M20,لوازم کمپینگ,3990000,4480000,10.94
11970852,تبر سفری توماهاوک مدل TO111,لوازم کمپینگ,4900000,5500000,10.91
12147093,ست 6 تکه لباس نوزادی مدل پاپیون رنگ قرمز,نوزاد,3800000,4263100,10.86
488703,ریمل گلدن رز مدل اسموکی لشز,آرایش چشم,1438800,1614000,10.86
9667533,کرم پودر لورآل مدل   Infallible 32h شماره 235 حجم 30 میلی لیتر,آرایش صورت,6630700,7435600,10.82
9709474,کتاب آموزش شگفت انگیز فیزیک 2 رشته ریاضی یازدهم اثر فریدون شهریاری انتشارات خیلی سبز,کتاب درسی، کمک‌درسی و آزمون,3870000,4339200,10.81
7397699,دمپایی دخترانه نیکتا مدل سمپاد 101,دخترانه,1650000,1850000,10.81
4576332,گیتار مدل B4 کد 01,سازهای زهی,16500000,18500000,10.81
4079535,ماشین اصلاح موی بدن فیلیپس مدل 3010,اصلاح موی بدن آقایان,16500000,18500000,10.81
7749326,مسلسل مدل توپ انداز کد M-16,اسباب بازی,1040000,1165800,10.79
7878366,کرم نرم کننده لب بایو آکوا مدل care وزن 10 گرم,آرایش لب,455000,510000,10.78
3385091,زنجیر مردانه کد sd1290,اکسسوری مردانه,437200,490000,10.78
10812841,مایو مردانه لیورجی مدل ساحلی کد Simple2023Bl رنگ آبی,لباس مردانه,3000000,3362000,10.77
7945640,کفش مخصوص پیاده روی پسرانه مدل اسپرت کد Bk,پسرانه,2490000,2790000,10.75
9845583,دامن زنانه مدل 313 جین,لباس زنانه,2490000,2790000,10.75
9957794,شامپو ضد ریزش مو میسوری مدل جنسینگ حجم 1000 میلی لیتر,شامپو و مراقبت مو,2620000,2934800,10.73
8334106,فیجت ضد استرس مدل کیف پاپیت طرح یونیکورن,اسباب بازی,1339100,1500000,10.73
878791,لاک ناخن ریمل لاندن سری Super Gel شماره 043,بهداشت و زیبایی ناخن,580300,650000,10.72
12508989,اسپری لمسر مدل Allure Chanel حجم 150 میلی لیتر مجموعه دو عددی,اسپری,1158800,1297900,10.72
12509054,اسپری لمسر مدل CHANNEL 212Se.Y حجم 150 میلی لیتر مجموعه دو عددی,اسپری,1158800,1297900,10.72
12509065,اسپری لمسر مدل Bvlgari 212Se.Y حجم 150 میلی لیتر مجموعه دو عددی,اسپری,1158800,1297900,10.72
12509080,اسپری لمسر مدل Black Afgano Chanel حجم 150 میلی لیتر مجموعه دو عددی,اسپری,1158800,1297900,10.72
12509093,اسپری لمسر مدل BLACK AFGANO BVLGARI حجم 150 میلی لیتر مجموعه دو عددی,اسپری,1158800,1297900,10.72
12509184,اسپری لمسر مدل BLUE CHANEL حجم 150 میلی لیتر مجموعه دو عددی,اسپری,1158800,1297900,10.72
12509202,اسپری لمسر مدل BLUE BVLGARI حجم 150 میلی لیتر مجموعه دو عددی,اسپری,1158800,1297900,10.72
12505885,دستمال مرطوب کودک دلفین مدل Premium سه بسته 80 عددی,لوازم تعویض,1119000,1253300,10.72
12505893,دستمال مرطوب کودک دلفین مدل Premium مجموعه 5 عددی,لوازم تعویض,1865000,2088800,10.71
12505910,دستمال مرطوب کودک دلفین مدل Premium مجموعه 8 عددی,لوازم تعویض,2986900,3345300,10.71
11414487,تراش پارسیکار مدل JM722 بسته 2 عددی,نوشت افزار,250000,280000,10.71
8579809,تی شرت زنانه آر اِن اِس مدل 11021223-1,لباس زنانه,1920000,2150000,10.7
7797633,شامپو ضد ریزش مو توپاز مدل o-h حجم 200 میلی لیتر,شامپو و مراقبت مو,920000,1030000,10.68
9110721,ماشین بازی مدل اتوبوس واحد گشت,اسباب بازی,1350000,1511500,10.68
6254936,شلوار دخترانه ال سی وایکیکی مدل 0W29818Z4-G4L-MIDYELLOW بسته 2 عددی,دخترانه,4190000,4690000,10.66
7367671,استیک ضد تعریق مردانه آرم اند همر مدل Cool Blast وزن 73 گرم,ضد تعریق,1930000,2160000,10.65
11835669,کفش روزمره زنانه مدل لژدار زیره ای وی ای,کفش زنانه,6750000,7554800,10.65
11020190,ریمل پیپا مدل 1221 شماره 0508,آرایش چشم,6642100,7432800,10.64
8805818,ادو پرفیوم مردانه فراگرنس پرشیا 116 مدل اونتوس حجم 120 میلی لیتر,عطر و ادکلن مردانه,4200000,4700000,10.64
11876546,ساختنی مدل هزار کاره مدل 220 قطعه ویونستان,اسباب بازی,1939400,2170000,10.63
691070,ماسک مو لیمپیو مدل Damage Control حجم 350 میلی لیتر,شامپو و مراقبت مو,1432500,1602700,10.62
12278971,ظروف سفری سی تو سامیت مدل X-Set 3-Piece کد F2023 مجموعه 3 عددی,لوازم کمپینگ,19000000,21250000,10.59
173707,خود تراش بیک مدل 2 Sensitive بسته 5 عددی,لوازم اصلاح مو,889700,995000,10.58
2362858,دمپایی مردانه کد 439AB,کفش مردانه,440000,492000,10.57
12163395,ماساژور برقی مدل پروانه ای,ماساژور,1100000,1230000,10.57
5372461,اسپری مردانه ساپیل مدل 001 حجم 200 میلی لیتر,اسپری,1700000,1900000,10.53
11234922,پاک کن فکتیس مدل cp-30,نوشت افزار,232200,259500,10.52
10664407,چراغ پیشانی مدل W690,کوه‌ نوردی و صخره نوردی,3830400,4280000,10.5
11099049,اسباب بازی مدل برج مراقبت سگ های نگهبان کد 3003,اسباب بازی,18350000,20500000,10.49
10937566,تراش مدل سیلیکونی طرح همبرگر,نوشت افزار,600000,670000,10.45
59604,سیم گیتار کلاسیک لا بلا مدل 900-B,لوازم جانبی آلات موسیقی,1970000,2200000,10.45
10593897,اسباب بازی مدل قهوه ساز طرح اسپرسو ساز کد CM467,اسباب بازی,6896700,7700000,10.43
12201477,کنسول بازی پرتابل دستی Controller GamePad مدل S10,کنسول پرتابل,6664000,7440000,10.43
10649320,روان نویس مدل فانتزی طرح خرگوش کریستال,نوشت افزار,250000,279000,10.39
6100632,مجموعه لیفت ابرو و مژه آیکون ساین مدل لش لیفت,برس‌ها و تجهیزات آرایشی,3193800,3564000,10.39
11968404,تی شرت آستین کوتاه مردانه دکو مدل TA2064,لباس مردانه,2590000,2890000,10.38
12326670,تراش فکتیس مدل f8888 بسته 3 عددی,نوشت افزار,618400,690000,10.38
10054513,شورت  مردانه تولیدی پاران مدل صادراتی مجموعه 3 عددی,لباس مردانه,3630000,4050000,10.37
9781767,شلوار ورزشی زنانه ماییلدا مدل 4065-1279 رنگ زرد,لباس زنانه,1990000,2220000,10.36
7652982,بازی فکری مدل جهان شگفت انگیز,اسباب بازی,3900000,4350000,10.34
10328799,کوله پشتی فوور مدل F 253811,لوازم سفر,13000000,14500000,10.34
3151912,دسته ایکس باکس 360 مدل 52A-003,لوازم جانبی کنسول بازی,5200000,5799800,10.34
73206,کتاب چشم گولم اثر جاناتان استرود,کتاب شعر و ادبیات,1430000,1594500,10.32
9174547,شورت مردانه پنبینه مدل پادار کلاسیک صادراتی بسته 6 عددی,لباس مردانه,7040000,7850000,10.32
3387082,ساعت مچی عقربه ای زنانه نیوی فورس مدل NF5013 RGBEBE,اکسسوری زنانه,10640000,11859500,10.28
11587540,پیراهن زنانه ناربن مدل 3369_1521750-رنگ طوسی روشن,لباس زنانه,2010000,2240000,10.27
11732229,بادی اسپلش مردانه رندل مدل مولکول اسنتریک حجم 300 میلی لیتر,بادی اسپلش,1750000,1950000,10.26
8070517,تاپ ورزشی مردانه آندر آرمور مدل  EF3199-001BLK,لباس مردانه,6930000,7722000,10.26
2144141,ماسک مو میسوری مدل Oil Control حجم 500 میلی لیتر,شامپو و مراقبت مو,1050000,1170000,10.26
1002760,کرم مرطوب کننده سی گل مدل Berries حجم 200 میلی لیتر,مراقبت پوست,350000,390000,10.26
4672893,صابون شستشو لوینا مدل گلیسیرینه آلوئه ورا وزن 120 گرم,صابون شستشو,350000,390000,10.26
1437201,پایه گیتار پرومکس مدل Q188MB,لوازم جانبی آلات موسیقی,3590000,4000000,10.25
409720,کتاب توسکا اثر هما پوراصفهانی انتشارات سخن,کتاب شعر و ادبیات,1650000,1837800,10.22
8970327,اسپری خوشبو کننده بدن زنانه سیدونا مدل Tresor Midnight Rose حجم 200 میلی لیتر,اسپری,484300,539400,10.22
9061176,ماشین بازی طرح کامیون فست فود مدل Food Truck 01,اسباب بازی,4750000,5290000,10.21
11587569,ست تاپ و شلوارک زنانه ناربن مدل 3363_1521749 رنگ صورتی,لباس زنانه,2990000,3330000,10.21
2993721,سشوار برس دار حالت دهنده پاناسونیک مدل EH-KA11,سشوار,10577600,11780000,10.21
3669314,کتاب زندگی با تمام وجود اثر برنه براون انتشارات آسمان نیلگون ,کتاب شعر و ادبیات,1040700,1159000,10.21
6601895,دستبند دیزل مدل handmade,اکسسوری زنانه و مردانه,220000000,245000000,10.2
11721899,ماساژور برقی مدل X1,ماساژور,25000000,27840000,10.2
4333088,جامدادی رومیزی کد 001,لوازم اداری,335000,373000,10.19
317209,فوم شستشوی پوست دیترون مدل Anti Acne حجم 150 میلی لیتر,مراقبت پوست,620000,690000,10.14
11769905,ساعت مچی عقربه‌ای مردانه نیوی فورس مدل سه موتوره کرنوگراف,اکسسوری مردانه,15000000,16690000,10.13
7509989,گردنبند مردانه مدل دستکش جفتی بوکس,اکسسوری مردانه,897900,999100,10.13
5525531, رنگ مو سوپرکی شماره 6.0 حجم 145 میلی لیتر رنگ بلوند تیره,آرایش مو,682400,759200,10.12
7650984,ماژیک علامت گذار مدل پاستلی طرح هویج بسته 6 عددی,نوشت افزار,800000,890000,10.11
8614368,صندل مردانه مدل آرشین کد BN-112-C,کفش مردانه,890000,990000,10.1
11109040,قمقمه مدل اکریلیک گنجایش 0.720 لیتر,ورزش های هوازی و تناسب اندام,2177300,2422000,10.1
10482531,کلمپه گردویی زعفرانی مخصوص بیجاری کرمان - 500 گرم,کیک و شیرینی خانگی,890000,990000,10.1
5991856,شلوار جین مردانه واتسونز مدل denim,لباس مردانه,8900000,9900000,10.1
82523,مداد طراحی فابر-کاستل مدل 9000,نوشت افزار,890000,990000,10.1
10688042,استند لوازم آرایشی و آینه برقی مدل MAKEUP,برس‌ها و تجهیزات آرایشی,3498000,3890000,10.08
11163782,کراپ‌تاپ زنانه مدل سرشانه باز,لباس زنانه,1250000,1390000,10.07
9786982,ست تی شرت آستین بلند و شلوار پسرانه ناربن مدل 1521419-70,پسرانه,2590000,2880000,10.07
7227888,سرهمی نوزادی لوپیلو مدل IAN 334631,نوزاد,2500000,2780000,10.07
9329102,کتاب بر باد رفته اثر مارگارت میچل نشر نگاه مجموعه دو جلدی ,کتاب شعر و ادبیات,4498000,5000900,10.06
7704191,ماساژور سر کد 6352,ماساژور,850000,944900,10.04
9376686, کرم پودر BB نوت شماره 03 حجم 35 میلی لیتر,آرایش صورت,3500000,3890000,10.03
4966726,روان نویس مدل 117003007بسته 3 عددی,نوشت افزار,359000,399000,10.03
2425400,رژلب مدادی مودا مدل waterproof lipstick شماره L102,آرایش لب,854700,950000,10.03
2531795,کفش مخصوص پیاده روی مردانه مدل PalermoAD,کفش مردانه,3590000,3990000,10.03
12146855,کانسیلر بورژوآ مدل Always Fabulous شماره 100 حجم 10 میلی لیتر,آرایش صورت,4490000,4990000,10.02
12283494,فلاسک مدل مسافرتی گنجایش 0.350 لیتر,لوازم کمپینگ,2980000,3311500,10.01
8549339,ذره بین مدل دسته دار کد M90,لوازم اداری,952000,1057900,10.01
9191978,تی شرت آستین کوتاه مردانه مدل سریال برکینگ بد شخصیت جسی کد 310,لباس مردانه,4491000,4990000,10.0
9210687,دفتر مشق 100 برگ نیکاد طرح دخترانه مدل عروسک روسی کد A4,دفتر و کاغذ و مقوا,972000,1080000,10.0
9674707,عینک آفتابی بچگانه دیزل مدل L026109C55,مد و پوشاک دخترانه و پسرانه,22490000,24990000,10.0
9596557,گلدان بتنی مدل ستاره بسته 10 عددی به همراه زیر گلدانی,محصولات سنگی، چینی و سرامیکی,3150000,3500000,10.0
9806683,کابل شارژ مدل SWS-M2 مناسب برای ساعت هوشمند شیائومی Mibro lite,لوازم جانبی ساعت و مچ بند هوشمند,1728000,1920000,10.0
11789650,پیراهن آستین بلند مردانه پایتی جامه مدل کتان کش کد 11789650,لباس مردانه,9000000,10000000,10.0
11080553,شلوار زنانه مدل بگ زیپ دار,لباس زنانه,2673000,2970000,10.0
10528733,ساعت مچی عقربه‌ای مردانه گس مدل GU12604G2,اکسسوری مردانه,18900000,21000000,10.0
10253977,مایو زنانه مدل اسلامی,لباس زنانه,4500000,4999900,10.0
2623047,کتاب چهار اثر از فلورانس اسکاول شین اثر فلورانس اسکاول شین انتشارات نگین ایران,کتاب فلسفه و روانشناسی,1800000,2000000,10.0
3079364,کرم مرطوب کننده ویت یو مدل cherry Blossom حجم 50 میلی لیتر ,مراقبت پوست,270000,300000,10.0
520773,محلول شستشوی لنز زایس ALL-IN-ONE حجم 360 میلی لیتر,مکمل تجهیزات پزشکی,3600000,4000000,10.0
5416299,پولوشرت آستین کوتاه مردانه مدل راه راه,لباس مردانه,1800000,2000000,10.0
4638955,ادو پرفیوم مردانه بلاتوس مدل ASCENSION حجم 100 میلی لیتر,عطر و ادکلن مردانه,6300000,7000000,10.0
4243436,بند کفش جم مدل 0026 بسته 2 عددی,کفش زنانه و مردانه,268100,297900,10.0
4243509,بند کفش جم مدل 0031 بسته 2 عددی,کفش زنانه و مردانه,283400,314900,10.0
4191300,جوراب زنانه آکام کد 61 مجموعه 4 عددی,لباس زنانه,891000,990000,10.0
6453570,بادی نوزادی نیل کوک مدل روزانه مجموعه 4 عددی,نوزاد,1800000,2000000,10.0
12275750,بیسیم اسباب بازی مدل 888s بسته دو عددی ,اسباب بازی,13500000,15000000,10.0
7065373,کیف رودوشی مردانه مدل KS-0085,اکسسوری مردانه,2150000,2388700,9.99
230166,کتاب خواب آشفته نفت 3 اثر محمدعلی موحد,کتاب تاریخ و جغرافیا,3803500,4225800,9.99
11857995,عروسک طرح اوم نوم مدل نانو دریم طول 20 سانتی متر,اسباب بازی,1440000,1599800,9.99
9627001,کتاب نور درون من اثر لورن گرابویس فیشر انتشارات عصر اندیشه,کتاب کودک و نوجوان,440500,489400,9.99
2589120,ست تیشرت و شلوارک پسرانه طرح happy smile کد 2,پسرانه,1890500,2100000,9.98
9676486,چسب کلاه گیس و پروتز مو مدل نیم حلال کد P1004 بسته 30 عددی,برس‌ها و تجهیزات آرایشی,1800000,1999000,9.95
11215501,جاکلیدی مدل آکواریومی فضایی,اکسسوری زنانه و مردانه,1269000,1409000,9.94
10685156,کنسول بازی قابل حمل مدل Game Box K5,کنسول پرتابل,7998000,8880000,9.93
813450,صندلی سه پایه سفری تاشو مدل X3,لوازم کمپینگ,2220000,2464800,9.93
537891,کیت رنگ موی گارنیک سری شکلاتی مدل قهوه ای شکلاتی تیره شماره 4.65,آرایش مو,991000,1100000,9.91
10766059,خودکار مدل عروسکی پاک کن دار مجموعه 4 عددی,نوشت افزار,1070000,1187700,9.91
6845949,ماژیک علامت گذار جشیت کد G-300 مجموعه 6 عددی,نوشت افزار,810900,900000,9.9
1068018,ماژیک علامتگذار دو سر زبرا مدل MILDLINER سری Cool and Refined Colors,نوشت افزار,720000,799000,9.89
2728584,ست ساعت مچی عقربه ای زنانه و مردانه نیوی فورس مدل NF3008 - NO-NO,اکسسوری زنانه و مردانه,19283200,21400000,9.89
9250903,شورت مردانه پنبینه مدل نیم پا باکسر کلاسیک مجموعه 2 عددی,لباس مردانه,2460000,2730000,9.89
630612,میکروفن داینامیک جاسکو مدل 2000,لوازم جانبی آلات موسیقی,32450000,36000000,9.86
12325312,اکشن فیگور نکا مدل Kratos,اسباب بازی,19870000,22040000,9.85
12104666,عینک آفتابی مدل Z87040 Transparent Juniper,اکسسوری زنانه و مردانه,4490000,4980000,9.84
11405303,کفش پیاده روی زنانه مدل آل استار ساقدار کد BNR,کفش زنانه,3318000,3680000,9.84
11757649,پیراهن آستین بلند مردانه نوبل لیگ مدل رگولار فیت کد HB306388,لباس مردانه,4500000,4990000,9.82
2177790,لوسیون ضد درد هسکا مدل ARMOR JOINTS حجم 100 میلی لیتر,بهداشت و مراقبت بدن,505000,560000,9.82
4151435,ساعت مچی عقربه ای زنانه الیویا برتِن مدل ob16am145,اکسسوری زنانه,45000000,49900000,9.82
9867466,سشوار حرفه ای بابیلیس مدل D570DSDE,سشوار,15714200,17424000,9.81
41119,کتاب قصه های شیرین جنگل نشر افق,کتاب کودک و نوجوان,1071000,1187400,9.8
12222260,کتاب تیم ارزش است اثر ست گودین انتشارات مون,کتاب علوم اجتماعی,755900,838000,9.8
11387942,تونر صورت ویتالیر مدل وایت ویت حجم 200 میلی لیتر ,مراقبت پوست,830000,920000,9.78
9242281,قطعه یدک ماشین اصلاح مدل001 بسته 3 عددی,لوازم اصلاح مو,370000,410000,9.76
3645052,ادو پرفیوم مردانه دلیسیو مدل VIP 212 Men حجم 50 میلی لیتر,عطر و ادکلن مردانه,2780000,3080000,9.74
10451646,ویولن لکتو مدل 004,سازهای زهی,65000000,72000000,9.72
12495200,تیغ یدک دورکو مدل HQ مجموعه 4 عددی,لوازم اصلاح مو,823900,912600,9.72
5762020,کتاب کمیک موشبان ها ظهور تبر اثر دیوید پیترسن نشر باژ جلد 3,کتاب شعر و ادبیات,160000,177200,9.71
1848149,کتاب چشم عکاس اثر مایکل فریمن نشر آبان,کتاب شعر و ادبیات,2700000,2990000,9.7
11706268,شامپو ضد شوره مو ناژو مدل کتوکونازول حجم 100 میلی لیتر,شامپو و مراقبت مو,890000,985500,9.69
11362114,شلوار مردانه مدل 129001208,لباس مردانه,7650000,8470000,9.68
11340010,کیف رودوشی دخترانه مدل یونیکورن کیوت طرح مستطیل,دخترانه,1743100,1930000,9.68
6021736,جامدادی طرح دختر مدل PSA060803,کیف، کوله و جامدادی,252000,279000,9.68
6861028,پالت کانتورینگ نیکس مدل HCPP01,آرایش صورت,9936000,11000000,9.67
7381725,پودر دکلره آوایی مدل ICE وزن 500 گرم,آرایش مو,3342200,3700000,9.67
9657202,ريمل مو بيگربوى مدل Tak حجم 10 ميلى ليترى رنگ سفيد,آرایش مو,680000,752500,9.63
10753011,کتاب یک آموزش هیجانی اثر آلن دوباتن انتشارات باد,کتاب فلسفه و روانشناسی,1078000,1192900,9.63
5408440,سشوار فیلیپس مدل BHC010,سشوار,10800000,11950000,9.62
6829989,کیت ماشین بازی مدل پارکینگ سگ های نگهبان کد p821,اسباب بازی,23000000,25444400,9.61
9522905,تی شرت لانگ آستین کوتاه زنانه جوتی جینز مدل 640,لباس زنانه,6490000,7180000,9.61
5726144,اسپری بدن زنانه رودیر مدل لالیک آمیتیس حجم 200 میلی لیتر,اسپری,849800,940000,9.6
4423218,کفش زنانه کد 7107PM,کفش زنانه,3970000,4390000,9.57
9407643,قند حبه و پودر شیرین کننده رژیمی بدون گلوتن استویا نوشکام بسته 2 عددی,مواد غذایی,1700000,1880000,9.57
6995972,کاپشن مردانه مدل N-A300,لباس مردانه,5880000,6500000,9.54
87924,ادو پرفیوم زنانه لالیک مدل Amethyst Eclat حجم 100 میلی لیتر,عطر و ادکلن زنانه,13571300,15000000,9.52
9365827,ادو پرفیوم مردانه وکس مدل تق هرمس حجم 35 میلی لیتر,عطر و ادکلن مردانه,904000,999000,9.51
10559996,شامپو مو کودک اورین مدل Gentle حجم 200 میلی لیتر,حمام کودک و شست و شو,1340000,1480000,9.46
10806579,شلوار زنانه مدل KkRaki,لباس زنانه,2490000,2750000,9.45
6381902,خود تراش ژیلت مدل Fusion Proglide Power Golden Edition,لوازم اصلاح مو,4790000,5290000,9.45
6224821,کتاب روح جسیکا اثر اندرو نوریس انتشارات پیدایش,کتاب شعر و ادبیات,950000,1048900,9.43
9489489,کرم ضد تعریق ناک مدل 01 حجم 50 میلی لیتر,ضد تعریق,619500,684000,9.43
4071492,ست تی شرت و شلوار مردانه مدل 909261,لباس مردانه,4465400,4930000,9.42
77970,خودکار زبرا مدل Z1 بسته 2 عددی,نوشت افزار,298000,329000,9.42
11276043,چهار چرخه کودک  سامان تویز مدل موتور تعادلی,وسایل بازی و تجهیزات پارکی کودک,3080000,3400000,9.41
10476157,مایو زنانه مدل یک تکه زیپ دار,لباس زنانه,2990000,3300000,9.39
10275580,کفش روزمره مردانه مدل اسپرت کد 330,کفش مردانه,2990000,3300000,9.39
3951436,ضبط کننده صدا زوم مدل H8,تجهیزات استودیویی,169900000,187500000,9.39
12488494,صابون شستشو دورو مدل لیمو وزن 50 گرم مجموعه دو عددی,صابون شستشو,607000,669800,9.38
12488613,صابون شستشو دورو مدل اقیانوس وزن 150 گرم مجموعه دو عددی,صابون شستشو,608400,671400,9.38
10165153,پیراهن آستین بلند مردانه جوتی جینز مدل 090,لباس مردانه,6790000,7490000,9.35
10969838,پیراهن آستین بلند مردانه جوتی جینز مدل 118,لباس مردانه,6790000,7490000,9.35
11322334,پیراهن آستین بلند مردانه جوتی جینز مدل 115,لباس مردانه,6790000,7490000,9.35
9846070,پیراهن آستین بلند مردانه جوتی جینز مدل 063,لباس مردانه,6790000,7490000,9.35
9747244,کفش روزمره مردانه کفش فرزین مدل چرم طبیعی ویبرام,کفش مردانه,14960000,16500000,9.33
4608792,روغن بادام شیرین نرمک طلایی مدل NT.111 حجم 60 میلی لیتر,بهداشت و مراقبت بدن,408000,450000,9.33
4351148,بازی فکری فکرآوران مدل مونوپولی کد 69,اسباب بازی,589400,650000,9.32
9092326,کفش مخصوص پیاده روی پسرانه شیما مدل 430028-70,پسرانه,3990000,4400000,9.32
10807357,کرم مرطوب کننده و آبرسان ماتیا مدل شیر گاو وزن 85 گرم,مراقبت پوست,399000,440000,9.32
10416050,لوسیون تقویت کننده مو پاک دارو مدل ماینوکسیدیل 5 حجم 60 میلی لیتر مجموعه 2 عددی,شامپو و مراقبت مو,2140000,2360000,9.32
5129705,کانسیلر نوت مدل Full Coverage شماره 01,آرایش صورت,2000000,2205300,9.31
2961033,کتاب کلیات سعدی انتشارات پیام عدالت,کتاب شعر و ادبیات,2630000,2900000,9.31
37340,کتاب فرانسه گام به گام اثر محمدتقی غیاثی - چهار جلدی,کتاب زبان,3377000,3723100,9.3
12075590,کرم پودر این لی مدل Sand Stone شماره 130 حجم 30 میلی لیتر,آرایش صورت,1950000,2150000,9.3
12173789,فلاسک یونیک مدل APP-161 گنجایش 1 لیتر,لوازم کمپینگ,4490000,4950000,9.29
8942182, کفش مخصوص پیاده روی جوتی جینز مدل 49615,مد و پوشاک دخترانه و پسرانه,5980000,6590000,9.26
8941956, کفش مخصوص پیاده روی جین وست مدل 4252,مد و پوشاک دخترانه و پسرانه,5980000,6590000,9.26
12238479,پیراهن آستین بلند مردانه ایندیگو مدل 681,لباس مردانه,5890000,6490000,9.24
9937717,چتر مدل New کد 2022,لوازم سفر,4493300,4950000,9.23
11250235,صندل مردانه نیکتا مدل 5015 کد 2131,کفش مردانه,2950000,3250000,9.23
5141460,ساعت مچی عقربه‌ای مردانه کاسیو مدل MTP-E321B-1AVDF,اکسسوری مردانه,35659000,39284000,9.23
5571477, رنگ مو سوپرکی شماره 7.65 حجم 145 میلی لیتر رنگ بلوند شکلاتی,آرایش مو,920500,1013900,9.21
1504153,رول ضد تعریق زنانه نیوآ مدل Dry Fresh حجم 50 میلی لیتر,ضد تعریق,1498000,1650000,9.21
11398408, رژ لب مایع اورچی مدل HIGH شماره 01-127 ,آرایش لب,2864900,3155500,9.21
4162353,کتاب طنز و طنزپردازی در ایران اثر حسین بهزادی اندوهجردی انتشارات صدوق,کتاب شعر و ادبیات,2176000,2396000,9.18
8980577,ست ادو پرفیوم زنانه مهمت مدل گالری حجم 100 میلی لیتر,عطر و ادکلن زنانه,990000,1090000,9.17
9122532,زنجیر مردانه مدل فول نگین,اکسسوری مردانه,7376800,8120000,9.15
9748794,ادو پرفیوم زنانه نیفتی مدل استیل جنیفر لوپز حجم 80 میلی لیتر,عطر و ادکلن زنانه,1990000,2190000,9.13
8704258,پشت کمری طبی ویسکوتکس مدل WAIST,کالای خواب و استراحت طبی,23900000,26300000,9.13
7506845,ریمل حجم دهنده دوسه مدل Punk,آرایش چشم,6089200,6700000,9.12
10877546,هواپیما بازی مدل جت F16,اسباب بازی,1503000,1653900,9.12
12124548,تی شرت آستین کوتاه و شلوارک بچگانه ایزی دو مدل 2181291-51,مد و پوشاک دخترانه و پسرانه,2990000,3290000,9.12
11190425,مایو زنانه مدل Fashion Concept-5592834 7647,لباس زنانه,4990000,5490000,9.11
9080318,کفش تمرین راکی مدل AIR 11,کفش زنانه و مردانه,3990000,4390000,9.11
2109011,پاک کن فابرکاستل مدل dust free کد 53935,نوشت افزار,499000,549000,9.11
3613287,چسب دو طرفه نانو کد 101 عرض 1 سانتی متر,لوازم اداری,372700,410000,9.1
3586629,کفش روزمره مردانه شیفر مدل 7216i503101,کفش مردانه,8990000,9890000,9.1
3916810,عینک آفتابی بولون مدل BL6078D11,اکسسوری زنانه و مردانه,19990000,21990000,9.1
8060793,شلوارک ورزشی مردانه آلشپرت مدل 6824,لباس مردانه,5990000,6590000,9.1
8495755,شلوار جین زنانه جین وست مدل 57253,لباس زنانه,9990000,10990000,9.1
11347768,شارژر دسته بازی و هدست واقعیت مجازی پلی استیشن 4 و 5 مدل HBP-265,لوازم جانبی کنسول بازی,4996000,5496000,9.1
12200190,شورتکس زنانه لیوا فارما مدل چهار لایه,لباس زنانه,2990000,3289500,9.1
12218005,شلوار جین زنانه جوتی جینز مدل جذب کد 901,لباس زنانه,9990000,10990000,9.1
12218012,شلوار جین زنانه جوتی جینز مدل جذب کد 921,لباس زنانه,9990000,10990000,9.1
12218022,شلوار جین زنانه جین وست مدل جذب مدل 0002,لباس زنانه,9990000,10990000,9.1
11971988,شلوار مردانه ایزی دو مدل 2181296,لباس مردانه,5990000,6590000,9.1
12202764,شلوار مردانه کروم مدل کتان 2312710,لباس مردانه,13445000,14789500,9.09
12200040,کت تک مردانه کروم مدل دو دکمه لینن 2310209,لباس مردانه,39445000,43389500,9.09
12325316,کفش روزمره مردانه کروم مدل اسنیکر چرم 2312021,کفش مردانه,41445000,45589500,9.09
11166856,شلوار مردانه کروم مدل پارچه ای 2312508,لباس مردانه,13945000,15339500,9.09
11261767,عینک آفتابی زنانه دیسکوارد مدل DQ034852B53,اکسسوری زنانه,49990000,54990000,9.09
11792791,شلوارک مردانه لیورجی مدل Live120,لباس مردانه,3000000,3300000,9.09
10943323,کت تک مردانه کروم مدل لینن دو دکمه 2310205,لباس مردانه,39445000,43389500,9.09
11018169,پاپوش نوزادی مکس مدل تابستانی پروانه ای,نوزاد,1750000,1925000,9.09
10843720,کیف پول مدل گربه فانتزی یونیک zino,مد و پوشاک دخترانه و پسرانه,200000,220000,9.09
10721711,زیر انداز یوگا تن زیب مدل Double Side Mat ضخامت 6 میلی متر,لوازم کمپینگ,3096000,3405600,9.09
10746261,شلوار مردانه کروم مدل کتان 2312701,لباس مردانه,13945000,15339500,9.09
8686254,پیراهن آستین کوتاه مردانه کروم مدل 2210113,لباس مردانه,10445000,11489500,9.09
7963946,هدبند آرایشی مدل خال خال,برس‌ها و تجهیزات آرایشی,500000,550000,9.09
7820433,کتاب 275 روز بازرگان اثر مسعود بهنود نشر علم,کتاب علوم اجتماعی,4500000,4949800,9.09
9302086,شلوار مردانه کروم مدل پارچه ای 2222501,لباس مردانه,13945000,15339500,9.09
9302163,شلوار مردانه کروم مدل پارچه ای 2222501,لباس مردانه,13945000,15339500,9.09
9239743,کرم پودر BB نوت شماره 02 حجم 35 میلی لیتر,آرایش صورت,3500000,3850000,9.09
9222544,خط چشم هندیان مدل 112 ,آرایش چشم,900000,990000,9.09
9261723,دستبند النگویی زنانه ژوپینگ مدل تک نگین کد B4037,اکسسوری زنانه,4148000,4563000,9.09
9712514,گردنبند زنانه گيلواره زراوشان مدل قلب پاک کد A34,اکسسوری زنانه,500000,550000,9.09
9690306,پیراهن آستین بلند مردانه کروم مدل 2210117,لباس مردانه,11945000,13139500,9.09
7303791,ساعت مچی عقربه‌ای مردانه گس مدل U0522G4,اکسسوری مردانه,39120000,43032000,9.09
12551120,ادوپرفیوم زنانه فراگرنس ورد مدل دمور لوکس حجم 100 میلی‌لیتر,عطر و ادکلن زنانه,4108200,4518300,9.08
12413455,کتاب پرسش های چهار گزینه ای شیمی یازدهم بازرگانی ویژه کنکور 1402 اثر بهمن بازرگانی نشر مبتکران,کتاب درسی، کمک‌درسی و آزمون,3383000,3720000,9.06
11977356,چراغ آویز کمپینگ مدل JO-29,لوازم کمپینگ,3700000,4068000,9.05
393568,بازی آموزشی بازی تا مدل دکتر اکتشاف,اسباب بازی,949900,1044400,9.05
6001927,کتاب گربه چکمه پوش اثر جمعی از نویسندگان انتشارات پیام مقدس,کتاب شعر و ادبیات,78600,86400,9.03
9036322,اسباب بازی مدل پرتابگر دینامیتی فرفره انفجاری کد B-184,اسباب بازی,1728600,1900000,9.02
8635842,شلوار مردانه اسپیور مدل PMB02-3,لباس مردانه,3430000,3770000,9.02
8635846,شلوار مردانه اسپیور مدل PMB02-56,لباس مردانه,3430000,3770000,9.02
3711593,اسپری بدن زنانه هیدرودرم مدل Mystery Girl حجم 200 میلی لیتر,اسپری,1050000,1154000,9.01
5525530, رنگ مو سوپرکی شماره 6.65 حجم 145 میلی لیتر رنگ بلوند نسکافه ای تیره,آرایش مو,864200,949000,8.94
11847681,دمپایی لاانگشتی زنانه اسمارا مدل Se01,کفش زنانه,7650000,8400000,8.93
11397191,رژ لب مایع اورچی مدل HIGH شماره 01-109,آرایش لب,2664300,2925400,8.93
11213639,محافظ ریشه دکتر فرش اشرف پور کد 1,لوازم جانبی فرش و ابزار فرش,533000,585000,8.89
10330405,کیسه آب گرم برقی مدل BEAR-BOY01,پد و کیسه آب گرم,1500600,1647000,8.89
7749545,تی شرت آستین کوتاه مردانه اچ اند ام مدل 9035005,لباس مردانه,3275900,3595500,8.89
9728728,کفش روزمره مردانه کروماکی مدل km20131,کفش مردانه,5740000,6300000,8.89
6001962,کتاب بند انگشتی اثر جمعی از نویسندگان انتشارات پیام مقدس,کتاب شعر و ادبیات,79900,87700,8.89
11982945,دمپایی ماساژور طبی مدل آرام تن آسا,ماساژور,1895000,2080000,8.89
12060683,کتاب هشت قاعده ی عشق اثر جی شتی نشر میلکان,کتاب فلسفه و روانشناسی,1457900,1600000,8.88
11822618,خمیر دندان اورال-بی مدل Fresh Protect حجم 100 میلی لیتر,بهداشت دهان و دندان,1385000,1520000,8.88
11398292,رژ لب مایع اورچی مدل HIGH شماره 01-125 ,آرایش لب,2482900,2724400,8.86
10898233,ادو تویلت مردانه نیو برند مدل The N حجم 100 میلی لیتر,عطر و ادکلن مردانه,6607800,7250000,8.86
5600055,هواپیما بازی کنترلی مدل B2,اسباب بازی,720000,790000,8.86
3475485,کتاب تاریخ ادبیات در ایران اثر دکتر ذبیح الله صفا نشر فردوس 8 جلدی,کتاب تاریخ و جغرافیا,34598800,37950000,8.83
4072632,کلاه مردانه کد LOO1,اکسسوری مردانه,310000,340000,8.82
7657613,کرم روشن کننده آردن سی فکتور مدل ویتامین C حجم 75 میلی لیتر,مراقبت پوست,743500,815400,8.82
8023955,حباب ساز طرح دایناسور کد ZR161,اسباب بازی,3827000,4196300,8.8
599607,شامپو کراتینه کلیون مدلHoney And Calenula Extracts حجم 500 میلی لیتر مناسب موهای خشک,شامپو و مراقبت مو,5880000,6447700,8.8
9001141,وان حمام کودک مدل تاشو سوان ,حمام کودک و شست و شو,6202500,6800000,8.79
4529535,ادو پرفیوم اسمارت کالکشن مدل مدل لیدی میلیون کد 306 حجم 25 میلی لیتر,عطر و ادکلن زنانه,1274400,1397100,8.78
3734816,سوتین زنانه تولیدی راد مدل 443 رنگ آبی ,لباس زنانه,520000,570000,8.77
3734852,سوتین زنانه تولیدی راد مدل 442 رنگ صورتی,لباس زنانه,520000,570000,8.77
10875872,عینک آفتابی بالمن مدل FAXI2 BPS-2012E-62/GUN-BK CAT3,اکسسوری زنانه و مردانه,182000000,199500000,8.77
11398255, رژ لب جامد اورچی مدل HIGH شماره 01-124 ,آرایش لب,2578400,2825700,8.75
6156460,روغن تقویت کننده مو و ریش و سیبیل مرهم یاب مدل کرچک حجم 80 میلی لیتر,شامپو و مراقبت مو,657000,720000,8.75
6390974,روغن تقویت کننده مو و ریش و سیبیل مرهم یاب مدل کاج حجم 80 میلی لیتر ,شامپو و مراقبت مو,1460000,1600000,8.75
3532433,گوشواره زنانه مدل کافل,اکسسوری زنانه,657000,720000,8.75
12069828,موکت مدل تشریفات کد A100-R1,موکت,2190000,2400000,8.75
12293923,مانتو زنانه مدل اورانوس کد 01,لباس زنانه,10950000,12000000,8.75
10568087,کفش روزمره زنانه مدل محیا کد t.a.j رنگ طوسی,کفش زنانه,2090000,2290000,8.73
1711301,ساعت مچی عقربه ای مردانه کاسیو مدل MTP-1374D-5AVDF 1,اکسسوری مردانه,22834000,25016000,8.72
9930912,شامپو مو اسکالپیا مدل Gentle Foam حجم 150 میلی لیتر,شامپو و مراقبت مو,1251000,1370000,8.69
9720333,کتاب ماجراهای من و درسام فیزیک 3دوازدهم ریاضی اثر مهدی هاشمی سعید فرهادی انتشارات خیلی سبز,کتاب درسی، کمک‌درسی و آزمون,2000000,2190000,8.68
8695294,ساعت مچی عقربه‌ای مردانه کاسیو مدل MTP-1375L-7AVDF,اکسسوری مردانه,22001000,24089000,8.67
12016738,سویشرت بچگانه لوپیلو مدل ger760,مد و پوشاک دخترانه و پسرانه,6120000,6700000,8.66
9136421,دستگاه بخور سرد مدل تخم مرغی,دستگاه بخور و رطوبت ساز,950000,1040000,8.65
10620550,تی شرت آستین کوتاه مردانه نوزده نودیک مدل TS01 W,لباس مردانه,3170000,3470000,8.65
5416917,تیشرت آستین کوتاه مردانه 1991 اس دبلیو مدل TS1901 W,لباس مردانه,3170000,3470000,8.65
3930512,کتاب کودتا اثر یرواند آبراهامیان انتشارات نگاه,کتاب شعر و ادبیات,1138400,1246100,8.64
2887203,اسپری ضد تعریق مردانه نیوآ مدل Invisible Fresh حجم 150 میلی لیتر ,ضد تعریق,1610300,1762000,8.61
9879469,دفترچه یادداشت 60 برگ پاپکو مدل nb609r طرح راه راه,دفتر و کاغذ و مقوا,356500,390000,8.59
10937341,تی شرت آستین کوتاه مردانه لیورجی مدل 8000148,لباس مردانه,3200000,3500000,8.57
6884807,کوکتل نمک حمام مدل پا وزن 130 گرم بسته 5 عددی,بهداشت و مراقبت بدن,320000,350000,8.57
1837242,گردن بند طبی کد 059,ساپورت های طبی,1350000,1476200,8.55
236027,کتاب مرگ و پنگوئن اثر آندری کورکف,کتاب شعر و ادبیات,950000,1038700,8.54
946983,شامپو اویدرم مدل سبونورم جی حجم 250 میلی لیتر,شامپو و مراقبت مو,852500,932000,8.53
10823014, فرفره مدل b-203 ,اسباب بازی,7200000,7870000,8.51
9024302,بازی فکری مدل سه بچه خوک,اسباب بازی,1990000,2175000,8.51
7690688,کفش روزمره مردانه مدل شمس C1 کد 01,کفش مردانه,13440000,14690000,8.51
11893490,پازل آموزشی اپی مدل نقشه جهان,اسباب بازی,979100,1070000,8.5
4322979,کتاب بانک تست زمین شناسی جامع کنکور 1400 اثر روزبه اسحاقیان انتشارات مهروماه,کتاب درسی، کمک‌درسی و آزمون,2000000,2185800,8.5
7644253,هودی مردانه جامه پوش آرا مدل 4561288060,لباس مردانه,5390000,5890000,8.49
7644263,هودی مردانه جامه پوش آرا مدل 45612880601,لباس مردانه,5390000,5890000,8.49
11742764,کتاب تیزهوشان 1003تست هوش و استعداد تحلیلی دقت و سرعت توجه و تمرکز اثر مصطفی باقری نشر مهروماه,کتاب درسی، کمک‌درسی و آزمون,2200000,2403500,8.47
11206870,ماشین بازی مدل چیس,اسباب بازی,1190000,1300000,8.46
7011215,کاپشن مردانه مدل ME-A700,لباس مردانه,5950000,6500000,8.46
2403646,کتاب مادران سمی و آسیب های وارد به دختران اثر سوزان فوروارد انتشارات لیوسا ,کتاب فلسفه و روانشناسی,650000,710000,8.45
8385462,لگو سری کلاسیک کد 11018,اسباب بازی,13550000,14800000,8.45
9748898,سویشرت مردانه آندر آرمور مدل EA3205-400D.BL,لباس مردانه,26100000,28500000,8.42
5022282,دهان شویه لیسترین مدل Cool Mint حجم 500 میلی لیتر,بهداشت دهان و دندان,1598000,1745000,8.42
12052416,ماشین اصلاح موی صورت فیلیپس مدل S5444,اصلاح موی صورت,31600000,34500000,8.41
11944853,صندل مردانه مدل آرمان طبی کد T.J رنگ مشکی,کفش مردانه,1090000,1190000,8.4
8209437,صندل مردانه مدل شیما کد Bn,کفش مردانه,1090000,1190000,8.4
11705300,ست تی شرت آستین کوتاه و شلوارک بچگانه سپیدپوش مدل بیل مکانیکی و ابزار کد 140292,مد و پوشاک دخترانه و پسرانه,1090000,1190000,8.4
11533964,ست تی شرت آستین کوتاه و شلوار بچگانه سپیدپوش مدل میکی ماوس کد 140273,مد و پوشاک دخترانه و پسرانه,1090000,1190000,8.4
10297761,فیگور مدل دایناسور,اسباب بازی,2180000,2380000,8.4
10743708,کفش کالج مردانه کروماکی مدل km8081,کفش مردانه,3564000,3890000,8.38
4974845,عینک افتابی اسپای مدل 1006,اکسسوری زنانه و مردانه,1007800,1100000,8.38
1846310,کتاب در باب حرف مفت اثر هری فرانکفورت نشر کرگدن,کتاب فلسفه و روانشناسی,525000,573000,8.38
5571468,  رنگ مو سوپرکی شماره 7.00 حجم 145 میلی لیتر رنگ بلوند قوی,آرایش مو,861300,940000,8.37
3252124,دفتر مشق 60 برگ پاپکو سری پرونوت مدل PN-9146 کد 914608,دفتر و کاغذ و مقوا,739200,806600,8.36
9279198,شلوار جین زنانه مدل بگ کد AT-Z,لباس زنانه,4580000,4998000,8.36
3764419,مداد پاستل کرتاکالر مدل FINE ART47,نوشت افزار,549000,599000,8.35
2584858,روغن برنز کننده موزیلا مدل Carrots حجم 200 میلی لیتر,مراقبت پوست,987200,1077000,8.34
2584949,روغن برنز کننده موزیلا مدل jojoba oil حجم 200 میلی لیتر,مراقبت پوست,987200,1077000,8.34
449867,کتاب خوشه های خشم اثر جان اشتاین بک,کتاب شعر و ادبیات,1648000,1798000,8.34
8061634,شلوارک ورزشی مردانه آلشپرت مدل 42422,لباس مردانه,6590000,7190000,8.34
7515036,اسباب بازی مدل عروسک کاکتوس موزیکال سخنگو طرح بازی مرکب,اسباب بازی,2200000,2400000,8.33
8452677,کرم شب آبرسان باله آ مدل اوره حجم 50 میلی لیتر ,مراقبت پوست,1650000,1800000,8.33
9642691,ماژیک رنگ آمیزی آرت لاین مدل Brush - Stix,نوشت افزار,550000,600000,8.33
10992535,کیف کمری مدل 8865,لوازم سفر,2200000,2400000,8.33
11121675,کفش کوهنوردی مردانه نسیم مدل هامبورگ پاور کد NSM 2420 hamborg,کفش مردانه,4944500,5394000,8.33
11332210,نیم بوت مردانه کاترپیلار مدل 720282,کفش مردانه,55550000,60600000,8.33
3373335,ژل بعد از آفتاب موزیلا کد 01 حجم 200 میلی لیتر,بهداشت و مراقبت بدن,990000,1080000,8.33
5094638,تیشرت آستین کوتاه مردانه جک اند جونز مدل 12174259 رنگ آبی ,لباس مردانه,4317500,4710000,8.33
5594390,شامپو مو یانسی مدل Antigrasa حجم 250 میلی لیتر,شامپو و مراقبت مو,5500000,6000000,8.33
12405311,ساعت مچی عقربه‌ای مردانه کاسیو مدل MTP-VD300-5BUDF,اکسسوری مردانه,20385000,22236000,8.32
898810,جوراب مردانه آریان نخ باف کد 51217 بسته 6 عددی,لباس مردانه,2100000,2290000,8.3
10744399,ست ماشین اصلاح موی صورت و بدن فیلیپس مدل 5750,اصلاح موی صورت,27500000,29990000,8.3
7385995,شامپو مو پنتن مدل Aqua_Light حجم 400 میلی لیتر,شامپو و مراقبت مو,2650000,2890000,8.3
1424362,نیم ست طلا 18 عیار زنانه مانچو مدل smg004,زیورآلات طلا زنانه,22140500,24135500,8.27
10482377,کفش پیاده روی مردانه مدل PX3,کفش مردانه,9990000,10890000,8.26
919019,عروسک سخنگو عسل مدل ah.33033,اسباب بازی,22757400,24804200,8.25
1545984,لوسیون مو بیول مدل Ice Cream Cocoa حجم 400 میلی لیتر,شامپو و مراقبت مو,725000,790000,8.23
2350603,ادو پرفیوم مردانه رودیر مدل La Nuit De I Hoome حجم 100 میلی لیتر,عطر و ادکلن مردانه,3395600,3700000,8.23
8869767,کفش ساحلی مدل  Yeezy Foam,کفش زنانه و مردانه,4405100,4800000,8.23
11195289,کرم ضد چروک شب لورآل مدل Expert +55 حجم 50 میلی لیتر,مراقبت پوست,3800000,4140000,8.21
11092273,دستگاه بخور سرد نیو ال ای دی اروما مدل T-331,دستگاه بخور و رطوبت ساز,11196000,12196000,8.2
8934123,کمربند طبی ورنا مدل آتل دار کد V201,ساپورت های طبی,4700000,5120000,8.2
12473045,ساک سفری چرخ دار مدل 3B,لوازم سفر,2800000,3050000,8.2
9537840,ساعت مچی دیجیتال مدل AWS,اکسسوری زنانه و مردانه,898000,978000,8.18
250356,ساعت مچی عقربه ای مردانه کاسیو مدل MTP-V300L-1AUDF,اکسسوری مردانه,17269000,18808000,8.18
979708,شامپو لازس مدل Anti Daily care حجم 250 میلی لیتر,شامپو و مراقبت مو,450000,490000,8.16
11378037,کیت ماشین بازی مدل برج مراقبت سگ های نگهبان طرح Paw Patrol ,اسباب بازی,9000000,9800000,8.16
11649929,ساعت مچی عقربه‌ای مردانه مدل سابماینر مستر کوالیتی  oystersteel- کد WG-58,اکسسوری مردانه,45000000,49000000,8.16
11196528,کیف دستی مدل CML 1048,اکسسوری زنانه و مردانه,3726000,4056000,8.14
10227462,پودر دکلره آوایی مدل polar وزن 50 گرم رنگ یخی قطبی,آرایش مو,450000,489800,8.13
496030,بازی آموزشی ماربل شوت سالار کد KTF-004,اسباب بازی,2499000,2720000,8.13
11456847,کتاب اسم تو 3 اثر ماکوتو شینکای انتشارات نگاه آشنا,کتاب کودک و نوجوان,529900,576600,8.1
11956183,ادو پرفیوم وودی سنس مدل Galloway حجم 100 میلی لیتر,عطر و ادکلن مردانه و زنانه,1590000,1730000,8.09
3437032,کرم مرطوب کننده درمالاین کد 1 حجم 45 میلی لیتر,مراقبت پوست,910000,990000,8.08
3598455,رژ لب مایع فستیوال شماره 05,آرایش لب,1195000,1300000,8.08
4842517,کتاب اسرار الحکم در حکمت علمیه و عملیه اثر حاج ملا هادی سبزواری انتشارات مولی,کتاب فلسفه و روانشناسی,4861000,5287400,8.06
3548999,گیتار کلاسیک مدل c40,سازهای زهی,13950000,15171200,8.05
6950685,ژل ضد جوش نیتروژنا مدل Sivilce Karsiti حجم 15 میلی لیتر,مراقبت پوست,1968000,2140000,8.04
4451213,دسته بازی مدل DUAL SHOCK,لوازم جانبی کنسول بازی,7445000,8095000,8.03
10262644,  کیف پول چرمی مدل Croco کد Kc - 3,دست بافته‌ ها، رودوزی و محصولات پارچه ای و چرمی,2290000,2490000,8.03
10358957, کیف پول چرمی مدل Sng  کد Ksng - 9,دست بافته‌ ها، رودوزی و محصولات پارچه ای و چرمی,2290000,2490000,8.03
12297394,بازی Hogwarts Legacy مخصوص PS5,بازی های کنسول خانگی,27500000,29900000,8.03
11983091,دمپایی ماساژور طبی پا مدل اسلیپر,ماساژور,1895000,2060000,8.01
10503116,کفش کالج مردانه مدل چرم طبیعی کد 0006 رنگ مشکی,کفش مردانه,8970000,9750000,8.0
7562772, ماشین اصلاح موی سر و صورت جیمی مدل GM-6632,اصلاح موی سر,7636000,8300000,8.0
1411328,پرایمر صورت گلدن رز مدل Mattifying حجم 30 میلی لیتر,آرایش صورت,3419000,3716300,8.0
9639212,ساعت مچی عقربه‌ای مردانه کاسیو مدل MRW-210H-5AVDF,اکسسوری مردانه,14236000,15473000,7.99
9273295,کرم ضد لک لایسل مدل پیگماسل  حجم 30 میلی لیتر,مراقبت پوست,1914000,2080000,7.98
1119277,صابون گلیسرینه گل سیتو مدل Translucent وزن ۱۰۰ گرم,صابون شستشو,608000,660700,7.98
12326683,کیف کراس بادی دفکتو مدل UNREAL,اکسسوری زنانه و مردانه,9184000,9980000,7.98
7933533,شامپو ضد ریزش مو وچه مدل CYSTEINE B6 حجم 250 میلی لیتر,شامپو و مراقبت مو,2098200,2280000,7.97
2568439, استامپ کوروش کد 2.5,لوازم اداری,230000,249900,7.96
3120756,ماشین بازی مدل موتور پران کد BATMN.CAR.TM,اسباب بازی,4822400,5238700,7.95
8990969,دستبند مردانه مون بلان مدل چرم چهار لاین اسپرت کد 248933,اکسسوری مردانه,4050000,4400000,7.95
12289957,تی شرت آستین کوتاه مردانه مدل نوشته ساده کد0447 رنگ مشکی,لباس مردانه,4050000,4400000,7.95
3199033,ادوپرفیوم مردانه بایلندو مدل Polo Black حجم 100 میلی لیتر,عطر و ادکلن مردانه,2900000,3150000,7.94
4857791,عروسک طرح اسب تک شاخ طول 35 سانتی متر,اسباب بازی,1740000,1890000,7.94
11015464,مایو زنانه مدل 7744 5682527- Fashion Concept ,لباس زنانه,4990000,5420000,7.93
9916879,هودی مردانه مدل MB-32,لباس مردانه,2954000,3208000,7.92
6316277,بازی فکری مدل دومینو کد 1ST,اسباب بازی,2210000,2400000,7.92
2531958,زنجیر مردانه تهران استور مدل KT-01,اکسسوری مردانه,440000,477800,7.91
10932361,پیراهن آستین بلند مردانه جوتی جینز مدل پاییزه 040,لباس مردانه,6990000,7590000,7.91
10241883,کوله پشتی کاترپیلار مدل 83518,لوازم سفر,19800000,21500000,7.91
12101133,خط چشم بل مدل كربن,آرایش چشم,1150000,1248700,7.9
9414141,شارژر دسته بازی پلی استیشن 5 سونی مدل CFI-ZDS1,لوازم جانبی کنسول بازی,13650000,14819500,7.89
8329668,تیر تفنگ طرح توپ بسته 12 عددی,اسباب بازی,497400,540000,7.89
3262418,روغن آرگان دیسار مدل UltraMoist حجم 120 میلی لیتر,شامپو و مراقبت مو,1025400,1113200,7.89
7960631,اتو مو مک استایلر مدل 5517,اتو و حالت دهنده ی مو,23030000,25000000,7.88
9758216,اکشن فیگور مدل سونیک و دوستان بسته 10 عددی,اسباب بازی,9117700,9897500,7.88
12310226,تفنگ آبپاش شارژی مدل Water Battle Electric Water Gun,اسباب بازی,6450000,7000000,7.86
8113454,بالم لب لوسل مدل Extreme,آرایش لب,1549000,1681000,7.85
7023146,کیسه آب گرم برقی مدل ویرا,پد و کیسه آب گرم,1087900,1180400,7.84
4482217,ادو پرفیوم زنانه مدل گود گرل حجم 100 میلی لیتر,عطر و ادکلن زنانه,2940000,3190000,7.84
12019584,ماساژور پا لراوان مدل LJ-ZJ008,ماساژور,72901000,79100000,7.84
4252700,ست تاپ و شورت نوزادی کارانس مدل SS-3199,نوزاد,1060000,1150000,7.83
12238445,پیراهن آستین بلند مردانه اسپیور مدل کبریتی کد A16,لباس مردانه,5890000,6390000,7.82
4639315,ادو پرفیوم مردانه بلاتوس مدل RED SQUARE حجم 100 میلی لیتر,عطر و ادکلن مردانه,5900000,6400000,7.81
6908541,شیردوش دستی اونت کد 430/10,شیردوش,29500000,32000000,7.81
8741180,دستکش وینیل رزمریم مدل 01M سایز مدیوم بسته 50 عددی,دستکش‌های طبی,590000,640000,7.81
11779102,هودی مردانه مدل یوونتوس 001,لباس مردانه,590000,640000,7.81
11124461,دندان گیر کودک هولا مدل هزارپا,بهداشت و سلامت کودک,1160000,1258000,7.79
8352958,کیف دستی دخترانه سیی مدل یونیکورن و پونی کد 1504.13,دخترانه,923000,1001000,7.79
8848781,کیسه آب گرم برقی مدل Beoutifuc-Date,پد و کیسه آب گرم,1502300,1629000,7.78
10252993,ست اسباب بازی تجهیزات پزشکی مدل 2022,اسباب بازی,498000,540000,7.78
233896,کتاب عدد،نماد،اسطوره اثر آرش نورآقایی,کتاب دینی,1382800,1498800,7.74
3646720,کیف رودوشی زنانه ساراسا طرح یونیکورن مدل Unicorn 01,اکسسوری زنانه,2750000,2980000,7.72
2169111,ادو پرفیوم زنانه الیسیس فشن مدل Night Dream Extra حجم 70 میلی لیتر,عطر و ادکلن زنانه,6819400,7390000,7.72
10890200,ماساژور گردن مدل 6606,ماساژور,10980000,11898000,7.72
8180354,کیف رودوشی ساراسا مدل CH_Ne01,اکسسوری زنانه و مردانه,2750000,2980000,7.72
8177150,کیف رودوشی ساراسا مدل 01,اکسسوری زنانه و مردانه,2750000,2980000,7.72
10421713,پیراهن آستین بلند مردانه جوتی جینز مدل پاییزه کد 047,لباس مردانه,7190000,7790000,7.7
10422644,پیراهن آستین بلند مردانه جوتی جینز مدل پاییزه کد 176,لباس مردانه,7190000,7790000,7.7
10422724,پیراهن آستین بلند مردانه جوتی جینز مدل پاییزه کد 181,لباس مردانه,7190000,7790000,7.7
10422977,پیراهن آستین بلند مردانه جوتی جینز مدل 230,لباس مردانه,7190000,7790000,7.7
11118594,هودی مردانه جوتی جینز مدل 306,لباس مردانه,11990000,12990000,7.7
11494527,دامن زنانه جوتی جینز مدل جین کد 102,لباس زنانه,7190000,7790000,7.7
11322213,هودی مردانه جوتی جینز مدل دورس کد 336,لباس مردانه,11990000,12990000,7.7
11502680,سارافون زنانه جوتی جینز مدل ضخیم زمستانه کد 500,لباس زنانه,7190000,7790000,7.7
643869,مداد تراش آرایشی مدل COSMETIC,برس‌ها و تجهیزات آرایشی,230000,249200,7.7
12238320,پیراهن آستین بلند مردانه ایندیگو مدل 683,لباس مردانه,5990000,6490000,7.7
6949113,کتاب کرم ابریشمی که خیل عجله داشت اثر راس بوراک انتشارات مهرسا,کتاب کودک و نوجوان,314500,340700,7.69
6703610,ماکت ماشین چه ژی مدل Lamborghini SIAN ,اسباب بازی,6000100,6500000,7.69
5446025,تیشرت آستین کوتاه مردانه جک اند جونز مدل 12188608 رنگ آبی ,لباس مردانه,4590000,4972500,7.69
4589047,فیگور طرح حیوانات باغ وحش کد 1546 بسته 9 عددی,اسباب بازی,240000,260000,7.69
5094719,تیشرت آستین کوتاه مردانه جک اند جونز مدل 12192633 رنگ مشکی ,لباس مردانه,3900000,4225000,7.69
11124669,کیف کراس بادی هد مدل  0090 HB,اکسسوری زنانه و مردانه,18000000,19500000,7.69
11147190,ادو پرفیوم مردانه تاپ سکرت مدل world cup  حجم 100 میلی لیتر,عطر و ادکلن مردانه,4800000,5200000,7.69
11220832,کفش مخصوص دویدن زنانه اسکچرز مدل Live Gn,کفش زنانه,70560000,76440000,7.69
8477712,کتاب 48قانون قدرت اثر رابرت گرین انتشارات نیک فرجام,کتاب فلسفه و روانشناسی,3000000,3249000,7.66
65627,کتاب رساله ای درباره حکومت اثر جان لاک نشر نی,کتاب علوم اجتماعی,1017600,1102000,7.66
1526175,ماسک مو میسوری مدل Anti Aging حجم 500 میلی لیتر,شامپو و مراقبت مو,1126700,1220000,7.65
5403418,تیغ ابرو مدل 001 مجموعه 6 عددی,برس‌ها و تجهیزات آرایشی,349000,377900,7.65
11020167,ریمل پیپا مدل 1221 شماره 0503,آرایش چشم,6125800,6633300,7.65
11004778,لوسیون ضد ریزش پاک دارو مدل ماینوکسیدیل 02 حجم 60 میلی لیتر بسته 2 عددی,شامپو و مراقبت مو,2180000,2360000,7.63
4454480,صابون خیاطی کد S700 بسته 4 عددی,چرخ خیاطی دستی و ملزومات خیاطی,230000,249000,7.63
3453477,اسپری خوشبو کننده بدن پرستیژ کد mp488 حجم 150 میلی لیتر مجموعه 2 عددی,اسپری,591000,639800,7.63
3965965,خط چشم رپک شماره 01,آرایش چشم,332000,359400,7.62
11498260,کتاب این خانه از آن من است اثر دورته هانزن نشر ققنوس,کتاب شعر و ادبیات,1500000,1623800,7.62
3490199,پنل آکوستیک ایران استودیو مدل شانه تخم مرغی کد 033,تجهیزات استودیویی,1649000,1784800,7.61
243319,کتاب جسدهای شیشه ای اثر مسعود کیمیایی,کتاب شعر و ادبیات,2361100,2555700,7.61
12311275,خط چشم دوسه مدل کوزه ای,آرایش چشم,850000,920000,7.61
11922093,چاقوی سفری مدل Cl11,لوازم کمپینگ,1034000,1119000,7.6
3192657,خودکار بیک مدل Cristal بسته 4 عددی,نوشت افزار,310000,335500,7.6
6624196,عروسک طرح کویا مدل bt22 اندازه 35 سانتی متر,اسباب بازی,1710000,1850000,7.57
7156751,سویشرت مردانه ال سی وایکیکی مدل W179971Z8-D2X,لباس مردانه,4150000,4490000,7.57
8901116,کراوات پسرانه مدل 400,پسرانه,440000,476000,7.56
9909016,کانتور آدارز شماره C101,آرایش صورت,1200000,1298000,7.55
7073264,ماشین بازی طرح پاترول مدل 2020,اسباب بازی,7100000,7680000,7.55
6522340,ژل ضد جوش بیتروی مدل sami2319 حجم 30 میلی لیتر,مراقبت پوست,920000,995000,7.54
6331937,مخزن دستگاه تصفیه آب تانک پک مدل tp19,سلامت محیط,15950000,17250000,7.54
3562682,پیراهن آستین بلند مردانه مدل 11513,لباس مردانه,3190000,3450000,7.54
9372090,بارانی مردانه لیورجی مدل moj_357547-2120,لباس مردانه,24800000,26820000,7.53
9712241,وکس موبر اطلس مدل آلوئه ورا وزن 500 گرم بسته 24 عددی,لوازم اصلاح مو,1401000,1515000,7.52
9628028,لوسیون لایه بردار صورت کلینیک مدل 2 حجم 60 میلی لیتر,مراقبت پوست,3690000,3990000,7.52
10131199,پیراهن زنانه مدل Stella,لباس زنانه,2950000,3190000,7.52
1567632,دستبند مردانه مدل 214,اکسسوری مردانه,1940400,2098100,7.52
9111771,مکعب روبیک تاندر کلپ مدل MAGNET V3,اسباب بازی,7325100,7920000,7.51
12405310,ساعت مچی عقربه‌ای مردانه کاسیو مدل MTP-VD300-3BUDF,اکسسوری مردانه,20567000,22236000,7.51
12457986,کتاب پلوتو یک سیاره ی کوتوله اثر آر.جی.پالاسیو نشر محراب قلم,کتاب کودک و نوجوان,730000,789200,7.5
12189101,موکت مدل تشریفات طرح زرکوب کد T100,موکت,2220000,2400000,7.5
12144125,مایو زنانه اسمارا مدل Sh,لباس زنانه,4950600,5352000,7.5
7619256,روغن مو استلو  مدل آرگان طرح Deep Hydration حجم 100 میلی لیتر,شامپو و مراقبت مو,869500,940000,7.5
11174021,تی شرت آستین کوتاه مردانه لیورجی مدل آتلانتیک کد S2023LB,لباس مردانه,4588000,4960000,7.5
209947,ادو پرفیوم زنانه پاکو رابان مدل Lady Million Prive حجم 80 میلی لیتر,عطر و ادکلن زنانه,37000000,40000000,7.5
2543574,شیشه شیر اونت مدل SCF030/17 ظرفیت ۱۲۵ میلی لیتر,شیشه شیر، سرلاک و داروخوری,4995000,5400000,7.5
7122105,صندلی سفری مدل تاشو پشتی دار,لوازم کمپینگ,2493800,2696000,7.5
4718190,کتاب قصه های من و بچه هام مومیایی اثر شهرام شفیعی نشر زرافه,کتاب کودک و نوجوان,249800,270000,7.48
991652,رژ لب مدادی گلدن رز شماره 06,آرایش لب,2081400,2249300,7.46
7435331,کپسول تقویت کننده مو کینگ بنگ مدل کراتین کد Biolo حجم 60 میلی لیتر بسته 60 عددی,شامپو و مراقبت مو,1006200,1087300,7.46
11316231,مایو مردانه هپی شورت مدل راه راه کد StNB2023,لباس مردانه,5500000,5943000,7.45
3140522,کیسه آبگرم برقی مدل GNOVIA,پد و کیسه آب گرم,1184900,1280300,7.45
7164183,دستمال مرطوب پاک کننده و نرم کننده کودک لوسین کد 01 بسته 60 عددی,لوازم تعویض,490000,529400,7.44
10617118, پولوشرت آستین کوتاه مردانه باینت مدل 2261520-58,لباس مردانه,1990000,2150000,7.44
8242978,قاشق و چنگال سفری مدل 89800 مجموعه 5 عددی,لوازم کمپینگ,398000,430000,7.44
9294534,کفش مردانه مدل چرم رسمی آلاندا کد 1801 ARM ,کفش مردانه,3980000,4300000,7.44
7686454,ساعت مچی دیجیتال دخترانه اسکمی مدل 1451 PK,دخترانه,3490000,3770000,7.43
5838963,ساعت مچی دیجیتال مدل M1,مد و پوشاک دخترانه و پسرانه,972000,1050000,7.43
1120030,قلمو ره آورد سری 1375 شماره 0/4,ابزار نقاشی و رنگ آمیزی,250000,270000,7.41
50175,کتاب دنیای زیبای ویلن اثر بهزاد عصاره پور - جلد اول,کتاب هنر و سرگرمی,1000000,1080000,7.41
7408633,ادو تویلت زنانه پرستیژ مدل La Vie Est Belle حجم 100 میلی لیتر,عطر و ادکلن زنانه,2500000,2700000,7.41
7840959,روان نویس مدل کاکتوس کد 02 بسته 2 عددی,نوشت افزار,350000,378000,7.41
8513057,شلوار جین زنانه جوتی جینز مدل 17235,لباس زنانه,9990000,10790000,7.41
8513150,شلوار جین زنانه جوتی جینز مدل 45353,لباس زنانه,9990000,10790000,7.41
8887919,سنتور مدل 5 مهر شجریان کد 1,سازهای زهی,26250000,28350000,7.41
8601474,شلوار جین زنانه جوتی جینز مدل 72727,لباس زنانه,9990000,10790000,7.41
9414066,شلوار جین زنانه جوتی جینز مدل 714,لباس زنانه,9990000,10790000,7.41
9106123,شلوار جین زنانه جوتی جینز مدل مام استایل 801,لباس زنانه,9990000,10790000,7.41
10034130,عینک آفتابی پلیس مدل PO13,اکسسوری زنانه و مردانه,17500000,18900000,7.41
10424640,جوراب ساق بلند زنانه اکسلنس مدل tango 03,لباس زنانه,250000,270000,7.41
10437162,شلوار جین زنانه جین وست مدل 503,لباس زنانه,9990000,10790000,7.41
10448918,شلوار جین زنانه جوتی جینز مدل 858,لباس زنانه,9990000,10790000,7.41
10281106,کوله پشتی والنتیر مدل VA 159026,لوازم سفر,12500000,13500000,7.41
10915437,شلوار جین زنانه جین وست مدل آزاد کد 503,لباس زنانه,9990000,10790000,7.41
10914827,شلوار جین زنانه جین وست مدل 013,لباس زنانه,9990000,10790000,7.41
10921724,شلوار ورزشی مردانه جین وست کد 588,لباس مردانه,9990000,10790000,7.41
10921638,شلوار جین زنانه جین وست مدل اسلیم فیت کد 502,لباس زنانه,9990000,10790000,7.41
10744196,شلوار جین زنانه جوتی جینز مدل جذب کد 824,لباس زنانه,9990000,10790000,7.41
11604275,شلوار ورزشی مردانه جین وست مدل اسلش زمستانه کد 588,لباس مردانه,9990000,10790000,7.41
11524234,مانتو زنانه السانا مدل مهسان کد 150401,لباس زنانه,7380000,7970000,7.4
7365421,ادو پرفیوم مردانه پینک ویژوآل مدل جگوار کلاسیک بلک حجم 100 میلی لیتر,عطر و ادکلن مردانه,2870900,3100000,7.39
7443661,کفش کوهنوردی مردانه هامتو مدل 210500A-1,کفش مردانه,21296000,22990000,7.37
12124346,پیراهن آستین کوتاه مردانه اچ اند ام مدل 0501620089,لباس مردانه,10560000,11400000,7.37
9351413,ماشین اصلاح موی سر و صورت مدل VINTAGE T9,اصلاح موی سر,1850000,1997000,7.36
364672,ادوپرفیوم زنانه وی آی پی مدل پور فم 100میلی لیتر,عطر و ادکلن زنانه,6300000,6800000,7.35
3922215,اکشن فیگور نکا طرح god of war4 کد 0004,اسباب بازی,14360000,15500000,7.35
6697285,ساعت مچی عقربه‌ای مردانه کنت کول مدل KCWGA2104601,اکسسوری مردانه,22701000,24500000,7.34
10490170,گردنبند مدل attack on titan طرح بال های آزادی,اکسسوری زنانه و مردانه,695000,750000,7.33
8725877,فریم عینک طبی مدل میلیونر 2,اکسسوری زنانه و مردانه,1900000,2050000,7.32
8391321,دستبند مدل MT11 مجموعه 2 عددی,اکسسوری زنانه و مردانه,1655900,1786600,7.32
4478611,کاور چمدان مدل GLASS 2300002 MT - 28,لوازم سفر,1650000,1780000,7.3
963406,کتاب فلسفه قاره ای و معنای زندگی,کتاب فلسفه و روانشناسی,1852100,1998000,7.3
10751472,دستگاه واتر جت شست و شوی دهان و دندان اورال-بی مدل Aquacare,بهداشت دهان و دندان,53000000,57152900,7.27
12028488,دستبند دخترانه مدل یونیکورن کد 339,دخترانه,370000,399000,7.27
12165700,کیف غذا طرح یونیکورن مدل 8351,لوازم سفر,4980000,5370000,7.26
12453969,کیف غذا مدل دایناسور کد 4443,لوازم سفر,4980000,5370000,7.26
11018884,مایو زنانه مدل 7731,لباس زنانه,4990000,5380000,7.25
9917265, قمقمه Tritan Refill مدل 2258 گنجایش 1 لیتر,ورزش های هوازی و تناسب اندام,3200000,3450000,7.25
2126420,کلاه مردانه کد 20590-BOL,اکسسوری مردانه,1280000,1380000,7.25
2126447,کلاه مردانه کد 20591-BOL,اکسسوری مردانه,1280000,1380000,7.25
2039248,کلاه کپ کد 20462,اکسسوری زنانه و مردانه,960000,1035000,7.25
4610825,کرم آبرسان هندولوژی مدل Mixed Berry حجم 375 میلی لیتر,مراقبت پوست,730000,787000,7.24
3728505,بازی فکری فکرآوران مدل شوالیه آتش,اسباب بازی,2320500,2501700,7.24
4608204,کتاب پس از تو اثر جوجو مویز نشر نبض دانش,کتاب شعر و ادبیات,630000,679000,7.22
5271949,فشار سنج دیجیتال بریسک مدل PG-800B22,فشارسنج,18000000,19400000,7.22
3334769,پن شستشو درماسیف مدل ACNE-DERM وزن 100 گرم,صابون شستشو,835000,900000,7.22
2394207,ماشین اصلاح موی صورت کیمی مدل KM-2024,اصلاح موی صورت,4250000,4580000,7.21
4871245,دمپایی پسرانه نیکتا مدل 431,پسرانه,1290000,1390000,7.19
5654541,کرم پودر فشرده لیدی میکاپ شماره 5,آرایش صورت,1290000,1390000,7.19
8975904,سشوار آی کنووپ مدل KW-2001,سشوار,4390000,4730000,7.19
10420091,کفش مخصوص پیاده روی پسرانه مدل FAST کد GRY_GRN رنگ طوسی,پسرانه,1290000,1390000,7.19
10384947,ست اسباب بازی فست فود زینگو مدل ساندویچ,اسباب بازی,919000,990000,7.17
4251943,ادو پرفیوم مردانه دولچه اند گابانا مدل INTENSO حجم 125 میلی لیتر,عطر و ادکلن مردانه,27200000,29300000,7.17
4294153,لگو سری کلاسیک مدل 11013,اسباب بازی,26000000,28000000,7.14
6518499,اسپینر دستی مدل انیمه ناروتو,اسباب بازی,650000,700000,7.14
2584248,ماسک مو موزیلا مدل KERATIN حجم 200 میلی لیتر,شامپو و مراقبت مو,444600,478800,7.14
2151914,دسته بازی مایکروسافت ایکس باکس 360 مدل x17-1544-03,لوازم جانبی کنسول بازی,5200000,5600000,7.14
930412,سطل زباله پلاستیکی مدل S3 سایز بزرگ,لوازم اداری,650000,700000,7.14
10893656,فرش ماشینی دنیای فرش مدل افشان کد 143 زمینه مشکی ,فرش,19500000,21000000,7.14
11269806,پولوشرت آستین کوتاه مردانه آر اِن اِس مدل 59-12021643,لباس مردانه,3120000,3360000,7.14
11270967,پولوشرت آستین کوتاه مردانه آر اِن اِس مدل 43-12021643,لباس مردانه,3120000,3360000,7.14
9528749,ست گرمکن و شلوار  ورزشی مردانه آندر آرمور مدل EA3521-001BLK,لباس مردانه,29900000,32200000,7.14
8809996,کرم ضد آفتاب دی اوردینری مدل Mineral حجم 50 میلی لیتر,مراقبت پوست,6500000,7000000,7.14
8082018,تی شرت ورزشی مردانه آندر آرمور مدل EF3387-100WHT,لباس مردانه,8450000,9100000,7.14
12364231,جاکلیدی چرم بارثاوا مدل 42n,اکسسوری زنانه و مردانه,357500,385000,7.14
9065500,کاپ قاعدگی فارما کانفورت مدل 03 سایز بزرگ,بهداشت زنان,6400000,6890000,7.11
11124117,گردنبند مدل مگنتی دراگون هارت مجموعه 2 عددی,اکسسوری زنانه و مردانه,790000,850500,7.11
5022198,کتاب مجموعه داستان‌های الگا یک حیوان عجیب اثر الیس گراول انتشارات نودا,کتاب کودک و نوجوان,251000,270200,7.11
10946509,پنل آکوستیک ایران استودیو مدل فلکسی R .D,تجهیزات استودیویی,1343000,1445000,7.06
10556052,گردنبند دخترانه مدل فانتزی روح بسته دو عددی ,دخترانه,743500,800000,7.06
9566465,فرفره فلیم مدل انفجاری لوسیوس پایان رسان کد B-175,اسباب بازی,2500000,2690000,7.06
7784396,ماساژور گردن اینتلیجنت مدل A12,ماساژور,18500000,19900000,7.04
9110107,سایه بان سفری دانانیک مدل SB104,لوازم کمپینگ,12970000,13950000,7.03
8274733,انگشتر نقره مردانه ملک زیور مدل حدید طرح وان یکاد کد 264,اکسسوری مردانه,6490000,6980000,7.02
4741554,چراغ اضطراری ویداسی مدل WD-809T,کوه‌ نوردی و صخره نوردی,1650400,1775000,7.02
37319,کتاب آیا تو آن گمشده ام هستی؟ اثر باربارا دی آنجلیس,کتاب علوم اجتماعی,1999000,2150000,7.02
3649746,کیسه آبگرم برقی مدل KY-C,پد و کیسه آب گرم,1198200,1288700,7.02
6529665,روغن مو لایتنس مدل آرگان حجم 100 میلی لیتر,شامپو و مراقبت مو,1300000,1398000,7.01
7477154,گیتار  یاماهاُ مدل C40,سازهای زهی,14691800,15800000,7.01
11277360,عینک آفتابی آکوا دی پولو مدل AQ93,اکسسوری زنانه و مردانه,4640000,4990000,7.01
9596693,کیف کمری مدل 1084,لوازم سفر,6873000,7390000,7.0
7109705,کارابین مدل TP-110,کوه‌ نوردی و صخره نوردی,399000,429000,6.99
11674900,ادو پرفیوم مردانه نوید محمدزاده مدل Soir حجم 100 میلی لیتر,عطر و ادکلن مردانه,8790000,9450000,6.98
10532938,سشوار خانگی مینگو مدل SG,سشوار,5480000,5890000,6.96
10864895,کفش کالج زنانه مدل بخیه رنگ زرشکی,کفش زنانه,7130000,7663200,6.96
6492812,رنگ مو کاترومر شماره C1 حجم 100 میلی لیتر رنگ مشکی پر کلاغی,آرایش مو,646900,695000,6.92
6424396,کتاب سرگذشت موسیقی ایران اثر روح الله خالقی نشر ماهور,کتاب هنر و سرگرمی,3900000,4190000,6.92
878409,زیر پوش مردانه سپاهان کد BT 02 بسته 3 عددی,لباس مردانه,1750000,1880000,6.91
12217033,بازی فکری گیملین گیمز مدل تاینی اپیک دایناسورها,اسباب بازی,17500000,18800000,6.91
11938711,چراغ کمپینگ مدل چند کاره کد w5133,کوه‌ نوردی و صخره نوردی,2700000,2900000,6.9
5412303,چراغ پیشانی مدل high Power,کوه‌ نوردی و صخره نوردی,1238000,1329800,6.9
10713530,کش خیاطی مدل 9MILs طول 5 متر,چرخ خیاطی دستی و ملزومات خیاطی,270000,290000,6.9
9328021,جوراب ساق بلند زنانه مدل RUNYUN,لباس زنانه,270000,290000,6.9
1729725,ماشین اصلاح موی سر کیمی مدل KM-809A,اصلاح موی سر,6980000,7496300,6.89
7959731,ست بهداتشی فیروز مدل الواورا مجموعه 4 عددی,حمام کودک و شست و شو,1907000,2047900,6.88
8881837,نیم بوت مردانه کروماکی مدل km7101,کفش مردانه,5990000,6432000,6.87
2182514,خودکار طرح پری دریایی کد 0965,نوشت افزار,211400,227000,6.87
4587539,شامپو مو دی پی مدل MENTOL حجم میلی 800 لیتر,شامپو و مراقبت مو,2118500,2274500,6.86
3733843,کتاب زندگینامه خودتان را بنویسید اثر استیو زوسمر انتشارات سوره مهر,کتاب شعر و ادبیات,642500,689800,6.86
10579553,تی شرت آستین کوتاه مردانه لیورجی مدل 10579553,لباس مردانه,3800000,4080000,6.86
7973188,ست ناخن گیر کودک هوهاو مدل Mijia MI 420J2,بهداشت و زیبایی ناخن,3809700,4090000,6.85
8579501,شورت مردانه آر اِن اِس مدل 12261274-1,لباس مردانه,1192500,1280000,6.84
8378923,ساعت مچی عقربه‌ای مردانه اوماکس مدل MG05P22IO,اکسسوری مردانه,27483000,29500000,6.84
10916166,پازل 42 تکه مدل الفبا و اعداد فارسی فومی,اسباب بازی,550000,590400,6.84
10420155,ساعت مچی عقربه ای زنانه ریوارد مدل 81018L,اکسسوری زنانه,23616000,25344000,6.82
3203051,ساعت مچی عقربه ای مردانه مدل DZ 4306,اکسسوری مردانه,20500000,22000000,6.82
1456108,سرم دور چشم آردن مدل اکسپرت ایج حجم 15 میلی لیتر,مراقبت پوست,3395300,3643740,6.82
6143812,مداد نوکی 0.5 میلی متری مدل پری دریایی کد 3868,نوشت افزار,266000,285400,6.8
10604189,بازی آموزشی تبلت بای بیان مدل مغناطیسی BB8501-AB,اسباب بازی,1350900,1449400,6.8
10362858,ریمل حجم دهنده بارین مدل PUSH UP,آرایش چشم,1480000,1588000,6.8
7170798,ساعت مچی عقربه‌ای مردانه اینویکتا مدل 60744,اکسسوری مردانه,55924900,60000000,6.79
474582,موچین گلدن فیشر مدل 15010,برس‌ها و تجهیزات آرایشی,550000,590000,6.78
9369210,ماسک ایفای نقش مدل مافیا طرح ماموت بسته 6 عددی,اسباب بازی,3160000,3390000,6.78
9101957,ست ماشین اصلاح موی صورت و بدن اچ تی سی مدل AT-1088,اصلاح موی صورت,5496000,5896000,6.78
8919792,لرزه گیر میکروفون مدل 01,تجهیزات استودیویی,698000,748800,6.78
8088447,ماکت ماشین چه ژی مدل تویوتا لند کروز کد 24092,اسباب بازی,7450000,7990000,6.76
4019466,فوم شستشو صورت آردن سی فکتور مدل ویتامین C حجم 150 میلی لیتر,مراقبت پوست,782500,839100,6.75
4200534,نی نی لای لای مدل 81716,گهواره,50796000,54472000,6.75
702507,چسب اکلیلی استورم کد 608 بسته 6 عددی,لوازم اداری,909500,975200,6.74
10259423,بازی فکری مدل هدبند,اسباب بازی,1641500,1759800,6.72
10546897,ماشین بازی کنترلی دبل ای مدل بیل مکانیکی فلزی DOUBLE E 598_003,اسباب بازی,65200000,69900000,6.72
10430763,اسپری مو استلو مدل کراتین حجم 300 میلی لیتر,شامپو و مراقبت مو,1390000,1490000,6.71
10891853,مایو مردانه اسپیدو مدل AB.KA2024,لباس مردانه,2780000,2980000,6.71
2089765,ماشین اصلاح موی صورت رمینگتون مدل MB4125,اصلاح موی صورت,13900000,14900000,6.71
2005247,ادوپرفیوم زنانه دلیسیو مدل CHANCE CHANEL حجم 50 میلی لیتر,عطر و ادکلن زنانه,2780000,2980000,6.71
3760461,ادو پرفیوم مردانه دلیسیو مدل La Vie est Belle حجم 50 میلی لیتر,عطر و ادکلن مردانه,2780000,2980000,6.71
5197386,ادو پرفیوم مردانه دلیسیو مدل Aqva حجم 50 میلی لیتر,عطر و ادکلن مردانه,2780000,2980000,6.71
5475255,ادو پرفیوم زنانه دلیسیو مدل AMOR AMOR حجم 50 میلی لیتر,عطر و ادکلن زنانه,2780000,2980000,6.71
87162,پایه شارژ دسته PS4 مدل Dual Shock 4 Charging Station,لوازم جانبی کنسول بازی,7463700,8000000,6.7
12111326,ساعت مچی عقربه‌ای مردانه دیزل مدل سه موتور فعال کرنوگراف بند استیل ,اکسسوری مردانه,14910000,15980000,6.7
11645172,اسپری شامپو خشک باتیست مدل Color Protect حجم 200 میلی لیتر,شامپو و مراقبت مو,2790000,2990000,6.69
11542525,پولوشرت آستین کوتاه مردانه زی سا مدل 153162172,لباس مردانه,2790000,2990000,6.69
11542530,پولوشرت آستین کوتاه مردانه زی سا مدل 153162101,لباس مردانه,2790000,2990000,6.69
11793467,رول ضد تعریق فا مدل BNUYTR حجم 40 میلی لیتر,ضد تعریق,1398600,1498500,6.67
11330266,شلوارک ورزشی مردانه آندر آرمور مدل EE1095-444INDG,لباس مردانه,13160000,14100000,6.67
10932371,پیراهن آستین بلند مردانه جوتی جینز مدل پاییزه کد 041,لباس مردانه,9790000,10490000,6.67
11053247,عدس از خونه - 1 کیلوگرم ,مواد غذایی,476000,510000,6.67
10679353,مداد نوکی 0.7 میلی متری مدل فانتزی مدل الماس کد 004,نوشت افزار,700000,750000,6.67
10469694,کفش مردانه مدل چرم طبیعی live,کفش مردانه,5950000,6375000,6.67
10522700,کفش پیاده روی مردانه اسکچرز مدل DLUX-WALKER,کفش مردانه,15400000,16500000,6.67
10300774,گردنبند مدل عاشقانه مگنتی بسته 2 عددی,اکسسوری زنانه و مردانه,560000,600000,6.67
7905686,کلاه آفتابگیر طرح چریکی مدل LUXE_2022,اکسسوری زنانه و مردانه,420000,450000,6.67
8321466, ماشین اصلاح موی سر و صورت اچ تی سی مدل 1326,اصلاح موی صورت,8390000,8990000,6.67
9693489,کفش پیاده روی مدل FASHION NK KER-160002058,کفش زنانه و مردانه,2800000,3000000,6.67
927231,جوراب زنانه ریبال مدل 24,لباس زنانه,280000,300000,6.67
2717041,کتاب نجوم به زبان ساده اثر مایر دگانی نشر گیتا شناسی,کتاب علوم کاربردی، تکنولوژی و مهندسی,2800000,3000000,6.67
6071872,کرم دور چشم بایو آکوا مدل آبرسان حجم 20 میلی لیتر,مراقبت پوست,700000,750000,6.67
6141871,برچسب طرح اسم و کلاس مدل باب اسفنجی کد 6 بسته 2 عددی,دفتر و کاغذ و مقوا,168000,180000,6.67
7009692,کیف دستی زنانه مدل VL _ 04,اکسسوری زنانه,910000,975000,6.67
4788213,اسپری روغن برنزه کننده باباریا مدل نارگیل حجم 300 میلی لیتر,مراقبت پوست,6300000,6750000,6.67
3769601,اسپری بدن مردانه جانوین مدل adventure حجم 200 میلی لیتر,اسپری,1321600,1416000,6.67
12095996,تونر کامپودرما مدل هیدرامیست حجم 100 میلی لیتر,مراقبت پوست,2800000,3000000,6.67
11965114,شلوار ورزشی مردانه آندر آرمور مدل ED2001-001BLK,لباس مردانه,15400000,16500000,6.67
11965200,شلوار ورزشی مردانه آندر آرمور مدل ED2052-004DBLU,لباس مردانه,16100000,17250000,6.67
12286545,سویشرت دخترانه مدل یک طرف چین t3,دخترانه,2380000,2550000,6.67
12365173, رویه زنانه مدل ژاکارد,لباس زنانه,7000000,7500000,6.67
11793621,رول ضد تعریق فا مدل MJIUYV حجم 40 میلی لیتر,ضد تعریق,1397900,1497700,6.66
9053663,ساختنی فکرچین مدل قلعه رویایی Dream Castle,اسباب بازی,1755000,1880000,6.65
11460093,کتاب زندگی روزمره جهان اسلامی در سده های میانه اثر جیمز لینزی نشر نگاه,کتاب تاریخ و جغرافیا,1973000,2113300,6.64
8276366,بازی فکری مدل راک پیپر ویزارد,اسباب بازی,1410000,1510000,6.62
4918162,پاک کن کنکو مدل MS7 بسته 3 عددی,نوشت افزار,270800,290000,6.62
9058292,لگو سری گیاهان ساکولنت کد  10309,اسباب بازی,42960000,46000000,6.61
10376669,کتاب شما با سم تماس گرفته اید اثر داستین تائو انتشارات دانش آفرین,کتاب شعر و ادبیات,990000,1060000,6.6
10350600,پلیور مردانه پیر کاردین مدل P-BL,لباس مردانه,15470000,16562000,6.59
11146759,ادو پرفیوم مردانه تاپ سکرت مدل black legend حجم 100 میلی لیتر,عطر و ادکلن مردانه,4267900,4569100,6.59
81703,فرمژه جویل-1306,برس‌ها و تجهیزات آرایشی,438100,469000,6.59
9261231,ماسک صورت بایو آکوا مدل خیار وزن 25 گرم بسته 5 عددی,مراقبت پوست,467100,500000,6.58
10038957,دستکش وینیل او پی پرفکت مدل AM-L سایز لارج بسته 100 عددی,دستکش‌های طبی,850000,909900,6.58
8658984,شامپو ضد شوره مو اوه مدل Zinc وزن 400 گرم بسته 2 عددی,شامپو و مراقبت مو,980000,1049000,6.58
7518745,کیف کمری زنانه ساراسا مدل پلنگی کد Br 01,اکسسوری زنانه,1850000,1980000,6.57
9101969,فرفره مدل انفجاری طرح ورد اسپرایزن کد B-172,اسباب بازی,1990000,2130000,6.57
5408501,کیف کمری زنانه مدل ساراسا طرح یونیکورن کد 06,اکسسوری زنانه,1850000,1980000,6.57
3707256,کیف کمری زنانه ساراسا طرح یونیکورن مدل 03,اکسسوری زنانه,1850000,1980000,6.57
4016640,کیف کمری زنانه ساراسا کد CH 01,اکسسوری زنانه,1850000,1980000,6.57
7153325,بازوی رفع خارش بدن مدل 8050,ماساژور,400000,428100,6.56
2186659,شامپو پروتئینه صحت مدل Milk Shampoo حجم 300 میلی لیتر,شامپو و مراقبت مو,448500,480000,6.56
7529791,شلوار زنانه کیکی رایکی مدل BB03494-022,لباس زنانه,1710000,1830000,6.56
11706291,عینک آفتابی اوگا مدل P76097 POLARIZED,اکسسوری زنانه و مردانه,7410000,7930000,6.56
11630569,ژل  بهداشتی بانوان کلیون مدل fresh حجم 300 میلی لیتر,بهداشت و مراقبت بدن,4449000,4761000,6.55
50886,مداد مشکی فابر کاستل مدل گریپ 2001,نوشت افزار,700000,749000,6.54
4462107,ماسک مو دیلمون مدل موهای رنگ شده حجم 400 میلی لیتر,شامپو و مراقبت مو,997300,1067100,6.54
8051693,کیف اداری زنانه مدل دانشجویی DR36,اکسسوری زنانه,2898000,3100000,6.52
8591151,ماساژور برقی بوستر مدل M2 ,ماساژور,70125000,75000000,6.5
11493660,محلول شستشوی بانوان کلیون مدل BL حجم 300 میلی لیتر,بهداشت و مراقبت بدن,4880000,5218800,6.49
2452077,روبیک کیو آی وای آی مدل Warrior EQY503,اسباب بازی,650000,695100,6.49
1471130,چسب دو طرفه نانو مدل 01,لوازم اداری,167400,179000,6.48
12105422,برچسب مدل نام و کلاس طرح بچه رییس و باب اسفنجی بسته 2 عددی,دفتر و کاغذ و مقوا,179000,191400,6.48
8960092,کفش پیاده روی زنانه اسکچرز مدل Go Run کد 13047,کفش زنانه,18325000,19590000,6.46
11270932,چراغ قوه دستی فنیکس مدل E-CP,کوه‌ نوردی و صخره نوردی,59160000,63240000,6.45
2566491,جعبه هدیه مدل T03,دست سازه های هنری,600000,641400,6.45
2932787,بیلچه سفری مدل K010,لوازم کمپینگ,10000000,10687500,6.43
12425214,اکشن فیگور هاسبرو مدل بیبی یودا کد F11195L00,اسباب بازی,49500000,52900000,6.43
3677102,ماشین اصلاح موی صورت وی جی ار مدل V-317,اصلاح موی صورت,5296600,5660000,6.42
9649778,سشوار برس دار حالت دهنده مدل CTQ,سشوار,5980000,6390000,6.42
8844118,ماشین بازی مدل اتوبوس شرکت واحد,اسباب بازی,1301000,1390000,6.4
5520014, رنگ مو سوپرکی شماره 4.20 حجم 145 میلی لیتر رنگ شرابی تیره,آرایش مو,720000,769200,6.4
5087557,ماشین بازی کنترلی ام زد مدل CLIMBING CAR,اسباب بازی,29000000,30980000,6.39
56401,ادو تویلت مردانه Etienne اگنر اگنر Black حجم 125ml,عطر و ادکلن مردانه,15898000,16983000,6.39
551186,کیت رنگ مو گارنیک سری هایلایت -سوپر پلاتینه صدفی شماره 902,آرایش مو,850000,908000,6.39
4394399,ماساژور برقی ریلکس اند تایم مدل spin-110,ماساژور,4400000,4700000,6.38
4291361,ساعت مچی عقربه‌ای مردانه کاسیو مدل EFV-590D-2AVUDF,اکسسوری مردانه,45565000,48666000,6.37
7589653,کفش کوهنوردی مردانه هامتو مدل 3-210337A ,کفش مردانه,23925000,25550000,6.36
6186811,ماشین اصلاح موی سر و صورت براون مدل BT5265,اصلاح موی صورت,29500000,31500000,6.35
12275752, شامپو مو ایوان مدل P01 حجم 250 میلی لیتر مجموعه 2 عددی,شامپو و مراقبت مو,749200,800000,6.35
2690426,اسباب بازی مینی بسکتبال مدل کد 878,اسباب بازی,1685800,1800000,6.34
10670006,جامدادی پانی پو مدل خرگوشی,کیف، کوله و جامدادی,370000,395000,6.33
11720285,قلم مو خرم مدل گرد دسته بلند سمور کد 333 شماره 0,ابزار نقاشی و رنگ آمیزی,1002400,1070000,6.32
12140579,کتاب ماجراهای سوفی موشه زمستان وقت خوابیدن نیست اثر پاپی گرین نشر محراب قلم,کتاب کودک و نوجوان,730000,779200,6.31
82079,محلول تقویت کننده ناخن هیدرودرم مدل 01 حجم 8 میلی لیتر,بهداشت و زیبایی ناخن,908000,969000,6.3
4954096, مداد چشم بارین بیوتی شماره 22,آرایش چشم,459200,490000,6.29
8509535,برچسب مدل هری پاتر طرح اسکرپ بوک مجموعه  2 عددی,دفتر و کاغذ و مقوا,211500,225700,6.29
9095637,تونیک پاک کننده صورت اولاین مدل Tea Tree حجم 225 میلی لیتر,مراقبت پوست,1490000,1590000,6.29
8375963,موم موبر اطلس مدل آلوئه ورا وزن 1000 گرم,لوازم اصلاح مو,2240000,2390000,6.28
10610517,ست شورت و سوتین زنانه مدل گیاهی,لباس زنانه,2390000,2550000,6.27
375806,ادو تویلت مردانه لالیک مدل Ombre Noire حجم 100 میلی لیتر,عطر و ادکلن مردانه,25960000,27695300,6.27
3428185,ادوتویلت مردانه فرانک اولیویر مدل Green Franck حجم 75 میلی لیتر,عطر و ادکلن مردانه,8240000,8790000,6.26
8127242,کفش کالج زنانه سون کالکشن مدل سیدنی کد YL,کفش زنانه,3234000,3450000,6.26
8622170,اسباب بازی شانسی ال او ال سوپرایز مدل Remix Hair Flip کد LLUG8000,اسباب بازی,10780000,11500000,6.26
12073765,مانتو زنانه السانا مدل پرنیا کد 154929,لباس زنانه,8980000,9580000,6.26
12074162,مانتو زنانه السانا مدل پرنیا کد 154980,لباس زنانه,8980000,9580000,6.26
12286298,کفش پیاده روی اسکچرز مدل GO RUN 2023,کفش زنانه و مردانه,15750000,16800000,6.25
12492465,کتاب کارناوال شوم اثر ریچارد دنی انتشارات آوای ماندگار,کتاب کودک و نوجوان,315000,336000,6.25
7937814,ذرت پاپکورنی - 500 گرم,مواد غذایی,525000,560000,6.25
7768224,پیراهن زنانه اسمارا مدل r-99031,لباس زنانه,2550000,2720000,6.25
10088166,نیم بوت مردانه اکو مدل Flexure,کفش مردانه,56175000,59920000,6.25
11588512,کفش پیاده روی مردانه  مدل ULTRA GO GOOD DAY,کفش مردانه,17250000,18400000,6.25
11584011,کفش پیاده روی مردانه  مدل QUANTUM FLEX,کفش مردانه,16500000,17600000,6.25
11276978,شلوارک مردانه لیورجی مدل 328191,لباس مردانه,4500000,4800000,6.25
11492247,تونیک زنانه مدل lnin 004,لباس زنانه,4275000,4560000,6.25
11492330,تونیک زنانه مدل lnin 005,لباس زنانه,4275000,4560000,6.25
3572963,پنل آکوستیک ایران استودیو طرح هرمی کد 200,تجهیزات استودیویی,2430000,2592000,6.25
2830743,دوربین دو چشمی بایگیش مدل 8x30,لوازم کمپینگ,15000000,16000000,6.25
1784731,شانه ضد شپش کد 01,برس‌ها و تجهیزات آرایشی,300000,320000,6.25
208501,ساعت مچی عقربه ای مردانه کاسیو مدل MTP-1239D-1ADF,اکسسوری مردانه,12917000,13778000,6.25
6430457,ساعت مچی عقربه ای زنانه ویولت مدل 04422,اکسسوری زنانه,51870000,55328000,6.25
6389436,دفتر مشق 100 برگ الیپون کد 2391271,دفتر و کاغذ و مقوا,598500,638400,6.25
6389555,دفتر مشق 100 برگ الیپون کد 2391273,دفتر و کاغذ و مقوا,598500,638400,6.25
6774190,شامپو تقویت کننده مو هیرا مدل سیستئین ب 6 حجم 200 میلی لیتر,شامپو و مراقبت مو,1110000,1184000,6.25
4955356,کرم ضد جوش نوتروژینا مدل SIVILCE KARSITI حجم 50 میلی لیتر,مراقبت پوست,2600000,2773000,6.24
9339535,پابند طلا 18 عیار زنانه مانچو مدل Ag009,زیورآلات طلا زنانه,23777400,25358900,6.24
9947753,ساعت مچی عقربه ای زنانه مدل مگنتی,اکسسوری زنانه,918000,979000,6.23
82049,محلول تقویت کننده ناخن هیدرودرم کد 01 حجم 8 میلی لیتر,بهداشت و زیبایی ناخن,1100000,1173100,6.23
11922222,کتاب خفاش دیوانه اثر جین ویلیس انتشارات کانون پرورش فکری کودکان و نوجوانان,کتاب کودک و نوجوان,370000,394600,6.23
2084527,کرم مرطوب کننده و آبرسان آردن بیوتی مدل Ha حجم 50 میلی لیتر,مراقبت پوست,380000,405200,6.22
7629391,افتر شیو ویلکینسون مدل Classic حجم 100 میلی لیتر,لوازم اصلاح مو,890000,949000,6.22
7846857,کرم مرطوب کننده و نرم کننده هیدرودرم مدل Aqua Satin حجم 500 میلی لیتر ,مراقبت پوست,1163000,1240000,6.21
11799187,ژل شستشو صورت هیدرودرم مدل Acne مناسب پوست های چرب حجم 350 میلی لیتر	,مراقبت پوست,1013000,1080000,6.2
82067,نرم کننده فولیکا مخصوص موهای رنگ شده حجم 200 میلی لیتر,شامپو و مراقبت مو,454000,484000,6.2
82076,نرم کننده فولیکا مخصوص موهای خشک و آسیب دیده حجم 200 میلی لیتر,شامپو و مراقبت مو,454000,484000,6.2
82078,کرم پاک کننده آرایش هیدرودرم مدل 01 حجم 200 میلی لیتر,مراقبت پوست,637000,679000,6.19
1974531,آشپزخانه کودک زرین تویز کد m4,اسباب بازی,4313400,4597800,6.19
2327814,کتاب خط خطکی فوتش کن اثر يگانه مرادی لاکه انتشارات محراب قلم,کتاب کودک و نوجوان,300000,319800,6.19
3727096,کتاب قصه های دوستی یک دانه گردو اثر محمدرضا شمس نشر محراب قلم,کتاب کودک و نوجوان,300000,319800,6.19
10128209,ساختنی بافرزندان مدل آجره بساز و بازی کن 21 قطعه,اسباب بازی,1460000,1556400,6.19
12127090,قمقمه مدل نی دار شوتای  گنجایش 0.75 لیتر,ورزش های هوازی و تناسب اندام,2500000,2665000,6.19
11799285,اسپری بدن زنانه هیدرودرم مدل Whitening حجم 150 میلی لیتر,ضد تعریق,713000,760000,6.18
655652,زیرانداز سفری سومریا مدل 400012,لوازم کمپینگ,835000,890000,6.18
11675145,ساعت مچی عقربه ای زنانه اوماکس مدل OOYY010N018,اکسسوری زنانه,17828000,19000000,6.17
12541873,عینک آفتابی مردانه امریکن اوپتیکال مدل Jgfssstu,اکسسوری مردانه,8820000,9400000,6.17
6580840,کتاب The 48 Laws of Power اثر Robert Greene انتشارات پنگوئین,کتاب چاپی غیر فارسی,1135500,1210000,6.16
11334641,محافظ صفحه نمایش شیشه ای سوپرسی مدل SH-SC مناسب برای ساعت هوشمند سامسونگ Galaxy Watch 4 40mm,لوازم جانبی ساعت و مچ بند هوشمند,457500,487500,6.15
12096607,کتاب کدهای انرژی اثر سو مورتر انتشارات کتیبه پارسی,کتاب فلسفه و روانشناسی,1413700,1506300,6.15
11738413,کوله پشتی کراس کوتتسی مدل 14013-SG,لوازم سفر,9809100,10451200,6.14
8456878,شامپو بدن کرمی هیدرودرم مدل Marine Extracts حجم 500 میلی لیتر,بهداشت و مراقبت بدن,596000,635000,6.14
5088315,کتاب قصه های دوستی 6: روزی که مولی پرواز کرد اثر والری گورباچف نشر کتاب چ,کتاب کودک و نوجوان,495600,528000,6.14
3685512,موتر آرمیچر گجت مدل mt_03,اسباب بازی,157600,167900,6.13
2326135,کتاب تق تق تق اثر هدا حدادی انتشارات محراب قلم,کتاب کودک و نوجوان,300000,319600,6.13
10794509,ساعت مچی دیجیتال بچه‌گانه مدل پسر جنگلی,مد و پوشاک دخترانه و پسرانه,563200,600000,6.13
2454505,کرم وازلین مدل BlueSeal حجم 100 میلی لیتر,مراقبت پوست,538000,573000,6.11
1974391,کفش پیاده روی مردانه کد aza001,کفش مردانه,2150000,2290000,6.11
10781507,ماکت ماشین مایستو مدل chevrolet tahoe 2021,اسباب بازی,14460000,15400000,6.1
2206434,پایه سشوار کد 2030,برس‌ها و تجهیزات آرایشی,2160000,2300000,6.09
384302,رژ لب مایع نوت سری Mattemoist شماره 401,آرایش لب,1700000,1810000,6.08
7440055,جوراب مردانه آرین مدل 65 مجموعه 12 عددی,لباس مردانه,2024100,2155000,6.07
9885556,گیره فرم دهنده و کوچک کننده بینی مدل Nose Up,برس‌ها و تجهیزات آرایشی,155000,165000,6.06
11711997,پیش بند نوزادی مدل کاسه ای کد 006 رنگ آبی,نوزاد,1550100,1650100,6.06
80426,کتاب من و کودک من اثر جواد فیض,کتاب علوم کاربردی، تکنولوژی و مهندسی,7426100,7905300,6.06
3666750,قطره چکان کد L-30 بسته 10 عددی,تجهیزات بیمارستانی,930000,990000,6.06
6410307,شلوارک مردانه لیورجی مدل 6410307,لباس مردانه,4908800,5225000,6.05
1657612,کتاب خاما اثر یوسف علیخانی نشر آموت,کتاب شعر و ادبیات,1930000,2054300,6.05
2438720,بازی آموزشی بیگ فان طرح ارگ مدل BF-530A2,اسباب بازی,7276000,7744600,6.05
3648631,نوار بهداشتی بالدار گلریز مدل 01 بسته 10 عددی,بهداشت زنان,280000,298000,6.04
7022463,گردنبند زنانه مدل دوستی کارما بسته 2 عددی,اکسسوری زنانه,507400,540000,6.04
2446647,استند پد آرایشی مدل 002,برس‌ها و تجهیزات آرایشی,219900,234000,6.03
2014463,ژل روشن کننده تینولا بیوتی کد TI03 حجم 200 میلی لیتر,مراقبت پوست,1090000,1160000,6.03
11054498,مایو زنانه کد M1019 رنگ مشکی,لباس زنانه,1691500,1800000,6.03
10532779,پنل آکوستیک ایران استودیو مدل تخم مرغی 100.2,تجهیزات استودیویی,780000,830000,6.02
1523112,محلول پاک کننده آرایش صورت آردن آتوپیا وزن 250 گرم,مراقبت پوست,1659100,1765300,6.02
2989795,کرم ضد آفتاب درمالاین مدل 01 حجم 40 میلی لیتر,مراقبت پوست,1690000,1798000,6.01
2959493,شیرینی سنج کد Brix35,تجهیزات بیمارستانی,1506600,1603000,6.01
5453891,روان نویس مدل هپی دی طرح یونیکورن کد 06547 مجموعه ۱۰ عددی,نوشت افزار,751000,799000,6.01
10816846,کفش پیاده روی مردانه مدل ZX 8000 GR رنگ طوسی,کفش مردانه,4690000,4990000,6.01
7695315,ساعت مچی عقربه‌ای مردانه کاسیو مدل MTP-1375D-7A2,اکسسوری مردانه,22834000,24292000,6.0
4723426,کتاب سیصد و شصت و پنج روز در صحبت مولانا اثر حسین محی الدین الهی قمشه ای انتشارات سخن,کتاب شعر و ادبیات,5640000,6000000,6.0
3216751,شامپو بدن سینره مدل magnolia bloom حجم 250 میلی لیتر ,بهداشت و مراقبت بدن,470000,500000,6.0
2547709,ماسک کودک طرح حیوانات کد 3 بسته 5 عددی,اسباب بازی,938500,998400,6.0
4918171,پاک کن کنکو مدل MS7 بسته 10 عددی,نوشت افزار,543400,578000,5.99
5571473,رنگ مو سوپرکی شماره 7.31 حجم 145 میلی لیتر رنگ بلوند شنی,آرایش مو,846100,900000,5.99
15435,کارت حافظه مخصوص پلی استیشن 2,لوازم جانبی کنسول بازی,2341000,2490000,5.98
10532902,فریم عینک طبی بچگانه مدل Re.POSE31,مد و پوشاک دخترانه و پسرانه,550000,585000,5.98
10532942,فریم عینک طبی بچگانه مدل Re.POSE34,مد و پوشاک دخترانه و پسرانه,550000,585000,5.98
10231797,کتاب بادام اثر ون‌ پیونگ‌سون انتشارات آوای ماندگار,کتاب شعر و ادبیات,378000,402000,5.97
9491880,پازل 42 تکه بافوم طرح حروف و اعداد فارسی مدل فومی ,اسباب بازی,432600,460000,5.96
3684431,چسب مژه مصنوعی جویل مدل B1221 حجم 1 میلی لیتر,آرایش چشم,268000,285000,5.96
462035,تونیک آب هامامیلز کلیون مدل Hamamelis Facial Water حجم 300 میلی لیتر,مراقبت پوست,3480000,3700000,5.95
7811463,گردنبند مدل هری پاتر یادگاران مرگ کد PL-16,اکسسوری زنانه و مردانه,329000,349800,5.95
11629761,کیف رودوشی بی ام دبلیو مدل M57,اکسسوری زنانه و مردانه,22500000,23920000,5.94
11703661,ساعت مچی دیجیتال مردانه کاسیو مدل MWD-110H-8BVDF,اکسسوری مردانه,21169000,22506000,5.94
385137,کرم پودر نوت سری Luminous مدل Moisturizing شماره 12,آرایش صورت,3810000,4050000,5.93
972806,شامپو لازس مدل Damaged &Colored hair حجم 250 میلی لیتر,شامپو و مراقبت مو,430000,457100,5.93
5190086,ست ماشین اصلاح موی صورت و بدن وی جی ار مدل V-102,اصلاح موی صورت,9690000,10300000,5.92
6170162,فیلتر دستگاه تصفیه کننده آب آکوا پیورست مدل پست کربن و مینرال قلیایی مجموعه 3 عددی,سلامت محیط,1590000,1690000,5.92
9432981,تی شرت آستین کوتاه مردانه ایزی دو مدل 218126101,لباس مردانه,1590000,1690000,5.92
9210772,تی شرت اورسایز آستین کوتاه مردانه ایزی دو مدل 218125399,لباس مردانه,1590000,1690000,5.92
9610655,قفسه مدل سه طبقه کد i5017,دست سازه های هنری,1590000,1690000,5.92
5525525,رنگ مو سوپرکی شماره 6.2 حجم 145 میلی لیتر رنگ بلوند زیتونی تیره,آرایش مو,676700,719200,5.91
6746327,کفش روزمره زنانه مدل Fashion سه چسب M.D,کفش زنانه,2800000,2976000,5.91
2464489,کتاب قصه های شب برای مدیران اثر هنری مینتزبرگ نشر میلکان,کتاب علوم اجتماعی,584400,621100,5.91
554600,اسباب بازی پله برقی پنگوئن مدلFunny Penguin,اسباب بازی,3030000,3220000,5.9
5465073,ادو پرفیوم چوگان مدل LES PRINCES DU POLO حجم 100 میلی لیتر,عطر و ادکلن مردانه و زنانه,36700000,39000000,5.9
11174354,شلوار جین زنانه جوتی جینز مدل جذب کد 806,لباس زنانه,9590000,10190000,5.89
11126296,ساعت مچی عقربه ای زنانه مایکل کورس مدل MK5354,اکسسوری زنانه,101600000,107950000,5.88
11807158,پیراهن زنانه آپ تو فشن مدل ER20,لباس زنانه,5520000,5865000,5.88
10355753,زیرپوش مردانه لیورجی مدل Nj2022,لباس مردانه,2400000,2550000,5.88
7821246,کفش طبیعت گردی مردانه آی-رانر مدل K2102 F8,کفش مردانه,13200000,14025000,5.88
8479724,پایه شارژر دسته بازی PS-4 مدل KJH-PS4-27,لوازم جانبی کنسول بازی,3456000,3672000,5.88
8276192,پیراهن زنانه دیزنی مدل H123,لباس زنانه,4000000,4250000,5.88
8261206,ساعت مچی عقربه ای زنانه گواردو مدل GUA011148-5,اکسسوری زنانه,15520000,16490000,5.88
6887686,پیراهن مردانه واتسونز مدل 400570,لباس مردانه,8000000,8500000,5.88
7130205,عطر جیبی مردانه برندینی مدل Coral حجم 33 میلی لیتر,عطر جیبی,2232000,2371500,5.88
5314453,دفتر طراحی 50 برگ هنر طرح برج ایفل کد 3001,دفتر و کاغذ و مقوا,611800,650000,5.88
3643507,ساعت مچی عقربه‌ای مردانه نیوی فورس مدل NF9089M,اکسسوری مردانه,16000000,17000000,5.88
1725059,کتاب شرورترین دختر مدرسه مبصر می شود اثر انید بلایتون نشر کتاب چ,کتاب شعر و ادبیات,303900,322900,5.88
11930335,ست تی شرت و شلوارک دخترانه نیروان مدل 2315 -1,دخترانه,2624000,2788000,5.88
11930376,ست تی شرت و شلوارک دخترانه نیروان مدل 2315 -2,دخترانه,2624000,2788000,5.88
12321452,زانو بند طبی اسپنکو ژل مدل ژله ای,ساپورت های طبی,2000000,2125000,5.88
12132087,دستگاه بخور سرد مدل salt lamp aroma diffuser,دستگاه بخور و رطوبت ساز,6636700,7050200,5.87
6909084,کمربند مردانه مدل NU-00627,اکسسوری مردانه,1250000,1328000,5.87
4151909,ماگ سفری طرح Coffee Cup مدل TM-CCP-500 ظرفیت 0.5 لیتر,لوازم کمپینگ,2250000,2390000,5.86
5409570,ماسک مو آروال مدل پلکس کد No.01 حجم 12 میلی لیتر به همراه ماسک مو مدل No.02 حجم 16 میلی لیتر,شامپو و مراقبت مو,1111100,1180000,5.84
6556217,هدست گیمینگ ایکس باکس مدل Wireless Headset,لوازم جانبی کنسول بازی,58900000,62550000,5.84
6983406,دانه چیا مفيدا - 510 گرم,مواد غذایی,1869500,1985400,5.84
11729261,بازی آموزشی ریاضی مدل چرتکه بازی آموز,اسباب بازی,266000,282500,5.84
10973520,موتور بازی مدل عقب کش طرح وسپا کد Box-207,اسباب بازی,1130000,1200000,5.83
11775387,اسپری تثبیت کننده آرایش شگلم مدل Press Refresh حجم 55 میلی لیتر,آرایش صورت,4737400,5030000,5.82
7707536,شال زنانه آر اِن اِس مدل 11211230-59,اکسسوری زنانه,1213000,1288000,5.82
6678699,اسباب بازی مدل چرخ و فلک کد ck129,اسباب بازی,890000,945000,5.82
548226,کیت رنگ مو گارنیک سری عسلی - عسلی روشن شماره 8.54,آرایش مو,890000,945000,5.82
2043709,کتاب اعتراف اثر کالین هوور انتشارات نیک فرجام,کتاب شعر و ادبیات,600000,637000,5.81
11307589,بازی فکری مدل آزول طرح اقامتگاه تابستانی,اسباب بازی,4050000,4300000,5.81
11570154,صندل زنانه نیکتا مدل پاپیون کد 708KLBS,کفش زنانه,3250000,3450000,5.8
10932437,کت زنانه جوتی جینز کد 105,لباس زنانه,12990000,13790000,5.8
10433010,دستبند زنانه مدل گندمی کد JW438 ,اکسسوری زنانه,650000,690000,5.8
9960862,ست ساعت مچی عقربه ای زنانه و مردانه  مدل دیت جاست,اکسسوری زنانه و مردانه,5632500,5979200,5.8
7751967,زنجیر نقره مردانه مانچو مدل sf6008,اکسسوری مردانه,61200000,64961800,5.79
11399495,چراغ روشنایی دیپ کینگ مدل DK-6812,لوازم کمپینگ,2100000,2229000,5.79
3842803,اسباب بازی بسکتبال 707 گیمز مدل 707-17,اسباب بازی,797100,846000,5.78
9928511,کیف دوشی زنانه چرم یلسان مدل آندیا کد 1-AND-101-GN,اکسسوری زنانه,10021000,10635000,5.77
8352070,زیر انداز یوگا الکس مدل 2022 ضخامت 6 میلی متر,لوازم کمپینگ,6550000,6950000,5.76
11714127,ادو پرفیوم زنانه وودی سنس مدل کوکو مادمازل حجم 100 میلی لیتر ,عطر و ادکلن زنانه,1310000,1390000,5.76
4163728,کرم مرطوب کننده راسن مدل زینک اکساید حجم 50 میلی لیتر,مراقبت پوست,440000,466900,5.76
6465299,گهواره برقی نوزاد ماستلا کد 8106,گهواره,49900000,52950000,5.76
42956,ساعت مچی عقربه ای مردانه کاسیو MTP-1381L-7AVDF,اکسسوری مردانه,17254000,18309000,5.76
11045049,بازی فکری مدل پرونده جنایی اکران خونین,اسباب بازی,999000,1060000,5.75
11410896,نیم تنه زنانه شین مدل sf2110168452600547,لباس زنانه,8500000,9018000,5.74
101462,تراش فابر کاستل مدل بیضی - بسته 4 عددی,نوشت افزار,697500,740000,5.74
5525524, رنگ مو سوپرکی شماره 6.1 حجم 145 میلی لیتر رنگ بلوند دودی تیره,آرایش مو,458100,486000,5.74
296361,ساعت مچی عقربه ای مردانه کاسیو مدل AEQ-100W-1AVDF,اکسسوری مردانه,16838000,17862000,5.73
1023420,رنگ مو دوماسی سری کافی شاپ مدل تافی شماره 7.47 حجم 120 میلی لیتر رنگ کاپوچینو,آرایش مو,658000,698000,5.73
1901307,ساعت مچی عقربه ای مردانه کاسیو کد AEQ-110W-1A2VDF,اکسسوری مردانه,16838000,17862000,5.73
2864984,عروسک طرح خرگوش مهربون ارتفاع 45 سانتی متر,اسباب بازی,1385700,1470000,5.73
488516,کفی طبی فوت کر مدل I-043 سایز 35-41,ابزار مراقبت پا,1980000,2100000,5.71
6802732,عروسک طرح خرس کد 012 ارتفاع 630 سانتی متر,اسباب بازی,3300000,3500000,5.71
11903196,زیر پایه مبل مدل مربع کد 2020 بسته 4 عددی,لوازم جانبی فرش و ابزار فرش,330000,350000,5.71
10335985,کفش پیاده روی مدل اسپرت کد Gy-99000,کفش زنانه و مردانه,3300000,3500000,5.71
9197593,تی شرت آستین کوتاه زنانه نیزل مدل P032001046020290-046,لباس زنانه,990000,1050000,5.71
12045882,صندل پسرانه نیکتا مدل YٌW.3212,پسرانه,1650000,1750000,5.71
11690847,ماشین بازی کنترلی ام زد مدل TongLi 1:10,اسباب بازی,28982900,30732100,5.69
3475735,تیر تفنگ ترقه ای گلدن گان مدل naabsell96 بسته 12 عددی,اسباب بازی,518700,550000,5.69
10638932,تی شرت آستین کوتاه ورزشی مردانه نوزده نودیک مدل TS1962 W,لباس مردانه,2990000,3170000,5.68
745924,ابزار شوخی مدل انگشتر آب پاش,اسباب بازی,153000,162200,5.67
12388823,کوله پشتی 60 لیتری فوروارد کد FCLT8039 ARBAYIN,لوازم سفر,4990000,5290000,5.67
2298308,دستبند مسی طرح دو رنگ نازک سایز L,اکسسوری زنانه,500000,530000,5.66
2322323,ماسک صورت رینو زیت مدل Black mask carbon active حجم 75 میلی لیتر,مراقبت پوست,500000,530000,5.66
11050408,ماشین اصلاح موی سر و صورت انزو مدل 1410,اصلاح موی صورت,6500000,6890000,5.66
10522280,کرم پودر اسمش باکس مدل Stuio Skin شماره 2.2 حجم 30 میلی لیتر,آرایش صورت,15990000,16950000,5.66
11637377,ساعت مچی دیجیتال مردانه کاسیو مدل WS-1500H-2AVDF,اکسسوری مردانه,15672000,16612000,5.66
11717433,خمیر بازی مدل کلی مجموعه 12 عددی,اسباب بازی,500000,530000,5.66
11255046,خمير دندان فوراور لیوینگ پروداکتس مدل آلوئه ورا و بره موم وزن 130 گرم,بهداشت دهان و دندان,3670000,3890000,5.66
8480417,لگو مدل LEGO Classic Bricks and Functions 11019,اسباب بازی,21700000,23000000,5.65
7117032,سشوار حرفه ای فیلیپس مدل bhd 340,سشوار,11700000,12400000,5.65
9789374,میکروفن بی سیم مدل JSSEVN lightening,لوازم جانبی آلات موسیقی,5700000,6040000,5.63
12417571,سرم سفت کننده و لیفتینگ گاتیو مدل کلاژن سازی حجم 30 میلی لیتر,مراقبت پوست,4129100,4375400,5.63
12083372,شامپو بدن دورو مدل Avokado Dus Jeli حجم 450 میلی لیتر,بهداشت و مراقبت بدن,1297100,1374300,5.62
9825459,دستبند زنانه مدل دولاین سکه 017,اکسسوری زنانه,457200,484400,5.62
2328448,ساعت مچی دیجیتال مردانه کاسیو مدل HDC-700-3A3VDF,اکسسوری مردانه,17338000,18370000,5.62
2048474,ساعت مچی عقربه ای مردانه کاسیو مدل MTP-1381G-1AVDF ,اکسسوری مردانه,22001000,23311000,5.62
3578808,پنل آکوستیک ایران استودیو مدل فلکسی Wi_50,تجهیزات استودیویی,1369200,1450700,5.62
3211362,ساعت مچی دیجیتال مردانه کاسیو مدل DW-291H-1AVDF,اکسسوری مردانه,17671000,18723000,5.62
3211796,ساعت مچی دیجیتال مردانه کاسیو مدل DW-291H-1BVDF,اکسسوری مردانه,17671000,18723000,5.62
656890,ساعت مچی عقربه ای مردانه کاسیو مدل MTP-1381D-7AVDF,اکسسوری مردانه,18170000,19252000,5.62
296739,ساعت مچی عقربه ای مردانه کاسیو مدل AQ-S810W-8AVDF,اکسسوری مردانه,23001000,24370000,5.62
653896,ادوتویلت مردانه کریشن لامیس مدل پیور بلک حجم 100 میلی لیتر,عطر و ادکلن مردانه,1850000,1960000,5.61
9119608,ماشین اصلاح موی سر و صورت وال پروفشنال مدل دیتیلر کد 5star,اصلاح موی صورت,50500000,53500000,5.61
7884606,دستگاه فشارسنج امرن مدل M7,فشارسنج,46590000,49360000,5.61
9394467,ادو پرفیوم زنانه اسمارت کالکشن مدل Tom Ford Bitter Peach 612 حجم 100 میلی لیتر,عطر و ادکلن زنانه,2109600,2234800,5.6
10482880,یویو کد 1,اسباب بازی,1211600,1283500,5.6
2941559,کتاب عملیات سری کشک اثر راینر ماریا شرودر انتشارات پرتقال,کتاب شعر و ادبیات,236000,250000,5.6
157431,کالسکه اسباب‌بازی بیبی‌لند مدل 80218,اسباب بازی,1350000,1430000,5.59
6392121,ادو پرفیوم زنانه اسمارت کالکشن مدل CH Women 301 حجم 100 میلی لیتر,عطر و ادکلن زنانه,2171700,2300000,5.58
3279416,شلوارک مردانه کد 00188,لباس مردانه,1086000,1150000,5.57
9480170,نوار بهداشتی گلریز مدل A10 سایز بزرگ مجموعه 2 عددی,بهداشت زنان,480000,508300,5.57
9188984,ساک سفری مدل فوق بزرگ S246,لوازم سفر,1615000,1710000,5.56
8766759,مانتو زنانه مدل آرشیناز کد 528,لباس زنانه,5525000,5850000,5.56
10791384,کیف پول مردانه شیفر مدل 8014A01,اکسسوری مردانه,6502500,6885000,5.56
11891720,کفش پیاده روی مردانه پیک مدل EW2207H کد 03,کفش مردانه,28041500,29691000,5.56
11544094,بلوز آستین کوتاه زنانه مدل WB217,لباس زنانه,2635000,2790000,5.56
690115,کلاه کپ واته مدل NY-16,اکسسوری مردانه,850000,900000,5.56
7050179,عطر جیبی مردانه برندینی مدل Viking حجم 33 میلی لیتر,عطر جیبی,2201500,2331000,5.56
12045421,کفش روزمره زنانه برشکا مدل 498/061/202,کفش زنانه,29750000,31500000,5.56
12105060,کاپشن کوهنوردی زنانه کریویت مدل 2023,لباس زنانه,13430000,14220000,5.56
3150491,ساعت مچی عقربه ای مردانه اسکمی مدل 1391GH-NP,اکسسوری مردانه,9500000,10058300,5.55
10844183,چراغ پیشانی مدل Pozlle Sensor Outdoor,کوه‌ نوردی و صخره نوردی,1650000,1747000,5.55
6432204,ادو پرفیوم زنانه الحمبرا مدل B.A.D حجم 100 میلی لیتر,عطر و ادکلن زنانه,5000000,5293400,5.54
10769814,عطر جیبی مردانه مدیا مدل Terre D Hermes حجم 35 میلی لیتر,عطر جیبی,495000,524000,5.53
10754340,ساعت مچی عقربه ای زنانه اوماکس مدل OOYY006N018,اکسسوری زنانه,13322000,14100000,5.52
7529811,شلوار زنانه کیکی رایکی مدل BB03494-009,لباس زنانه,1710000,1810000,5.52
550851,خود تراش بیک مدل Flex 4 Comfort بسته 3 عددی,لوازم اصلاح مو,2740000,2900000,5.52
2618080,دستمال مرطوب کودک بانیو مدل a22 بسته 120 عددی,لوازم تعویض,447500,473600,5.51
6484116,رنگ مو کاترومر شماره N5 حجم 100 میلی لیتر رنگ بلوند تیره,آرایش مو,538000,569400,5.51
11529067,برق لب مایع مجیک مدل دوقلو هلو کد s18,آرایش لب,378000,400000,5.5
11056608,پاپوش نوزادی مکس مدل فانتزی 2023,نوزاد,3312000,3504000,5.48
10339333,گوشواره زنانه سیکس مدل 2022,اکسسوری زنانه,690000,730000,5.48
7110675,کرم آبرسان کاسمکولوژی مدل کلاژن حجم 50 میلی لیتر,مراقبت پوست,690000,730000,5.48
4118989,شامپو مو ایو روشه مدل موهای رنگ شده حجم 300 میلی لیتر,شامپو و مراقبت مو,5600000,5924400,5.48
2366711,خودکار پرشیا مدل لیان کد UD 0.7 بسته 10 عددی ,نوشت افزار,398600,421700,5.48
2278428,کاغذ یادداشت کد 001 مجموعه 240 عددی,دفتر و کاغذ و مقوا,345000,365000,5.48
10574352,کرم ضد آفتاب دکتر ژیلا مدل Invisible حجم 50 میلی لیتر,مراقبت پوست,1900000,2010000,5.47
148168,شامپو مو و بدن هیدرودرم مدل Lady وزن 200 گرم,شامپو و مراقبت مو,398000,421000,5.46
11945716,پیراهن آستین بلند مردانه مدل 259,لباس مردانه,5190000,5490000,5.46
12415773,چاقوی سفری ریمی کد GB6002,لوازم کمپینگ,1560000,1650000,5.45
4806028,کرم دور چشم لورآل سری لیزر مدل ضد چروک حجم 15 میلی لیتر,مراقبت پوست,9880000,10450000,5.45
7262698,کیسه آب گرم یونیک مدل 001,پد و کیسه آب گرم,1560000,1650000,5.45
5748388,عینک آفتابی بی ام دبلیو مدل B83041,اکسسوری زنانه و مردانه,98800000,104500000,5.45
11697720,پیراهن آستین بلند مردانه لیورجی مدل کژوال کد BLK322971 ,لباس مردانه,4680000,4950000,5.45
9054008,کوله پشتی کوهنوردی 35 ليتری پکینیو مدل Phnix,لوازم سفر,31200000,33000000,5.45
9680128,اکشن فیگور کد 1002 مدل اونجرز  بسته 6 عددی,اسباب بازی,8500000,8990000,5.45
10077894,ادو پرفیوم زنانه رودیر پلاس مدل MARTINI حجم 100 میلی لیتر,عطر و ادکلن زنانه,3300000,3490000,5.44
9396607,فلاسک مدل 20 گنجایش 0.5 لیتر به همراه لیوان سفری مجموعه 3 عددی,لوازم کمپینگ,2940000,3109200,5.44
10100593,روان نویس مدل پاکن دار طرح خوک,نوشت افزار,330000,349000,5.44
2186517,دمپایی مردانه نسیم مدل پرهام کد 4909,کفش مردانه,1169100,1236400,5.44
10489536,دستبند طلا 18 عیار زنانه طلای مستجابی  مدل گل کد 18,زیورآلات طلا زنانه,64858500,68580000,5.43
10950957,کراپ‌تاپ زنانه مدل یقه هلال,لباس زنانه,1220000,1290000,5.43
9889113,کتاب کتابخانه ارواح اثر ریچارد دنی انتشارات امام عصر,کتاب کودک و نوجوان,279000,295000,5.42
7987136,روان نویس سی کلاس مدل Moreno بسته 5 عددی,نوشت افزار,700000,740000,5.41
11697873,پیراهن آستین بلند مردانه لیورجی مدل جین یقه ایستاده کد BJe2023,لباس مردانه,6650000,7030000,5.41
11719425,شلوار زنانه مدل بگ زیپی کد B,لباس زنانه,2800000,2960000,5.41
11734915,پیراهن آستین بلند مردانه لیورجی کد Rcolar2023,لباس مردانه,7700000,8140000,5.41
313047,سوزن قلم انسولین پیک سلوشن 4 میلی متر 100 عددی,لوازم جانبی تست قند خون,3500000,3700000,5.41
323760,چراغ پیشانی اسمال سان مدل R6,کوه‌ نوردی و صخره نوردی,3500000,3700000,5.41
12327685,کفش پیاده روی مردانه اسکچرز مدل SKECH-AIR,کفش مردانه,15330000,16206000,5.41
12341834,کفش پیاده روی مردانه اسکچرز مدل SKECH-AIR,کفش مردانه,15330000,16206000,5.41
12075148,جاکلیدی مدل دزدان دریایی کارائیب,اکسسوری زنانه و مردانه,840000,888000,5.41
12291711,پیراهن دخترانه مکث مدل 011 رنگ فسفری,دخترانه,8960000,9472000,5.41
12234074,کوله پشتی دخترانه زوی زویی مدل Sweetheart Kitty کد B18-B,دخترانه,27300000,28860000,5.41
4311680,کفش مخصوص دویدن مردانه هامتو مدل 110591a-2,کفش مردانه,22704000,24000000,5.4
8743971,ادو پرفیوم فراگرنس ورد مدل Barakkat Aqua Crystal حجم 100 میلی لیتر,عطر و ادکلن مردانه و زنانه,4158700,4395600,5.39
8744645,اتو مو بابیلیس پرو مدل BAB3000EPSDE,اتو و حالت دهنده ی مو,44000000,46500000,5.38
11705021,اسپری بدن زنانه آلبرتا مدل Victoria&amp;#39;s Secret-BOMBSHELL حجم 200 میلی لیتر,اسپری,369000,390000,5.38
6021763,جامدادی طرح یونیکورن مدل PSA060804,کیف، کوله و جامدادی,264000,279000,5.38
485425,ماسک مو دو فاز کریستال مدل Macadamia Oil حجم 250 میلی لیتر,شامپو و مراقبت مو,934500,987600,5.38
2997920,آویز گردنبند مردانه طرح سیمرغ کد JW80,اکسسوری مردانه,880000,930000,5.38
9798434,تیپ کاشت ناخن ان بی آی مدل professional بسته 500 عددی,بهداشت و زیبایی ناخن,3150000,3328800,5.37
12238967,دمپایی زنانه مدل طبی دوختی کد Bk-90002,کفش زنانه,1590000,1680000,5.36
12327285,فیگور مدل شب نقاب طرح پی جی مکس مجموعه 6 عددی,اسباب بازی,4250000,4490000,5.35
11163327,نیم ست مردانه زتوس مدل زنجیری دوبل کد 682NSM,اکسسوری مردانه,504500,533000,5.35
3833411,کلاه مدل لئونی کد 1001,اکسسوری زنانه و مردانه,407000,430000,5.35
4841511,شامپو مو آقایان کامان مدل Increase حجم 410 میلی لیتر ,شامپو و مراقبت مو,937000,990000,5.35
4841512,شامپو مو آقایان کامان مدل Fresh Sense حجم 410 میلی لیتر ,شامپو و مراقبت مو,937000,990000,5.35
7780875,کرم پودر لاکچری کوین شماره 551 حجم 30 میلی لیتر,آرایش صورت,3909500,4130000,5.34
7529037,شلوار مردانه کیکی رایکی مدل MBB03491-098,لباس مردانه,2660000,2810000,5.34
7413839,اسباب بازی ارگ بیگفان مدل BF-430A2,اسباب بازی,6200000,6550000,5.34
5805979,اسپری بدن مردانه رودیر مدل SA حجم 200 میلی لیتر مجموعه 2 عددی,اسپری,1599800,1689800,5.33
5571475,رنگ مو سوپرکی شماره 7.34 حجم 145 میلی لیتر رنگ عسلی,آرایش مو,593900,627300,5.32
3823660,کتاب یه روز خیلی خیلی شاد برای شیمو مهمون می آد اثر لوسی کازینس انتشارات پنجره,کتاب کودک و نوجوان,352400,372200,5.32
82099,بالم لب ضد آفتاب هیدرودرم مدل SPF40 وزن 4.5 گرم ,آرایش لب,446000,471000,5.31
7778718,کمربند مردانه مدل تاکتیکال 77,اکسسوری مردانه,2320000,2450000,5.31
11209646,ژل شستشو صورت سیمپل مدل دیلی اسکین دتاکس حجم 150 میلی لیتر ,مراقبت پوست,2085000,2201800,5.3
11579745,ست تی شرت و شلوارک دخترانه ناربن مدل 1521469_6066 رنگ طوسی,دخترانه,2510000,2650000,5.28
82111,بالم لب هیدرودرم مدل 01,آرایش لب,466000,492000,5.28
3514210,شامپو مو کامان مدل Total 5 in 1 حجم 400 میلی لیتر ,شامپو و مراقبت مو,1650000,1742000,5.28
2076030,شامپو حجم دهنده و ضخیم کننده مو هیدرودرم مدل Collagen KT حجم 400 میلی لیتر,شامپو و مراقبت مو,773000,816000,5.27
2075668,شامپو براق کننده هیدرودرم مدل Ginkgo Biloba حجم 400 میلی لیتر,شامپو و مراقبت مو,773000,816000,5.27
946563,ساعت مچی عقربه ای مردانه آبی یو مدل P4-62,اکسسوری مردانه,1798000,1898000,5.27
12470849,مجموعه دو عددی چمدان مدل H25,لوازم سفر,17990000,18990000,5.27
12419374,کتاب معجزه شکرگزاری  اثر راندا برن انتشارات اردیبهشت,کتاب فلسفه و روانشناسی,859100,906800,5.26
12587632,فلاسک مدل sus 304 گنجایش 0.6 لیتر,لوازم کمپینگ,4725000,4987500,5.26
12178088,صندل مردانه هامتو مدل 740093A-1,کفش مردانه,16650000,17575000,5.26
11990563,سرهمی زنانه مدل شنلی تابستانی رنگ مشکی ,لباس زنانه,7083000,7476500,5.26
1012160,زیرپوش مردانه آریان نخ باف کد 1212-6,لباس مردانه,1260000,1330000,5.26
1012290,زیرپوش مردانه آریان نخ باف کد 1212-2,لباس مردانه,1260000,1330000,5.26
1012711,زیرپوش مردانه آریان نخ باف کد 1112-9,لباس مردانه,1080000,1140000,5.26
1012714,زیرپوش مردانه آریان نخ باف کد 1112-6,لباس مردانه,1080000,1140000,5.26
691154,شورت مردانه آریان نخ باف کد 1312 مجموعه 3 عددی,لباس مردانه,2295000,2422500,5.26
712632,زیرپوش مردانه کد 1547,لباس مردانه,1080000,1140000,5.26
1031582,تیشرت آستین کوتاه مردانه آریان نخ باف کد 1-1812,لباس مردانه,1980000,2090000,5.26
448025,شلوار زنانه راسته فیت مدل 213,لباس زنانه,3690000,3895000,5.26
2075849,شامپو مو هیدرودرم مدل Milk and Honey حجم 400 میلی لیتر,شامپو و مراقبت مو,773000,815900,5.26
1949068,زیرپوش مردانه آریان نخ باف کد 1175 بسته سه عددی,لباس مردانه,3375000,3562500,5.26
1844102,سوتین زنانه کد AT08 رنگ قرمز,لباس زنانه,756000,798000,5.26
2257898,زیرپوش رکابی مردانه آریان نخ باف مدل 1112 مجموعه 3 عددی,لباس مردانه,3240000,3420000,5.26
2818307,پیراهن زنانه اچ اند ام مدل F1-16588,لباس زنانه,6480000,6840000,5.26
4078037,ساعت مچی عقربه‌ای مردانه اسکمی مدل 1189,اکسسوری مردانه,4500000,4750000,5.26
4858658,تیشرت آستین کوتاه مردانه آریان نخ باف مدل 1812,لباس مردانه,1980000,2090000,5.26
5890812,کتاب از نواختن گیتار لذت ببرید  انتشارات اهورا کرباسی جلد 1,کتاب هنر و سرگرمی,1800000,1900000,5.26
6431638, نگهدارنده پیراهن مردانه سی اچ آر کد HE096BK بسته 2 عددی,لباس مردانه,2160000,2280000,5.26
6278467,چراغ قوه مدل YT-81016,کوه‌ نوردی و صخره نوردی,1530000,1615000,5.26
6828354,زیرپوش آستین دار مردانه آریان نخ باف مدل 1212,لباس مردانه,1260000,1330000,5.26
6902133,ست تی شرت و شلوار مردانه آریان نخ باف مدل 1694,لباس مردانه,5175000,5462500,5.26
6903643,ست شورت و زیرپوش مردانه آریان نخ باف مدل 1612,لباس مردانه,1980000,2090000,5.26
6763914,زیرپوش مردانه آریان نخ باف مدل 1112,لباس مردانه,1080000,1140000,5.26
6609729,شامپو مو ایروکس مدل بیوتین پلاس حجم 200 میلی لیتر به همراه شامپو بدن ایروکس مدل ایمول حجم 200 میلی لیتر,شامپو و مراقبت مو,1080000,1140000,5.26
11500388,نیم تنه زنانه زانتوس مدل 141656 رنگ کرم,لباس زنانه,2340000,2470000,5.26
11789818,پیراهن آستین بلند مردانه پایتی جامه مدل کتان کش کد 11789818,لباس مردانه,9000000,9500000,5.26
11073023,پیراهن ساحلی زنانه مدل تابستانی رنگ سبز,لباس زنانه,5373000,5671500,5.26
11073120,پیراهن ساحلی زنانه مدل تابستانی رنگ کالباسی ,لباس زنانه,5373000,5671500,5.26
11073934,ست تاپ و شلوارک زنانه مدل تابستانه رنگ صورتی ,لباس زنانه,4473000,4721500,5.26
11093599,پیراهن زنانه مدل تابستانی رنگ صورتی ,لباس زنانه,5175000,5462500,5.26
11091903,سرهمی زنانه مدل cadenza رنگ سبز ,لباس زنانه,5373000,5671500,5.26
10753499,شورت زنانه مدل sa2022,لباس زنانه,450000,475000,5.26
10830152,جوراب مردانه آریان نخ باف مدل 5122 بسته ساده 6 عددی,لباس مردانه,1701000,1795500,5.26
7868398,موتور کواد کوپتر مدل کورلس 7x20 بسته 2 عددی,اسباب بازی,1440000,1520000,5.26
8107590,تی شرت آستین کوتاه مردانه آریان نخ باف مدل 1811,لباس مردانه,1980000,2090000,5.26
8785773,عروسک مدل خرس مستربین ارتفاع 30 سانتی متر,اسباب بازی,900000,950000,5.26
8559141,تی شرت آستین بلند مردانه آریان نخ باف مدل 1855,لباس مردانه,2790000,2945000,5.26
8559238,تی شرت آستین بلند مردانه آریان نخ باف مدل 1855,لباس مردانه,2790000,2945000,5.26
8651159,جوراب مردانه آریان نخ باف مدل 5121 مجموعه 4 عددی,لباس مردانه,1224000,1292000,5.26
8506736,ست تی شرت و شلوارک مردانه آریان نخ باف مدل 1711,لباس مردانه,4050000,4275000,5.26
8408452,تی شرت آستین کوتاه زنانه آریان نخ باف مدل 2261,لباس زنانه,1170000,1235000,5.26
9657698,کوله پشتی کوهنوردی 55 لیتری مدل Future,لوازم سفر,13230000,13965000,5.26
9837333,ست هودی و شلوار زنانه مدل پشمی دورو خرسی,لباس زنانه,7623000,8046500,5.26
9837439,پالتو دخترانه مدل پشمی انیمه کره ای ,دخترانه,6066000,6403000,5.26
9998288,هودی زنانه مدل classic,لباس زنانه,5787000,6108500,5.26
8456944,شامپو بدن کرمی هیدرودرم مدل Oud حجم 500 میلی لیتر,بهداشت و مراقبت بدن,596000,629000,5.25
11858917,اکشن فیگور نکا مدل گاد اف وار 3 طرح کریتوس Kratos Ghost of Sparta,اسباب بازی,16960000,17900000,5.25
4563272,ماسک مو فولیکا مدل Oat Extract حجم 200 میلی لیتر,شامپو و مراقبت مو,830000,876000,5.25
3711594,اسپری بدن زنانه هیدرودرم مدل Ocean Mist حجم 200 میلی لیتر,اسپری,1082000,1142000,5.25
6779692,کتاب کارخانه های مرگ جنگ بیولوژیک ژاپن 1932 تا 1945 و لاپوشانی آمریکا اثر شلدون اچ هریس انتشارات گویا,کتاب تاریخ و جغرافیا,1990000,2100000,5.24
9220611,کیف کمری مردانه مدل DL-59,اکسسوری مردانه,1990000,2100000,5.24
12290540,گوش پاک کن گل ارکیده خراسان مدل cotton swabs بسته 100 عددی,بهداشت و مراقبت بدن,199000,210000,5.24
2642257,کمربند طبی طب و صنعت مدل 53200,ساپورت های طبی,2900000,3060000,5.23
1459810,مداد ابرو گلدن رز مدل Dream شماره 308,آرایش ابرو,805600,850000,5.22
144099,کرم ضد آفتاب رنگی هیدرودرم SPF60 مدل Phisical Tinted ‌مناسب پوست‌های حساس حجم 50 میلی‌لیتر,مراقبت پوست,1274000,1344000,5.21
5979318,آب پاک کننده آرایش صورت نوتروژینا مدل Skin Detox حجم 400 میلی لیتر,مراقبت پوست,2010000,2120000,5.19
11799287,اسپری بدن زنانه هیدرودرم مدل Sport Mode حجم 150 میلی لیتر,ضد تعریق,713000,752000,5.19
11529806,پرایمر جومتام مدل مرواریدی حجم 30 میلی لیتر,آرایش صورت,1280000,1350000,5.19
11890799,ژل ابرو زوپینی مدل سوپر,آرایش ابرو,1100000,1160000,5.17
10482108,فریم عینک طبی بچگانه مدل FH1001.3AB,مد و پوشاک دخترانه و پسرانه,550000,580000,5.17
10463589,فریم عینک طبی بچگانه مدل FH10011,مد و پوشاک دخترانه و پسرانه,550000,580000,5.17
10529228,کفش طبیعت گردی سارزی مدل H.A.M.T.O_Kh.a.k.i,کفش زنانه و مردانه,4290000,4524000,5.17
4073414,کتاب شرح جامع حقوق جزای عمومی اثر دکتر بهزاد ستاری نشر ارشد,کتاب علوم اجتماعی,2368400,2497500,5.17
4322618,کتاب گسسته و آمار و احتمال جامع کنکور لقمه طلایی اثر مسعود طایفه انتشارات مهروماه,کتاب درسی، کمک‌درسی و آزمون,550000,580000,5.17
82178,کرم رفع خستگی پا هیدرودرم لیدی حجم 100 میلی لیتر ,مراقبت پوست,716000,755000,5.17
769790,رنگ مو مارال سری طبیعی مدل مشکی شماره 1.0,آرایش مو,347600,366500,5.16
4678933,اکلیل ناخن مدل PRO1,بهداشت و زیبایی ناخن,180000,189800,5.16
10064301,روبیک کای وای مدل QIYUAN 4,اسباب بازی,2020000,2130000,5.16
8981677,کیف رودوشی زنانه گوگانا مدل 100028,اکسسوری زنانه,10742000,11325000,5.15
6281891,ماشین اصلاح موی صورت فیلیپس مدل BT9810/13,اصلاح موی صورت,64500000,68000000,5.15
3899951,شامپو تقویت کننده مو لورآل مدل Dream Long حجم 450 میلی لیتر,شامپو و مراقبت مو,1660000,1750000,5.14
10984095,کتاب 100 کاری که رهبران موفق انجام می دهند اثر نایجل کامبرلند انتشارات اندیشه مولانا,کتاب فلسفه و روانشناسی,948600,1000000,5.14
12464470,بازی فکری مدل یاتزی yahtzee,اسباب بازی,1024500,1080000,5.14
10528766,کرم ضد آفتاب رنگی پریم SPF60 مدل Acnex مناسب پوست های چرب حجم 40 میلی لیتر,مراقبت پوست,1897400,2000000,5.13
10181522,عینک آفتابی مردانه مورل مدل 26852C6 BR,اکسسوری مردانه,5920000,6240000,5.13
11333791,مینی کوپتر بازی مدل سنسوری طرح کهکشان,اسباب بازی,3036000,3200000,5.13
950315,کتاب رساله ای درباره طبیعت آدمی اثر دیوید هیوم,کتاب فلسفه و روانشناسی,1555900,1640000,5.13
2075850,شامپو مو هیدرودرم مدل Milk and Honey حجم 250 میلی لیتر,شامپو و مراقبت مو,518000,546000,5.13
3325871,فشار سنج بیورر مدل BM 54,فشارسنج,14800000,15600000,5.13
2149592,پد لاک پاک کن نینو کد 895 بسته 90 عددی,بهداشت و زیبایی ناخن,816000,860000,5.12
6926439,کتاب به خاطر دوستی اثر جمال اکرمی نشر محراب قلم,کتاب شعر و ادبیات,300000,316200,5.12
10270780,ماسک مو میسوری مدل Curly Balance حجم 500 میلی لیتر,شامپو و مراقبت مو,2780000,2930000,5.12
11019321,ست شورت و سوتین زنانه ان بی بی مدل 67634 رنگ قهوه ای,لباس زنانه,4260000,4490000,5.12
10022247,فرفره مدل انفجاری زیفوید اکسکلیوس کد B-200,اسباب بازی,3520000,3710000,5.12
8511482,ماساژور پا مدل EMS,ماساژور,3000000,3162000,5.12
10144017,ماشین بازی مدل فلزی نیسان GTR,اسباب بازی,1300000,1370000,5.11
4664236, رنگ مو دورلایت شماره 5.5 حجم 100 میلی لیتر رنگ قهوه ای طلایی روشن,آرایش مو,360000,379400,5.11
1663736,ست سرهم و کلاه نوزادی دخترانه مدل PK-H229-violet,نوزاد,711700,750000,5.11
11830409,اکشن فیگور مدل ونوم کد VBN-241 مجموعه دو عددی,اسباب بازی,5265700,5548600,5.1
12140518,کتاب ماجراهای سوفی موشه نفرین شبدر اثر پاپی گرین نشر محراب قلم,کتاب کودک و نوجوان,730000,769200,5.1
11876307,بازی آموزشی مدل مکعب هوش,اسباب بازی,436600,460000,5.09
8958306,دستبند مدل دوستی تارا کد 50,اکسسوری زنانه و مردانه,299000,315000,5.08
336348,بازی آموزشی هولی تویز مدل Stacking Rainbow Duck,اسباب بازی,9000000,9482100,5.08
3839230,بخار ساز باسئوس مدل DHSG1,دستگاه بخور و رطوبت ساز,10300000,10850000,5.07
4248778,جاکلیدی طرح تفنگ مدل 0060 EAGLE 025 ,اکسسوری زنانه و مردانه,816300,859900,5.07
10043934, خود تراش بیتا مدل khapa-40 بسته 6 عددی,لوازم اصلاح مو,581000,612000,5.07
7956319,ژل بهداشتی لیمپیو مدل آلوئه ورا حجم 250 میلی لیتر,بهداشت و مراقبت بدن,550000,579400,5.07
12414998,خود تراش لمسر مدل 03 مجموعه سه عددی,لوازم اصلاح مو,871500,918000,5.07
11628483,پایه هنگ درام مدل  14PRO MAX,لوازم جانبی آلات موسیقی,9490000,9996300,5.06
5131429,"کتاب Eloquent JavaScript, 3rd Edition: A Modern Introduction to Programming اثر Marijn Haverbeke انتشارات مؤلفین طلایی ",کتاب چاپی غیر فارسی,1471600,1550000,5.06
6163814,دمپایی مردانه نیکتا مدل M100 کد 002-016,کفش مردانه,2250000,2370000,5.06
3043155,بخار ساز مدل 550,دستگاه بخور و رطوبت ساز,2298100,2420600,5.06
63005,کتاب جامعه شناسی اثر آنتونی گیدنز,کتاب علوم اجتماعی,2497200,2630000,5.05
1453105,کرم پودر BB گلدن رز شماره 01 حجم 30 میلی لیتر,آرایش صورت,2848500,3000000,5.05
8180659,اتو مو اکسیژن مدل 537,اتو و حالت دهنده ی مو,18800000,19800000,5.05
12016146, شال زنانه مدل VS Bargi 01,اکسسوری زنانه,1880000,1980000,5.05
8374525,قوتوو چهل گیاه بیجاری کرمان - 1000 گرم بسته 2 عددی,کیک و شیرینی خانگی,1890000,1990000,5.03
9995200,لیوان سفری مدل کافی گنجایش 0.330 لیتر به همراه قاشق,لوازم کمپینگ,3060000,3222000,5.03
11888081,ست شومیز و رویه زنانه السانا مدل آنیتا کد 153307,لباس زنانه,3780000,3980000,5.03
11430168,تی شرت آستین کوتاه زنانه ایزی دو مدل 218128045,لباس زنانه,1890000,1990000,5.03
11430570,تی شرت آستین کوتاه زنانه ایزی دو مدل 218128099,لباس زنانه,1890000,1990000,5.03
10610496,شال زنانه مدل HE334,اکسسوری زنانه,1890000,1990000,5.03
10944665,فلاسک مدل JING BANG طرح کهکشانی گنجایش 0.800 لیتر,لوازم کمپینگ,3995000,4206500,5.03
11357681,فر کننده مو باراباس نانو مدل ST2900,بیگودی و فر کننده ی مو,6249300,6579800,5.02
11844461,کرم مرطوب کننده سوپکس مدل COCONUT حجم 250 میلی لیتر,مراقبت پوست,378400,398400,5.02
1477534,برس مو مدل Boss,برس‌ها و تجهیزات آرایشی,303000,319000,5.02
1701465,زیر انداز یک نفره موتال مدل SM2017,لوازم کمپینگ,3350000,3527000,5.02
82086,نرم کننده فولیکا مخصوص موهای شکننده و وز دار حجم 200 میلی لیتر,شامپو و مراقبت مو,454000,478000,5.02
6838698,قمقمه مدل professional گنجایش 2.2 لیتر,ورزش های هوازی و تناسب اندام,3594200,3784300,5.02
4221217,تاب کودک مدل کیتی,وسایل بازی و تجهیزات پارکی کودک,2840000,2990000,5.02
444336,ماسک بازسازی کننده موهای خشک و آسیب دیده کلیون مدل 7 Vitamine Restructuring حجم 500 میلی لیتر,شامپو و مراقبت مو,6004600,6321300,5.01
11844389,کرم آبرسان سوپکس مدل Bluebery - Lime Fragrance حجم 250 میلی لیتر,مراقبت پوست,379600,399600,5.01
10901720,ساعت مچی دیجیتال بچه‌گانه مدل 1,مد و پوشاک دخترانه و پسرانه,2522000,2655000,5.01
11055007,عینک آفتابی دکتلون مدل mh140,اکسسوری زنانه و مردانه,18990000,19990000,5.0
10847857,ماسک مو استلو مدل keratin حجم 250 میلی لیتر,شامپو و مراقبت مو,1520000,1600000,5.0
11718512,ماسک ایفای نقش مدل نقاب ال ای دی دار مارشمالو,اسباب بازی,4417500,4650000,5.0
11701464,سرهمی بچگانه لوپیلو مدل برگ,مد و پوشاک دخترانه و پسرانه,4845000,5100000,5.0
522046,رژ لب گلدن رز مدل ولوت مات شماره 27,آرایش لب,1504700,1583900,5.0
1638489,کمربند دوک مدل 1-245315,اکسسوری مردانه,1140000,1200000,5.0
900829,خودتراش مردانه دورکو مدل TD-708N بسته 3 عددی,لوازم اصلاح مو,560500,590000,5.0
702401,شورت مردانه آریان نخ باف کد 1314 مجموعه 3 عددی,لباس مردانه,2422500,2550000,5.0
1770789,ست برس آرایشی کد B101 بست 4 عددی,برس‌ها و تجهیزات آرایشی,380000,400000,5.0
2539732, رژلب مایع گلدن رز مدل NU-LO شماره 02,آرایش لب,1577000,1660000,5.0
5613089,كتاب يكديگر را همان‌طور كه هستيم بپذيريم و دوست داشته باشيم اثر ليز بوربو نشر نون,کتاب فلسفه و روانشناسی,950000,1000000,5.0
900659,نخ دندان اورال-بی مدل ESSENTIAL FLOSS - UK,بهداشت دهان و دندان,590000,621000,4.99
10841393,حباب ساز مدل تفنگ کد 1214,اسباب بازی,2801800,2948800,4.99
6736558,ماشین اصلاح موی سر و صورت مارسکی مدل MS-5010,اصلاح موی صورت,10880000,11450000,4.98
7092330,کتاب شرح جامع حقوق جزای عمومی اثر دکتر بهزاد ستاری انتشارات ارشد,کتاب علوم اجتماعی,2373100,2497500,4.98
12056057,ژل لایه بردار پوست نیوآ مدل Clean Deeper حجم 150 میلی لیتر,مراقبت پوست,3440000,3620000,4.97
3527485,چسب نواری جانسون مدل سوپر کریستال کد 123 عرض 2 سانتی متر بسته 10 عددی,لوازم اداری,578800,609000,4.96
9202149,ست اسباب بازی آشپزخانه مدل QF2675B,اسباب بازی,26800000,28200000,4.96
9026460,ساک سفری مدل 120082,لوازم سفر,3612000,3800000,4.95
1008619,برس مو مدل R-7172,برس‌ها و تجهیزات آرایشی,921000,969000,4.95
73193,کتاب گشت و گذار در ماه، ماجرا‌های تن تن خبرنگار جوان 17 اثر هرژه,کتاب کودک و نوجوان,473400,498000,4.94
6268270,پرایمر دونادیا مدل Gold حجم 30 میلی لیتر,آرایش صورت,1895300,1993800,4.94
4725156,پرایمر مینی استار مدل HD حجم 30 میلی لیتر,آرایش صورت,1473400,1550000,4.94
11267504,برس حرارتی وی جی ار مدل 592,اتو و حالت دهنده ی مو,7700000,8100000,4.94
9491998,ادو پرفیوم مردانه اسمارت کالکشن مدل 608 حجم 100 میلی لیتر,عطر و ادکلن مردانه,2072600,2180100,4.93
8652236,گاز استریل سروش مدل 02 بسته 170 عددی,باند و گاز,1930000,2030000,4.93
5378585,ماشین بازی طرح سگهای نگهبان مجموعه 6 عددی,اسباب بازی,2800000,2945000,4.92
1819543,ژل لایه بردارپوست پریم مدل Luffa Cleansing Scrub مناسب پوست چرب حجم 175 میلی لیتر ,مراقبت پوست,1350000,1419900,4.92
2707417,پاشنه کش کد 77,کفش زنانه و مردانه,679900,715000,4.91
1713981,کرم ترمیم کننده سودوکرم مدل S002 وزن 60 گرم,لوازم تعویض,1197800,1259700,4.91
1960627,ژل تخصصی ترمیم کننده بعد از کاشت مو سپیژن مدل BANDAGE GEL حجم 40 میلی لیتر,شامپو و مراقبت مو,902500,949000,4.9
4857009,ماشین اصلاح سر و صورت کیمی مدل KM-i32S ,اصلاح موی سر,16500000,17350000,4.9
11053717,ساعت مچی عقربه‌ای مردانه  مدل Submariner,اکسسوری مردانه,25106900,26400000,4.9
3812795, سرم ضد چروک بایومارین مدل جلبک دریایی حجم 40 میلی لیتر,مراقبت پوست,4621700,4859400,4.89
2311719,عینک آفتابی کد SL312,اکسسوری زنانه و مردانه,1027200,1080000,4.89
1841420,کتاب چگونه کتاب بخوانیم اثر مارتیمر جی. آدلر و چارلز لینکلن ون دورن انتشارات به نشر,کتاب شعر و ادبیات,1598000,1680000,4.88
10182869,عینک آفتابی مردانه مورل مدل 26854C5 NA,اکسسوری مردانه,6240000,6560000,4.88
11544248,ماشین اصلاح موی صورت پرودو مدل  PD-LSRBHTR ,اصلاح موی صورت,7990000,8400000,4.88
9493305,شلوارک مردانه لیورجی کد 9493305,لباس مردانه,3900000,4100000,4.88
9124465,ماشین اصلاح موی صورت و بدن وی جی ار مدل 919,اصلاح موی صورت,4680000,4920000,4.88
8294320,ساعت مچی عقربه ای زنانه بولن کد 01,اکسسوری زنانه,1465000,1540000,4.87
10255836,کفش فوتسال مردانه مدل Blackhunt,کفش مردانه,4690000,4930000,4.87
10871786,کتاب اسب سیاه اثر اگی اگاس انتشارات مون,کتاب فلسفه و روانشناسی,987500,1038000,4.87
3595558,فیگور هری پاتر طرح هرمیون کد 0946,اسباب بازی,2350000,2470000,4.86
3687983,فیلتر دستگاه تصفیه کننده آب خانگی فیلمتک مدل ممبران,سلامت محیط,2250000,2365000,4.86
4754185,چوب بستنی مدل M110  بسته 45 عددی,ابزار نقاشی و رنگ آمیزی,176000,185000,4.86
385133,کرم پودر نوت سری Luminous مدل Moisturizing شماره 10,آرایش صورت,3920000,4120000,4.85
8429727,هلیکوپتر بازی کنترلی سیما مدل s107h,اسباب بازی,15700000,16500000,4.85
8807665,کمر بند طبی نوید کد AB174,ساپورت های طبی,1500000,1576300,4.84
9974263,لگینگ ورزشی زنانه مدل پشت چین دار سیملس کد 44444,لباس زنانه,2950000,3100000,4.84
1018325,ادوپرفیوم زنانه پاریس مدل incidence حجم 100میلی لیتر,عطر و ادکلن زنانه,5200000,5464300,4.84
4938115,ماشین بازی کنترلی مدل G2020R,اسباب بازی,11900000,12505300,4.84
6856632,ماسک ایفای نقش پرچمدار سریال بازی مرکب,اسباب بازی,711900,748000,4.83
323445,کتاب پخت نان و شیرینی اثر امیلی نولان,کتاب هنر و سرگرمی,821900,863600,4.83
8893184,اسپری بدن بادی کر مدل لیتون حجم 200 میلی لیتر,اسپری,1380000,1450000,4.83
9937040,کتاب علوم هشتم تیزهوشان اثر جمعی از نویسندگان انتشارات کاهه,کتاب درسی، کمک‌درسی و آزمون,2900000,3046900,4.82
7857090,ماسک مو دوفاری مدل بدون آمونیاک حجم 1000 میلی لیتر,شامپو و مراقبت مو,4082000,4288500,4.82
10314874,کاپشن دخترانه مدل عروسکی هولوگرامی 00,دخترانه,12640000,13280000,4.82
10543857,شامپو ضد شوره مو کتوکونازول مدل SAPO حجم 100 میلی لیتر,شامپو و مراقبت مو,1320000,1386800,4.82
6745354,ست میکروفن بی سیم جی بی ال مدل w-one,لوازم جانبی آلات موسیقی,55730000,58550900,4.82
5354116,پایه چسب نوین مدل 500,لوازم اداری,495000,520000,4.81
4633003,مایع حباب ساز ریضا تویز طرح اقیانوس حجم 2 لیتر,اسباب بازی,804200,844800,4.81
3031980,آهن ربا کد 32 بسته 40 عددی,لوازم اداری,790000,829900,4.81
2887041,کتاب تنها راز موفقیت، دوام آوردن اثر مارک یارنل انتشارات زمینه,کتاب علوم اجتماعی,1715300,1802000,4.81
7690759,واکر تاشو مدل 919,ابزار توانمند سازی,9900000,10400000,4.81
10142405,بازی آموزشی هولا طرح کنترل مدل 3113,اسباب بازی,3770000,3959900,4.8
11006161,اکشن فیگور نکا مدل Annabelle ,اسباب بازی,40650000,42700000,4.8
12050877,گرانولا بار خانگی دهکده سبز سلامت - 250 گرم,مواد غذایی,1190000,1250000,4.8
4565827,ابزار چندکاره سفری مدل RIMEI کد 5707,لوازم کمپینگ,1590000,1670000,4.79
11888694,رول ضد تعریق مردانه نیوآ مدل silver protect حجم 50 میلی لیتر,ضد تعریق,1944200,2041700,4.78
11941255,کتاب رمان مصور میثم و شهر ترس های ممنوعه اثر احمد رضا امیری سامانی انتشارات مهرستان ,کتاب کودک و نوجوان,998000,1048000,4.77
12083837,گوشواره زنانه مدل butterfly,اکسسوری زنانه,2000000,2100000,4.76
10882351,کفش زنانه چرم یلسان مدل   تارا کد TRA-613-GN,کفش زنانه,18280000,19194000,4.76
10883320,کفش زنانه چرم یلسان مدل آیسو mSk-627-GC,کفش زنانه,19080000,20034000,4.76
10760140,نیم بوت مردانه چرم یلسان مدل بایا کد GHV-BYA-509-GN,کفش مردانه,23880000,25074000,4.76
10117777,نیم بوت مردانه چرم یلسان مدل تایسز کد ASL-TSZ-515-GN,کفش مردانه,22280000,23394000,4.76
10359145,کفش زنانه چرم یلسان مدل  ژاکلین کد ZRK-ZKL-600-MRV,کفش زنانه,20680000,21714000,4.76
10437806,چتر مدل Uv 123,لوازم سفر,3800000,3990000,4.76
10517006,نیم بوت مردانه چرم یلسان مدل  بایا کد mshk -BYA-509-GN-NEW,کفش مردانه,23880000,25074000,4.76
7360787,کیف رودوشی چرم یلسان مدل رهام کد RHM-043-GLGP,اکسسوری زنانه و مردانه,23080000,24234000,4.76
7537036,جاکلیدی چرم یلسان مدل نهال کد NHL-034-BF,اکسسوری زنانه و مردانه,680000,714000,4.76
8882277,زانوبند طبی مدل KS-8570,ساپورت های طبی,3800000,3990000,4.76
8623504,فرفره مدل انفجاری کد Beyblade B-74,اسباب بازی,1800000,1890000,4.76
9958275,استند لوازم آرایشی مدل بیوتی,برس‌ها و تجهیزات آرایشی,600000,630000,4.76
9804963,بوت زنانه چرم یلسان مدل آدیشا کد asl-ADS-605-GN,کفش زنانه,31880000,33474000,4.76
9842144,کفش زنانه چرم یلسان مدل ژاکلین کدMSK-ZKL-600-MRV,کفش زنانه,14312000,15027600,4.76
9704398,کفش مردانه چرم یلسان مدل بيلدر کد BLD-507-GN-msk,کفش مردانه,17480000,18354000,4.76
9704422,کفش مردانه چرم یلسان مدل    بيلدر کد BLD-507-GN-asl,کفش مردانه,17480000,18354000,4.76
9313362,کیف دوشی زنانه چرم یلسان مدل دلسا کد DLSA-077-MRV-6,اکسسوری زنانه,14280000,14994000,4.76
4671965,مژه مصنوعی جویل مدل GE-1512,آرایش چشم,632000,663600,4.76
4244543,ست ماشین اصلاح موی صورت و بدن روزیا پرو مدل HQ5802,اصلاح موی صورت,12000000,12600000,4.76
6692885,کتاب هوش کمپلکس پنجم و ششم ویرایش فول آپشن اثر مصطفی باقری انتشارات مهروماه,کتاب درسی، کمک‌درسی و آزمون,3600000,3780000,4.76
7321122,شلوار زنانه ورو مدا مدل 78542,لباس زنانه,1800000,1890000,4.76
5749359,ادو پرفیوم مردانه های نیوویش مدل Polo Blue حجم 125 میلی لیتر,عطر و ادکلن مردانه,6000000,6300000,4.76
1893001,نوک مداد نوکی 0.5 میلی متری تکنیکال مدل R30,نوشت افزار,200000,210000,4.76
336195,کتاب روان‌ شناسی میان‌ فرهنگی اثر کنت دی کیت,کتاب فلسفه و روانشناسی,1699800,1784400,4.74
1080746,کتاب فالنامه حافظ شیرازی اثر شمس الدین محمد حافظ شیرازی انتشارات پیام عدالت,کتاب شعر و ادبیات,3620000,3800000,4.74
5219851,توالت فرنگی کودک مدل سامر کد MT5,حمام کودک و شست و شو,4620000,4850000,4.74
9095142,شلوار مردانه کیکی رایکی مدل DIO 7016-04,لباس مردانه,3420000,3590000,4.74
11315310,اسباب بازی مدل فرفره انفجاری اسپرایزن و والتریک نهایی کد B205 بسته 2 عددی,اسباب بازی,5430000,5700000,4.74
10530541,ماسک مو سوپکس مدل frezen12 حجم 400 میلی لیتر,شامپو و مراقبت مو,1018900,1069000,4.69
7686976,کرم مرطوب کننده آی پلاس مدل آبرسان  حجم 50 میلی لیتر,مراقبت پوست,305000,320000,4.69
53662,کتاب آبنبات هل دار اثر مهرداد صدقی,کتاب شعر و ادبیات,1578000,1655600,4.69
208452,ساعت مچی عقربه ای مردانه کاسیو مدل MTP-1381L-1AVDF,اکسسوری مردانه,17450000,18309000,4.69
4569184,ژل دور چشم استی لودر مدل Supercharged Complex حجم 15 میلی لیتر,مراقبت پوست,22000000,23080000,4.68
10863947,ماگ سفری مدل WOOD گنجایش 0.510 لیتر,لوازم کمپینگ,4480000,4700000,4.68
11887156,ژل شستشوی صورت سوپکس مدل n7623 حجم 175 میلی لیتر,مراقبت پوست,697800,732000,4.67
8802883,لوسیون ضد آفتاب شیسیدو مدل Expert حجم 150 میلی لیتر,مراقبت پوست,19000000,19930000,4.67
11985265,دستگاه واتر جت شست و شوی دهان و دندان اورال-بی مدل Aquacare4,بهداشت دهان و دندان,44700000,46890000,4.67
114286,پالت سایه ابرو اتود مدل 3002,آرایش ابرو,1450000,1520800,4.66
2436676,اسپیلنت هالوکس والگوس مدل Anatomic,ابزار مراقبت پا,848500,890000,4.66
5681227,کرم ضد چروک دور چشم کاسمکولوژی مدل Multi Action حجم 30 میلی لیتر,مراقبت پوست,704000,738300,4.65
9049698,کلاه باکت مدل پیرسینگ زنجیر دار,اکسسوری زنانه و مردانه,820000,860000,4.65
8831215,کلاه کپ کد SKH002,اکسسوری زنانه و مردانه,515000,540000,4.63
11714235,ادو پرفیوم زنانه وودی سنس مدل بامشل حجم 100 میلی لیتر ,عطر و ادکلن زنانه,1650000,1730000,4.62
6943768, ماژیک علامت گذار کنکو کد HL007 بسته 2 عددی,نوشت افزار,330000,346000,4.62
344651,کتاب خانم پنگوئن و آقای کانگورو اثر احسان یغمایی,کتاب کودک و نوجوان,235500,246900,4.62
12327691,ادو پرفیوم مردانه لطلفه مدل ASAD حجم 100 میلی لیتر,عطر و ادکلن مردانه,12400000,13000000,4.62
4559646,سرم مو دو فاز لویز مدل Weak and Broken Hair حجم 450 میلی لیتر,شامپو و مراقبت مو,1049300,1100000,4.61
3572824, پنل آکوستیک ایران استودیو مدل شانه تخم مرغی کد 002,تجهیزات استودیویی,1286500,1348500,4.6
8674420,سویشرت مردانه لیورجی مدل ساده کد SuperLux2022 رنگ طوسی,لباس مردانه,4770000,5000000,4.6
11701817,چسب مو ریواژن مدل ذغالی حجم 300 میلی لیتر مجموعه 2 عددی,آرایش مو,2080000,2180000,4.59
1531153,پدال ساستین پیانو و ارگ مدل QM118,لوازم جانبی آلات موسیقی,9350000,9800000,4.59
6630181,ماکت ماشین چه ژی مدل لکسوس,اسباب بازی,6898200,7230000,4.59
10259633,بازی فکری مدل جت ست,اسباب بازی,2290000,2400000,4.58
9999248,بازی فکری مدل پرونده قتل اکران خونین کد 160296,اسباب بازی,937000,982000,4.58
2185241,دستبند پاراکورد مدل Cobra,لوازم کمپینگ,209000,219000,4.57
1934098,اسپری مردانه فیکورس مدل Dsquared Rocky Mountain Wood حجم 200 میلی لیتر,اسپری,1050000,1100000,4.55
9890643,تی شرت ورزشی مردانه ویلسون مدل sitra کد 7,لباس مردانه,1890000,1980000,4.55
8829503,ست هدیه مدل SM1010,اکسسوری زنانه و مردانه,3620400,3792800,4.55
10617606,کیف کراس بادی مدل DL-102 به همراه کیف کمری,لوازم سفر,3150000,3300000,4.55
10519215,کانسیلر نوت شماره 01,آرایش صورت,2798000,2931400,4.55
10776669,عینک آفتابی امریکن اوپتیکال مدل c2,اکسسوری زنانه و مردانه,4200000,4400000,4.55
11058146,بادی اسپلش زنانه مونو شاین مدل VERSACE حجم 250 میلی لیتر,بادی اسپلش,2097900,2197800,4.55
11855442,کتاب شفافیت اثر مارک دوگن نشر برج,کتاب شعر و ادبیات,1225000,1283400,4.55
10117511,میکروفن رومیزی میشن مدل MT-MC14,لوازم جانبی آلات موسیقی,7500000,7856900,4.54
7075405,مداد نوکی 0.5 میلی متری پری دریایی بسته 2 عددی,نوشت افزار,466000,488100,4.53
12440825,ماسک مو کریستال مدل مغذی و نرم کننده حجم 500 میلی لیتر,شامپو و مراقبت مو,1240000,1298900,4.53
6477318,اسپری بدن مردانه فیکورس مدل INVIKSUS حجم 200 میلی لیتر,اسپری,953400,998500,4.52
4907997,مداد نوکی 0.5 میلی متری مدل کاکتوس,نوشت افزار,190000,199000,4.52
1668343,اسپری زنانه فیکورس مدل Eclat D Arpege حجم 200 میلی لیتر,اسپری,953200,998300,4.52
9593967,گردنبند مردانه مدل 05,اکسسوری مردانه,380000,398000,4.52
10605256,کیت ماشین بازی مدل پارکینگ مکویین کد MC165,اسباب بازی,2170000,2272600,4.51
3480531,سویشرت زنانه کریویت مدل FS9781,لباس زنانه,3600000,3770000,4.51
5561187,قلم تتو صورت و بدن پن ابل مدل 001,برس‌ها و تجهیزات آرایشی,14464400,15146600,4.5
10498755,کتاب 50 تمرین برای افزایش دقت و تمرکز پیش از دبستان اثر زهرا رسول پور انتشارات قلم چی ,کتاب درسی، کمک‌درسی و آزمون,427000,447100,4.5
9895390,نوار دستگاه تست قند خون فریسنس مدل FS-TS50 بسته 50 عددی,لوازم جانبی تست قند خون,955000,1000000,4.5
8253160,نظم دهنده سفری آیمکس کد IMAX03P,لوازم کمپینگ,850000,890000,4.49
10550541,سالنامه سال 1402 طرح چروک مدل 117006161 به همراه تقویم رومیزی,سالنامه,850000,890000,4.49
6996649,ماسک مو ریو مدل FreeSulfate حجم 1000 میلی لیتر,شامپو و مراقبت مو,4190000,4387000,4.49
5180967,کیف لوازم شخصی آیمکس کد MAX03,لوازم سفر,850000,890000,4.49
4047117,ماشین بازی مدل سگ های نگهبان کد 99 مجموعه 9 عددی,اسباب بازی,4011400,4200000,4.49
11948039,کفش روزمره زنانه آلدو مدل Walking ,کفش زنانه,30600000,32040000,4.49
3821363,روغن مو او جی ایکس مدل ARGAN OIL OF MOROCCO EXTRA حجم 100 میلی لیتر,شامپو و مراقبت مو,4237600,4436000,4.47
3653290,کتاب تاریخ ماد اثر ا.م.دیا کونوف نشر علمی فرهنگی,کتاب تاریخ و جغرافیا,2073100,2170200,4.47
7380483,شامپو مو رومینا مدل بدون سولفات حجم 200 میلی لیتر,شامپو و مراقبت مو,957500,1002300,4.47
3959805,خودکار اطلس کد1 بسته 2 عددی,نوشت افزار,156500,163800,4.46
7037630,صابون ضد جوش سیوند مدل Complex3 وزن 90 گرم مجموعه 2 عددی,بهداشت و مراقبت بدن,733900,768200,4.46
8092641,خود تراش لمسر مدل پنج لبه بسته 4 عددی,لوازم اصلاح مو,470100,492000,4.45
7889294,عینک آفتابی زنانه جیمی چو مدل نگین دار مربعی,اکسسوری زنانه,34228000,35820000,4.44
7594698,کتاب علوم نهم اثر جواد آجرلو و حسن محمدی ابراهیمی انتشارات کامل طلایی,کتاب درسی، کمک‌درسی و آزمون,2238000,2341900,4.44
8687955,صابون لیفت ابرو دیفکتو مدل D02,آرایش ابرو,590100,617500,4.44
9895508,کفش مخصوص دویدن مدل ZOOM STRUCTURE 7X WHSIL-100055001,کفش زنانه و مردانه,25800000,27000000,4.44
10395640,نیم تنه ورزشی زنانه مدل 268000822,لباس زنانه,1290000,1350000,4.44
10395645,نیم تنه ورزشی زنانه مدل 268000809,لباس زنانه,1290000,1350000,4.44
4311885,کتاب قانون مدنی همراه با قانون مسئولیت مدنی اثر جهانگیر منصور انتشارات دیدار جلد 1و2و3,کتاب علوم اجتماعی,715900,749200,4.44
12065788,عروسک مدل تدی مستر بین ارتفاع 30 سانتی متر ,اسباب بازی,860000,900000,4.44
4292038,مداد چشم پیپا شماره 827,آرایش چشم,2463300,2577400,4.43
10945979,برس آرایشی نوپو مدل 012,برس‌ها و تجهیزات آرایشی,901100,942900,4.43
7691019,هودی زنانه کیکی رایکی مدل BB02805-403,لباس زنانه,4100000,4290000,4.43
11798585,صندل مردانه کفش سعیدی مدل 660Asli,کفش مردانه,2725000,2851000,4.42
3838708,ماگ سفری مدل TP-5 گنجایش 0.500 لیتر,لوازم کمپینگ,2040000,2134300,4.42
3383612,مکعب روبیک فکرانه مدل Magic Cube,اسباب بازی,649000,679000,4.42
3368189,هودی مردانه زرد فانتازیو مدل رگلان کد 133,لباس مردانه,8460000,8850000,4.41
3942064,اسپری خوشبو کننده بدن مردانه فیکورس مدل 212 Men NYC حجم 200 میلی لیتر,اسپری,1107700,1158800,4.41
3671478,کتاب دانشکده کسب و کار اثر رابرت کیوساکی نشر بادبان,کتاب فلسفه و روانشناسی,650000,680000,4.41
4383317,صندل مردانه پاما مدل اروند کد G1531,کفش مردانه,2839000,2970000,4.41
4123569,اسپری خوشبو کننده بدن فیکورس مدل Escentric Molecules 02 حجم 200 میلی لیتر,اسپری,1090300,1140600,4.41
4883203,جوراب مردانه پاآرا مدل 3-200,لباس مردانه,650000,680000,4.41
10697022,سوهان ناخن نوپو مدل E1,بهداشت و زیبایی ناخن,815100,852700,4.41
7934814,کتاب آماده سازی کودکان برای ورود به پیش دبستان و دبستان اثر کارن کوئین انتشارات نوشته,کتاب شعر و ادبیات,650000,680000,4.41
7347517,ماسک مو تالیا وجید مدل Bamboo &amp; Coconut Milk حجم 350 میلی لیتر,شامپو و مراقبت مو,3058700,3199600,4.4
7464600,شامپو مو دلبستو مدل بورداک حجم 300 میلی لیتر,شامپو و مراقبت مو,3820000,3996000,4.4
8869673,رقص نور مدل اکولایزر کد D08-RGB,تجهیزات استودیویی,2500000,2615000,4.4
10587595,دمپایی زنانه کفش سعیدی مدل 850mah,کفش زنانه,1108000,1159000,4.4
5241147,بالم مو فولیکا مدل Amino Fiber حجم 200 میلی لیتر ,شامپو و مراقبت مو,803000,840000,4.4
701768,ماشین اصلاح سر و صورت هیتاچی مدل CL-9550BF,اصلاح موی سر,17200000,17990000,4.39
385143,کرم پودر نوت سری Luminous مدل Moisturizing شماره 14,آرایش صورت,3920000,4100000,4.39
10882923,کفش زنانه چرم یلسان مدل آنا mSk-602-GC,کفش زنانه,15231000,15931000,4.39
11798236,دمپایی مردانه کفش سعیدی مدل 660M,کفش مردانه,2725000,2850000,4.39
11733235,صندل زنانه کفش سعیدی مدل 385K,کفش زنانه,4163000,4354000,4.39
11592217,صندل زنانه کفش سعیدی مدل 383M,کفش زنانه,4163000,4354000,4.39
11306902,کفش روزمره مردانه کروماکی مدل kmfw38,کفش مردانه,5099000,5333000,4.39
9072446,کلاه کپ مدل perpolis,اکسسوری زنانه و مردانه,2180000,2280000,4.39
12453855,ساعت مچی عقربه‌ای مردانه پتک فیلیپ مدل اتوماتیک دو زمانه,اکسسوری مردانه,36500000,38174500,4.39
10789172,کفش روزمره زنانه کفش سعیدی مدل 764M,کفش زنانه,2486000,2600000,4.38
11769188,شلوار اسلش مردانه مدل BLK-23,لباس مردانه,2190000,2290000,4.37
342425,ساعت مچی عقربه ای مردانه نیوی فورس مدل NF9074M/BRBY,اکسسوری مردانه,10626000,11112000,4.37
11945240,پیراهن آستین بلند مردانه اسپیور مدل 24,لباس مردانه,5250000,5490000,4.37
2226996,ماشین بازی جادا مدل Plymouth Barracuda,اسباب بازی,4390000,4590000,4.36
4743688,کیف رودوشی زنانه ساراسا طرح مانستر کد 02,اکسسوری زنانه,2850000,2980000,4.36
4743746,کیف رودوشی زنانه ساراسا مدل نیروانا کد Nirvana 01,اکسسوری زنانه,2850000,2980000,4.36
4743991,کیف رودوشی زنانه ساراسا طرح ریکی مورتی کد 01,اکسسوری زنانه,2850000,2980000,4.36
4744050,کیف رودوشی زنانه ساراسا طرح مانستر کد 01,اکسسوری زنانه,2850000,2980000,4.36
8615039,کفش مردانه کروماکی مدل km3041,کفش مردانه,4055000,4240000,4.36
9612339,ست اسباب بازی آشپزخانه زینگو مدل نیم‌ست آشپز باشی,اسباب بازی,990000,1035000,4.35
6161401,کراتین مو برزیل کاکائو مدل کاديو حجم 1000 میلی لیتر,شامپو و مراقبت مو,11000000,11500000,4.35
3472718,روغن برنز کننده کامان مدل natural حجم 400 میلی لیتر,مراقبت پوست,2332000,2438000,4.35
1535046,کفش مخصوص پیاده روی زنانه مدل 2022f6N,کفش زنانه,3322000,3473000,4.35
12072808,پد بی اختیاری ادرار مردانه تافته مدل High Absorption بسته 5 عددی,بهداشت و مراقبت بدن,352000,368000,4.35
12452564,کنسول بازی مدل 2.4G Wireless,کنسول خانگی,21980000,22980000,4.35
1416172,تسبیح سنگ شاه مقصود مدل t207,اکسسوری زنانه و مردانه,1500000,1568000,4.34
2175109,کراوات مردانه کد KS005,اکسسوری مردانه,477400,499000,4.33
9886644,پیراهن آستین بلند مردانه آر اِن اِس مدل 93-12201367,لباس مردانه,5994000,6265000,4.33
9908489,پیراهن آستین بلند مردانه آر اِن اِس مدل 43-12201367,لباس مردانه,5994000,6265000,4.33
11877416,دستگاه بخور و رطوبت ساز سرد مدل رقص نور دار,دستگاه بخور و رطوبت ساز,4640000,4850000,4.33
238166,کتاب خود ناشناخته اثر کارل گوستاو یونگ,کتاب فلسفه و روانشناسی,1050000,1097400,4.32
38141,کتاب بازی ها اثر اریک برن نشر ذهن آویز,کتاب فلسفه و روانشناسی,880000,919700,4.32
6755165,کیف حمل کنسول پلی استیشن 5 مدل DeadSkull,لوازم جانبی کنسول بازی,20000000,20900000,4.31
10685416,محافظ صفحه نمایش نانو آلتیمیت شیلد مدل NUL مناسب برای ساعت هوشمند میبرو T1 بسته سه عددی,لوازم جانبی ساعت و مچ بند هوشمند,1464000,1530000,4.31
7471830,پلیور زنانه کیکی رایکی مدل BB02801-002,لباس زنانه,2000000,2090000,4.31
7606919,سشوار حرفه ای رمینگتون مدل AC 9300,سشوار,24400000,25500000,4.31
2537509,ژل بهداشتی آردن آتوپیا مدل Dry Relief وزن 150 گرم,بهداشت و مراقبت بدن,1202000,1256000,4.3
12177707,کنسول بازی قابل حمل مدل K35,کنسول پرتابل,8498000,8880000,4.3
6196289,ساختنی تک توی مدل قلعه جنگلی کد TC-1055,اسباب بازی,6184500,6461900,4.29
10157286,خمیر دندان سنسوداین مدل Repair Protect Daily Extra Fresh حجم 75 میلی لیتر,بهداشت دهان و دندان,980000,1023900,4.29
11361919,شلوار جین مردانه رینگ مدل PMD00104/1-1401,لباس مردانه,6690000,6990000,4.29
7691078,صابون شستشو گل سیتو مدل کره کاکائو وزن 125 گرم,صابون شستشو,281700,294300,4.28
9540427,پنس مژه نوپو مدل E14,برس‌ها و تجهیزات آرایشی,958600,1001400,4.27
9282895,کفش زنانه مدل b37,کفش زنانه,2587500,2702500,4.26
9286523,کفش پیاده روی زنانه مدل b82,کفش زنانه,2430000,2538000,4.26
8729576,کفش زنانه مدل 41,کفش زنانه,1957500,2044500,4.26
11331352,قمقمه مدل جاست دو ایت گنجایش 0.800 لیتر,ورزش های هوازی و تناسب اندام,3780000,3948000,4.26
11838364,کفش زنانه مدل F7,کفش زنانه,2655000,2773000,4.26
11840306,کفش زنانه مدل G13,کفش زنانه,2385000,2491000,4.26
11733156,کفش زنانه مدل d8,کفش زنانه,2925000,3055000,4.26
5408192,کرم مرطوب کننده و آبرسان لورآل مدل UC ETKILI BEYSLEYICI حجم 50 میلی لیتر,مراقبت پوست,3298100,3445000,4.26
12447109,چسب کلاه گیس و پروتز مو پنرول مدل 360 PRH Top-Tape بسته 36 عددی,برس‌ها و تجهیزات آرایشی,2250000,2350000,4.26
11361924,شلوار جین مردانه رینگ مدل PMD00796/1-0709,لباس مردانه,6990000,7300000,4.25
11002210,ربات کنترلی طرح گربه هوشمند مدل ROBOT KITTEN کد 00890,اسباب بازی,15320000,16000000,4.25
9162720,خط چشم گلویک مدل Matte,آرایش چشم,1244700,1300000,4.25
1595608,شابلون پارس رسام مدل دوایر جادویی اقلیدس ,ابزار طراحی و مهندسی,440000,459500,4.24
3267667, ادو پرفیوم مردانه ژولییتا مدل One Million حجم 30 میلی لیتر,عطر و ادکلن مردانه,738700,771300,4.23
7216010,تاب کودک مدل آسیم کد 01,وسایل بازی و تجهیزات پارکی کودک,3400000,3550000,4.23
7817018,جوراب مردانه آریان نخ باف مدل 5121 بسته 6 عددی,لباس مردانه,1791000,1870000,4.22
9410060,رژ لب مایع آموتیا مدل Deep شماره 11,آرایش لب,2864000,2990000,4.21
11486113,ماشین بازی چه ژی مدل Police Ford Raptor ,اسباب بازی,9100000,9500000,4.21
3928643,بازی آموزشی مدل چرخ خیاطی,اسباب بازی,1173900,1225500,4.21
10878482,نوار تست قند خون اکیو چک مدل پرفورما بسته 50 عددی ,لوازم جانبی تست قند خون,1370000,1430000,4.2
11203473,ست پیراهن آستین کوتاه و شلوارک پسرانه مدل نایت مود کد KAM14024,پسرانه,2290000,2390000,4.18
4499908,بازی آموزشی مدل چرخ سفالگری,اسباب بازی,1865400,1946800,4.18
6282508,لنز چشم گلمور مدل 3 رنگ آبی,آرایش چشم,2297700,2397600,4.17
6282749,لنز چشم گلمور مدل 4 رنگ آبی,آرایش چشم,2297700,2397600,4.17
6282784,لنز چشم گلمور مدل 5 رنگ آبی,آرایش چشم,2297700,2397600,4.17
6282870,لنز چشم گلمور مدل 6 رنگ آبی,آرایش چشم,2297700,2397600,4.17
6283229,لنز چشم گلمور مدل 5 رنگ سبز,آرایش چشم,2297700,2397600,4.17
10620531,گردنبند مدل چاکرا بسته 2 عددی,اکسسوری زنانه و مردانه,1150000,1200000,4.17
8195373,کتاب کارآگاه زبل مار سر به نیست شده اثر مارجری واینمن شارمت نشر محراب قلم,کتاب کودک و نوجوان,230000,240000,4.17
8817450,فلاسک مدل کوهنوردی JINGBANG گنجایش 1 لیتر,لوازم کمپینگ,3690000,3850000,4.16
34944,سشوار حرفه ای رمینگتون مدل AC5999,سشوار,24400000,25460000,4.16
3361687,استخر بادی اینتکس مدل 57482,وسایل بازی و تجهیزات پارکی کودک,15288000,15950000,4.15
2237638,مسواک برقی اورال-بی مدل D150,بهداشت دهان و دندان,17350000,18100000,4.14
11109689,مایو مردانه اسپیدو مدل I.POR2024,لباس مردانه,2780000,2900000,4.14
11109721,مایو مردانه اسپیدو مدل TS.2024,لباس مردانه,2780000,2900000,4.14
11303626,کرم پودر BB میبلین مدل Perfector 4in1 شماره 00 حجم 30 میلی لیتر,آرایش صورت,9490000,9900000,4.14
11007109,عینک آفتابی آکوا دی پولو مدل AQ65,اکسسوری زنانه و مردانه,4640000,4840000,4.13
7939540,روغن مو لاکچری کوین مدل رزماری کد A40 حجم 40 میلی لیتر,شامپو و مراقبت مو,3990000,4162000,4.13
7914486,کتاب My First Handwriting Book اثر Abdollah Ghanbari انتشارات جنگل,کتاب چاپی غیر فارسی,1045000,1090000,4.13
7972639,ادو پرفیوم پرستیژ مدل Molecule 020 حجم 100 میلی لیتر,عطر و ادکلن مردانه,1917900,2000600,4.13
10063976,روبیک کای وای مدل QIFAN 6,اسباب بازی,6500000,6779700,4.13
11352429, سشوار مسافرتی کنورث مدل kw1040,سشوار,3490000,3640000,4.12
385172,کرم پودر نوت سری Rejuvenating شماره 09,آرایش صورت,3039500,3170000,4.12
11956921,کیف رودوشی زنانه چرم مشهد مدل S0880-001,اکسسوری زنانه,29963000,31251000,4.12
7136212,ساعت مچی عقربه‌ای مردانه کورن واتچ مدل 2343245,اکسسوری مردانه,14000000,14600000,4.11
4430875,کاندوم سوئیس کر مدل Power Ginseng مجموعه 2 عددی,بهداشت جنسی,420000,438000,4.11
5398480,كتاب لانه‌ي من كجاست؟ اثر رن ماريس انتشارات کانون پرورش فکری کودکان و نوجوانان,کتاب کودک و نوجوان,350000,365000,4.11
5241148,بالم نرم کننده مو فولیکا مدل Keratine حجم 200 میلی لیتر,شامپو و مراقبت مو,863000,900000,4.11
11758347,ماساژور برقی مدل پروانه ای ,ماساژور,1050000,1095000,4.11
11099429,برس مو دکتر مورنینگ مدل فلکسی,برس‌ها و تجهیزات آرایشی,1050000,1095000,4.11
10953916,کفش مخصوص دویدن اسیکس مدل Gel-Pulse 13,کفش زنانه و مردانه,36400000,37960000,4.11
10987842,اسکراب لایه بردار پوست مکس لیدی مدل Rice حجم 300 میلی لیتر,مراقبت پوست,1100000,1147200,4.11
9979603,سشوار برس دار حالت دهنده بابیلیس مدل AS126E,سشوار,24820000,25880000,4.1
9853860,تراش مدل یونیکورن,نوشت افزار,479500,500000,4.1
8407948,ست ماشین اصلاح موی صورت و بدن فیلیپس مدل MG9710 به همراه ماشین اصلاح وان بلید,اصلاح موی صورت,66750000,69600000,4.09
11487119,ماکت ماشین مدل BMW M8,اسباب بازی,7900000,8236700,4.09
6075207,ادو پرفیوم مردانه مهمت مدل Molocule Escentric 02 حجم 100 میلی لیتر,عطر و ادکلن مردانه,11701100,12200000,4.09
6606481,میز سفری تاشو مدل KL01,لوازم کمپینگ,4700000,4900000,4.08
5411878,کیف کمری زنانه ساراسا مدل ژله ای کد 02 Jeh,اکسسوری زنانه,2350000,2450000,4.08
5408411,کیف کمری زنانه مدل ساراسا مدل کهکشانی کد 02,اکسسوری زنانه,2350000,2450000,4.08
4562929,کیف کمری زنانه ساراسا طرح ورنی کد 01,اکسسوری زنانه,2350000,2450000,4.08
9809781,کیف کمری زنانه ساراسا مدل 01,اکسسوری زنانه,2350000,2450000,4.08
11321138,شلوارک ورزشی مردانه آندر آرمور مدل EE1016-333VIZO,لباس مردانه,12950000,13500000,4.07
6873874,چمدان مدل 3S_M850 سایز متوسط,لوازم سفر,9450000,9850000,4.06
2515021,ماشین اصلاح موی صورت میجیا مدل MSX201,اصلاح موی صورت,9210000,9600000,4.06
6871843,عروسک طرح خرس کله فندقی طول 30 سانتی متر بسته 3 عددی,اسباب بازی,4500000,4690000,4.05
8179414,کفش روزمره زنانه جوتی جینز مدل 316497,کفش زنانه,3790000,3950000,4.05
12378009,انگشتر نقره زنانه بازرگانی میلادی مدل سنگ اوپال نگین برلیان بدون ریزش آبکاری رادیوم کد AWR_1499,اکسسوری زنانه,7064500,7363000,4.05
9588926,جوراب شلواری دخترانه مدل بافت رنگ مشکی,دخترانه,950000,990000,4.04
9317690,فرفره انفجاری سیور والتریک پرشی کد B-181,اسباب بازی,3270000,3407500,4.04
5088153,کیف اداری مردانه چرم مشهد مدل A0137-091,اکسسوری مردانه,46481000,48434000,4.03
3259029,کیف اداری مردانه چرم مشهد مدل A0137-001,اکسسوری مردانه,46481000,48434000,4.03
12381500,ژل شستشو صورت رین استایل مدل Mela حجم 250 میلی لیتر,مراقبت پوست,1604200,1671600,4.03
12381526,ژل شستشو صورت رین استایل مدل Sebo حجم 250 میلی لیتر,مراقبت پوست,1604200,1671600,4.03
6197764,ساختنی بافرزندان مدل آجره بساز و بازی کن 14 قطعه,اسباب بازی,950200,990000,4.02
4416959,ادو پرفیوم مردانه اسمارت کالکشن مدل Only The Brave 300 حجم 100 میلی لیتر,عطر و ادکلن مردانه,2109600,2197800,4.01
7799669,عروسک طرح خرگوش آنجل مدل لباس دار ارتفاع 45 سانتی متر,اسباب بازی,1612700,1680000,4.01
7813125,فوم شستشو صورت دکتر راشل مدل هیالورونیک اسید حجم 125 میلی لیتر,مراقبت پوست,2400000,2500000,4.0
7969655,لیوان کودک مدل مینیون ,قاشق، چنگال و ظروف کودک و نوزاد,240000,250000,4.0
8056271,زیرپوش مردانه تابش ایران پود مدل سوپرپنبه اعلاء SP002,لباس مردانه,1200000,1250000,4.0
8513716,شلوار جین زنانه جوتی جینز مدل 43543,لباس زنانه,9590000,9990000,4.0
11308957,شلوار جین مردانه مدل SL-BU,لباس مردانه,2400000,2500000,4.0
11262654,کتاب پشه موجودات حال به هم زن اثر الیس گراول نشر کتاب چ,کتاب کودک و نوجوان,431500,449500,4.0
11663487,اسپری نرم کننده مو بیول مدل Miracle spray 10in1 حجم 400 میلی لیتر ,شامپو و مراقبت مو,1080000,1125000,4.0
5376609,محافظ پریز برق کودک خوش منظر الکتریک مدل A2 بسته 7 عددی,ابزار ایمنی کودک و نوزاد,240000,250000,4.0
2321375,کتاب چراهای شگفت انگیز خشم طبیعت اثر روزی گرین وود انتشارات محراب قلم,کتاب کودک و نوجوان,240000,250000,4.0
1725347,کمربند مردانه تاکتیکال سریز مدل 511,اکسسوری مردانه,2280000,2375000,4.0
428262,سشوار گوسونیک مدل GHD-229,سشوار,7500000,7812000,3.99
4133649,گواش وستا کد 557,ابزار نقاشی و رنگ آمیزی,770000,802000,3.99
9795846,کرم ضد آفتاب پلزنت مدل INVISIBLE حجم 40 میلی لیتر,مراقبت پوست,4680000,4874000,3.98
8097334,پودر دکلره آوایی مدل کراتین وزن 50 گرم رنگ آبی اقیانوسی,آرایش مو,460000,479000,3.97
6003803,تفنگ آب پاش گلدن گان مدل Water Gun,اسباب بازی,749000,780000,3.97
5113772,ادوپرفیوم زنانه روونا مدل FLOWER حجم 100 میلی لیتر,عطر و ادکلن زنانه,4120000,4290000,3.96
216256,بازی منچ و مارپله کلاسیک تخته چوبی مدل Animals,اسباب بازی,895000,931900,3.96
9506249,ماساژور برقی مدل EMS-01,ماساژور,7290000,7590000,3.95
12303910,کوله پشتی دفکتو مدل ADVENTURES,اکسسوری زنانه و مردانه,11800000,12285000,3.95
2751800,بازی فکری فکرآوران مدل جومانجی,اسباب بازی,1900000,1978000,3.94
4226988,باتری و کابل شارژ دسته بازی ایکس باکس سریس مایکروسافت مدل 1727 ,لوازم جانبی کنسول بازی,6100000,6350000,3.94
3740867,عینک آفتابی مردانه مدل jsh7861333,اکسسوری مردانه,1950000,2030000,3.94
6794512,عروسک هاسبرو مدل MANDALORIAN CHILD,اسباب بازی,49950000,52000000,3.94
138068,کتاب غریبه ای در قصر اثر مارک تواین نشر چشمه,کتاب شعر و ادبیات,1141300,1188000,3.93
761534,ست پانسمان 6 تیکه به همراه ابزار BJS,تجهیزات بیمارستانی,4400200,4580000,3.93
6874390,استخر و پارک بادی اینتکس کد 57162,وسایل بازی و تجهیزات پارکی کودک,27480000,28600000,3.92
8399277,ماشین اصلاح موی صورت براون مدل 9427s,اصلاح موی صورت,245000000,255000000,3.92
7932047,کفش مردانه کروماکی مدل km11441,کفش مردانه,3835000,3991000,3.91
9370649,مسواک برقی اورال-بی مدل Star Wars Kids,بهداشت دهان و دندان,17200000,17900000,3.91
9277162,کانسیلر اپتیموس مدل 03,آرایش صورت,1720000,1790000,3.91
4197368,ست اسباب بازی لوازم آرایشی مدل 973A-008,اسباب بازی,7608100,7918000,3.91
2894708,مکعب روبیک آوا کد AM1994,اسباب بازی,489500,509400,3.91
11985536,گردنبند مدل دوستت دارم به صد زبان مجموعه دو عددی,اکسسوری زنانه و مردانه,1720000,1790000,3.91
2172489,کرم روشن کننده پوست آردن بیوتی مدل Dermaline حجم 30 میلی لیتر,مراقبت پوست,690000,718000,3.9
1148502,زیرانداز سفری طرح جاجیم مدل 04 سایز چهار نفره,لوازم کمپینگ,1450000,1508800,3.9
9481449,ساعت مچی عقربه‌ای مردانه نیوی فورس مدل NF 9172 BG,اکسسوری مردانه,11905500,12388100,3.9
10031070,خودکار مدل پاک کن دار طرح موش,نوشت افزار,345000,359000,3.9
7942808,لگو مدل شورلت کد 76903,اسباب بازی,37000000,38500000,3.9
11781356,ژل شستشوی صورت بایوریچ مدل پمپی حجم 230 میلی لیتر,مراقبت پوست,1931900,2010400,3.9
11809430,ماشین بازی مدل لیموزین بی ام و  BMW 760LI,اسباب بازی,5959000,6200000,3.89
4752485,اسپری خوشبو کننده بدن زنانه وودی سنس مدل Donna حجم 200 میلی لیتر,اسپری,890000,926000,3.89
12443000,کتاب ماجراهاي تن تن 14 معبد خورشيد اثر هرژه نشر چشمه,کتاب کودک و نوجوان,1998000,2078800,3.89
11997777,عینک آفتابی ری بن مدل 3016-901,اکسسوری زنانه و مردانه,32648000,33966000,3.88
2329755,کیف کمری مدل T9 R5,لوازم سفر,1870000,1945400,3.88
921126,کتاب قرمز قرمز قرمز اثر والری گورباچف نشر چشمه,کتاب کودک و نوجوان,701400,729600,3.87
6463923,ژل ضد چروک بالانس مدل Hyaluronic حجم 30 میلی لیتر,مراقبت پوست,2980000,3100000,3.87
7867341,کتاب گهواره گربه اثر کورت ونه گات نشر ثالث,کتاب شعر و ادبیات,932700,970200,3.87
10258767,کیف پول چرمی مدل Sde کد Kmsh - 14,دست بافته‌ ها، رودوزی و محصولات پارچه ای و چرمی,2490000,2590000,3.86
6146225,رنگ مو سوپرکی شماره 7.11 حجم 145میلی لیتر رنگ بلوند دودی,آرایش مو,994000,1033900,3.86
7130359,منگنه کانکس مدل HD-10,لوازم اداری,769200,800000,3.85
4724754,زیرپایی گیتار کد A-7850,لوازم جانبی آلات موسیقی,1625000,1690000,3.85
3902561,کتاب قوانین قدرت اثر رابرت گرین نشر آبانا ,کتاب علوم اجتماعی,1200000,1248000,3.85
1023654,کرم ضد آفتاب رنگی ام کیو مدل NATURAL BEIGE حجم 55 میلی لیتر,مراقبت پوست,3038200,3160000,3.85
2967716,کتاب حلیه القرآن سطح 2 اثر سید محسن موسوی بلده انتشارات احیاء کتاب,کتاب دینی,450000,468000,3.85
11159963,فیلتر تصفیه آب یخچال و فریزر ساید مدل JW-LG-RF,سلامت محیط,750000,780000,3.85
7634101,دوربین تک چشمی کومت مدل 13X50 BK7,لوازم کمپینگ,25000000,26000000,3.85
8786706,ساعت مچی عقربه ای زنانه نیوی فورس مدل nf5019,اکسسوری زنانه,9480000,9860000,3.85
9841725,پارچه لباس مدل آستری حریر کد D101-B,دست بافته‌ ها، رودوزی و محصولات پارچه ای و چرمی,250000,260000,3.85
12576211,دوربین تله ای شکاری یوسوگود مدل TC20,لوازم کمپینگ,45000000,46800000,3.85
10340292,ست شورت و نیم تنه زنانه مدل SE1002,لباس زنانه,788500,820000,3.84
9061818,ساختنی فکرچین مدل تعطیلات جزیره Island Holiday,اسباب بازی,1827500,1900000,3.82
1780754,فیگور دیزنی طرح وودی,اسباب بازی,15200000,15800000,3.8
5015805,پد آرایشی مدل تخم مرغی,برس‌ها و تجهیزات آرایشی,197200,205000,3.8
12414953,خود تراش لمسر مدل 03 مجموعه دو عددی,لوازم اصلاح مو,608400,632400,3.8
4414225,رنگ مو اسکالیم شماره 90.32 حجم 100 میلی لیتر رنگ هایلایت بژ,آرایش مو,1009400,1049200,3.79
8919356,فلاسک مدل کوهنوردی گنجایش 1 لیتر,لوازم کمپینگ,3550000,3690000,3.79
10803164,کوله پشتی کوهنوردی 40 لیتری مدل MJ2,لوازم سفر,16500000,17150000,3.79
10554235,رژ لب جامد نوت مدل MATTEVER شماره 12,آرایش لب,1780000,1850000,3.78
7118751,ماشین اصلاح موی سر بابیلیس مدل 7755PE به همراه ماشین اصلاح موی سر مدل 01,اصلاح موی سر,25017000,26000000,3.78
772080,رنگ مو مارال سری بژ مدل بلوند بژ خیلی روشن شماره 9.51,آرایش مو,303800,315700,3.77
10292134,کفش پیاده روی مدل .TOO رنگ طوسی,کفش زنانه و مردانه,4080000,4240000,3.77
712988,اسپری بدن مردانه مالیزیا مدل سیلور حجم 150 میلی لیتر,اسپری,1870000,1943000,3.76
3272372, روان نویس پنسان مدل 2290,نوشت افزار,385000,400000,3.75
5702726,ژل پاک کننده آرایش صورت و لایه بردار فرونیا مدل شیرین بیان حجم 150 میلی لیتر,مراقبت پوست,2500000,2597400,3.75
5064059,کتاب خط اثر سید مرتضی موسوی گرمارودی انتشارات دلیل ما,کتاب شعر و ادبیات,690000,716900,3.75
10141106,فرفره مدل FLY WHEEL طرح تفنگ,اسباب بازی,847000,880000,3.75
10581234,هلیکوپتر بازی کنترلی مدل  سنسور دار,اسباب بازی,2541000,2640000,3.75
11066219,صندل مردانه هامتو مدل 24214_A,کفش مردانه,21560000,22400000,3.75
8211768,رنگ مو گارنیک شماره 9.3 حجم 120 میلی لیتر رنگ بلوند زیتونی خیلی روشن به همراه اکسیدان مدل 30vol نه درصدی حجم 180 میلی لیتر,آرایش مو,1155000,1200000,3.75
7868225,ماسک ایفای نقش دنیای سرگرمی های کمیاب مدل جیغ Scary Movie,اسباب بازی,670000,696000,3.74
4199173,دايره المعارف کتاب های مرجع فرهنگ جغرافی مدرسه اثر منصور ملک عباسی انتشارات محراب قلم ,کتاب کودک و نوجوان,1028900,1068900,3.74
6270343,دفترچه لغت 50 برگ ایفل مدل ساده کد 5,دفتر و کاغذ و مقوا,375800,390400,3.74
4223955,عروسک طرح Annabelle مدل 001 ارتفاع 25 سانتی متر,اسباب بازی,49000000,50900000,3.73
4215850,اسپری بدن مردانه کاسپین مدل DEEP WILD حجم 150 میلی لیتر,اسپری,490000,509000,3.73
5319755,ماشین اصلاح موی سر و صورت روزیا پرو مدل HQ5950,اصلاح موی صورت,14440000,15000000,3.73
7631197,گردنبند زنانه مدل دوستت دارم به صد زبان دنیا طرح هلال ماه,اکسسوری زنانه,1588400,1650000,3.73
9046941,ماکت ماشین مایستو مدل 1971 Datsun 240Z,اسباب بازی,37450000,38900000,3.73
10695420,هودی مردانه جوتی جینز مدل 394,لباس مردانه,12990000,13490000,3.71
11846350,کرم مرطوب کننده سوپکس  مدل ALOE VERA حجم 250 میلی لیتر,مراقبت پوست,519400,539400,3.71
11530166,جوراب زنانه مدل دو خط بسته 5 عددی,لباس زنانه,2499000,2595000,3.7
11470082,ژل مو لورآل مدل Edt حجم 120 میلی لیتر,آرایش مو,2588000,2687500,3.7
10412684,کتاب شازده کوچولو اثر آنتوان دوسنت اگزوپری انتشارات نگاه آشنا,کتاب شعر و ادبیات,260000,270000,3.7
9782384,سشوار حرفه ای دی اس پی مدل 30022,سشوار,16490000,17123000,3.7
8122818,ماشین اصلاح موی صورت دی اس پی مدل 60111,اصلاح موی صورت,13000000,13500000,3.7
2654347,ست سرهمی و کلاه نوزادی دخترانه طرح خرگوش کد M209,نوزاد,1040000,1080000,3.7
770388,رنگ مو مارال سری دودی مدل قهوه ای دودی تیره شماره 3.1,آرایش مو,390000,405000,3.7
9828806,نیم ست طلا 18 عیار زنانه دوست خوب مدل dk101-1,زیورآلات طلا زنانه,507936000,527280000,3.67
10948523,کرم پودر 5استار مدل 101 حجم 40 میلی لیتر,آرایش صورت,1382400,1435000,3.67
12391849,کفش روزمره زنانه مدل B102,کفش زنانه,4108000,4264000,3.66
1133562,موچین زدوان مدل 102,برس‌ها و تجهیزات آرایشی,530000,550000,3.64
5196960,فوم شستشوی صورت نو آکنه مدل 001 حجم 150 میلی لیتر,مراقبت پوست,980000,1017000,3.64
5035044,دامن زنانه مدل 33221,لباس زنانه,2650000,2750000,3.64
6545952,دمپایی زنانه نیکتا مدل 030-P-Rabit,کفش زنانه,1590000,1650000,3.64
3667221,ادو پرفیوم مردانه بایلندو مدل Dylan Blue حجم 100 میلی لیتر,عطر و ادکلن مردانه,2737000,2840000,3.63
2984905,تفنگ بازی طرح کلت مدل M-11,اسباب بازی,249800,259200,3.63
7729545,رنگ مو گارنیک شماره 1 حجم 120 میلی لیتر رنگ مشکی به همراه اکسیدان گارنیک مدل 20vol شش درصدی حجم 180 میلی لیتر,آرایش مو,1328600,1378600,3.63
10289431,کتاب یادگیری ماورایی اثر اسکات اچ.یانگ نشر هورمزد,کتاب فلسفه و روانشناسی,798000,828000,3.62
3050235,کتاب هوش مالی خود را افزایش دهید اثر رابرت کیوساکی انتشارات الماس پارسیان,کتاب علوم اجتماعی,740000,767800,3.62
5265701,ساعت مچی عقربه ای زنانه نیوی فورس مدل NF5017,اکسسوری زنانه,14650000,15200000,3.62
2643246,مداد ابرو رویال اترنیتی شماره 601,آرایش ابرو,1176000,1220000,3.61
2319923,ساعت مچی دیجیتال بچگانه اسکمی مدل 1451B,مد و پوشاک دخترانه و پسرانه,4000000,4150000,3.61
2237979,شامپو اکوآلایزر استار لیدی مدل Argan حجم 400 میلی لیتر,شامپو و مراقبت مو,800000,830000,3.61
12145442,کتاب روح القوانین اثر منتسکیو نشر امير كبير,کتاب علوم اجتماعی,8000000,8300000,3.61
10908878,تراش مدل ذرت,نوشت افزار,313000,324700,3.6
9846375,عینک آفتابی مردانه مدل Sk 9034,اکسسوری مردانه,1118300,1160000,3.59
10075329,برچسب ویکدی مدل اسب تک شاخ و جشن ابر قصر جادویی و سگ مجموعه 4 عددی,دفتر و کاغذ و مقوا,590000,612000,3.59
687603,تفنگ اسباب بازی مدل جنگ ستارگان,اسباب بازی,1880000,1950000,3.59
9626072,پیراهن آستین بلند پسرانه مدل هاوایی کد M107,پسرانه,2289000,2374000,3.58
11429141,خود تراش ژیلت مدل FUSION5,لوازم اصلاح مو,2415400,2505000,3.58
12291873,آتش زنه سون استار مدل H01,لوازم کمپینگ,339600,352200,3.58
11337951,پولوشرت آستین کوتاه مردانه رینگ مدل TMJ00502/2 رنگ نارنجي,لباس مردانه,2700000,2800000,3.57
8519911,فرفره مدل انفجاری طرح سیور بلفایر کد B-191-3,اسباب بازی,2700000,2800000,3.57
4962782,کلاه کوهنوردی کد m-100,اکسسوری زنانه و مردانه,405000,420000,3.57
12183139,ست سیسمونی اتاق کودک طرح خرسی تریکو مجموعه 4عددی,تزئینات اتاق کودک,3086200,3200000,3.56
2885504,بازی فکری فکر آوران مدل عمو پولدار,اسباب بازی,1850000,1918000,3.55
8416802,نیم تنه ورزشی زنانه مدل 268981302,لباس زنانه,1630000,1690000,3.55
9615495,فرفره مدل انفجاری میراژ فابنیر Burst Top B-167,اسباب بازی,2990000,3100000,3.55
1624494,سرم پوست استه لودر مدل Advanced Night Repair حجم ۳۰ میلی لیتر,مراقبت پوست,46011100,47700000,3.54
12043452,ساعت مچی عقربه ای زنانه مدل بولُن تک موتوره کد 02,اکسسوری زنانه,1910000,1980000,3.54
151245,اسپری مردانه اینتسا مدل Pour Homme Ylang Ylang حجم 150 میلی لیتر,اسپری,2200000,2280400,3.53
4048397,کیسه آب گرم مدل 001,پد و کیسه آب گرم,1174000,1216800,3.52
4103738,تفنگ بازی گانهر مدل هفت تیر کد 3123,اسباب بازی,6870000,7120000,3.51
5152204,کتاب لقمه شیمی دوازدهم اثر کوروش هوشیار عشقی و وحید افشار انتشارات مهروماه,کتاب درسی، کمک‌درسی و آزمون,550000,570000,3.51
9535805,ساعت مچی دیجیتال بچگانه مدل توت فرنگی,مد و پوشاک دخترانه و پسرانه,550000,570000,3.51
11256534,ماکت هواپیما طرح جنگنده مدل F35 کد 7786,اسباب بازی,3849000,3989000,3.51
11700681,اکستریت دی پرفیوم مردانه ناسوماتو مدل بلك افغانو حجم 30 میلی لیتر,عطر و ادکلن مردانه,52200000,54100000,3.51
10219680,کیف رودوشی زنانه مدل c80,اکسسوری زنانه,1650000,1710000,3.51
11956020,کیف رودوشی زنانه چرم مشهد مدل S0878-093,اکسسوری زنانه,12053000,12490000,3.5
9846216,گوشواره طلا 18 عیار زنانه طلای مستجابی کد V1,زیورآلات طلا زنانه,195622000,202700000,3.49
5391234,شامپو مو ریو مدل آبرسان حجم 500 میلی لیتر,شامپو و مراقبت مو,3947400,4090000,3.49
7269434,دستمال مرطوب سون کوئین مدل 01 بسته 27 عددی,بهداشت و مراقبت بدن,260000,269400,3.49
1537263,مداد نوکی 0.7 میلی متر استدلر کد 764,نوشت افزار,666000,690000,3.48
2378411,اسباب بازی دستگاه پوز مدل 1611,اسباب بازی,1911000,1980000,3.48
9118074, اسپری رنگ مو میسبون مدل BN حجم 150 میلی لیتر رنگ قهوه ای تیره,آرایش مو,820000,849600,3.48
7900301,کتاب بل آمی اثر گی دو موباسان انتشارات مجید,کتاب علوم اجتماعی,1919000,1988000,3.47
10116562,میکروفن رومیزی میشن مدل MT-MC13,لوازم جانبی آلات موسیقی,7240000,7500000,3.47
7269811,دستمال مرطوب سون کوئین مدل 04 بسته 27 عددی,بهداشت و مراقبت بدن,250000,259000,3.47
10738634,کفش پیاده روی کفش سعیدی مدل 203F,کفش زنانه و مردانه,2790000,2890000,3.46
10738681,کفش پیاده روی کفش سعیدی مدل 203T,کفش زنانه و مردانه,2790000,2890000,3.46
10654507,قمقمه مدل اسپرت کاپ کانگ نینگ گنجایش 0.75 لیتر,ورزش های هوازی و تناسب اندام,2790000,2890000,3.46
11542514,پولوشرت آستین کوتاه مردانه زی سا مدل 153162190,لباس مردانه,2790000,2890000,3.46
11542531,پولوشرت آستین کوتاه مردانه زی سا مدل 153162116,لباس مردانه,2790000,2890000,3.46
9001349,ادوپرفیوم زنانه مارول مدل ویکتوریا سکرت حجم 100 میلی لیتر,عطر و ادکلن زنانه,2148000,2225000,3.46
9508774,تراش فکتیس مدل مخزن دار طرح سمانه بسته 2 عددی,نوشت افزار,429500,444900,3.46
7979271,دوربین دوچشمی کومت مدل ZOOM 80X,لوازم کمپینگ,14000000,14500000,3.45
11029537,کتاب شاه جنگ ایرانیان در چالدران اثر اشتن متز نشر افق,کتاب تاریخ و جغرافیا,1985700,2056700,3.45
6300225,ژل شستشو بدن ویکتوریا رز مدل ANGELO حجم 200 میلی لیتر,بهداشت و مراقبت بدن,1400000,1450000,3.45
5187180,تفنگ بازی کد 402120 مجموعه 7 عددی,اسباب بازی,2800000,2900000,3.45
4114585,سوزن منگنه تینا فلز سایز 530/14 بسته 2100 عددی ,لوازم اداری,840000,870000,3.45
4262647,ماشین اصلاح موی بدن فیلیپس مدل BG5020/15,اصلاح موی بدن آقایان,26060000,26990000,3.45
2508088,کتاب جن زدگان اثر هنریک ایبسن نشر بیدگل,کتاب شعر و ادبیات,819700,849000,3.45
12244052,کت زنانه جوتی جینز مدل جین کد 647,لباس زنانه,13990000,14490000,3.45
4308643,رنگ مو آیون شماره 11.8 حجم 120 میلی لیتر بلوند پلاتینیه زیتونی روشن ,آرایش مو,1198800,1241500,3.44
1668177,آنالوگ دسته بازی پلی استیشن 4 مدل A101 بسته 2 عددی,لوازم جانبی کنسول بازی,239000,247500,3.43
7845870,تاب کودک مدل آنیا,وسایل بازی و تجهیزات پارکی کودک,3380000,3500000,3.43
12032671,میکروفن بی‌سیم گرین لاین مدل Triplets,لوازم جانبی آلات موسیقی,19295000,19980000,3.43
7549231,شامپو مو دوفاری مدل آمونیاک و سولفات فری حجم 1000 میلی لیتر,شامپو و مراقبت مو,3940400,4080000,3.42
10190278,ست اسباب بازی آشپزخانه مدل چایی خوری چهارنفره TK-4P,اسباب بازی,565000,585000,3.42
10226735,چمدان اسپید مدل C010010 سایز کوچک,لوازم سفر,18275000,18920000,3.41
10529215,ساعت مچی عقربه‌ای مردانه کاسیو مدل MTP-B200D-7EDF,اکسسوری مردانه,31264000,32367000,3.41
11008668,فریم عینک طبی مدل B.STARS.ZE2025,اکسسوری زنانه و مردانه,850000,880000,3.41
11671407,ساعت مچی عقربه‌ای مردانه کاسیو مدل MTP-B205D-1EDF,اکسسوری مردانه,36402000,37686000,3.41
11671761,ساعت مچی دیجیتال مردانه کاسیو مدل DW-5610Y-9DR,اکسسوری مردانه,55605000,57568000,3.41
11651434,ساعت مچی عقربه‌ای مردانه کاسیو مدل GA-2100PTS-8ADR,اکسسوری مردانه,64365000,66637000,3.41
11252974,کفش مخصوص دویدن اسیکس مدل Asics GEL-Nimbus 22,کفش زنانه و مردانه,22695000,23496000,3.41
7444435,ساعت مچی عقربه‌ای مردانه کاسیو مدل EQS-930DC-1AVUDF,اکسسوری مردانه,91149000,94366000,3.41
8098562,ساعت مچی عقربه‌ای مردانه کاسیو مدل MTP-VD300SG-1EUDF,اکسسوری مردانه,23178000,23996000,3.41
8088971,ساعت مچی عقربه‌ای مردانه کاسیو مدل MTP-VD01B-5BVUDF,اکسسوری مردانه,16103000,16671000,3.41
8087701,ساعت مچی عقربه‌ای مردانه کاسیو مدل ECB-10DC-3ADF,اکسسوری مردانه,85843000,88873000,3.41
9430346,ساعت مچی عقربه‌ای مردانه کاسیو مدل EFS-S610HG-1AVUDF,اکسسوری مردانه,106816000,110586000,3.41
209751,ساعت مچی عقربه ای مردانه کاسیو مدل MTP-1314SG-1AVDF,اکسسوری مردانه,20398000,21118000,3.41
297592,ساعت مچی عقربه ای مردانه کاسیو مدل MTP-1303D-7AVDF,اکسسوری مردانه,13660000,14142000,3.41
1782516,ساعت مچی عقربه ای مردانه کاسیو مدل AW-80-1A,اکسسوری مردانه,13660000,14142000,3.41
4382022,ساعت مچی عقربه‌ای مردانه کاسیو مدل MTS-110D-2AVDF,اکسسوری مردانه,29579000,30623000,3.41
4292118,ساعت مچی عقربه‌ای مردانه کاسیو مدل ECB-10DC-1ADF,اکسسوری مردانه,85843000,88873000,3.41
4998424,ساعت مچی عقربه ای کاسیو مدل GM-110SCM-1ADR,اکسسوری زنانه و مردانه,105805000,109539000,3.41
5621916,ساعت مچی عقربه‌ای مردانه کاسیو مدل MTP-E321M-2AVDF,اکسسوری مردانه,31264000,32367000,3.41
6851610,ساعت مچی عقربه‌ای مردانه کاسیو مدل MTP-VD300L-2EUDF,اکسسوری مردانه,17872000,18502000,3.41
12403788,ساعت مچی عقربه‌ای مردانه کاسیو مدل  MTP-W500L-1AVDF,اکسسوری مردانه,56785000,58789000,3.41
12470192,مجموعه دو عددی چمدان مدل H25,لوازم سفر,21900000,22670000,3.4
5018532,پد بهداشتی روزانه ناولتی مدل COTTON FEEL بسته 20 عددی,بهداشت زنان,432100,447300,3.4
1856417,ساعت مچی عقربه ای مردانه کاسیو مدل MW-240-7EVDF,اکسسوری مردانه,6922000,7166000,3.4
11092077,دستگاه بخور سرد نیو تاپ فیلینگ مدل T-587,دستگاه بخور و رطوبت ساز,11394000,11795000,3.4
11555440,شورت گنی زنانه اسمارا مدل ES0099,لباس زنانه,2850000,2950000,3.39
2643259,مداد ابرو رویال اترنیتی شماره 603,آرایش ابرو,1140000,1180000,3.39
8144904,کفش والیبال مردانه مدل GEL-VOLIEY aslx,کفش مردانه,5200000,5382000,3.38
11042790,فریم عینک طبی مدل LA020 Acetate Obsidian Byzantine,اکسسوری زنانه و مردانه,17200000,17800000,3.37
7567294,جوراب مردانه پاآرا مدل NANO.200 مجموعه 4 عددی,لباس مردانه,2300000,2380000,3.36
9305157,دستکش گیمینگ ممو مدل FS,لوازم جانبی کنسول بازی,1150000,1190000,3.36
3072555,لباس خواب زنانه مدل رویا کد 12,لباس زنانه,1150000,1190000,3.36
9091511,کرم ضد تعریق دئودورانت کلیون مدل 7 Days حجم 25 میلی لیتر مجموعه 2 عددی,ضد تعریق,6440000,6663300,3.35
11694820,رقص نور مدل اکولایزر کد EQ-08,تجهیزات استودیویی,2748900,2844000,3.34
12161033,ساعت مچی عقربه‌ای مردانه هابلوت مدل Chronograph- کدWSG-57,اکسسوری مردانه,21285000,22020000,3.34
12296162,اسپرى بدن مردانه بيواستار مدل splindoor حجم 200 ميلى ليتر,اسپری,1450000,1500000,3.33
12085624,روان نویس زبرا مدل ساراسا کلیپ کد 0.5,نوشت افزار,580000,600000,3.33
9107972,مداد نوکی 0.7 میلی متری سی کلاس مدل expert,نوشت افزار,406000,420000,3.33
9024726,کیف حمل کنسول پلی استیشن 4 مدل GTA V New,لوازم جانبی کنسول بازی,2900000,3000000,3.33
9837619,انگشتر طلا 18 عیار مردانه طلای مستجابی مدل M8,زیورآلات طلا مردانه,240250500,248535000,3.33
2971834,قیچی خیاطی وای دی ال مدل GH12,چرخ خیاطی دستی و ملزومات خیاطی,2900000,3000000,3.33
2712951,شانه ضد شپش کد GH001,برس‌ها و تجهیزات آرایشی,290000,300000,3.33
6720862,شیشه شیر اونت مدل SCF033 ظرفیت 260 میلی لیتر بسته دو عددی,شیشه شیر، سرلاک و داروخوری,8700000,9000000,3.33
542546,میکرونیدلینگ درماپن مدل A1-C,ابزار مراقبت از پوست,14503400,15000000,3.31
9008401,کتاب گلستان سعدی نشر یاقوت کویر,کتاب شعر و ادبیات,2630000,2720000,3.31
10668251,ماشین اصلاح موی صورت فیلیپس مدل AT811/41,اصلاح موی صورت,29200000,30200000,3.31
11207242,ادو پرفیوم پرفیوم دو مارلی مدل Sedley حجم 125 میلی لیتر,عطر و ادکلن مردانه و زنانه,77000000,79630000,3.3
9176238,کرم ضد چروک آردن مدل اکسپرت ایج حجم 50 میلی لیتر,مراقبت پوست,3987000,4123000,3.3
557847,فلاسک غذا استنلی مدل دسته دار,لوازم کمپینگ,29000000,29990000,3.3
82117,کرم لایه بردار پوست هیدرودرم مدل AHA وزن 50 گرم,مراقبت پوست,679000,702200,3.3
7269380,دستمال مرطوب سون کوئین مدل 02 بسته 27 عددی,بهداشت و مراقبت بدن,270000,279200,3.3
6980131,کرم مرطوب کننده رزاکلین مدل HYDRA COMPLEX حجم 100 میلی لیتر,مراقبت پوست,1789000,1850000,3.3
2210513,برس مو دکتر مورنینگ مدل DM2 مجموعه 2 عددی,برس‌ها و تجهیزات آرایشی,734000,759000,3.29
1920137,کرم دور چشم ژوت مدل Hidrolyzed حجم 15 میلی لیتر,مراقبت پوست,1758300,1818100,3.29
12125058,کرم موبر پریزن مدل Mina حجم 100 میلی لیتر مجموعه 2 عددی,لوازم اصلاح مو,1470000,1520000,3.29
1121010,پنل آکوستیک ایران استودیو مدل فلکسی,تجهیزات استودیویی,1209000,1250000,3.28
4665847,نیم تنه زنانه اسپیور مدل 2W07-07,لباس زنانه,590000,610000,3.28
9294365,دستبند زنانه مدل پاستیلی,اکسسوری زنانه,324000,335000,3.28
8638388,ماسک مو پنتن مدل Onarici Ve Koruyucu حجم 200 میلی لیتر,شامپو و مراقبت مو,1918500,1983600,3.28
10875912,ماسک صورت فریمن مدل Strawberry حجم 175 میلی لیتر,مراقبت پوست,3850000,3980000,3.27
73465,کتاب دروازه ی پتولمی اثر جاناتان استرود,کتاب شعر و ادبیات,1855300,1918000,3.27
967461,پاک کن فکتیس مدل 3036 بسته 4 عددی,نوشت افزار,430000,444500,3.26
44763,کتاب فرزند پنجم اثر دوریس لسینگ,کتاب شعر و ادبیات,598000,618100,3.25
2137338,مژه مصنوعی جویل کد 56,آرایش چشم,518000,535400,3.25
3259837,کتاب آموزش تنبک اثر بهمن رجبی نشر سرود جلد 2,کتاب هنر و سرگرمی,2680000,2770000,3.25
2172462,لوسیون مرطوب کننده و نرم کننده آردن بیوتی مدل Hydraline وزن 75 گرم,مراقبت پوست,657000,679000,3.24
8472036,ادو پرفیوم مردانه بایلندو مدل AQUA DJO حجم 100 میلی لیتر,عطر و ادکلن مردانه,2990000,3090000,3.24
9086139,ساعت مچی عقربه ای زنانه مدل اسپرت کد cit-b-z1,اکسسوری زنانه,1500000,1550000,3.23
9630413,سوتین زنانه مدل گیپور فنردار کش پهن مدل FA-801BK رنگ مشکی,لباس زنانه,1350000,1395000,3.23
10802991,ست تی شرت و شلوارک مردانه آریان نخ باف مدل 1712,لباس مردانه,4275000,4417500,3.23
10183769,عینک آفتابی مردانه مورل مدل 26857C2 RE,اکسسوری مردانه,4500000,4650000,3.23
10370142,دامن زنانه مدل چهار دکمه,لباس زنانه,5310000,5487000,3.23
1884046,شامپو مو دیترون مدل Keratron حجم 200 میلی لیتر,شامپو و مراقبت مو,600000,620000,3.23
1046246,سیم گیتار الکتریک ارنی بال مدل 2220,لوازم جانبی آلات موسیقی,3000000,3100000,3.23
4869241,ماسک ایفای نقش مدل دلقک کد 11021,اسباب بازی,239700,247700,3.23
5213082,نیم تنه زنانه اسپیور مدل 2W34-29,لباس زنانه,900000,930000,3.23
3659399,کفش پیاده روی مردانه مدل Palermo-SL,کفش مردانه,2100000,2170000,3.23
3838441, وکس موبر پروین مدل Aloe vera وزن 20 گرم بسته 10 عددی,لوازم اصلاح مو,540000,558000,3.23
11956044,کیف رودوشی زنانه چرم مشهد مدل S0878-001,اکسسوری زنانه,12053000,12455000,3.23
12345073,شمشیر بازی مدل جمع شونده طرح تایچی کد 95,اسباب بازی,1980000,2046000,3.23
4587326,ادو پرفیوم زنانه آدولفو مدل Lanuit حجم 60 میلی لیتر,عطر و ادکلن زنانه,1498500,1548400,3.22
5599381,"کتاب Python Crash Course - A Hands-On, Project-Based Introduction to Programming اثر Eric Matthes انتشارات مؤلفین طلایی",کتاب چاپی غیر فارسی,1209700,1250000,3.22
2711751,ماشین اصلاح موی بدن فیلیپس سری 3000 مدل BG3010,اصلاح موی بدن آقایان,16600000,17150000,3.21
3484597,خودکار خرم کد 5 بسته 5 عددی,نوشت افزار,667900,690000,3.2
9958229,شامپو مو میسوری مدل شی باتر حجم 1000 میلی لیتر,شامپو و مراقبت مو,2371600,2450000,3.2
11629793,فرش دستبافت 12 متری مدل سلطان آباد کد 586420,فرش,1638000000,1692000000,3.19
919101,کتاب آن بیست و سه نفر اثر احمد یوسف زاده انتشارات  سوره مهر,کتاب شعر و ادبیات,898500,928000,3.18
1604224,محلول شست و شوی لنز رنیو مدل Multiplus حجم 120 میلی لیتر,مکمل تجهیزات پزشکی,1461200,1509000,3.17
3193127, ادو پرفیوم مردانه بای لندو مدل Aventuso حجم 100 میلی لیتر,عطر و ادکلن مردانه,3050000,3150000,3.17
5466028,ماسک مو هر مدل Argan Oil حجم 1000 میلی لیتر,شامپو و مراقبت مو,2420700,2500000,3.17
9036316,کرم مرطوب کننده جانسون مدل Starlic115 حجم 175 میلی لیتر,مراقبت پوست,1375000,1420000,3.17
8670741,دستکش لاتکس اوپی پرفکت مدل 01L سایز لارج بسته 100 عددی,دستکش‌های طبی,1220000,1260000,3.17
3892411,ادو پرفیوم زنانه رودیر مدل Eclat حجم 100 میلی لیتر,عطر و ادکلن زنانه,2360100,2437000,3.16
918086,سشوار مدل KW-5820,سشوار,4600000,4750000,3.16
496096,تشکچه برقی بیورر مدل HK44,تشک و پتوی برقی,33120000,34200000,3.16
6189621,چتر مدل ویندپروف کد 103,لوازم سفر,4261600,4400000,3.15
7873271,ویولن مدل دست ساز,سازهای زهی,319500000,329900000,3.15
9031042,نوار بهداشتی مولپد مدل آلوئه ورا بسته 3 عددی,بهداشت زنان,959700,990900,3.15
11886490,مجموعه 8 عددی ظروف سفری مدل لانچ کیت مثلثی,لوازم کمپینگ,2990000,3087000,3.14
6836295,پلیور زنانه اسمارا مدل C1188,لباس زنانه,4165000,4300000,3.14
3801147,کتاب آموزش ارکستراسیون اثر ساموئل ادلر نشر نای و نی,کتاب هنر و سرگرمی,17198000,17755800,3.14
3256700,گردنبند دخترانه طرح دختر کفشدوزکی و گربه سیاه کد 131,دخترانه,649000,670000,3.13
10083744,اکشن فیگور پلی میتس مدل لاکپشت های نینجا طرح لئوناردو کد KGZ - 152,اسباب بازی,1550000,1600000,3.13
8912004,بازی آموزشی  گیتار مدل بچه رئیس کد S08,اسباب بازی,930000,960000,3.13
12413403,پایه شارژر دسته بازی اسپارک فاکس مدل 01-SparkFox W20X513 مناسب XBOX S/X,لوازم جانبی کنسول بازی,6200000,6400000,3.13
12028259,ساعت مچی عقربه ای زنانه دنیل کلین مدل DK.1.13216-6,اکسسوری زنانه,31000000,32000000,3.13
12235021,کاور اسپریگ مدل Hard Guard مناسب برای ساعت هوشمند سامسونگ Galaxy Watch 4 Classic 46mm,لوازم جانبی ساعت و مچ بند هوشمند,1395000,1440000,3.13
9180991,فیگور مدل اسب پونی کد JIM110 مجموعه 6 عددی,اسباب بازی,3660000,3777700,3.12
9135488,ماسک صورت بایو آکوا مدل عسلی وزن 25 گرم بسته 2 عددی,مراقبت پوست,264600,273100,3.11
9506378,شامپو تقویت کننده و ترمیم کننده مو سولکس مدل کراتین حجم 1000 میلی لیتر,شامپو و مراقبت مو,2180000,2250000,3.11
8318456, شامپو تقویت کننده مو بیتروی مدل ضد ریزش حجم 200 میلی لیتر,شامپو و مراقبت مو,998000,1030000,3.11
12310900,صندل مردانه مدل 3m,کفش مردانه,2800000,2890000,3.11
11205000,برس حرارتی فیلیپس مدل BHH885,اتو و حالت دهنده ی مو,26600000,27450000,3.1
944107,خود تراش دورکو مدل TD709N بسته 2 عددی,لوازم اصلاح مو,438000,452000,3.1
4735139,روغن رزماری نرمک طلایی مدل 004 حجم 30 میلی لیتر,بهداشت و مراقبت بدن,470000,485000,3.09
11736388,فرفره مدل انفجاری دینامیت کد B-180,اسباب بازی,2810600,2900300,3.09
9515687,شلوار مردانه مدل پارچه ای,لباس مردانه,1980000,2043000,3.08
4168203,رنگ پارچه ماری ورک کد MK202 حجم 60 میلی لیتر,ابزار نقاشی و رنگ آمیزی,630000,650000,3.08
726284,ست هدیه چرم زانکو کد 3040,اکسسوری زنانه و مردانه,5355000,5525000,3.08
2102343,اکشن فیگور مارول طرح مرد آهنی مدل SR5,اسباب بازی,629300,649300,3.08
994989,ادوپرفیوم زنانه رودیر مدل Violet حجم 100 میلی‌لیتر,عطر و ادکلن زنانه,9500000,9800000,3.06
2509024,سوهان ناخن  کد 121,بهداشت و زیبایی ناخن,223000,230000,3.04
3567028,انگشتر طلا 18 عیار زنانه کاپانی کد KR001-S8,زیورآلات طلا زنانه,59610800,61478700,3.04
4486283,کتاب پیشوا به رنگ خشم و خون اثر سباستین هافنر نشر خوب,کتاب شعر و ادبیات,370000,381600,3.04
8211722,رنگ مو گارنیک شماره 8.3 حجم 120 میلی لیتر رنگ بلوند زیتونی روشن به همراه اکسیدان مدل 30vol نه درصدی حجم 180 میلی لیتر,آرایش مو,1250000,1289200,3.04
7661321, قمقمه کودک مانیا مدل Mermaid گنجایش 0.75 لیتر ,قمقمه و فلاسک کودک و نوزاد,872200,899500,3.04
9187857,محفظه نگهداری عطر بازرگانی میلادی کد DEK_370,عطر جیبی,639300,659300,3.03
11870820,کتاب حکایت های هزار و یک شب اثر عبدالطیف طسوجی انتشارات هلال نقره ای,کتاب شعر و ادبیات,3200000,3300000,3.03
12124793,سشوار برس دار حالت دهنده فیلیپس مدل BHA310,سشوار,24700000,25472000,3.03
11968290,کتاب دنیا چقدر بزرگ است؟ اثر بریتا تکنت راپ انتشارات کانون پرورش فکری کودکان و نوجوانان,کتاب کودک و نوجوان,420000,433100,3.02
3171425,اسباب بازی دریل مدل Craftsman DEPOT کد 9630 بسته 8 عددی,اسباب بازی,2715400,2800000,3.02
893589,محلول شستشوی لنز رنیو مدل Multi Plus حجم 240 میلی لیتر,مکمل تجهیزات پزشکی,2080200,2145000,3.02
715340,کرم ضد آفتاب رنگی لافارر SPF40 مدل Acne-Prone Bronze مناسب پوست های چرب حجم 40 میلی لیتر,مراقبت پوست,3369000,3473800,3.02
261430,روغن مو نوکس سری Prodigieuse حجم 100 میلی لیتر,شامپو و مراقبت مو,19300000,19900000,3.02
6798262,بازی آموزشی الفبای فارسی و انگلیسی کد 6798262 مجموعه 2 عددی,اسباب بازی,949500,978900,3.0
6810492,فیلتر تصفیه کننده آب یخچال ساید بای ساید ان جی پی مدل JA02,سلامت محیط,6596000,6800000,3.0
12217325,برس حرارتی کالور مدل آرگان تراپی,اتو و حالت دهنده ی مو,34153700,35210000,3.0
928646,چسب موی سر آلبورا مدل Ultra Forte حجم 400 میلی لیتر,آرایش مو,940000,969000,2.99
11722997,کنسول بازی مدل کلاسیک GAME STICK LITE,کنسول خانگی,9750000,10050000,2.99
11271129,کفش زنانه چرم مشهد مدل J2530-093,کفش زنانه,11324000,11673000,2.99
9743435,جاکارتی مدل Bahar ta003,اکسسوری زنانه و مردانه,570000,587500,2.98
11356001,شامپو سر و بدن کودک چیکو مدل bagno حجم 500 میلی لیتر,حمام کودک و شست و شو,3396100,3500000,2.97
10474403,ماشین اصلاح موی سر و صورت فیلیپس مدل HC3525,اصلاح موی سر,16400000,16900000,2.96
12031146,تی شرت آستین کوتاه مردانه لژور مدل Basic,لباس مردانه,3280000,3380000,2.96
10817112,شلوار زنانه بل فی مدل A4436790-12,لباس زنانه,3290000,3390000,2.95
11215819,کرم ضد آفتاب رنگی اون SPF50 مدل کلینانس مناسب پوست های چرب حجم 50 میلی لیتر,مراقبت پوست,10870000,11200000,2.95
11704769,آویز تخت کودک گیگلز مدل DO64,آویز تخت کودک,7570000,7800000,2.95
7537804,سویشرت دخترانه مدل خرگوش ها D03,دخترانه,1349000,1390000,2.95
11180577,کتاب طلایه دار مدرنیسم سیاسی در ایران اثر جمعی از نویسندگان انتشارات اگر,کتاب تاریخ و جغرافیا,1702800,1754300,2.94
10419415,چراغ قوه دستی ویداسی مدل خورشیدی کد WD-340S,کوه‌ نوردی و صخره نوردی,1650000,1700000,2.94
501263,کتاب دایره المعارف کوچک من درباره ی گرگ ها اثر آگنس واندویل انتشارات پیام محراب,کتاب کودک و نوجوان,330000,340000,2.94
4514933,نخ دندان دورکو مدل 01,بهداشت دهان و دندان,328400,338300,2.93
10960042,موتور شارژی مدل DUCATI SX-1628,وسایل بازی و تجهیزات پارکی کودک,133958300,138000000,2.93
9527627,لوسیون ضد آفتاب آردن سولاریس مدل Age Repair Newgen حجم 100 میلی لیتر,مراقبت پوست,2718000,2800000,2.93
1574234,کاغذ A5 دابل آ کد 008 بسته 500 عددی,دفتر و کاغذ و مقوا,999000,1029000,2.92
3645419,ست ادو تویلت زنانه رویال مدل Ramba حجم 100 میلی لیتر,عطر و ادکلن زنانه,2000000,2059900,2.91
4015721, ریمل حجم دهنده دیپ رومانس مدل DR-CB-1,آرایش چشم,3000000,3090000,2.91
12109380,عینک آفتابی زنانه مدل مربعی کائوچو کد 0104 UV400,اکسسوری زنانه,3349700,3450000,2.91
12280834,ست تونیک و شلوار دخترانه لوپیلو مدل 10033,دخترانه,4165000,4290000,2.91
9183295,ریمل بلند کننده کالیستا بیوتی مدل lifter کد 08,آرایش چشم,970000,999000,2.9
9117998, اسپری رنگ مو میسبون مدل BL حجم 150 میلی لیتر رنگ آبی,آرایش مو,840000,865000,2.89
11732004,چراغ قوه مدل T6-26,کوه‌ نوردی و صخره نوردی,2690000,2770000,2.89
10339652,ژل شستشو صورت گارنیه مدل Refreshing حجم 200 میلی لیتر,مراقبت پوست,2195000,2260000,2.88
7161246, پکیج بازی فکری مدل زیما کد G1 مجموعه 6 عددی ,اسباب بازی,2020000,2080000,2.88
3310674,ست تیشرت و شلوار نوزادی پسرانه مدل جنتلمن کد T10,نوزاد,1350000,1390000,2.88
90629,کتاب ته خیار اثر هوشنگ مرادی کرمانی,کتاب شعر و ادبیات,583700,601000,2.88
5571476, رنگ مو سوپرکی شماره 7.47 حجم 145 میلی لیتر رنگ بلوند نسکافه ای,آرایش مو,609300,627300,2.87
4578697,سشوار حرفه ای روناس مدل RO-KM611,سشوار,10393100,10700000,2.87
10610486,کرم اکسیدان کروا پیور مدل KERATIN سه درصدی حجم 1000 میلی لیتر,آرایش مو,1049000,1080000,2.87
11739940,کتاب تریک تریک تریک اثر سمانه صلواتی انتشارات کانون پرورش فکری کودکان و نوجوانان,کتاب کودک و نوجوان,340000,350000,2.86
11808984,صندل مردانه هامتو مدل مدل 730508A-5 کد 65190,کفش مردانه,23800000,24500000,2.86
11709353,انگشتر نقره مردانه بازرگانی میلادی مدل سنگ عقیق زرد شرف الشمس رکاب دست ساز کد AM_2870,اکسسوری مردانه,17251600,17759000,2.86
11709871,انگشتر نقره مردانه بازرگانی میلادی مدل سنگ عقیق سبز رکاب سیلندری سیاه قلم سایز کوچک بچگانه  کد AM_2885,اکسسوری مردانه,2808400,2891000,2.86
11516268,انگشتر نقره مردانه  بازرگانی میلادی مدل خدا کلاسیک کد AM_1187,اکسسوری مردانه,11764000,12110000,2.86
8934528,قوزبند طبی ورنا کد V303,ساپورت های طبی,5100000,5250000,2.86
8997428,دستگاه بادکش برقی مدل A23,مکمل تجهیزات پزشکی,12900000,13280000,2.86
9684842,کفش پیاده روی مردانه مدل 349011621,کفش مردانه,2210000,2275000,2.86
8308267,انگشتر نقره مردانه بازرگانی میلادی مدل سنگ یاقوت رکاب سیاه قلم مخراج فیروزه کد AM_018,اکسسوری مردانه,4828000,4970000,2.86
8766475,پنل آکوستیک ایران استودیو مدل تخم مرغی 3 سانت,تجهیزات استودیویی,1598000,1645000,2.86
6063304,ماشین بازی طرح تاکسی سمند کد 10068,اسباب بازی,1020000,1050000,2.86
6015636,جوراب مردانه پاآرا مدل 200 مجموعه 6 عددی,لباس مردانه,3400000,3500000,2.86
7201457,زنجیر مردانه مدل استیل 72,اکسسوری مردانه,340000,350000,2.86
1968301,فرش ماشینی ساوین کد 4043 زمینه مشکی,فرش,1700000,1750000,2.86
11957048, کتاب سلام من زمین هستم اثر لوکا نوولی انتشارات کانون پرورش فکری کودکان و نوجوانان,کتاب کودک و نوجوان,340000,350000,2.86
9676678,دفترچه یادداشت 200 برگ ایفل مدل ساده بسته 2 عددی,دفتر و کاغذ و مقوا,968000,996400,2.85
10920389,دامن زنانه جینویان مدل کتان آستردار,لباس زنانه,2390000,2460000,2.85
11008565,کرم ترمیم کننده بردون مدل سرامید حجم 50 میلی لیتر,مراقبت پوست,1360700,1400500,2.84
11624161,برچسب مدل برش نخورده طرح اسکرپ بوک,دفتر و کاغذ و مقوا,164200,169000,2.84
4360573,کتاب آموزش و آزمون فارسی دوم ابتدایی سری رشادت اثر مریم مرادی انتشارات مبتکران,کتاب درسی، کمک‌درسی و آزمون,2146300,2209000,2.84
1516471,تیشرت آستین کوتاه مردانه کد 1ABL رنگ مشکی,لباس مردانه,515000,530000,2.83
1634096,کیسه آب گرم برقی مدل Ma-C3,پد و کیسه آب گرم,1250000,1286400,2.83
8429896,گردنبند زنانه مدل ماری استیل 017,اکسسوری زنانه,464000,477500,2.83
872117,پروتز شینیون مدل 25G,برس‌ها و تجهیزات آرایشی,602300,619800,2.82
72908,کتاب بازگشت مومیایی اثر آر. ال. استاین,کتاب شعر و ادبیات,623500,641600,2.82
1726495, عروسک طرح سالیوان ارتفاع 45 سانتی متر ,اسباب بازی,8690000,8942300,2.82
12022929,آغوشی نوزاد مدل Foot Print Pro کد 01,آغوشی,2000000,2058000,2.82
12018568,سشوار حرفه ای والرا مدل دايناميک پرو 4200 ,سشوار,81100000,83450000,2.82
3219203,کلاه کپ مدل sh062,اکسسوری زنانه و مردانه,970000,998000,2.81
8698625,پاشنه کش مدل کوچک بسته 4 عددی,کفش زنانه و مردانه,270000,277800,2.81
7834277,کتاب عادت های اتمی راهی آسان و اثبات‏‌شده برای ایجاد عادت‏‌های خوب و ترک عادات بد اثر جیمز کلیر نشر هورمزد,کتاب علوم اجتماعی,1010700,1039900,2.81
9879858,کتاب خلاقیت نمایشی اثر پریناز شاد انتشارات کارنامه کتاب,کتاب درسی، کمک‌درسی و آزمون,1380000,1419800,2.8
2793972,چراغ قوه ویداسی مدل WD-327C,کوه‌ نوردی و صخره نوردی,1390000,1430000,2.8
84426,کتاب گامهای گمشده اثر مرتضی حنانه,کتاب هنر و سرگرمی,695000,715000,2.8
3781149,ماشین اصلاح موی سر و صورت وی جی ار مدل 082,اصلاح موی صورت,5230000,5380000,2.79
7547055,اکسیدان پادینا مدل 01 شش درصدی حجم 4000 میلی لیتر,آرایش مو,2090000,2150000,2.79
9476807,فر کننده و حالت دهنده مو مدل MT-23,بیگودی و فر کننده ی مو,7000000,7200000,2.78
11789660,ساعت مچی عقربه‌ای مردانه  مدل سابمارینر کد WG-66,اکسسوری مردانه,24838900,25550000,2.78
10119466,کرم ضد لک دست و گردن وازلین مدل EXPERT CARE حجم 100 میلی لیتر,مراقبت پوست,1748200,1798200,2.78
4000146,بالم لب لابلو مدل Original مجموعه 2 عددی,آرایش لب,1750000,1800000,2.78
6064031,شامپو مو موزیلا مدل ضد ریزش و تقویت کننده حجم 250 میلی لیتر,شامپو و مراقبت مو,1186500,1220400,2.78
12113001,ماکت ماشین مدل رولز رویس,اسباب بازی,17500000,18000000,2.78
12296792,وازلین ساج مدل 01 حجم 100 میلی لیتر مجموعه 3 عددی,مراقبت پوست,700000,720000,2.78
6187471,شامپو رنگساژ مو سوبارو شماره 9.01 حجم 150 میلی لیتر رنگ مرواریدی,آرایش مو,1311000,1348300,2.77
628684,سرم مو دو فاز مارال مدل ANTI FRIZZ حجم 250 میلی لیتر,شامپو و مراقبت مو,826000,849500,2.77
1765239,کتاب از بحران تا فروپاشی اثر حسین بشیریه نشر نگاه معاصر,کتاب علوم اجتماعی,548600,564200,2.76
9125583,ماشین اصلاح موی صورت پاناسونیک مدل LV 97-K,اصلاح موی صورت,88000000,90500000,2.76
8711851,کوله پشتی کوهنوردی فری نایت مدل FK0399,لوازم سفر,16200000,16660000,2.76
2229654,کیف اداری مردانه چرم بارثاوا کد 1106b,اکسسوری مردانه,24120000,24800000,2.74
2888140,کپسول گاز 250 گرمی پارس رگولاتور مدل 1113 بسته 4 عددی,لوازم کمپینگ,1650600,1697000,2.73
3105660,لوسیون مو گارنیک مدل روغن آرگان و گیلاس حجم 250 میلی لیتر,شامپو و مراقبت مو,925000,951000,2.73
945855,بازی فکری مائده مدل اعصاب سنج,اسباب بازی,1498000,1540000,2.73
5597678,ادو پرفیوم مهمت مدل Parfums de Marly Darcy حجم 75 میلی لیتر,عطر و ادکلن مردانه و زنانه,9240700,9500000,2.73
9036626,ماسک مو لایتنس  مدل آرگان حجم 1000 میلی لیتر,شامپو و مراقبت مو,2215800,2278000,2.73
8735779,لامپ شارژی دیپ کینگ مدل DK-167,کوه‌ نوردی و صخره نوردی,1790000,1840000,2.72
743790,ماشین اصلاح موزر مدل 0087-1400,اصلاح موی صورت,14300000,14700000,2.72
2359454,پودر حالت دهنده مو آگیوا مدل 02 وزن 20 گرم,آرایش مو,1000000,1028000,2.72
12328414,ساعت مچی عقربه‌ای مردانه هابلوت مدل هندسی کد Ts,اکسسوری مردانه,6800000,6990000,2.72
2056664,گردنبند پاراکورد مدل خورشید,لوازم کمپینگ,359000,369000,2.71
6410947,کرم آبرسان آرتوینا مدل jojoba حجم 50 میلی لیتر ,مراقبت پوست,4465500,4589900,2.71
4887565,شامپو مو بیونیج مدل Folium حجم 250 میلی لیتر,شامپو و مراقبت مو,1480000,1521300,2.71
9954980,دستگاه جوانساز پوست مدل مینی هایفو سه کاره,ابزار مراقبت از پوست,23350000,24000000,2.71
9584941,جعبه انگشتر مدل سنگی کد A-2 بسته 6 عددی,اکسسوری زنانه و مردانه,360000,370000,2.7
9374069,کوله پشتی بچگانه سیی مدل ماشین مک کویین کد 1824.6,مد و پوشاک دخترانه و پسرانه,1728000,1776000,2.7
7713468,عطر جیبی طبیب مدل پرتقال حجم 4 میلی لیتر,عطر جیبی,720000,740000,2.7
2092337,کاور سری یدک مسواک برقی مدل آرال-فر بسته 4 عددی,بهداشت دهان و دندان,360000,370000,2.7
12051154,ساعت مچی عقربه‌ای مردانه اینویکتا مدل 25209 - Master quality Zeus Chronograph کد WG-73,اکسسوری مردانه,35992000,36991700,2.7
12119313,اتو و حالت دهنده ی مو پرومکس مدل Ref.5764K,اتو و حالت دهنده ی مو,35500000,36480000,2.69
1914941,کتاب خاطرات یک بی عرضه احمق ترین نابغه اثر جف کینی نشر ایران بان ,کتاب شعر و ادبیات,1017500,1045600,2.69
2940804,چسب کلاه گیس و پروتز مو سوپر تیپ کد 05 بسته 36 عددی ,برس‌ها و تجهیزات آرایشی,2890000,2970000,2.69
5134393,کتاب حسابان دوازدهم سه بعدی اثر ارشک حمیدی و کاظم اجلالی نشر الگو,کتاب درسی، کمک‌درسی و آزمون,2544700,2615000,2.69
1900478,ادو پرفیوم مردانه وکالیست مدل Black حجم 100 میلی لیتر,عطر و ادکلن مردانه,3990000,4100000,2.68
392943,کتاب نظم و زوال سیاسی اثر فرانسیس فوکویاما انتشارات روزنه,کتاب علوم اجتماعی,3698000,3800000,2.68
8048340,برس مو مدل چوبی بامبو 250,برس‌ها و تجهیزات آرایشی,1250500,1285000,2.68
8934136,صندلی سفری مدل ARAMESH,لوازم کمپینگ,3304400,3395300,2.68
10578737,کمربند مردانه چرم سون مدل Bj130_f,اکسسوری مردانه,2900000,2980000,2.68
481224,بازی فکری سوزنی گل مدل ترنم,اسباب بازی,914900,940000,2.67
1900555,ادو پرفیوم مردانه وکالیست مدل Green حجم 100 میلی لیتر,عطر و ادکلن مردانه,7300000,7500000,2.67
2658571,ست سرهمی و کلاه نوزادی پسرانه طرح خرگوش کد M210,نوزاد,1014000,1041800,2.67
6837279,روغن صورت و بدن مرهم یاب مدل درخت چای حجم 80 میلی لیتر ,بهداشت و مراقبت بدن,1825000,1875000,2.67
6532677,تفنگ بازی طرح کلت کد C.18+,اسباب بازی,21900000,22500000,2.67
6580276,انگشتر دخترانه مدل آغوش,دخترانه,230100,236400,2.66
9467892,شامپو ضد شوره مو هد اند شولدرز مدل Sensitive With Aloe Vera حجم 360 میلی لیتر,شامپو و مراقبت مو,1828100,1878100,2.66
9249761,کتاب بعل زبوب (سالار مگس ها) اثر ویلیام گلدینگ انتشارات نیلوفر,کتاب شعر و ادبیات,1400400,1438700,2.66
9668374,ماشین اصلاح موی صورت و بدن فیلیپس مدل QP2520 به همراه تیغ یدک,اصلاح موی صورت,18400000,18900000,2.65
9868338,برس مو مدل چوبی بامبو کد 1,برس‌ها و تجهیزات آرایشی,1908000,1960000,2.65
10405946,اسباب بازی مدل فرفره انفجاری دومسایزر سیاهچاله کد B176,اسباب بازی,3300000,3390000,2.65
4838151,کفش راحتی دخترانه مدل MOM262,دخترانه,1470000,1510000,2.65
2272831,ست 3 تکه لباس نوزادی طرح بره کد M117,نوزاد,1100000,1130000,2.65
2021487,ساختنی  بلوکس تویز سری خانه سازی مدل 2013,اسباب بازی,3503500,3598500,2.64
867611,اتو مو جاندلی مدل JDL-091,اتو و حالت دهنده ی مو,6650000,6830000,2.64
4921793,ساعت مچی عقربه‌ ای مردانه نیوی فورس مدل NF9182 SBE,اکسسوری مردانه,11210000,11514000,2.64
10291229,نرم افزار  2023 Driver Pack Solution نشر نوین پندار,نرم افزار,480000,493000,2.64
6166725,عینک آفتابی جی اف فره مدل 126 G,اکسسوری زنانه و مردانه,37000000,38000000,2.63
12366475,کتاب آقای بی رویه اثر علی باباجانی انتشارات کانون پرورش فکری کودکان و نوجوانان,کتاب کودک و نوجوان,370000,380000,2.63
11279019,عینک آفتابی مردانه آکوا دی پولو مدل AQ100,اکسسوری مردانه,4840000,4970000,2.62
10514853,ساعت مچی دیجیتال بچگانه مدل Ai,مد و پوشاک دخترانه و پسرانه,1120000,1150000,2.61
9427023,گچ مو مدل a14 کد 215 ,برس‌ها و تجهیزات آرایشی,250000,256700,2.61
6408427,كتاب بزرگ ترين دختر عالم اثر سيد مهدي شجاعي انتشارات کانون پرورش فکری کودکان و نوجوانان,کتاب شعر و ادبیات,375000,385000,2.6
1537337,ساعت مچی عقربه ای مردانه نیوی فورس مدل NF9074,اکسسوری مردانه,9990000,10255800,2.59
7131327,شلوار زنانه وینکلر مدل W0648001LG-NAVY,لباس زنانه,2640000,2710000,2.58
10755584,شلوارک پسرانه مدل PROSERG,پسرانه,3780000,3880000,2.58
7983172,کتاب Lets Go 1 5th اثر جمعی از نویسندگان انتشارات  OXFORD,کتاب چاپی غیر فارسی,565100,580000,2.57
82040,روغن تقویت کننده ناخن هیدرودرم کد 01 حجم 8 میلی لیتر,بهداشت و زیبایی ناخن,987000,1013000,2.57
12261624,کفش پیاده روی زنانه پویان گام پیام مدل ویشکا کد 10718,کفش زنانه,3790000,3890000,2.57
12310221,بازی فکری مدل YELLOW AND YANGTZE,اسباب بازی,6480000,6650000,2.56
229748,کتاب رمان نوجوان30 اثر آنا گاوالدا,کتاب کودک و نوجوان,467500,479800,2.56
1875458,کتاب مدرسه زرافه ها اثر حامد اعرابی نشر نودا,کتاب کودک و نوجوان,293000,300700,2.56
4922841,فوم شستشو صورت ونزن مدل GOLD SNAIL وزن 100 گرم,مراقبت پوست,950000,975000,2.56
5098517,ادو تویلت کودک BABOON مدل 001 حجم 50 میلی لیتر,عطر و ادکلن کودکان,1140000,1170000,2.56
3860661,ساعت مچی عقربه ‌ای مردانه اوماکس مدل MG12R65I,اکسسوری مردانه,79900000,82000000,2.56
4055053,جغجغه هولا طرح کلید کد 306E,اسباب بازی,2036800,2090400,2.56
8805095,فلویید ضد آفتاب کلینیک مدل Mineral حجم 30 میلی لیتر,مراقبت پوست,15200000,15600000,2.56
11291811,جاکلیدی طرح زنگوله کد Z01,اکسسوری زنانه و مردانه,380000,390000,2.56
10644689,ماشین اصلاح موی سر و صورت وی جی ار مدل v-969,اصلاح موی صورت,8800000,9030000,2.55
6240724,قمقمه کودک مانیا مدل سگ های نگهبان گنجایش 0.75 لیتر,قمقمه و فلاسک کودک و نوزاد,1216900,1248700,2.55
2409959,کرم آبرسان اس تی.ایوز مدل RENEWING حجم 240 میلی لیتر,مراقبت پوست,1798000,1845000,2.55
2819017,دوربین دو چشمی مدل 8x30,لوازم کمپینگ,14600000,14980000,2.54
457154,شامپو کلیون مدل Lavender Shampoo حجم 300 میلی لیتر,شامپو و مراقبت مو,3880000,3981100,2.54
1039165,ماشین اصلاح سر و صورت کیمی مدل 580A,اصلاح موی صورت,6900000,7080000,2.54
9237066,مانتو زنانه مدل 01,لباس زنانه,3450000,3540000,2.54
10518585,کتاب سرگذشت دون ژوان اثر دومینیک راون نشر نگاه,کتاب شعر و ادبیات,1411800,1448500,2.53
12457871,کتاب خنگول نیستیم بدشانسیم و ملاقات با دست خونین اثر سپیده نیک رو نشر محراب قلم,کتاب کودک و نوجوان,740000,759200,2.53
12140341,کتاب  ماجراهای سوفی موشه مهمان سرزده اثر پاپی گرین نشر محراب قلم,کتاب کودک و نوجوان,740000,759200,2.53
10654999,شلوار دخترانه لوپیلو مدل Ger571,دخترانه,2320000,2380000,2.52
4250671,ریمل پیپا مدل Killer Lash کد 507,آرایش چشم,5361600,5500000,2.52
5632190,تی شرت بچگانه مدل آستین کوتاه کتونی M75,مد و پوشاک دخترانه و پسرانه,389000,399000,2.51
2391893,پودر حالت دهنده مو تی ان تی مدل Blueberry Extract وزن 25 گرم,آرایش مو,970000,995000,2.51
2184650,شامپو ضد شوره صحت حجم 250 میلی لیتر,شامپو و مراقبت مو,582000,597000,2.51
11459677,مانتو زنانه السانا مدل نورینا کد 151110,لباس زنانه,3880000,3980000,2.51
9530987,ست تی شرت و شلوارک ورزشی مردانه آلشپرت مدل MUH1409,لباس مردانه,3890000,3990000,2.51
9531001,ست تی شرت و شلوارک ورزشی مردانه آلشپرت مدل MUH1409,لباس مردانه,3890000,3990000,2.51
8721263,مچ بند طبی وای سی مدل آتل دار کد YC-6050,ساپورت های طبی,1950000,2000000,2.5
8031440,شلوار زنانه نیزل مدل P018001110080208-110,لباس زنانه,2340000,2400000,2.5
7867042,استند لوازم آرایشی مدل ST02,برس‌ها و تجهیزات آرایشی,1170000,1200000,2.5
7723808,چراغ قوه دستی مدل گلیر کد ZJ06,کوه‌ نوردی و صخره نوردی,2925000,3000000,2.5
11529645,مایو زنانه مدل ASOO2025,لباس زنانه,2340000,2400000,2.5
10874724,کاور اسپریگ مدل SP-360 مناسب برای ساعت هوشمند سامسونگ Galaxy Watch 4 44mm به همراه محافظ صفحه نمایش,لوازم جانبی ساعت و مچ بند هوشمند,1755000,1800000,2.5
3135366,گاز استریل زرین طب مدل 010 بسته 150 عددی,باند و گاز,2337000,2397000,2.5
3163968,اسباب بازی چسبونک مدل ماشین ها,اسباب بازی,468000,480000,2.5
3540831,مداد نوکی 0.7 میلی متری طرح کاکتوس,نوشت افزار,199300,204400,2.5
4253330,اسپری مردانه مولهنس مدل اینوکتوس حجم 200 میلی لیتر,اسپری,780000,800000,2.5
12061150,چاقوی سفری جگوار مدل x44,لوازم کمپینگ,897000,920000,2.5
4933750,ساعت مچی دیجیتال مردانه اسکمی مدل 1343 AG,اکسسوری مردانه,6984000,7162000,2.49
7067088,کرم دور چشم کلیون مدل Anti Age حجم 15 میلی لیتر,مراقبت پوست,5158300,5290000,2.49
4593771,ادو پرفیوم زنانه رودیر مدل Mademasel حجم 100 میلی لیتر,عطر و ادکلن زنانه,2730600,2800000,2.48
2484559,ساعت مچی عقربه ای زنانه نیوی فورس کد NF3008L -RG-BE,اکسسوری زنانه,7510000,7699900,2.47
4722974,پایه نگهدارنده موبایل و دسته بازی پلی استیشن 5 دابی مدل TP5-0527B,لوازم جانبی کنسول بازی,1980000,2030000,2.46
375918,پایه شارژ دسته بازی DualShock 4 مدل Dual Charging,لوازم جانبی کنسول بازی,1590000,1630000,2.45
10684431,زانوبند طبی درمان طب هانی مدل مفصل دار کد 1011,ساپورت های طبی,4780000,4900000,2.45
8189128,تبلت مایکروسافت مدل Surface Pro 8-i5 ظرفیت 256 گیگابایت و 16 گیگابایت رم,تبلت,517000000,530000000,2.45
7813138,کفش کوهنوردی مردانه نورث فیس مدل heat seeker,کفش مردانه,49600000,50840000,2.44
10297241,انگشتر طلا 18 عیار مردانه دوست خوب مدل dk241,زیورآلات طلا مردانه,46720000,47888000,2.44
11453890,کفش مخصوص دویدن مردانه سارزی مدل A.D.S__Z.X_M.e.s,کفش مردانه,3600000,3690000,2.44
87365,روان نویس استدلر مدل Triplus Fineliner,نوشت افزار,400000,410000,2.44
3599623, کالسکه کد 503,کالسکه و کریر,18400000,18860000,2.44
3466439,کتاب تراژدی قیصر اثر ویلیام شکسپیر نشر علمی و فرهنگی,کتاب شعر و ادبیات,448200,459400,2.44
5458957,ادو پرفیوم زنانه رزیتا هریس مدل ARTEMIS حجم 180 میلی لیتر,عطر و ادکلن زنانه,8000000,8200000,2.44
4495383,کارت صدا پری‌سونوس مدل STUDIO 24c,تجهیزات استودیویی,79530000,81500000,2.42
5052775,مداد لب و چشم بارین بیوتی شماره 36,آرایش لب,399600,409500,2.42
10869625,ماشین شارژی مدل لامبورگینی کد sx2018,وسایل بازی و تجهیزات پارکی کودک,117000000,119900000,2.42
8694601,برنج هاشمی هیرشا - 500 گرم,خوار و بار محلی,483000,495000,2.42
8657169,گوشواره طلا 18 عیار زنانه دوست خوب مدل dk503,زیورآلات طلا زنانه,74844000,76692000,2.41
11537506,شامپو و نرم کننده مو گارنیه مدل delicate oat milk حجم 400 میلی لیتر,شامپو و مراقبت مو,3890000,3986000,2.41
5079549,جوراب مردانه ونیز مدل AL_V25 مجموعه 6 عددی,لباس مردانه,1458000,1494000,2.41
6363421,شلوار زنانه زانتوس مدل 99413-49,لباس زنانه,1630000,1670000,2.4
11542825,شامپو و نرم کننده مو گارنیه مدل milk حجم 400 میلی لیتر,شامپو و مراقبت مو,3900000,3996000,2.4
11146613,ادکلن زنانه تاپ سکرت مدل paris france حجم 100 میلی لیتر,عطر و ادکلن زنانه,4196600,4300000,2.4
10653342,ساعت مچی عقربه‌ای مردانه اسپریت مدل ES1G305M025,اکسسوری مردانه,61000000,62500000,2.4
10724712,شلوارک دخترانه مدل HONGYANYAN,دخترانه,3680000,3770000,2.39
4913143,بازی آموزشی مدل ارگ کد 808,اسباب بازی,18350000,18800000,2.39
3690812,کتاب سرگذشت کندوها اثر جلال آل احمد انتشارات آدینه سبز,کتاب علوم اجتماعی,233000,238700,2.39
2084488,کرم مرطوب کننده و آبرسان آردن بیوتی مدل Collagen وزن 50 گرم,مراقبت پوست,380000,389300,2.39
733089,گردنبند مردانه کد N015,اکسسوری زنانه,327000,335000,2.39
2266207,ماشین اصلاح موی سر و صورت موزر مدل 1400 Professional,اصلاح موی صورت,14400000,14751800,2.38
3435784,دمپایی زنانه رایا طب مدل صبا کد B2,کفش زنانه,1430900,1465800,2.38
4423210,تیشرت آستین کوتاه مردانه اچ اند ام مدل 0229656002,لباس مردانه,2660900,2725800,2.38
5226935,کرم دور چشم نوتروژینا مدل hydro boost حجم 15 میلی لیتر,مراقبت پوست,3685000,3775000,2.38
7136144,بازی lego super DC villains مخصوص pc نشر پرنیان,بازی های کامپیوتری,410000,420000,2.38
11282367,تونر ویتالیر مدل ویتامین سی حجم 200 میلی لیتر ,مراقبت پوست,820000,840000,2.38
11628230,ادو پرفیوم مردانه‌ رپلیکا کلاب مدل Terre D’hermes حجم 100 میلی لیتر,عطر و ادکلن مردانه,9500000,9731400,2.38
8842346,شورت مردانه دنور مدل D-P-001,لباس مردانه,1552200,1590000,2.38
8886228,شورت مردانه دنور مدل D-S-001,لباس مردانه,1552200,1590000,2.38
9870681,شورت پسرانه چیندکا مدل نخی کد 103 مجموعه 3 عددی,پسرانه,820000,840000,2.38
8973459,اسپری خوشبو کننده بدن مردانه سیدونا مدل Aventus حجم 200 میلی لیتر,اسپری,410000,420000,2.38
7344783,کتاب کار املا 4 چهارم ابتدایی اثر طیبه فتاحی انتشارات خیلی سبز ,کتاب درسی، کمک‌درسی و آزمون,1230100,1260000,2.37
773944,بازی فکری فکرآوران مدل روپولی ,اسباب بازی,1938000,1985000,2.37
49999,کتاب 5 + 80 نوای ماندگار برای پیانو اثر محمد امیدوار تهرانی نشر سرود,کتاب هنر و سرگرمی,2050200,2100000,2.37
11999361,فرفره مدل انفجاری والتریک و اسپرایزن کد B-205 بسته 2 عددی,اسباب بازی,6590000,6750000,2.37
10662267,کفش مخصوص پیاده روی پسرانه مدل آرین اسپرت Bb,پسرانه,2812000,2880000,2.36
11049442,تی شرت اورسایز آستین کوتاه مردانه مدل ویبو,لباس مردانه,2905000,2975000,2.35
7606123,شلوار مردانه کد R-40254,لباس مردانه,1826000,1870000,2.35
9747237,شلوارک مردانه ایران مد کد r-20833 رنگ مشکی,لباس مردانه,1826000,1870000,2.35
248091,کتاب پیگیری در بازاریابی شبکه ای اثر کیت شرایتر,کتاب فلسفه و روانشناسی,699000,715800,2.35
1472141,سازدهنی سوزوکی مدل G600,سازهای بادی,8300000,8500000,2.35
6956253,شلوارک مردانه سعید کد R-50307,لباس مردانه,1286500,1317500,2.35
5630066,شلوارک مردانه کد RK-40977,لباس مردانه,1162000,1190000,2.35
54783,ادو پرفیوم زنانه گس مدل Guess حجم 75 میلی لیتر,عطر و ادکلن زنانه,12500000,12800000,2.34
9862801,ساک ورزشی مدل GS-AZS-21290,لوازم سفر,1250000,1280000,2.34
9863251,کلاه کپ مدل 2022 طرح کتان,اکسسوری زنانه و مردانه,420000,430000,2.33
10077710,ادو پرفیوم مردانه بایلندو مدل EXPLISION حجم 100 میلی لیتر,عطر و ادکلن مردانه,2637000,2700000,2.33
8918495,کرم موبر بدن دپیلون مدل بادام تلخ حجم 100 میلی لیتر,لوازم اصلاح مو,356000,364500,2.33
9177929,ماشین بازی چه ژی مدل فولکس VOLKSWAGEN CC,اسباب بازی,4198900,4298900,2.33
3258871,ادوپرفیوم زنانه رودیر مدل اکلت حجم 100 میلی لیتر,عطر و ادکلن زنانه,2588300,2650000,2.33
5683711,تی شرت آستین کوتاه زنانه کامیک ریلایف مدل 002,لباس زنانه,1255800,1285700,2.33
6381665,خمیر دندان سفید کننده کلگیت مدل Poct natural حجم 75 میلی لیتر,بهداشت دهان و دندان,1260000,1290000,2.33
6919970,حباب ساز مدل تفنگ,اسباب بازی,840000,860000,2.33
3774553,تیغ ابرو تینکل مدل Tn-98 بسته 3 عددی ,برس‌ها و تجهیزات آرایشی,210000,215000,2.33
11969116,کتاب ببین چگونه رشد می کند اثر لیندا مارتین انتشارات کانون پرورش فکری کودکان و نوجوانان,کتاب کودک و نوجوان,420000,430000,2.33
7605017,شامپو بدن خنک کننده ناتل مدل Sport وزن 400 گرم,بهداشت و مراقبت بدن,254000,260000,2.31
7710054,فریم عینک طبی مدل B.STAR.S.Z,اکسسوری زنانه و مردانه,850000,870000,2.3
11524035,کفش روزمره زنانه چرم عطارد مدل چرم طبیعی کد SH53,کفش زنانه,14023000,14353000,2.3
11854527,صندل زنانه کروماکی مدل kmfw88,کفش زنانه,2632000,2694000,2.3
4677351,کرم آبرسان مورینگا امو مدل 02 حجم 75 میلی لیتر,مراقبت پوست,340000,348000,2.3
6649335,بارانی دخترانه مدل ابر بارونی 002,دخترانه,6715000,6873000,2.3
5059714,مداد لب و چشم بارین بیوتی شماره 30,آرایش لب,409200,418800,2.29
11079826,پتو فوروارد مدل خرگوش دو رو  کد 1009 سایز 72x77 سانتی متر,پتو کودک و نوزاد,4290000,4390000,2.28
7497785,تونیک ضد ریزش مو درمومدیک مدل Anti Hair Loss Tonic حجم 80 میلی لیتر,شامپو و مراقبت مو,1290000,1320000,2.27
8635434,بند آویز شلوار مردانه مدل چرم و اسپاگ کد 478110559,اکسسوری مردانه,430000,440000,2.27
8553714,عینک آفتابی پورش دیزاین مدل P8839-C3-BN LIMITED EDITION,اکسسوری زنانه و مردانه,226610000,231880000,2.27
9204478,ماشین اصلاح موی سر و صورت موزر مدل Neo 1886-0051,اصلاح موی سر,43980000,45000000,2.27
9841288,روان نویس مدل قلبی بسته 2 عددی,نوشت افزار,388000,397000,2.27
4115875,اسپری خوشبو کننده بدن مردانه فیکورس مدل Dior Sauvage حجم 200 میلی لیتر,اسپری,1074000,1098900,2.27
5590250,موچین مدل 001,برس‌ها و تجهیزات آرایشی,215000,220000,2.27
5738172,کرم مرطوب کننده لاکویینتا مدل Oil free حجم 50 میلی لیتر,مراقبت پوست,3807600,3895700,2.26
6869625,شورت مردانه آریان نخ باف مدل 1431,لباس مردانه,1080000,1105000,2.26
6869668,شورت مردانه آریان نخ باف مدل 1431,لباس مردانه,1080000,1105000,2.26
6871736,شورت مردانه آریان نخ باف مدل 1431,لباس مردانه,1080000,1105000,2.26
10476112,مایو زنانه مدل یکه تکه پشت قهرمانی,لباس زنانه,2590000,2650000,2.26
12014919,ساعت مچی عقربه ای زنانه اوماکس مدل OJDP032N008,اکسسوری زنانه,17828000,18240000,2.26
12283516,دستکش دروازه بانی مردانه مدل ارتشی ساق بلند کد AD-10,اکسسوری مردانه,4350000,4450000,2.25
10990886,عینک آفتابی ری بن مدل 3447-001,اکسسوری زنانه و مردانه,33719000,34494000,2.25
10789226,عینک آفتابی اسپیریت مدل p00017 c1,اکسسوری زنانه و مردانه,5854000,5989000,2.25
11701117,ساعت مچی عقربه‌ای مردانه کاسیو مدل MTP-B130D-1AVDF,اکسسوری مردانه,33994000,34775000,2.25
11281637,ساعت مچی عقربه‌ای مردانه کاسیو مدل MTD-125D-1A2VDF,اکسسوری مردانه,39196000,40097000,2.25
10053832,گردنبند مدل مسی طرح ستاره کد 454,اکسسوری زنانه و مردانه,2784000,2848000,2.25
9630062,ساعت مچی عقربه‌ای مردانه کاسیو مدل MTP-B125B-8AVDF,اکسسوری مردانه,34579000,35374000,2.25
8695272,ساعت مچی عقربه‌ای مردانه کاسیو مدل MTP-VD02D-7EUDF CN,اکسسوری مردانه,12687000,12979000,2.25
5140550,ساعت مچی عقربه‌ای مردانه کاسیو مدل MTP-E320D-9EVDF,اکسسوری مردانه,29564000,30244000,2.25
3475323,ساعت مچی عقربه‌ای مردانه کاسیو مدل MTP-VD01G-9EVUDF,اکسسوری مردانه,15553000,15911000,2.25
2378708,ادو پرفیوم زنانه رودیر مدل Flora By Goochi حجم 100 میلی لیتر,عطر و ادکلن زنانه,2522000,2580000,2.25
656964,ساعت مچی عقربه ای مردانه کاسیو مدل MTP-1308SG-7AVDF,اکسسوری مردانه,20169000,20633000,2.25
8633977,زنجیر مردانه مدل g-10 استیل,اکسسوری مردانه,458900,469400,2.24
7703096,ساعت مچی عقربه‌ای مردانه کاسیو مدل MTP-VD01D-1B,اکسسوری مردانه,13590000,13902000,2.24
11703625,ساعت مچی دیجیتال مردانه کاسیو مدل MWD-110H-3AVDF,اکسسوری مردانه,21169000,21655000,2.24
12162596,ماشین اصلاح موی سر و صورت گرین لاین مدل GNGLDHTRIMGD,اصلاح موی سر,5900000,6035400,2.24
8755699, عطر جیبی مردانه ان وی مدل مونت بلانک لجند حجم 25 میلی لیتر,عطر جیبی,1349200,1380000,2.23
3468325,ماساژور کف پا مدل B_080,ماساژور,1750000,1790000,2.23
7114629,نیم بوت زنانه مدل MOM562,کفش زنانه,3500000,3580000,2.23
6845196,هدفون حرفه ای زوم مدل ZPH-1,تجهیزات استودیویی,26000000,26590000,2.22
6141803,برچسب طرح اسم و کلاس مدل مک کویین کد 5 بسته 2 عددی,دفتر و کاغذ و مقوا,176000,180000,2.22
3266859,کالسکه ورسا کد 1087,کالسکه و کریر,18480000,18900000,2.22
538581,ترازو هوشمند هوآوی مدل AH100,ترازو,29330400,29997000,2.22
8763476,آویز گردنبند مردانه مدل سکان کد 279 مجموعه 4 عددی,اکسسوری مردانه,440000,450000,2.22
8740694,چمدان  مونزا مدل Fashion سایز کوچک,لوازم سفر,18920000,19350000,2.22
8123927,رنگ مو گارنیک شماره 903 حجم 120 میلی لیتر رنگ سوپر پلاتینه طلایی به همراه اکسیدان گارنیک مدل 20vol شش درصدی حجم 180 میلی لیتر,آرایش مو,1100000,1125000,2.22
8074524,کلاه کپ بچگانه یورو 2020 کد 8074524,مد و پوشاک دخترانه و پسرانه,1320000,1350000,2.22
10066029,اتو و حالت دهنده مو بابیلیس پرو مدل BAB3000,اتو و حالت دهنده ی مو,44000000,45000000,2.22
11529203,کتاب سنگ کاغذ قیچی اثر آلیس فینی انتشارات آوای ماندگار,کتاب شعر و ادبیات,660000,675000,2.22
11596303,کیف مجلسی زنانه مدل مخمل سوزندوزی,اکسسوری زنانه,14080000,14400000,2.22
10323970,ساسبند مردانه سی اچ آر  مدل MH085BKSPD,اکسسوری مردانه,2552000,2610000,2.22
10285068,کفش پیاده روی مدل ماراتون ar4,کفش زنانه و مردانه,3058000,3127500,2.22
10229058,شورت گنی زنانه مدل پروتز بغل ران بلند 2086,لباس زنانه,7920000,8100000,2.22
12181532,هودی مردانه مدل گنگ تک چشم g004,لباس مردانه,6151200,6291000,2.22
413410,کتاب تاریکی ترس ندارد اثر میشل ادواردز,کتاب کودک و نوجوان,344700,352500,2.21
2399408,کتاب باب اسفنجی به دکتر می رود اثر استیون بکنز انتشارات نردبان,کتاب کودک و نوجوان,344700,352500,2.21
5025472,لگینگ زنانه جی وی جی کد HN2FX,لباس زنانه,1150000,1176000,2.21
2456933,اسپری خوشبو کننده بدن مردانه شمیاس مدل Clinique Happy حجم 200 میلی لیتر,اسپری,1108800,1133800,2.2
520674,کاندوم ساده کلایمکس مدل Classic بسته 12 عددی,بهداشت جنسی,288500,295000,2.2
11728153,روغن نرم کننده لب شگلم مدل Berry Involved,آرایش لب,4000000,4090000,2.2
9358272,روان نویس سی.کلاس مدل ژل promise کد B5 بسته 3 عددی,نوشت افزار,489000,500000,2.2
12309644,دستبند طلا 18 عیار زنانه لیردا مدل اسم مریم,زیورآلات طلا زنانه,8722000,8918000,2.2
1723006,ماشین اصلاح موی سر کیمی مدل KM-3701,اصلاح موی سر,6712700,6862100,2.18
714627,اسپری مردانه مولهنس مدل Inviktos حجم 200 میلی لیتر,اسپری,838600,857200,2.17
3641736,کتاب گزیده غزلیات شمس مولانا جلال الدین محمد بلخی اثر محمد رضا شفیعی کدکنی نشر علمی و فرهنگی,کتاب شعر و ادبیات,1859600,1900900,2.17
5698866,دفتر مشق 100 برگ پاپکو مدل مات کد DR256,دفتر و کاغذ و مقوا,900000,920000,2.17
7281011,کتاب سه گانه هوش هوش ریاضی ششم خیلی سبز اثر محمد رضا فاتحی نسب انتشارات خیلی سبز,کتاب درسی، کمک‌درسی و آزمون,2300000,2351000,2.17
9841210,روان نویس مدل قلبی,نوشت افزار,225000,230000,2.17
9688379,کفش طبی زنانه مدل چرم Brenda1,کفش زنانه,4500000,4600000,2.17
8047602,گیتار پاکو مارتینز مدل کلاسیک کد PS,سازهای زهی,54000000,55200000,2.17
8428017,شلوار دخترانه لوپیلو مدل قلبی,دخترانه,2250000,2300000,2.17
10305911,دستکش وینیل دستکش حریر مدل 01 سایز اسمال بسته 100 عددی,دستکش‌های طبی,900000,920000,2.17
2156318,برس مو دکتر مورنینگ مدل DR/PE1,برس‌ها و تجهیزات آرایشی,340000,347500,2.16
12244138,عینک آفتابی مورل مدل oga 98300 c1,اکسسوری زنانه و مردانه,9490000,9699900,2.16
6052174,عروسک بیبی بورن طرح نوزاد مدل MV6633-5 ارتفاع 32 سانتی متر,اسباب بازی,3913000,3999000,2.15
4931590,مداد لب بارین بیوتی شماره 19,آرایش لب,449500,459400,2.15
10794735,عروسک مدل قلب تاتا طول 20 سانتی متر,اسباب بازی,733900,750000,2.15
11224206,کتاب پرهای یادگاری یک غاز استثنایی اثر میگان ویور و لوری وینر انتشارات فنی ایران,کتاب کودک و نوجوان,381800,390200,2.15
10025175,پوار بینی کودک رووکو مدل 02,بهداشت و سلامت کودک,2045000,2090000,2.15
10477171,مایو دخترانه مدل 2023,دخترانه,2290000,2340000,2.14
3324906,سوراخ کننده گوش مدل 98_5990,برس‌ها و تجهیزات آرایشی,6850000,7000000,2.14
2722808,فشارسنج دیجیتال بریسک مدل PG800-B16,فشارسنج,18300000,18700000,2.14
750645,اسپری خوشبو کننده و تمیز کننده کفش آدیدوس مدل M85 ,کفش زنانه و مردانه,292500,298900,2.14
1095765,کاندوم سیکس مدل Stop Time بسته 12 عددی,بهداشت جنسی,358900,366700,2.13
4218498,هودی مردانه مدل خرس عینکی F1086,لباس مردانه,920000,940000,2.13
5835308,اسباب بازی هولا مدل میکروفن موزیکال ضبط صدا کد 3138,اسباب بازی,9200000,9400000,2.13
11826669,مسواک برقی گرین لاین مدل Sensetive Zahn,بهداشت دهان و دندان,4350000,4444600,2.13
9605192,دسته تیغ جراحی شماره 3 مدل SRNA3 بهمراه تیغ استریل مدل SRNA3t15مجموعه 10 عددی,تجهیزات بیمارستانی,920000,940000,2.13
7389156,ساعت مچی عقربه‌ای مردانه سیتی زن مدل CA0770-81L,اکسسوری مردانه,115000000,117500000,2.13
11922217,کتاب چی چی قاشق و قیچی اثر علی خدایی انتشارات کانون پرورش فکری کودکان و نوجوانان,کتاب کودک و نوجوان,460000,470000,2.13
7915352,ماسک مو کلینیک مدل آرگان حجم 550 میلی لیتر,شامپو و مراقبت مو,1850000,1890000,2.12
6153241,چسب ناخن مصنوعی مدل DC,بهداشت و زیبایی ناخن,216700,221400,2.12
4630371,کتاب بلبل اثر کریستین هانا نشر کتابسرای تندیس ,کتاب شعر و ادبیات,1850000,1890000,2.12
769833,رنگ مو مارال سری طبیعی مدل قهوه ای متوسط شماره 4.0,آرایش مو,378800,387000,2.12
1066679,نیم ست طلا 18 عیار زنانه مانچو مدل SMG5053N,زیورآلات طلا زنانه,14649300,14965600,2.11
87810,سوزن 25 تایی تست قند خون آکیو چک Soflclix,لوازم جانبی تست قند خون,930000,950000,2.11
2136310,شامپو مو ترزمی مدل Botanique حجم 700 میلی لیتر,شامپو و مراقبت مو,2079900,2124800,2.11
8030394,مداد چشم یورن مدل Carbon به همراه خط چشم یورن مدل Dip ,آرایش چشم,3499600,3575000,2.11
8722118,بازی فکری مدل پروفسور بالتازار,اسباب بازی,1300000,1328000,2.11
9981948,ماکت ماشین مایستو مدل Chevrolet 1966 Chevelle ss,اسباب بازی,13490000,13780000,2.1
11206165,ساعت مچی عقربه ای زنانه کاسیو مدل GMA-S2100BA-3ADR,اکسسوری زنانه,73595000,75170000,2.1
12490557,فیگور مدل خرس پو مجموعه 6 عددی,اسباب بازی,8300000,8477700,2.1
1409657,ساعت مچی عقربه ای مردانه کاسیو مدل AEQ-110W-1A3VDF,اکسسوری زنانه و مردانه,20071000,20500000,2.09
7191576,کتاب هایلایت ریاضی و آمار ویژه کنکور 1401 اثر نوشین حبیب پور انتشارات مشاوران آموزش,کتاب درسی، کمک‌درسی و آزمون,337900,345100,2.09
3961086,کتاب اسم من ... دایره اثر ناهید عسگری انتشارات کانون پرورش فکری کودکان و نوجوانان,کتاب کودک و نوجوان,470000,480000,2.08
3034518,خودتراش دورکو مدل TG-II Plus مجموعه 4 عددی,لوازم اصلاح مو,753900,769900,2.08
10634986,قمقمه ایون مدل اسپرت کد 611 گنجایش 0.750 لیتر,ورزش های هوازی و تناسب اندام,2830000,2890000,2.08
8848674,کتاب نمایشنامه یه خونه قد غربیل اثر هادی حوری انتشارات کانون پرورش فکری کودکان و نوجوانان,کتاب کودک و نوجوان,470000,480000,2.08
7844333,کتاب لولو پشمالو کرم کوچولو اثر زهره پریرخ انتشارات کانون پرورش فکری کودکان و نوجوانان,کتاب کودک و نوجوان,470000,480000,2.08
11922918,کتاب The Sultan and the Gazelle  اثر Naser Vahdati  انتشارات انتشارات کانون پرورش فکری کودکان و نوجوانان,کتاب چاپی غیر فارسی,470000,480000,2.08
11924591,کتاب We Sweep and Wash the Street اثر Alialla salimi انتشارات کانون پرورش فکری کودکان و نوجوانان,کتاب چاپی غیر فارسی,470000,480000,2.08
7582768,ماسک ایفای نقش دنیای سرگرمی های کمیاب مدل ماسکهای بازی مرکب مجموعه 3 عددی,اسباب بازی,1892000,1932000,2.07
10731321,بازی آموزشی مدل مکعبی بسته 4 عددی,اسباب بازی,567400,579400,2.07
1982227,تیغ یدک لرد مدل Super مجموعه 10 عددی,لوازم اصلاح مو,1369600,1398600,2.07
4307509,خودکار پنتر مدل EP-101,نوشت افزار,142000,145000,2.07
6486402,رنگ مو کاترومر شماره P5 حجم 100 میلی لیتر رنگ بژ صورتی,آرایش مو,614000,627000,2.07
11393922,مایو زنانه مدل IS004,لباس زنانه,2380000,2430000,2.06
8735979,پنل آکوستیک مدل مولتی فیوزر DC2,تجهیزات استودیویی,2261000,2308600,2.06
8396696,ساعت مچی دیجیتال مردانه اسکمی مدل 1845 BK,اکسسوری مردانه,4750000,4850000,2.06
8973043,اسپری خوشبو کننده بدن مردانه سیدونا مدل Black Orchid حجم 200 میلی لیتر,اسپری,419400,428200,2.06
12148950,جاکلیدی مدل سیلیکونی میکی موس 002,اکسسوری زنانه و مردانه,380000,388000,2.06
8435423,کفش راحتی کانورس مدل vse BW high,کفش زنانه و مردانه,28405000,29000000,2.05
8607781,شامپو سر کودک بیبی کوکول مدل 2024 حجم 400 میلی لیتر,حمام کودک و شست و شو,4098000,4183700,2.05
11066463,رول ضد تعریق باباریا مدل Cotton حجم 50 میلی لیتر,ضد تعریق,1908000,1948000,2.05
10451452,کلاه باکت دخترانه مدل فرحی طرح پاپیون 2023,دخترانه,480000,490000,2.04
5734519,قابلمه سفری نیچرهایک مدل NH17D021-G,لوازم کمپینگ,24000000,24500000,2.04
3660173, اکسیدان رنوال کد 000 شش درصدی حجم 225 میلی لیتر,آرایش مو,2303000,2351000,2.04
1950340,رنگ مو آلبورا مدل carasa شماره 8.37 حجم 100 میلی لیتر رنگ بلوند کنفی روشن,آرایش مو,312000,318500,2.04
1609654,عطر جیبی زنانه نایس پاپت مدل Dior Jadore حجم 30 میلی لیتر,عطر جیبی,529000,540000,2.04
3757349, رنگ مو رنوال شماره 11.31 حجم 150 میلی لیتر رنگ سوپر پلاتینه بژ,آرایش مو,1928000,1968000,2.03
3851113,موزن گوش و بینی و خط زن  مدل PH-3002,اصلاح موی گوش، بینی و ابرو,2743200,2800000,2.03
5416823,ژل تقویت کننده مژه و ابرو جان اشلی مدل 001,آرایش ابرو,289000,295000,2.03
10606827,ماسک مو گلیس مدل HJNBGT حجم 300 میلی لیتر ,شامپو و مراقبت مو,1464600,1495000,2.03
10371554,کرم موبر ویت مدل Silky Fresh حجم 100 میلی لیتر,لوازم اصلاح مو,975000,995200,2.03
11569248,فیگور مدل سگهای نگهبان با برج مراقبت مدل PB9912 مجموعه 12 عددی,اسباب بازی,9700000,9900000,2.02
9608750,ادو پرفیوم فراگرنس ورد مدل TERRÓ PURA حجم 70‌ میلی لیتر,عطر و ادکلن مردانه و زنانه,5677200,5794200,2.02
4507150,شامپو متعادل کننده چربی مو و کف سر درموسیس مدل Sebosis حجم 300 میلی لیتر,شامپو و مراقبت مو,977500,997700,2.02
3891999,فشارسنج دیجیتال بازویی امرن مدل M6 Comfort,فشارسنج,36990000,37752400,2.02
3749587, رنگ مو رنوال شماره 7.20 حجم 150 میلی لیتر رنگ شرابی بادمجانی روشن,آرایش مو,2234000,2280000,2.02
12428159,اسپری ضد تعریق مردانه لورآل مدل Carbon Protect 5x1  حجم 250 میلی لیتر,ضد تعریق,2375000,2424000,2.02
6028435,کرم ضد آفتاب توتال درم مدل nc حجم 50 میلی لیتر,مراقبت پوست,2587000,2640000,2.01
8792292,فوم شستشو صورت اولاین مدل Goji Berries حجم 150 میلی لیتر,مراقبت پوست,1950000,1990000,2.01
8033595,کرم ضد آفتاب رنگی BB گارنیه SPF50 مدل 01 مناسب انواع پوست حجم 100 میلی لیتر,مراقبت پوست,1568000,1600000,2.0
9586492,سشوار مسافرتی پرومکس مدل mas1040,سشوار,3430000,3500000,2.0
10966932,ساعت مچی عقربه ای زنانه اسپریت مدل ES1L341M0105,اکسسوری زنانه,68500000,69900000,2.0
6119144,چسب مو تاپ شاپ مدل روغن جوجوبا حجم 200 میلی لیتر ,آرایش مو,980000,1000000,2.0
6422141,مداد نوکی 0.7 میلی متری مدل پری دریایی,نوشت افزار,245000,250000,2.0
7184861,گتاب كندو اثر كاميلو خوسه سلا انتشارات گويا,کتاب شعر و ادبیات,392000,400000,2.0
5394509,سوهان ناخن جویل مدل 511,بهداشت و زیبایی ناخن,490000,500000,2.0
1449438,بازی فکری مدل ناشتایی,اسباب بازی,1400000,1428500,2.0
26235,ماشین اصلاح صورت پاناسونیک مدل ES-RT30,اصلاح موی صورت,24500000,25000000,2.0
3555224,جوراب ورزشی مردانه مدل NBW02 مجموعه 2 عددی,لباس مردانه,485000,494900,2.0
12461287,جوراب کالج مردانه دلاریس مدل 0140 بسته 6 عددی,لباس مردانه,2156000,2200000,2.0
12326354,تی شرت زنانه کد KH-ZA,لباس زنانه,1465100,1495000,2.0
12398472,کتاب من ویولن نواز بتهوون هستم اثر محمدرضا مرزوقی نشر هوپا,کتاب کودک و نوجوان,1202100,1226500,1.99
12502670,کتاب نفرین شدگان ماه 2 عقرب باد اثر نازنین جودت انتشارات هوپا,کتاب کودک و نوجوان,1200100,1224500,1.99
1913799,کتاب ماه بر فراز مانیفست اثر کلر وندرپول نشر افق,کتاب کودک و نوجوان,743900,759000,1.99
238082,کتاب طولانی ترین آواز نهنگ اثر ژاکلین ویلسون,کتاب کودک و نوجوان,960300,979800,1.99
4594117,کتاب آتش دزد اثر تری دیری نشر افق,کتاب شعر و ادبیات,1221400,1246200,1.99
4708125,مسواک اورال-بی مدل Pro Health با برس نرم بسته 3 عددی,بهداشت دهان و دندان,2190000,2234400,1.99
3765660,هلیکوپتر بازی مدل 99286,اسباب بازی,3450000,3520000,1.99
3654559,نیم بوت زنانه مدل MOM95,کفش زنانه,3440000,3510000,1.99
6446768,کتاب دنیای هیجان انگیز ستاره شناسی اثر راشل فرث انتشارات نوشته,کتاب شعر و ادبیات,738200,753200,1.99
5937519,تفنگ بازی مدل دیانا,اسباب بازی,980000,999900,1.99
5556375,کتاب آقای مانک به هاوایی می رود اثر لی گلدبرگ انتشارات پریان,کتاب کودک و نوجوان,809300,825700,1.99
10538156,کتاب بعد از نوشتن بسوزان اثر ریانن شو انتشارات پرتقال,کتاب کودک و نوجوان,915500,934100,1.99
10552633,کتاب حقوق بین الملل تطبیقی ارتباطات اثر رحمان سعیدی انتشارات سیمای شرق,کتاب علوم اجتماعی,1450800,1480100,1.98
10639977,کتاب داستان تلاش اثر کوبی یامادا انتشارات سیمای شرق,کتاب کودک و نوجوان,918000,936500,1.98
11418531,کتاب آینده پژوهی رسانه اثر امید جهانشاهی انتشارات سیمای شرق,کتاب علوم اجتماعی,811300,827700,1.98
10021744,کتاب آقا خرسه صبر و تحمل نداره اثر کارما ویلسون انتشارات سیمای شرق,کتاب کودک و نوجوان,726000,740700,1.98
8970038,اسپری خوشبو کننده بدن مردانه سیدونا مدل Encre Noire حجم 200 میلی لیتر,اسپری,470000,479500,1.98
6326031,بازی آموزشی مدل مکعب ابری کوچولوها طرح کلمات,اسباب بازی,895600,913700,1.98
4677602,کتاب نفرین فرعون اثر سر استیو استیونسون انتشارات هوپا جلد 1,کتاب کودک و نوجوان,880400,898200,1.98
1565245,کتاب زیباترین داستان های هزار و یک شب 2 اثر سیامک گلشیری انتشارات هوپا,کتاب شعر و ادبیات,1129100,1151900,1.98
3211319,کتاب ماکاموشی کریسمس مبارک، جرونیمو! اثر جرونیمو استیلتن نشر هوپا,کتاب کودک و نوجوان,842900,859900,1.98
12502412,کتاب نفرین شدگان ماه 3 شیامان اثر نازنین جودت انتشارات هوپا,کتاب کودک و نوجوان,1839700,1876900,1.98
12233595,کتاب قصه پسرک و سه گوش ها اثر شیدرخ نصراله انتشارات شهر قلم,کتاب کودک و نوجوان,880400,898200,1.98
12198903,ساختنی مدل قلقلک ,اسباب بازی,1707600,1742000,1.97
546813,کیت رنگ موی گارنیک سری شرابی - شرابی روشن شماره 7.20,آرایش مو,945000,964000,1.97
4360709,کتاب آموزش و آزمون فارسی ششم ابتدایی سری رشادت اثر علی غلامی انتشارات مبتکران,کتاب درسی، کمک‌درسی و آزمون,2669600,2723300,1.97
8843209,کلاه کپ فورکلاز مدل MT500,اکسسوری زنانه و مردانه,8820000,8997700,1.97
11497878,کتاب الفبای طبیعت فارسی اثر پرستو قلم چی انتشارات پرستو ,کتاب کودک و نوجوان,973200,992800,1.97
10160625,ادو پرفیوم زنانه رودیر مدل بوگاتی فمنیتی حجم 100 میلی لیتر,عطر و ادکلن زنانه,2396400,2444500,1.97
10702406,پیراهن آستین بلند مردانه جوتی جینز مدل کلاهدار کد 092,لباس مردانه,9990000,10190000,1.96
10921731,شلوار زنانه جین وست مدل کتان کد 505,لباس زنانه,9990000,10190000,1.96
10921697,شلوار جین زنانه جین وست مدل جذب کد 004,لباس زنانه,9990000,10190000,1.96
10921714,شلوار جین زنانه جوتی جینز مدل 802,لباس زنانه,9990000,10190000,1.96
10916219,شلوار جین زنانه جین وست مدل جذب کد 005,لباس زنانه,9990000,10190000,1.96
10916153,شلوار جین زنانه جین وست مدل آزاد کد 505,لباس زنانه,9990000,10190000,1.96
10914840,شلوار جین زنانه جین وست مدل آزاد کد 505,لباس زنانه,9990000,10190000,1.96
10914927,شلوار جین زنانه جین وست مدل جذب کد 502,لباس زنانه,9990000,10190000,1.96
11322010,شلوار جین زنانه جوتی جینز مدل جذب کد 803,لباس زنانه,9990000,10190000,1.96
11322094,شلوار جین زنانه جوتی جینز مدل جذب کد 826,لباس زنانه,9990000,10190000,1.96
11563754,تفنگ آب پاش مدل 001,اسباب بازی,10000000,10200000,1.96
8548466,صندل مردانه مدل طبی کد 031,کفش مردانه,3750000,3825000,1.96
8583918,مسواک های دنت کد H933 با برس سخت,بهداشت دهان و دندان,250000,255000,1.96
9863756,پیراهن آستین بلند مردانه جوتی جینز کد 303033 رنگ قرمز طوسی,لباس مردانه,9990000,10190000,1.96
1848220,چسب نواری استورم مدل Crystal Clear کد HL-136 عرض 2 سانتی متر بسته 5 عددی,لوازم اداری,775000,790500,1.96
2264052,جوراب ال سون طرح انار مدل یلدا کد PH242,اکسسوری زنانه و مردانه,500000,510000,1.96
3190243,ساعت مچی عقربه ای مردانه نیوی فورس مدل NF9126 RG-RG-BN,اکسسوری مردانه,8835000,9010900,1.95
1000520,لوسیون پس از اصلاح بانوان آی پلاس مدل REPAIRING حجم 200 میلی لیتر,لوازم اصلاح مو,781000,796500,1.95
11154926,اسباب بازی دنیای سرگرمی های کمیاب مدل آتاری دستی,اسباب بازی,810000,826100,1.95
8390123,اتو و حالت دهنده ی مو بابیلیس مدل MS22SDE,اتو و حالت دهنده ی مو,12650000,12900000,1.94
170520,کرم ضد آفتاب کودک مای مدل Kids Spf50 حجم 75 میلی لیتر,لوازم تعویض,1000000,1019800,1.94
4931785,مداد لب بارین بیوتی شماره 27,آرایش لب,496600,506400,1.94
3592924,محلول پاک کننده آرایش صورت نیوساد مدل Prebiotic حجم 250 میلی لیتر مجموعه 2 عددی,مراقبت پوست,962200,981100,1.93
7395841,رنگ مو بیول سری ASH شماره 6.1 حجم 100 میلی لیتر رنگ بلوند دودی تیره,آرایش مو,355000,362000,1.93
12465630,بازی فکری مدل کارت مافیا سناریو زودیاک شبهای مافیا ,اسباب بازی,294200,300000,1.93
7995449,گردنبند مردانه مدل ماری کد 1048,اکسسوری مردانه,510000,520000,1.92
7980795,ساعت مچی دیجیتال مردانه اسکمی مدل 1155BKBK,اکسسوری مردانه,5100000,5200000,1.92
9802206,ساعت مچی عقربه‌ای مردانه کاسیو مدل MTP-VD300BL-5EUDF,اکسسوری مردانه,17587000,17932000,1.92
440424,بالش دور گردنی 2MD مدل تراکشن بادی,کالای خواب و استراحت طبی,2550000,2600000,1.92
7305694,بادی اسپلش زنانه شون مدل P.F.S حجم 220 میلی لیتر مجموعه 3 عددی,بادی اسپلش,4090000,4170000,1.92
425008,کتاب اکنون به روشنی می بینم اثر وین دایر,کتاب تاریخ و جغرافیا,1629600,1661400,1.91
1017356,رنگ مو دوماسی سری دودی شماره 1.1 حجم 120 میلی لیتر رنگ مشکی پر کلاغی,آرایش مو,720000,734000,1.91
9632573, اسپری رنگ مو میسبون مدل BL حجم 150 میلی لیتر رنگ مشکی,آرایش مو,925000,943000,1.91
8712341,کتاب والفور اثر سعید تشکری انتشارات مهرستان,کتاب کودک و نوجوان,509400,519300,1.91
12388708,تبلت مایکروسافت مدل Surface Pro 8-i5 ظرفیت 256 گیگابایت و 16 گیگابایت رم,تبلت,514900000,524900000,1.91
3581001,اسباب بازی جعبه ابزار کد 1624,اسباب بازی,1665300,1697500,1.9
5095055,شامپو رنگساژ تونیکا مدل 2442 شماره 9.01 حجم 150 میلی لیتر رنگ بلوند ارغوانی,آرایش مو,1030000,1050000,1.9
765594,بالش دور گردنی مدل تراکشن بادی سایز L,کالای خواب و استراحت طبی,2600000,2650000,1.89
10510488,قمقمه مدل سیلیکونی تاشو گنجایش 0.5 لیتر,ورزش های هوازی و تناسب اندام,2080000,2120000,1.89
12124859,کرم مرطوب کننده نوتروژینا مدل Besleyici حجم 200 میلی لیتر,مراقبت پوست,2067900,2107800,1.89
8233440,رنگ مو گارنیک شماره 5.20 حجم 120 میلی لیتر رنگ شرابی متوسط به همراه اکسیدان مدل 30vol نه درصدی حجم 180 میلی لیتر,آرایش مو,1240000,1263700,1.88
714937,ادوپرفیوم زنانه رمی مارکویس Remy Marquis حجم 60 میلی لیتر,عطر و ادکلن زنانه,4700000,4790000,1.88
1148248,زیرانداز سفری 8 نفره طرح جاجیم مدل 06,لوازم کمپینگ,2195000,2237000,1.88
3543630,کاغذ پوستی A3 مدل cnd38 بسته 50 عددی ,دفتر و کاغذ و مقوا,471000,480000,1.88
6113758,مداد قرمز لوکی کد 20 بسته 12 عددی,نوشت افزار,834000,850000,1.88
3105755,کتاب خودت اختراع کن اثر اندرو ری و لیزا ریگان نشر طلایی ,کتاب کودک و نوجوان,703600,717000,1.87
2714932,فوم اصلاح کاسپین مدل کامفورت حجم 200 میلی لیتر,لوازم اصلاح مو,499500,509000,1.87
39749,کتاب چطور دوستی کنیم (راهنمای دختر امروزی),کتاب فلسفه و روانشناسی,703600,717000,1.87
7893460,چوب لباسی نوزاد مادرکر مدل 2022 رنگ صورتی مجموعه 6 عددی,نوزاد,315000,321000,1.87
8969964,اسپری خوشبو کننده بدن مردانه سیدونا مدل Sauvage حجم 200 میلی لیتر,اسپری,420000,428000,1.87
9286876,ماسک ایفای نقش مدل جیغ,اسباب بازی,689000,702100,1.87
8125030,رنگ مو گارنیک شماره F23 حجم 120 میلی لیتر رنگ هایلایت قرمز قوی به همراه اکسیدان گارنیک مدل 20vol شش درصدی حجم 180 میلی لیتر,آرایش مو,1250000,1273700,1.86
1608203,ماشین اصلاح موی صورت پاناسونیک مدل لمدش ES-LV6Q-s,اصلاح موی صورت,132000000,134500000,1.86
3472073,بازی فکری مدل کریدور,اسباب بازی,3425000,3490000,1.86
2727907,کاسه رنگ مو مدل SBL01,برس‌ها و تجهیزات آرایشی,264700,269700,1.85
2218647,کتاب یک فنجان چای با بزرگان روانکاوی جهان اثر عباس کیوانلو نشر قطره,کتاب فلسفه و روانشناسی,599800,611100,1.85
792291,ادوتویلت مردانه مارک ژوزف مدل Noir1970 حجم 100میلی لیتر,عطر و ادکلن مردانه,10040000,10229500,1.85
984374,پا بند وای سی مدل 502,ساپورت های طبی,2650000,2700000,1.85
11177877,بادی اسپلش زنانه تاپ سیلور مدل Secret Love حجم 250 میلی لیتر,بادی اسپلش,1325000,1350000,1.85
5633510,بازی DAYS GONE مخصوص PC,بازی های کامپیوتری,843500,859300,1.84
3742668,هودی مردانه مدل خدای جنگ W 394,لباس مردانه,1070000,1090000,1.83
537790,کیت رنگ موی گارنیک سری بلوند طلایی شماره 10.5,آرایش مو,1019900,1038900,1.83
2624480,سیم گیتار الکتریک گیبسان مدل S9,لوازم جانبی آلات موسیقی,1520000,1548400,1.83
8048065,اسلایس چوبی پارلا مدل بیس چوبی خام طراحی تابلو نقاشی circllee.25 مجموعه 3 عددی,ابزار کار هنری و دستی,466400,475100,1.83
12460042,پیراهن آستین بلند مردانه مدل BMZR1130-2,لباس مردانه,2150000,2190000,1.83
12588222,تبلت اپل مدل iPad Pro 11 2022 5G ظرفیت 256 گیگابایت و رم 8 گیگابایت,تبلت,539890000,549890000,1.82
8841940,ماژیک علامت گذار مدل هایلایت کد 10 بسته 3 عددی,نوشت افزار,540000,550000,1.82
9222456,ساعت مچی عقربه‌ای مردانه فسیل مدل FS5876,اکسسوری مردانه,54000000,55000000,1.82
9700349,جاکارتی مدل چرم زیپ دار کد lv472873v,اکسسوری زنانه و مردانه,539400,549400,1.82
10076333,شلوارک زنانه آلفونسی مدل W2102001SR,لباس زنانه,5390000,5490000,1.82
11859554,"کتاب Hamzeh, the Warrior اثر عبداله عمادی انتشارات کانون پرورش فکری کودکان و نوجوانان",کتاب کودک و نوجوان,540000,550000,1.82
10858629,پیراهن آستین کوتاه مردانه مدل ZISA 0088754693,لباس مردانه,2700000,2750000,1.82
2717136,ادو پرفیوم زنانه رودیر مدل Ephoria حجم 100 میلی لیتر,عطر و ادکلن زنانه,2552700,2600000,1.82
3307586,پایه سشوار دیواری مدل Str-20,برس‌ها و تجهیزات آرایشی,270000,275000,1.82
4478812,ویلچر ارتوپدی جی تی اس مدل 901,ویلچر,45900000,46749300,1.82
5966774,پمپ آب سفری مدل Camper-09,لوازم کمپینگ,2700000,2750000,1.82
5680178,شامپو موی کودک جانسون مدل Isildayan Parlaklik حجم 0.500 لیتر,حمام کودک و شست و شو,1746000,1778300,1.82
6977416,کراتین مو جی کی هیر مدل ترمیم کننده حجم 1000 میلی لیتر ,شامپو و مراقبت مو,27490000,28000000,1.82
6896765,كتاب با مقوا صورتك هاي نمايشي بسازيم اثر جمال الدين اكرمي انتشارات کانون پرورش فکری کودکان و نوجوانان,کتاب شعر و ادبیات,540000,550000,1.82
6818158,کتاب ترانه های کودکانه دو دست کوچک من اثر زهرا موسوی انتشارات پیدایش,کتاب کودک و نوجوان,677100,689600,1.81
4509948,کاغذ رنگی a5 کد 100 بسته 100 عددی,دفتر و کاغذ و مقوا,352000,358500,1.81
4593684,کتاب قهرمانان المپ سرای هادس اثر ریک ریوردان نشر افق,کتاب شعر و ادبیات,666100,678400,1.81
4226290,پایه شارژر دسته بازی پلی استیشن 5 سونی  مدل CFI-ZDS1,لوازم جانبی کنسول بازی,13550000,13800000,1.81
2786456,کتاب خواهر کوچک من اثر آسترید دبورد انتشارات پرتقال,کتاب کودک و نوجوان,510000,519400,1.81
10896217,کتاب برفی در جنگل اثر آریان هافمن انتشارات سیمای شرق,کتاب کودک و نوجوان,683900,696500,1.81
10896254,کتاب نه این طوری درست نیست اثر آریان هافمن انتشارات سیمای شرق,کتاب کودک و نوجوان,683900,696500,1.81
10896284,کتاب جیک و میک اثر آریان هافمن انتشارات سیمای شرق,کتاب کودک و نوجوان,683900,696500,1.81
11567542,ساختنی مدل بلوک های شادی,اسباب بازی,2447500,2492500,1.81
11498202,کتاب ماجراهای آشپزی سامان وفینگیل اثر بهروز واثقی انتشارات پرستو,کتاب هنر و سرگرمی,683200,695800,1.81
7533365,اسباب بازی مدل آتاری دستی BRICK GAME کد 1572 بسته 2 عددی,اسباب بازی,1522000,1550000,1.81
11408012,چمدان  مدل VS 03 به همراه کاور,لوازم سفر,38130000,38830000,1.8
2751034,کتاب بیداری 3 اثر کریستوفر گلدن نشر پیدایش,کتاب کودک و نوجوان,623300,634700,1.8
1922094,شامپو بدن باباریا مدل کلاسیک حجم 600 میلی لیتر,بهداشت و مراقبت بدن,3677600,3745000,1.8
1061866,سشوار حرفه ای جیمی مدل GM-1765,سشوار,8200000,8350000,1.8
4050463,کتاب دفترچه خاطرات جغد شیرینی پزی درختکده اثر ربکا الیوت انتشارات هوپا,کتاب کودک و نوجوان,605900,617000,1.8
6744579,کیف رودوشی نشنال جئوگرافیک مدل 1400091 - N00702,اکسسوری زنانه و مردانه,16500000,16800000,1.79
6595821,ربات طرح سگ مدل چراغ دار کد 007,اسباب بازی,2200000,2240000,1.79
5858135,کیف دستی مردانه مدل آریا,اکسسوری مردانه,1375000,1400000,1.79
248301,کتاب مثل آب نبات،آموزش مفاهیم پایه 3 اثر ساندرا بوینتون,کتاب کودک و نوجوان,597700,608600,1.79
1931617,استیک ضد تعریق مردانه نیوآ مدل Invisible For Black And White حجم 40 میلی لیتر,ضد تعریق,2136000,2175000,1.79
2316017,بازی فکری مدل 7Wonders Duel with Pantheon expansion,اسباب بازی,2750000,2800000,1.79
10938583,بازی فکری مدل دو سناریو مسابقه شهروند و شبهای مافیا کد JKR 02,اسباب بازی,312800,318500,1.79
10999381,کتاب قصه‌های من و بچه‌هام، خنده اثر شهرام شفیعی انتشارات سیمای شرق,کتاب کودک و نوجوان,618800,630100,1.79
10682466,کتاب پول به دست بیاور اثر سیندرز مک لئود انتشارات سیمای شرق,کتاب کودک و نوجوان,618800,630100,1.79
10682716,کتاب پول را پس انداز کن اثر سیندرز مک لئود انتشارات سیمای شرق,کتاب کودک و نوجوان,618800,630100,1.79
10682738,کتاب پول را ببخش اثر سیندرز مک لئود انتشارات سیمای شرق,کتاب کودک و نوجوان,618800,630100,1.79
10682772,کتاب قصه های من و بچه هام باشکوه اثر شهرام شفیعی انتشارات سیمای شرق,کتاب کودک و نوجوان,618800,630100,1.79
10260520,برچسب مدل اسکرپ بوک طرح cute مجموعه 11 عددی,دفتر و کاغذ و مقوا,165000,168000,1.79
10392951,تبلت مایکروسافت مدل Surface Pro 8-i5 ظرفیت 256 گیگابایت و 8 گیگابایت رم به همراه کیبورد Signature Black و قلم Slim Pen 2,تبلت,548990000,559000000,1.79
10321934,انگشتر مردانه مدل و ان یکاد,اکسسوری مردانه,660000,672000,1.79
8318899,کتاب آموزش فیزیک یازدهم اثر فرید شهریاری انتشارات خیلی سبز,کتاب درسی، کمک‌درسی و آزمون,3783300,3852200,1.79
11942954,کتاب رویاهای آفتابگردانی اثر لینا الهذولول انتشارات برکه خورشید ,کتاب کودک و نوجوان,610300,621400,1.79
11488694,کتاب روی نقطه هیچ اثر آزیتا خیری نشر علی ,کتاب شعر و ادبیات,3428000,3490000,1.78
7186748,سشوار فیلیپس مدل BHD360,سشوار,17680000,18000000,1.78
5201161,کتاب پوملو فیل فیل‌سوف اثر رامونا بدسکو انتشارات هوپا جلد 3,کتاب کودک و نوجوان,527800,537300,1.77
10653758,تخت سفری مدل 01,لوازم کمپینگ,38900000,39600000,1.77
8333243,هنگ درام مدل هفت رنگ آرشا,سازهای کوبه‌ای,55590000,56590000,1.77
9576009,کتاب گرندود بابابزرگ ماجراجو اثر سر پل مک کارت نی انتشارات سیمای شرق,کتاب کودک و نوجوان,521000,530400,1.77
9576018,کتاب گرندود و زیر دریایی سبز اثر سر پل مک کارت نی انتشارات سیمای شرق,کتاب کودک و نوجوان,521000,530400,1.77
3118281,کتاب خانم گرانجی آشپز خارجی اثر دن گاتمن نشر افق,کتاب کودک و نوجوان,529400,538900,1.76
354585,کتاب غریبه ‌ی‌ عجیب‌ و غریب اثر پیلار لوثانو,کتاب کودک و نوجوان,223000,227000,1.76
471326,کتاب گل های پیاده رو اثر جان آرنو لوسن - شومیز,کتاب کودک و نوجوان,508200,517300,1.76
1961234,کلاه کپ کد NK307,اکسسوری زنانه و مردانه,560000,570000,1.75
3681970,کتاب استینک و حمله ی کپک غولی اثر مگان مک دونالد نشر افق,کتاب کودک و نوجوان,461000,469200,1.75
5712037,تخته شاسی عکس کد 1010038 سایز 15×10 سانتی متر,ابزار نقاشی و رنگ آمیزی,280000,285000,1.75
9242683,ست تاپ و شلوارک ورزشی مردانه مدل Flag کد GC3,لباس مردانه,2800000,2850000,1.75
10769029,کتاب مار پیچ های دایناسوری اثر سیمی راگهاوان انتشارات پرستو,کتاب درسی، کمک‌درسی و آزمون,504200,513200,1.75
11696973,عینک آفتابی اوگا مدل 78027 POLARIZED,اکسسوری زنانه و مردانه,8400000,8550000,1.75
11714466,عینک آفتابی دیوید بکهام مدل DB7067.F.S,اکسسوری زنانه و مردانه,84000000,85500000,1.75
12109364,عینک آفتابی زنانه مدل چند ضلعی خاص کائوچو کد 0103 UV400,اکسسوری زنانه,3389700,3450000,1.75
12074477,کتاب هرمان وول وولکی اثر جولیا کوک انتشارات فنی ایران,کتاب کودک و نوجوان,469200,477500,1.74
12507700,کتاب مسابقه‌ ی انتخابی تیم خرسی ها اثر استن و جن برنستین انتشارات فنی ایران,کتاب کودک و نوجوان,469200,477500,1.74
12507954,کتاب قلدر بی ادب اثر استن و جن برنستین انتشارات فنی ایران,کتاب کودک و نوجوان,469200,477500,1.74
12508269,کتاب بگرد و جوراب را پیدا کن اثر کتاب های هایلاتس انتشارات فنی ایران,کتاب کودک و نوجوان,456100,464200,1.74
12369482,کتاب بگرد و موز را پیدا کن اثر هایلایتس انتشارات فنی ایران ,کتاب کودک و نوجوان,456100,464200,1.74
12324057,کتاب کی چی کجا ماری کوری اثر مگان استاین انتشارات فنی ایران ,کتاب کودک و نوجوان,475700,484100,1.74
12324350,کتاب کی چی کجا دیوار بزرگ چین اثر پاتریشیا برنان دموت انتشارات فنی ایران ,کتاب کودک و نوجوان,475700,484100,1.74
12326082,کتاب احترام بزرگ ترها اثر جن و مايك برنستين انتشارات فنی ایران,کتاب کودک و نوجوان,469200,477500,1.74
11802076,کتاب خانه ای برای خرچنگ قرمز اثر اریک کارل انتشارات عصر اندیشه ,کتاب کودک و نوجوان,475700,484100,1.74
11605517,ریمل حجم دهنده اسنس مدل EXTREME بسته سه عددی,آرایش چشم,4127000,4200000,1.74
11497032,کتاب فرزند آوری از پنج نگاه اثر ژان فاکنر انتشارات پرستو ,کتاب فلسفه و روانشناسی,474400,482800,1.74
11497168,کتاب فرزند پروری مبتنی بر شناخت از پنج نگاه اثر دانیل جی سیگل انتشارات پرستو ,کتاب فلسفه و روانشناسی,474400,482800,1.74
11497210,کتاب توانمندی مادران از پنج نگاه اثر لوئیس وبست انتشارات پرستو ,کتاب فلسفه و روانشناسی,474400,482800,1.74
11497258,کتاب یادگیری در محل کار از پنج نگاه اثر اسکات یانگ انتشارات پرستو ,کتاب فلسفه و روانشناسی,474400,482800,1.74
11497333,کتاب هدایت نوجوانان از پنج نکاه اثر سیریل جادسون بروئر انتشارات پرستو ,کتاب فلسفه و روانشناسی,474400,482800,1.74
11497372,کتاب نقد رویکردهای یادگیری از پنج نگاه اثر وقاص احمد انتشارات پرستو ,کتاب فلسفه و روانشناسی,474400,482800,1.74
9294980,شیکر اسپایدر مدل SP گنجایش 0.5 لیتر,ورزش های هوازی و تناسب اندام,530000,539400,1.74
9436028,کتاب امیل و کارآگاهان اثر اریش کستنر انتشارات هرمس,کتاب کودک و نوجوان,462600,470800,1.74
9481008,جوراب مردانه ال سون مدل الوان کد PH670.2 مجموعه 3 عددی,لباس مردانه,1690000,1720000,1.74
4937253,کتاب من گاستون بی خواب هستم اثر اورلی سین شوشین انتشارات پرتقال,کتاب فلسفه و روانشناسی,413100,420400,1.74
5517759,کتاب آقای نارنجی خانم نارنجی اثر پتر هوراچک نشر علمی و فرهنگی,کتاب کودک و نوجوان,443100,450900,1.73
6277684,کتاب داستان جو داستانی از آفریقای جنوبی اثر جنی رابسون انتشارات پرنده آبی,کتاب شعر و ادبیات,443100,450900,1.73
6493134,کتاب غرغروها برنده نمی شوند اثر جولیا کوک انتشارات فنی ایران,کتاب زندگینامه و دایره المعارف,443100,450900,1.73
3217924,لگو سری Technic مدل Dom’s Dodge Charger 42111,اسباب بازی,85000000,86500000,1.73
7651574,رول ضد تعریق تایلامی مدل ماکارون حجم 75 میلی لیتر,ضد تعریق,646700,658100,1.73
8105616,اکشن فیگور مدل دکتر استرنج موزیکال,اسباب بازی,5110000,5200000,1.73
11298204,کتاب پایتون چگونه برنامه بنویسیم اثر جمعی از نویسندگان انتشارات نص,کتاب علوم کاربردی، تکنولوژی و مهندسی,2898000,2949000,1.73
11867893,ترازو دیجیتالی آلونزو مدل 8012,ترازو,9434000,9600000,1.73
10398629,کتاب اولین نفری که آمد اثر مریم شجاعی پور انتشارات سیمای شرق,کتاب کودک و نوجوان,466800,475000,1.73
12297949,کتاب عصای بال دار اثر مریم عربی انتشارات فنی ایران ,کتاب کودک و نوجوان,443100,450900,1.73
12358375,کتاب دختر كوچولو خواهر بزرگ مي شود اثر امی کراوس روزنتال نشر مهرسا,کتاب کودک و نوجوان,443100,450900,1.73
11007905,ژل مو لورآل مدل MATT MESSY 8 حجم 150 میلی لیتر,آرایش مو,2160000,2197800,1.72
11733534,کتاب دیزی دارکر اثر آلیس فینی نشر آزرمیدخت,کتاب شعر و ادبیات,1750000,1780700,1.72
7358848,کتاب بامزی و مسواک زدن دخترش اثر خواکیم گانارسون انتشارات آفرینش گر,کتاب کودک و نوجوان,450100,458000,1.72
7358898,کتاب بامزی و پستانک گم شده اثر خواکیم گانارسون انتشارات آفرینش گر,کتاب کودک و نوجوان,450100,458000,1.72
7371984,کتاب الفی اتکینز می خوابد اثر جوزفین اسونسک انتشارات آفرینش گر,کتاب کودک و نوجوان,450100,458000,1.72
9335348,فشارسنج عقربه ای زیکلاس مد مدل HS-50B,فشارسنج,8000000,8140000,1.72
927697,کیف حمل زیرانداز یوگا مدل 2018,لوازم کمپینگ,285000,290000,1.72
5448522,کفش مخصوص پیاده روی پسرانه مدل پرسان کد AZ01,پسرانه,2274300,2314200,1.72
7270956,کتاب دیوان حافظ با فال انتشارات پیام عدالت,کتاب شعر و ادبیات,2280000,2320000,1.72
7241808,آفتابه مسافرتی مدلsa20 به همراه آسان ریز,لوازم کمپینگ,314500,320000,1.72
6765817,کتاب اراده های پولادین آشنایی با ورزشکاران پر تلاش و نام آور المپیک اثر مهدی زارعی انتشارات ایده پردازان,کتاب شعر و ادبیات,444900,452700,1.72
6926006,نوار بهداشتی روزانه ناولتی مدل Ultra سایز بزرگ مجموعه 5 عددی,بهداشت زنان,1425000,1450000,1.72
6850399,کتاب دو سرباز اثر دیوید کالی نشر علمی فرهنگی,کتاب شعر و ادبیات,436600,444200,1.71
325275,کتاب بنیادهای چاکرا درمانی اثر ریدر دایمر,کتاب فلسفه و روانشناسی,1162900,1183100,1.71
1825970,کرم ضد آفتاب الارو مدل کد 17 حجم 40 میلی لیتر,مراقبت پوست,3843000,3910000,1.71
9615746,شلوار جین زنانه جین وست مدل 507,لباس زنانه,11490000,11690000,1.71
7426985,کتاب آشنایی با اعداد 1 تا 10 انگلیسی اثر جمعی از نویسندگان انتشارات فنی ایران,کتاب کودک و نوجوان,397500,404400,1.71
11512373,اسپری شامپو خشک شوآرزکوف مدل got2b extra fresh حجم 200 میلی لیتر,شامپو و مراقبت مو,1956000,1990000,1.71
11498377,کتاب سرزمین حرف های رنگی اثر پرستو قلم چی انتشارات پرستو ,کتاب کودک و نوجوان,355400,361600,1.71
11392380,مایو زنانه مدل IS163,لباس زنانه,4890000,4975000,1.71
11704547,کتاب یک کوچولو عصبانی‌ام اثر هالی براکمن و لیابوئن انتشارات فنی ایران,کتاب کودک و نوجوان,404000,411000,1.7
11625069,بازی آموزشی کیبورد بیگ فان مدل  BF-630A2,اسباب بازی,13260000,13490000,1.7
10584643,رول ضد تعریق زنانه نیوآ مدل fresh cherry حجم 50 میلی لیتر,ضد تعریق,1158800,1178800,1.7
9865351,کتاب بهترین بهترین دوستان اثر ایپریل استات انتشارات سیمای شرق,کتاب کودک و نوجوان,439700,447300,1.7
6493302,کتاب فرانکلین و پتوی آبی اثر پولت بورژوا انتشارات فنی ایران,کتاب زندگینامه و دایره المعارف,404000,411000,1.7
4597697,کتاب زر زر زرافه و نه شعر دیگر اثر ناصر کشاورز انتشارات هوپا جلد 4,کتاب کودک و نوجوان,410600,417700,1.7
4924099,کتاب خجالتیوزوروس اثر برایان موزس انتشارات نردبان,کتاب کودک و نوجوان,404000,411000,1.7
12063393,کتاب چطور یک مامان را بزرگ کنیم ؟ اثر جین ریگان انتشارات فنی ایران ,کتاب کودک و نوجوان,404000,411000,1.7
12063454,کتاب چطور از یک مادر بزرگ مراقبت کنیم ؟ اثر جین ریگان انتشارات فنی ایران,کتاب کودک و نوجوان,404000,411000,1.7
12087263, عطر و ادکلن مردانه تن فور اور علی دایی مدل ایمورتال حجم 100 میلی لیتر,عطر و ادکلن مردانه,14000000,14240500,1.69
12185957,جا کارتی مدل چرم اصل,اکسسوری زنانه و مردانه,2900000,2950000,1.69
6295661,فرفره مدل فرفره های انفجاری کد BY558,اسباب بازی,5800000,5900000,1.69
5489603,ادو تویلت زنانه استلا مدل Paris حجم 100 میلی لیتر,عطر و ادکلن زنانه,2900000,2950000,1.69
5556505,کتاب تام پسر بچه گدا از مجموعه اژدهاسوار اثر یو سالمسون انتشارات پریان جلد 1,کتاب کودک و نوجوان,383400,390000,1.69
6863736,کتاب ما همکلاسی مان را نمی خوریم اثر رایان تی هیگینز انتشارات چکه,کتاب شعر و ادبیات,349300,355300,1.69
56775,ادو تویلت مردانه ژاک بوگارت مدل Bogart Pour Homme حجم 100 میلی لیتر,عطر و ادکلن مردانه,8740100,8890000,1.69
1000392,کرم مرطوب کننده آی پلاس با عصاره انبه و پرتقال حجم 150 میلی لیتر,مراقبت پوست,420000,427200,1.69
9860662,کتاب سفارش شگفت انگیز مادربزرگ اثر ایپریل استات انتشارات سیمای شرق,کتاب کودک و نوجوان,412600,419700,1.69
9434915,دامن زنانه اسمارا مدل چپ و راست,لباس زنانه,2900000,2950000,1.69
9192711,کتاب روباه و گردش با دوچرخه اثر کوری تیبر انتشارات سیمای شرق,کتاب کودک و نوجوان,401700,408600,1.69
7448759,کتاب پری سر به هوا جیرجیرانی و جنگل سبز اثر مریا یزدانی انتشارات هوپا,کتاب کودک و نوجوان,384500,391100,1.69
7842334,ماشین اصلاح موی سر و صورت وی جی ار مدل V-679,اصلاح موی صورت,7570000,7700000,1.69
8851214,ماکت ماشین چه ژی  طرح رولز رویز,اسباب بازی,5800000,5900000,1.69
10377039,کتاب کوچولوی کنجکاو  اثر سونیا سوتو مایور  انتشارات پرستو ,کتاب کودک و نوجوان,385000,391600,1.69
10374386,کتاب گفتمان شناسی رسانه های خبری اثر سعید فرامرزیانی انتشارات سیمای شرق,کتاب علوم اجتماعی,412600,419700,1.69
11404036,کتاب داستان های پپوچی اثر کلر ژوبرت انتشارات کانون پرورش فکری کودکان و نوجوانان,کتاب کودک و نوجوان,1160000,1180000,1.69
7619146,گوشواره طلا 18 عیار زنانه طلای مستجابی مدل سه حلقه ای کد 167088,زیورآلات طلا زنانه,88609500,90120000,1.68
9490637,کفپوش تاتامی بافوم مدل سیرک سایز 33×33 سانتی متر مجموعه 9 عددی,وسایل بازی و تجهیزات پارکی کودک,3390000,3448000,1.68
184923,ادو پرفیوم مردانه ژک‌ ساف مدل Magic حجم 100 میلی لیتر,عطر و ادکلن مردانه,6500000,6611000,1.68
6661114,کتاب اصول سخنرانی و فن بیان به روش TED اثر کریس اندرسون انتشارات مات,کتاب علوم اجتماعی,381300,387800,1.68
5190336,کتاب 	صد پرسش درباره‌ ابریشم اثر ژو دنینگ و دیگران نشر چکه,کتاب زندگینامه و دایره المعارف,368200,374500,1.68
4737752,ماشین اصلاح موی سر و صورت وی جی ار مدل V-185,اصلاح موی صورت,8850000,9000000,1.67
3961228,کتاب اسم من ... مثلث اثر ناهید عسگری انتشارات کانون پرورش فکری کودکان و نوجوانان,کتاب کودک و نوجوان,470000,478000,1.67
6773648,کتاب پنگوئنی که گم شده بود اثر اولیور جفرز انتشارات چکه,کتاب شعر و ادبیات,330400,336000,1.67
7180231,خودتراش لمسر مدل GT_H مجموعه 4 عددی,لوازم اصلاح مو,530000,539000,1.67
5736795,"کتاب ارابه,ی خدایان! اثر اریک فون دانیکن
نشر چلچله",کتاب فلسفه و روانشناسی,590000,600000,1.67
6400745,رول ضد تعریق مردانه نیوآ مدل Fresh Active حجم 40 میلی لیتر,ضد تعریق,1453500,1478200,1.67
7755825,ساعت مچی عقربه ای زنانه نکسن مدل L3119R1,اکسسوری زنانه,7375000,7500000,1.67
7406935,کتاب اولین روز گروت اثر برندن دنین انتشارات چکه,کتاب کودک و نوجوان,330400,336000,1.67
7943605,گردنبند مدل دوستی قلب و کلید کد 47551 مجموعه 2 عددی,اکسسوری زنانه و مردانه,590000,600000,1.67
11392238,عینک آفتابی مورل مدل 78007 POLARIZED,اکسسوری زنانه و مردانه,7375000,7500000,1.67
11687513,ست تی شرت و شلوارک پسرانه مدل هاوایی رنگ زرد,پسرانه,2950000,3000000,1.67
11733128,دمپایی مردانه کفش سعیدی مدل 345MS,کفش مردانه,590000,600000,1.67
10312063, سشوار برس دار حالت دهنده رمگینتون مدل RE-2060,سشوار,4716000,4796000,1.67
10271806,روغن آرگان پنتن مدل ازلو حجم 100 میلی لیتر,شامپو و مراقبت مو,2201800,2239300,1.67
11056271,پاپوش نوزادی دیزنی مدل میکی ماوس,نوزاد,2655000,2700000,1.67
12108542,ست تاپ و شلوارک ورزشی مردانه مدل Flag کد GC3,لباس مردانه,2655000,2700000,1.67
12016334,ساعت مچی عقربه ای زنانه  مدل  دیت جاست کد WSL-27,اکسسوری زنانه,15222000,15480000,1.67
11946661,چسب ناخن مصنوعی مدل 014 مجموعه 48 عددی,بهداشت و زیبایی ناخن,343200,349000,1.66
12298368,کتاب کلاهی برای سارای سربه‌هوا اثر جودی شکنر انتشارات فنی ایران ,کتاب کودک و نوجوان,378000,384400,1.66
12510617,کتاب يک تلاش بيشتر اثر نائومی و جيمز جونز نشر مهرسا,کتاب کودک و نوجوان,378000,384400,1.66
10912885,شورت مردانه لیورجی مدل پلاس کد PBlkV-BlNBG مجموعه 3 عددی,لباس مردانه,7125000,7245000,1.66
10770707,کتاب وقتی مهربانم اثر ترزادی .سانی فلین انتشارات پرستو,کتاب کودک و نوجوان,355200,361200,1.66
10769648,کتاب وقتی می ترسم اثر ترزادی .سانی فلین انتشارات پرستو,کتاب کودک و نوجوان,355200,361200,1.66
11498308,کتاب مارپیچ های فینگیلی اثر پرستو قلم چی انتشارات پرستو ,کتاب کودک و نوجوان,355200,361200,1.66
7584440,اسپری خوشبو کننده بدن مردانه عماد آرا مدل Ignite حجم 200 میلی لیتر,اسپری,839600,853800,1.66
9589019,کیت ماشین بازی مدل پارکینگ مکویین کد CY180-1,اسباب بازی,2370000,2410000,1.66
6277592,کتاب دختر کوچولو و خوشبختی داستانی از ایتالیا اثر بئاتریس مسینی انتشارات کتاب پرنده,کتاب شعر و ادبیات,378000,384400,1.66
3833784,کتاب آوای وحش اثر جک لندن انتشارات کتاب پنجره ,کتاب کودک و نوجوان,378000,384400,1.66
5174719,کتاب پی پی جوراب بلند اثر آسترید لیند گرن انتشارات علمی فرهنگی پرنده آبی,کتاب کودک و نوجوان,378000,384400,1.66
5264126,کرم آبرسان بیوتی درما مدل anti-shine حجم 50 میلی لیتر,مراقبت پوست,1278200,1299700,1.65
3900363,کتاب قصه‌ی فیل اثر هوشنگ معمارزاده انتشارات پرنده آبی,کتاب کودک و نوجوان,338900,344600,1.65
6117452,کتاب معماهای تصویری حیوانات 4 اثر جمعی از نویسندگان انتشارات فنی ایران,کتاب شعر و ادبیات,338900,344600,1.65
3309928, دمپایی مردانه نیکتا مدل MPC-104 کد 017,کفش مردانه,1790000,1820000,1.65
8162714,ماشین اصلاح موی سر و صورت روزیا پرو مدل HQ310,اصلاح موی صورت,5350000,5440000,1.65
12358262,کتاب سيسي عاشق علم است-آزمايش هاي خوشمزه اثر کیمبرلی درتینگ نشر مهرسا,کتاب کودک و نوجوان,338900,344600,1.65
7406977,کتاب ساعت ها اثر لین بردبری نشر چکه,کتاب کودک و نوجوان,317800,323100,1.64
7381003,کتاب پنگوئن و آرزوی کریسمس اثر سالینا یون انتشارات بازی و اندیشه,کتاب کودک و نوجوان,317700,323000,1.64
9874696,شلوار اسلش مردانه مدل   555 RUN,لباس مردانه,1080000,1098000,1.64
11224075,کتاب کدام پیروز می شود؟ وال یا ماهی مرکب غول پیکر اثر جری پالوتا انتشارات فنی ایران ,کتاب کودک و نوجوان,365000,371100,1.64
11739981,کتاب دست کوچولو پا کوچولو اثر شکوه قاسم نیا انتشارات کانون پرورش فکری کودکان و نوجوانان,کتاب کودک و نوجوان,300000,305000,1.64
10404585,کتاب سیب‌زمینی شلوارپوش اثر لوری کلر انتشارات فنی ایران,کتاب کودک و نوجوان,365000,371100,1.64
10246035,گردنبند مدل قلبی جدا شونده مجموعه 2 عددی,اکسسوری زنانه و مردانه,659000,670000,1.64
10141436,کتاب کدام پیروز می‌شود وال قاتل یا کوسه‌ی سفید بزرگ اثر جری پالوتا انتشارات فنی ایران ,کتاب کودک و نوجوان,365000,371100,1.64
10614374,کتاب خیلی وقت ها فرقی بین ما نیست اثر جینین ساندرز انتشارات فنی ایران,کتاب کودک و نوجوان,365000,371100,1.64
10562822,کتاب آنچه دوست داریم کودکان درباره آزار و سو استفاده بدانند اثر فاران حسامی انتشارات بازی و اندیشه,کتاب کودک و نوجوان,323700,329100,1.64
3335203,کتاب خرگوش کوچولوی حسود اثر تریس مورونی انتشارات نردبان,کتاب کودک و نوجوان,365000,371100,1.64
3397517,کتاب پنگوئن عاشق اثر سالینا یون انتشارات بازی و اندیشه,کتاب کودک و نوجوان,317700,323000,1.64
1757971,کتاب دوستان با محبت اثر حمید جبلی انتشارات پریان,کتاب شعر و ادبیات,323700,329100,1.64
2572455,کتاب تو و من اثر سوزان ورد انتشارات بازی و اندیشه,کتاب کودک و نوجوان,323700,329100,1.64
6154640,کمربند مردانه مدل tacticmesh111,اکسسوری مردانه,2705000,2750000,1.64
6347833,کتاب اگر دوستش نداشته باشم چی اثر سو گریوز انتشارات فنی ایران,کتاب زندگینامه و دایره المعارف,347200,353000,1.64
6347873,کتاب بازی به نوبت اثر سو گریوز انتشارات فنی ایران,کتاب زندگینامه و دایره المعارف,365000,371100,1.64
3934246,کاندوم چرچیلز مدل خاردار و شیاردار بسته 12 عددی به همراه کاندوم چرچیلز مدل شیاردار و خاردار بسته 3 عددی,بهداشت جنسی,619600,629900,1.64
4282707,کتاب رویای روزی که ... اثر آلیسون مک‌گی انتشارات بازی و اندیشه,کتاب کودک و نوجوان,317700,323000,1.64
5283294,كتاب به چه دردم مي‌خورد؟ اثر جوليا كوك انتشارات نردبان ,کتاب کودک و نوجوان,365000,371100,1.64
6224628,کتاب پرنده تنها بود اثر محمد رمضانی انتشارات سروش صدا و سیمای جمهوری اسلامی ایران,کتاب شعر و ادبیات,325900,331300,1.63
7189552,مداد نوکی 0.5 میلی متری طرح پری دریایی کد 04 بسته 4 عددی,نوشت افزار,1017000,1033900,1.63
6958092,کتاب من بلدم بپوشم اثر محمدرضا میرزایی انتشارات غنچه,کتاب کودک و نوجوان,301400,306400,1.63
2424290,ساعت مچی عقربه ای اسکمی مدل 9127,اکسسوری زنانه و مردانه,8435000,8575000,1.63
357263,فشارسنج دیجیتال بی ول مدل PRO-33,فشارسنج,19080600,19396000,1.63
821066,کتاب تست فیزیک پایه یازدهم تجربی اثر رضا سبزمیدانی,کتاب درسی، کمک‌درسی و آزمون,3500000,3558100,1.63
10496560,کتاب من و ترسم اثر فرانچسکا سانا انتشارات غنچه,کتاب کودک و نوجوان,332400,337900,1.63
10378319,کتاب پاندمی برای کوچولوها اثر کریس فری ونیل گلدشتینو و جوآناسودر انتشارات پرستو,کتاب کودک و نوجوان,325300,330700,1.63
10374098,کتاب مطالعات شبکه های اجتماعی و سبک زندگی نوجوانان اثر محمد صادق افراسیابی انتشارات سیمای شرق,کتاب علوم اجتماعی,325700,331100,1.63
11701727,کتاب کوچولوی نقاش و بچه تمساح اثر وجیهه عینعلی انتشارات غنچه,کتاب کودک و نوجوان,332400,337900,1.63
11606087,گردنبند زنانه ژوپینگ مدل گوی توپی کد N4295,اکسسوری زنانه,1521800,1547000,1.63
8122237,کتاب پس انداز کردن اثر سیندر مکلاد انتشارات آوای هانا,کتاب کودک و نوجوان,301400,306400,1.63
9512306,کتاب فیزیک پایه رشته تجربی دهم و یازدهم سوال اثر جمعی از نویسندگان انتشارات خیلی سبز جلد 1,کتاب درسی، کمک‌درسی و آزمون,2573600,2616000,1.62
9640686,کتاب خرسی و راست‌گویی اثر استن و جن برنستین انتشارات فنی ایران,کتاب کودک و نوجوان,365000,371000,1.62
11644790,رول ضد تعریق مردانه نیوآ مدل Dry impact حجم 50 میلی لیتر,ضد تعریق,1140000,1158800,1.62
11728180,روغن نرم کننده لب شگلم مدل Mali-Blue Berry,آرایش لب,4033600,4100000,1.62
10878551,نوار تست قند خون کلور چک مدل 4230 بسته 50 عددی,لوازم جانبی تست قند خون,2270000,2307400,1.62
146614,کتاب دانستنی های جانوران ایران و جهان اثر محمد کرام الدینی - شش جلدی,کتاب کودک و نوجوان,4657600,4734300,1.62
5086932,کتاب آقای دکارت و شیطان فریب کارش اثر ژان پل منژن نشر کتاب چ ,کتاب کودک و نوجوان,315900,321100,1.62
4240377,شامپو مو سینره مدل جوانه گندم حجم 250 میلی لیتر,شامپو و مراقبت مو,550000,559000,1.61
2599286,ریمل حجم دهنده بل مدل B100,آرایش چشم,1958000,1990000,1.61
2014367,نخ دندان لیو مدل Fresh Smile مجموعه 12 عددی,بهداشت دهان و دندان,3050000,3100000,1.61
3052162,رول ضد تعریق زنانه نیوآ مدل Fresh Natural حجم 50 میلی لیتر,ضد تعریق,1140000,1158600,1.61
10487036,کتاب کامی کانگورو دلش شادی میخواد اثر استیسی سی باوئر نشر ناریا,کتاب کودک و نوجوان,324200,329500,1.61
10487145,کتاب کامی کانگورو دلش شیرینی میخواد اثر استیسی سی باوئر نشر ناریا,کتاب کودک و نوجوان,324200,329500,1.61
10487277,کتاب کامی کانگورو دلش تبلت میخواد اثر استیسی سی باوئر نشر ناریا,کتاب کودک و نوجوان,324200,329500,1.61
9848836,کفش طبی مردانه کفش فرزین مدل تمام چرم f5,کفش مردانه,13775000,14000000,1.61
10064250,بازی فکری مدل کلبه هوش,اسباب بازی,1494000,1518400,1.61
8147268,بند انداز برقی پرو امگا مدل 1035,اصلاح موی بدن بانوان,10620000,10794000,1.61
8456920,رول ضد تعریق مردانه اسکلاره مدل SALVADOR حجم 60 میلی لیتر,ضد تعریق,551000,560000,1.61
12366381,کتاب سیاه دل اثر کورنلیا فونکه  انتشارات کانون پرورش فکری کودکان و نوجوانان جلد 1,کتاب کودک و نوجوان,915000,930000,1.61
12306674,کتاب نینجا دیگر استرس ندارد اثر مری نین انتشارات فنی ایران,کتاب کودک و نوجوان,312900,318000,1.6
12307036,کتاب نینجا با همه جور می شود اثر مری نین انتشارات فنی ایران,کتاب کودک و نوجوان,312900,318000,1.6
8033972,کانسیلر آرت اسکین شماره 1,آرایش صورت,738000,750000,1.6
3636061,کتاب داستان لئو اثر مک بارنت انتشارات طوطی,کتاب کودک و نوجوان,319400,324600,1.6
1613792,ادو پرفیوم زنانه گوچی مدل BAMBOO حجم 75 میلی لیتر,عطر و ادکلن زنانه,46000000,46750000,1.6
5000894,کتاب گل خیال اثر شرمین موحد انتشارات بازی و اندیشه,کتاب کودک و نوجوان,246000,250000,1.6
4967012,کتاب مغز تو معرکه است اثر جوآن دیک انتشارات نردبان,کتاب کودک و نوجوان,312900,318000,1.6
5365779,كتاب جوجه دات كام! اثر جين ويليس نشر نردبان ,کتاب کودک و نوجوان,312900,318000,1.6
4414314,کتاب رسانه های بیگانه :قرائتی با تحلیل گفتمان اثر دکتر حسن بشیر انتشارات سیمای شرق جلد اول,کتاب علوم اجتماعی,304000,308900,1.59
4414765,کتاب روابط عمومی همراه اثر داوود زارعیان انتشارات سیمای شرق,کتاب علوم اجتماعی,304000,308900,1.59
7193413,ادو پرفیوم زنانه ویکتوریا سکرت مدل Very حجم 100 میلی لیتر,عطر و ادکلن زنانه,53034700,53890000,1.59
137669,کتاب راز جذب پول در ایران اثر علی اکبری - جلد پنجم,کتاب فلسفه و روانشناسی,408400,415000,1.59
3078948, رول ضد تعریق زنانه نیوآ مدل Dry Comfort حجم 50 میلی لیتر ,ضد تعریق,1234800,1254800,1.59
3249797,دندان گیر کودک وی کر مدل آدمک,بهداشت و سلامت کودک,619900,629900,1.59
2877154,تفنگ اسباب بازی گلدن گان مدل naabsell32,اسباب بازی,310000,315000,1.59
9844327,کرم نرم کننده آردن بیوتی مدل وازلین وزن 50 گرم مجموعه 2 عددی,مراقبت پوست,620000,630000,1.59
10894417,کتاب غول بالای تپه اثر فریدون عموزاده خلیلی انتشارات فنی ایران,کتاب کودک و نوجوان,365000,370900,1.59
10681255,قمقمه ایون مدل Drink up کد 255 گنجایش 1 لیتر,ورزش های هوازی و تناسب اندام,3090000,3140000,1.59
12363290,ساعت مچی عقربه ای زنانه سیکو مدل SUR476,اکسسوری زنانه,155000000,157500000,1.59
12071412,کتاب فرزند زمان خویشتن باش اثر غلامرضا امامی انتشارات کانون پرورش فکری کودکان و نوجوانان,کتاب کودک و نوجوان,310000,315000,1.59
10496848,کتاب توپک احترام اثر دایان آلبر انتشارات فنی ایران,کتاب کودک و نوجوان,280300,284800,1.58
11223115,کتاب نینجا احساساتی می شود اثر مری نین انتشارات فنی ایران ,کتاب کودک و نوجوان,280300,284800,1.58
11223202,کتاب نینجا دیگر حسودی نمی کند اثر مری نین انتشارات فنی ایران ,کتاب کودک و نوجوان,280300,284800,1.58
9643180,کتاب نینجای خوش‌حافظه اثر مری نین انتشارات فنی ایران,کتاب کودک و نوجوان,280300,284800,1.58
9643251,کتاب نینجا حلال مشکلات می شود اثر مری نین انتشارات فنی ایران ,کتاب کودک و نوجوان,280300,284800,1.58
9644182,کتاب نینجا دیگر عصبی نیست اثر مری نین انتشارات فنی ایران ,کتاب کودک و نوجوان,280300,284800,1.58
9644344,کتاب نینجا خوش فکر می‌شود اثر مری نین انتشارات فنی ایران ,کتاب کودک و نوجوان,280300,284800,1.58
9404899,کتاب نینجا با همه ارتباط برقرار می کند اثر مری نین انتشارات فنی ایران,کتاب کودک و نوجوان,280300,284800,1.58
9404999,کتاب نینجا دیگر نگران نیست اثر مری نین انتشارات فنی ایران,کتاب کودک و نوجوان,280300,284800,1.58
385152,پنکیک چرب نوت سری luminoussilk شماره 02,آرایش صورت,3408800,3463500,1.58
230036,کتاب سینوهه اثر میکا والتاری,کتاب شعر و ادبیات,3100000,3149900,1.58
1582962,کتاب حلزون بی صدف موجودات حال به هم زن 4 اثر الیس گراول نشر کتاب چ,کتاب شعر و ادبیات,293400,298100,1.58
1536757,کتاب تامی الاغه و دوستانش ای وای گم شدم! اثر استوارت جی مورفی انتشارات نردبان,کتاب کودک و نوجوان,299900,304700,1.58
6725536,کتاب اجساد پنهان اثر کرولاین کپنس نشر میلکان,کتاب شعر و ادبیات,783900,796500,1.58
6574029,کتاب گل شلکی چی میشه اثر زهرا موسوی انتشارات زرافه,کتاب شعر و ادبیات,293100,297800,1.58
6850489,کتاب خرگوش باهوش و گرگ ها اثر سوزانا دیوید سون نشر علمی فرهنگی,کتاب کودک و نوجوان,299900,304700,1.58
6224619,کتاب قشو اثر عمر سیف الدین انتشارات سروش صدا وسیمای جمهوری اسلامی ایران,کتاب شعر و ادبیات,280300,284800,1.58
5783884,فیلتر دستگاه تصفیه کننده آب آکوا پیورست مدل AP-RO GOLD 07 مجموعه 6 عددی به همراه فیلتر ممبران فیلمتگ مدل DOW,سلامت محیط,4350000,4420000,1.58
5605969,کتاب ماجراهای دم پنبه ای خرگوشک تقصیر بچه ها نیست اثر هاوارد بینکو انتشارات نردبان,کتاب کودک و نوجوان,280300,284800,1.58
5606068,کتاب ماجراهای دم پنبه ای خرگوشک بقیه هم حق دارند رورند اثر رورند آنا و هاوارد بینکو انتشارات فنی ایران,کتاب کودک و نوجوان,280300,284800,1.58
4747585,کتاب اجی مجی یه دونه اثر زهرا موسوی نشر زرافه,کتاب کودک و نوجوان,293100,297800,1.58
4265707,سایه چشم مدادی پیپا شماره 301,آرایش چشم,5001600,5081300,1.57
6961378,کتاب بچه سوسکی که عاشق پرواز بود اثر پریسا شمس نشر علمی فرهنگی,کتاب کودک و نوجوان,306400,311300,1.57
3423444,برس شاينر مدل گرد سراميكي كد 44,برس‌ها و تجهیزات آرایشی,6250000,6350000,1.57
3368122,کتاب زیبای خفته اثر كتي ساندرز انتشارات شهر قلم,کتاب کودک و نوجوان,306400,311300,1.57
7559850,کتاب چشم پاینده اثر جولین بارنز نشر چشمه,کتاب هنر و سرگرمی,1192100,1211100,1.57
7666974,ادو پرفیوم زنانه رودیر مدل  Euphoria حجم 100 میلی لیتر,عطر و ادکلن مردانه,2510000,2550000,1.57
10481443,ابزار شوخی طرح دست متحرک مدل ونزدی,اسباب بازی,12500000,12700000,1.57
11834833,ماشین بازی مدل فلزی عقبکش موزیکال بنز میباخ کلاسیک,اسباب بازی,6300000,6400000,1.56
11705747,کفش روزمره مردانه مدل چرم طبیعی کد 00132t.k رنگ مشکی,کفش مردانه,11340000,11520000,1.56
8184957,تی شرت آستین کوتاه مردانه لیورجی مدل راه راه کد EFFECT2022,لباس مردانه,3780000,3840000,1.56
2333220,ساعت مچی عقربه ای مردانه نیوی فورس مدل NF9038 BB,اکسسوری مردانه,9055000,9198300,1.56
6616290,ادو پرفیوم زنانه دایرکشن مدل Coco Mademoiselle حجم 100 میلی لیتر,عطر و ادکلن زنانه,3150000,3200000,1.56
7090599,کتاب نه نمی شه فیل اتوبوس سوار بشه اثر پاتریشیا کلولند پک نشر ناریا,کتاب کودک و نوجوان,273800,278100,1.55
7034932,کتاب من هنوز آماده نیستم اثر جاناتان آلن انتشارات فنی ایران,کتاب کودک و نوجوان,273800,278100,1.55
7034989,کتاب من نمی ترسم اثر جاناتان آلن انتشارات فنی ایران,کتاب کودک و نوجوان,273800,278100,1.55
7204180,کتاب بابا و مامانم دیگر باهم دوست نیستند اثر جنیفر مور مالینوس انتشارات فنی ایران,کتاب کودک و نوجوان,273800,278100,1.55
7332545,رول ضد تعریق مردانه فا مدل Freshly Free حجم 50 میلی لیتر,ضد تعریق,660800,671200,1.55
6493043,کتاب طبیعت چیزی را دور نمی ریزد شما چطور اثر میکله لرد انتشارات فنی ایران,کتاب شعر و ادبیات,273800,278100,1.55
6447126,کتاب بگرد و پیدا کن حیوانات وحشی اثر افسانه طباطبایی نشر چکه,کتاب شعر و ادبیات,273800,278100,1.55
6447255,کتاب بگرد و پیدا کن حیوانات مزرعه اثر افسانه طباطبایی انتشارات چکه,کتاب شعر و ادبیات,273800,278100,1.55
6447309,کتاب بگرد و پیدا کن حیوانات اهلی اثر افسانه طباطبایی نشر چکه,کتاب شعر و ادبیات,273800,278100,1.55
3832826,کتاب افسانه‌ی غول دست‌کج اثر لاله جعفری انتشارات هوپا,کتاب کودک و نوجوان,267300,271500,1.55
3344394,کتاب چه اندازه؟ چه شکلی؟ چه رنگی؟ اثر جمعی از نویسندگان انتشارات نردبان,کتاب کودک و نوجوان,273800,278100,1.55
3278968,اسباب بازی ست لوازم آرایشی ستاره کد 8848,اسباب بازی,1155700,1173900,1.55
1482545,بازی فکری بازی تا مدل گرداگرد,اسباب بازی,1039600,1056000,1.55
161174,کتاب خرسی به اردو می رود اثر کری وستن,کتاب کودک و نوجوان,273800,278100,1.55
8245378,رنگ مو گارنیک شماره 7.59 حجم 120 میلی لیتر رنگ بلوند هاوانا طبیعی به همراه اکسیدان مدل 30vol نه درصدی حجم 180 میلی لیتر,آرایش مو,1254000,1273700,1.55
7928130,کتاب شبی که بابا رفت زندان اثر ملیسا هیگینز انتشارات فنی ایران ,کتاب کودک و نوجوان,273800,278100,1.55
9482300,اکشن فیگور مدل سوپر من کد 03,اسباب بازی,602700,612200,1.55
11870937,کوله پشتی ورزشی مدل HWJIANFENG 1610,لوازم سفر,12700000,12900000,1.55
11876278,ساعت مچی عقربه ای زنانه مدل دور نگین بند فول نگین کد 2,اکسسوری زنانه,3810000,3870000,1.55
11775081,چراغ اضطراری مدل  Solar Working Lamp ,کوه‌ نوردی و صخره نوردی,6390000,6490000,1.54
11066422,رول ضد تعریق باباریا مدل Avena حجم 50 میلی لیتر,ضد تعریق,1913000,1943000,1.54
9215908,ماشین اصلاح موی سر و صورت وال مدل Series 200 Haircutting kit,اصلاح موی سر,16960000,17225000,1.54
7727945,فلاسک گود مدل K304 گنجایش 1 لیتر,لوازم کمپینگ,4200000,4265500,1.54
7359161,کتاب بازی هایی برای جشن تولد الفی اتکینز اثر کینا بودنهف انتشارات آفرینش گر,کتاب کودک و نوجوان,254900,258900,1.54
7359279,کتاب تردستی های الفی اتکینز اثر کینا بودنهف انتشارات آفرینش گر,کتاب کودک و نوجوان,254900,258900,1.54
129208,کتاب مقدمات زبانشناسی اثر مهری باقری,کتاب شعر و ادبیات,638000,648000,1.54
863956,اکسیدان گارنیک مدل Ocy20 شش درصدی حجم 1000 میلی لیتر,آرایش مو,1598400,1623400,1.54
4387906,کتاب هزار و یک شب اثر ابراهیم اقلیدی نشر مرکز پنج جلدی,کتاب شعر و ادبیات,8705700,8841800,1.54
4095182,ادو پرفیوم مردانه جاسپر پرفیوم مدل Invectuse حجم 100 میلی لیتر,عطر و ادکلن مردانه,3199800,3250000,1.54
5003877,اتو مو کنورث مدل KW_305,اتو و حالت دهنده ی مو,6400000,6500000,1.54
4944053,کفش تنیس مردانه مدل استن اسمیت,کفش مردانه,3200000,3250000,1.54
4295789,ماشین بازی مدل YJ388-22,اسباب بازی,2698000,2740000,1.53
3779733,ادو تویلت مردانه ورساچه مدل Eau Fraiche حجم 100 میلی لیتر,عطر و ادکلن مردانه,25500000,25896700,1.53
2235859,کتاب این که قصه ی وقت خواب نیست اثر ویل مبیت انتشارات زعفران,کتاب کودک و نوجوان,263500,267600,1.53
1962150,تفنگ بازی نرف مدل Fortnite SP-L E6717,اسباب بازی,18700000,18990000,1.53
2024322,ژل ضد درد نوکس مدل Cool And Heat Therapy حجم 100 میلی لیتر,بهداشت و مراقبت بدن,580000,589000,1.53
11066445,رول ضد تعریق باباریا مدل Aloe حجم 50 میلی لیتر,ضد تعریق,1933000,1963000,1.53
10593893,ادو پرفیوم مردانه پاشا مدل فارنهایت دیور حجم 50 میلی لیتر,عطر و ادکلن مردانه,1300000,1320000,1.52
10332394,دمپایی زنانه فرنیک مدل ستایش کد 2023 رنگ مشکی,کفش زنانه,1950000,1980000,1.52
11253670,ماشین بازی مدل جیپ طرح پلیس کد 01,اسباب بازی,6490000,6590000,1.52
3383042,فلوئید ضد آفتاب بی رنگ ساین اسکین SPF50 سری Invisible مناسب انواع پوست حجم 50 میلی لیتر,مراقبت پوست,2659000,2700000,1.52
1599365,ساک دستی کد 315,لوازم سفر,1625000,1650000,1.52
1420679,ساسبند بچگانه مدل CM2411 تک سایز,پسرانه,585000,594000,1.52
4999189,عروسک نمدی مدل KH16CM,دست سازه های هنری,650000,660000,1.52
5793113,قالب رزین مدل گردنبند برگ انجیری بسته دو عددی,ابزار نقاشی و رنگ آمیزی,310000,314800,1.52
8366741,صندل مردانه مدل تایلندی,کفش مردانه,589000,598000,1.51
5616116,ساعت مچی دیجیتال مدل 45422989,اکسسوری زنانه و مردانه,788000,800000,1.5
6981396,فیگور مدل هتل ترانسیلوانیا مجموعه 6 عددی,اسباب بازی,3290000,3340000,1.5
5143209,کتاب ریاضیات هشتم رشادت اثر جمعی از نویسندگان انتشارات مبتکران,کتاب درسی، کمک‌درسی و آزمون,2357700,2393500,1.5
4251605,ادو پرفیوم زنانه نارسیسو رودریگز مدل POUDREE حجم 90 میلی لیتر,عطر و ادکلن زنانه,44000000,44670000,1.5
41633,آزمون پیشرفته ادراکی-بینایی فراستیگ، تشخیص و درمان اثر ماریان فراستیگ,کتاب فلسفه و روانشناسی,940900,955200,1.5
248522,کتاب دوستت دارم اثر آتوسا صالحی,کتاب کودک و نوجوان,275800,280000,1.5
12448790,ماسک صورت  نیوآ مدل URBAN SKIN DETOX حجم 150 ميلی لیتر,مراقبت پوست,2648700,2689100,1.5
2612461,کتاب First Friends 2 اثر Susan Lannuzzi انتشارات Oxford,کتاب زبان,660000,670000,1.49
9917546,ادوپرفیوم زنانه کلوین کلاین مدل Euphoria Intense حجم 100 میلی لیتر,عطر و ادکلن زنانه,27190000,27600000,1.49
9307403,کیف دوشی زنانه مدل 15277,اکسسوری زنانه,7980000,8100000,1.48
8194731,رنگ مو گارنیک شماره 1 حجم 120 میلی لیتر رنگ مشکی به همراه اکسیدان مدل 30vol نه درصدی حجم 180 میلی لیتر,آرایش مو,1328600,1348600,1.48
3012403,کتاب اگر به یک سگ دونات بدهی اثر لارا نامر آف نشر زرافه,کتاب کودک و نوجوان,238900,242500,1.48
4718160,کتاب قصه های من و بچه هام عصرانه اثر شهرام شفیعی نشر زرافه چاپ سوم,کتاب کودک و نوجوان,226800,230200,1.48
11912220,کرم مرطوب کننده نوتروژینا مدل Clear &amp; Defend  حجم 50 میلی لیتر,مراقبت پوست,2847100,2890000,1.48
4391154,شیشه شیر دکتر براونز مدل D51600 گنجایش 150 میلی لیتر,شیشه شیر، سرلاک و داروخوری,5350000,5430000,1.47
5676314,ست تاپ و شلوارک مردانه کد R-40983,لباس مردانه,1369500,1390000,1.47
6014782,پروتئین مو برزیل مدل مونوهیدرات حجم 800 میلی لیتر,شامپو و مراقبت مو,7380000,7490000,1.47
9508788,تراش فکتیس مدل مخزن دار طرح سمانه بسته 3 عددی,نوشت افزار,609300,618400,1.47
9825272,کتاب تخیل خلاق در عرفان ابن عربی اثر هانری کربن نشر سوفیا,کتاب دینی,2243600,2277000,1.47
11577289,جوراب شلواری دخترانه طرح گل مدل ربان دوزی LUXE,دخترانه,670000,680000,1.47
6181645,رول ضد تعریق زنانه نیوآ مدل Anti Transpirant 5x1 حجم 40 میلی لیتر,ضد تعریق,1344600,1364500,1.46
4890206,ساز دهنی ایستاپ مدل Forerunner,سازهای بادی,20200000,20500000,1.46
3373260,کتاب بنی و عروسکش اثر باربرو لیندگرن و اولاف لندستروم انتشارات میچکا,کتاب کودک و نوجوان,410600,416700,1.46
3035234, پودر دکلره جوجو مدل PBW وزن 500 گرم,آرایش مو,6800000,6900000,1.45
1517361,تیشرت آستین بلند مردانه دی سی کد DC-3BWH رنگ سفید,لباس مردانه,680000,690000,1.45
4244179,ساعت مچی عقربه ای زنانه امپریو آرمانی مدل AR11092,اکسسوری زنانه,68000000,69000000,1.45
3775271,ادو تویلت مردانه رصاصی مدل A01 حجم 75 میلی لیتر,عطر و ادکلن مردانه,6800000,6900000,1.45
6511139,جوراب مردانه ال سون مدل مستر ون کوک کد PH543,لباس مردانه,680000,690000,1.45
5631459,کرم ضد آفتاب ژوت مدل ویتامین E حجم 100 میلی لیتر,مراقبت پوست,1695000,1720000,1.45
5580371,کلاه کپ کد BN538,اکسسوری زنانه و مردانه,680000,690000,1.45
6784281,کتاب کار و تمرین جامع پیش دبستانی چاپ 1400 اثر سارا زمانیان و سندس بزیان انتشارات منتشران ,کتاب درسی، کمک‌درسی و آزمون,1328600,1348200,1.45
11331341,کتاب یک تپه یک گودال اثر مارکوس فیستر انتشارات کانون پرورش فکری کودکان و نوجوانان,کتاب کودک و نوجوان,340000,345000,1.45
10309832,جوراب مردانه ال سون مدل تهران الوان کد PH695.1 مجموعه 6 عددی,لباس مردانه,3390000,3440000,1.45
9507553,جوراب مردانه ال سون مدل کالیفرنیا کد PH666.4,لباس مردانه,680000,690000,1.45
8243357,جوراب زنانه ال سون مدل اسنوپی کد PH631,لباس زنانه,680000,690000,1.45
7651614,رول ضد تعریق تایلامی مدل flora حجم 75 میلی لیتر,ضد تعریق,680000,690000,1.45
8077355,جوراب زنانه ال سون مدل کاج و گوزن کد PH612,لباس زنانه,680000,690000,1.45
8745238,کتاب نینجای دروغ نگو اثر مری نین انتشارات هوپا,کتاب کودک و نوجوان,260800,264600,1.44
8745261,کتاب نینجای نگران اثر مری نین انتشارات هوپا,کتاب کودک و نوجوان,260800,264600,1.44
9799466,کوله پشتی دخترانه طرح یونیکورن کد BXS2525,دخترانه,2740000,2780000,1.44
11911957,فلاسک مدل سه گنجایش 0.5 لیتر به همراه لیوان بسته 3 عددی,لوازم کمپینگ,2870000,2912000,1.44
6882787,کتاب دانستنی های مصور کودکان و نوجوانان اثر کری کمب انتشارات پیام آزادی,کتاب زندگینامه و دایره المعارف,2048100,2078100,1.44
2067046,جوراب مردانه ال سون کد PH190 مجموعه 6 عددی,لباس مردانه,3430000,3480000,1.44
2035078,کیف پول مردانه رویال چرم کد M36,اکسسوری مردانه,1932000,1960000,1.43
3217679,کمربند مردانه رویال چرم کد M63,اکسسوری مردانه,3795000,3850000,1.43
2956986,کتاب پدر پولدار پدر بی پول اثر رابرت کیوساکی انتشارات آوین,کتاب علوم اجتماعی,1431700,1452400,1.43
673585,کمربند مردانه مدل M45-DarkBrown,اکسسوری مردانه,3795000,3850000,1.43
703999,ادو تویلت مردانه رمی مارکویز مدل Marquis حجم 60 میلی لیتر,عطر و ادکلن مردانه,4830000,4900000,1.43
188371,دسته بازی مدل 2016 DualShock 4,لوازم جانبی کنسول بازی,6890000,6990000,1.43
5821071,کتاب تاریخ بیهقی اثر دکتر خلیل خطیب رهبر انتشارات مهتاب,کتاب تاریخ و جغرافیا,7195600,7300000,1.43
4782070,جاکارتی رویال چرم کد M32,اکسسوری زنانه و مردانه,1159200,1176000,1.43
4586775,صندل زنانه نیکتا مدل ZRSH.2247,کفش زنانه,2750000,2790000,1.43
11318270,کفش زنانه سیی مدل لژ بلند کد 1904.1,کفش زنانه,3519000,3570000,1.43
11364071,کفش روزمره زنانه مدل 1967,کفش زنانه,6210000,6300000,1.43
10135319,بازی فکری سی مون مدل zombicide invaders,اسباب بازی,69000000,70000000,1.43
10455832,ماساژور برقی مدل مثلثی چرخشی,ماساژور,54510000,55300000,1.43
10891647,سنگ پا برقی وی جی ار مدل 812,برس‌ها و تجهیزات آرایشی,6800000,6898700,1.43
9695033,کفش پیاده روی زنانه مدل نیو رنگ مشکی,کفش زنانه,6210000,6300000,1.43
9448313,دستگاه بخور سرد مدل 005,دستگاه بخور و رطوبت ساز,895000,908000,1.43
9199542,کفش طبی زنانه سیی مدل چیکو کد 1771,کفش زنانه,3829500,3885000,1.43
8147377,پنل آکوستیک ایران استودیو مدل مینی بیس مقعر بسته 4 عددی,تجهیزات استودیویی,2277000,2310000,1.43
5159953,ادو پرفیوم مردانه دلیسیو مدل اینوکتوس حجم 50 میلی لیتر,عطر و ادکلن مردانه,2780000,2820000,1.42
5160016,ادو پرفیوم مردانه دلیسیو مدل پگاسوز حجم 50 میلی لیتر,عطر و ادکلن مردانه,2780000,2820000,1.42
5160054,ادو پرفیوم زنانه دلیسیو مدل منیفستو حجم 50 میلی لیتر,عطر و ادکلن زنانه,2780000,2820000,1.42
5197448,ادو پرفیوم زنانه دلیسیو مدل کوکو مادمازل حجم 50 میلی لیتر,عطر و ادکلن زنانه,2780000,2820000,1.42
4134590,ادو پرفیوم مردانه دلیسیو مدل Armani Sport Code حجم 50 میلی لیتر,عطر و ادکلن مردانه,2780000,2820000,1.42
4237393,میکروفن رومیزی هایپرایکس مدل Quadcast S,لوازم جانبی آلات موسیقی,109800000,111380000,1.42
546794,کیت رنگ موی گارنیک سری شکلاتی - بلوند شکلاتی متوسط شماره 8.65,آرایش مو,1031700,1046600,1.42
609076,چسب نواری شیشه ای ایران چسب عرض 5 سانتی متر,لوازم اداری,348000,353000,1.42
1089097,ادوپرفیوم مردانه دلیسیو مدل MILLION 1,عطر و ادکلن مردانه,2780000,2820000,1.42
2852870,ادو پرفیوم زنانه دلیسیو مدل Calvin Klien Euphoria حجم 50 میلی‌لیتر,عطر و ادکلن زنانه,2780000,2820000,1.42
2085495,ساعت مچی عقربه ای مردانه اسکمی مدل 9185,اکسسوری مردانه,7000000,7100000,1.41
160171,کتاب قلدر اثر استن و جن برنشتاین,کتاب کودک و نوجوان,519200,526600,1.41
4286244,کتاب واژگان تصویری زبان یازدهم لقمه اثر حمیدرضا نوربخش انتشارات مهروماه,کتاب درسی، کمک‌درسی و آزمون,560000,568000,1.41
5398133,سرم پوست نوتروژینا مدل Hydro Boost حجم 30 میلی لیتر,مراقبت پوست,4185000,4245000,1.41
4959018,زیر انداز یوگا مدل Flower ضخامت 8 میلی متر,لوازم کمپینگ,4190000,4250000,1.41
7532916,کرم پودر میبلین مدل Super Stay شماره 10 حجم 30 میلی لیتر,آرایش صورت,4900000,4970000,1.41
7566601,کتاب حیات وحش ایران، گرگ خاکستری اثر علی گلشن انتشارات کانون پرورش فکری کودکان و نوجوانان,کتاب کودک و نوجوان,325000,329600,1.4
9095414,ژل شست و شو صورت وچه مدل 02 حجم 250 میلی لیتر,مراقبت پوست,1550000,1572000,1.4
9455020,شامپو ضد شوره مو دی پی مدل Bio Barrier   حجم 500 میلی لیتر,شامپو و مراقبت مو,1410000,1430000,1.4
10623939,کتاب نقد عقل عملی اثر ایمانوئل کانت نشر نی,کتاب فلسفه و روانشناسی,1669600,1693300,1.4
1717359,کتاب قصر آبی اثر ال.ام.مونتگومری انتشارات قدیانی,کتاب شعر و ادبیات,867600,879900,1.4
475647,کاندوم شادو مدل Antibacterial بسته 12 عددی,بهداشت جنسی,355000,360000,1.39
1895587,پاک کن خمیری ماریس مدل C6242,نوشت افزار,389300,394800,1.39
9454701,کتاب صبح جادویی اثر هال الرود انتشارات آستان مهر,کتاب فلسفه و روانشناسی,355000,360000,1.39
475666,گوشه گیر ناخن گلدن فیشر مدل 19119,بهداشت و زیبایی ناخن,1790000,1815000,1.38
328438,کانسیلر بورژوآ مدل Healthy Mix شماره 51,آرایش صورت,2948800,2990000,1.38
1090432,بادکش بدن طهور مدل 001,مکمل تجهیزات پزشکی,1543600,1565100,1.37
4512974,کرم ضد آفتاب آرت وینا مدل Moderate حجم 50 میلی لیتر,مراقبت پوست,3241800,3286700,1.37
9112944,عینک آفتابی مدل Aa 88005,اکسسوری زنانه و مردانه,700000,709700,1.37
9906142,تاپ زنانه اویاندا مدل moj_336138 مجموعه 2 عددی,لباس زنانه,3600000,3650000,1.37
9242937,کفش روزمره مردانه چکاوک مدل BF-010,کفش مردانه,1450000,1470000,1.36
8620107,مکعب روبیک شنگ شو مدل 2×2 لجند,اسباب بازی,1450000,1470000,1.36
7286118,کتاب مکیال المکارم در فوائد برای حضرت قائم اثر سید محمد تقی موسوی اصفهانی انتشارات کتاب جمکران,کتاب دینی,2900000,2940000,1.36
2040124,ماشین اصلاح موی سر، صورت و بدن کیمی مدل KM-600,اصلاح موی صورت,7990000,8100000,1.36
2530453,کتاب وگی تنها با خودش تو روز تولدش اثر جاناتان لاندن نشر افق,کتاب شعر و ادبیات,290000,294000,1.36
2737730,ساعت مچی عقربه ای مردانه نیوی فورس مدل NF3007M - NO-ME,اکسسوری مردانه,11440000,11598000,1.36
861469,ادو تویلت مردانه جان وارواتوس مدل varvatos حجم 75 میلی لیتر,عطر و ادکلن مردانه,22000000,22300000,1.35
545891,کیت رنگ موی گارنیک سری طبیعی - بلوند روشن شماره 8,آرایش مو,1183800,1200000,1.35
4966420,تراش کرونا مدل مخزن دار,نوشت افزار,189800,192400,1.35
4205898,کتاب کار فیزیک یازدهم رشته تجربی اثر فرزاد نامی انتشارات خیلی سبز,کتاب درسی، کمک‌درسی و آزمون,1560000,1581400,1.35
8490158,پاشنه کش مدل 020301,کفش زنانه و مردانه,365000,370000,1.35
9687983,ژل بازی دنیای سرگرمی های کمیاب مدل شفاف اکلیلی طرح خرگوش خندان کد DSK-A507,اسباب بازی,513000,520000,1.35
9722282,تفنگ بازی مدل M35 کد no1,اسباب بازی,1170700,1186700,1.35
9571793,پیرسینگ طلا 18 عیار زنانه طلای مستجابی مدل بال کد 19,زیورآلات طلا زنانه,74536000,75550000,1.34
10697875,روبیک کای وای مدل QIDI S2,اسباب بازی,782200,792800,1.34
10502463,کیف رودوشی زنانه مدل رزالین,اکسسوری زنانه,2950000,2990000,1.34
11562290,ادو تویلت مردانه دی کرایگنیز مدل هایپ حجم 100 میلی لیتر  ,عطر و ادکلن مردانه,2950000,2990000,1.34
2924975, صندل زنانه نیکتا کد HN-2547,کفش زنانه,2950000,2990000,1.34
2385007,کتاب بغل اثر اوئین مک لافلین انتشارات بازی و اندیشه ,کتاب کودک و نوجوان,487100,493700,1.34
2039789,اسپری ضد تعریق مردانه نیوآ مدل Dry Fresh حجم 150 میلی لیتر,ضد تعریق,2050000,2077900,1.34
12344209,کتاب مجموعه آزمون های نمونه دولتی و تیزهوشان 1+31 استان ششم به هفتم اثر جمعی از نویسندگان انتشارات پویش اندیشه خوارزمی ,کتاب درسی، کمک‌درسی و آزمون,2206900,2236900,1.34
12550964,ادوپرفیوم زنانه فراگرنس ورد مدل  Rose seduction secret حجم 100 میلی‌لیتر,عطر و ادکلن زنانه,4191400,4248000,1.33
11947172,میکروفن یقه ای گرین لاین مدل GNWIRELGTBK Type C,لوازم جانبی آلات موسیقی,13804400,13990000,1.33
50153,کتاب سی قطعه چهار مضراب برای سنتور اثر فرامرز پایور,کتاب هنر و سرگرمی,1110000,1125000,1.33
5347568,فشارسنج بریسک مدل TY-A02,فشارسنج,9176000,9300000,1.33
5904812,کتاب درمان کندی پردازش اطلاعات در کودکا و نوجوان اثر جمعی از نویسندگان انتشارات فراروان,کتاب کودک و نوجوان,401000,406400,1.33
11691965,زیرانداز سفری مدل B05,لوازم کمپینگ,3700000,3750000,1.33
10299155,ادو پرفیوم مردانه بست گیت مدل Elixir حجم 100 میلی لیتر,عطر و ادکلن مردانه,7400000,7500000,1.33
10309691,جوراب مردانه ال سون مدل الوان کد PH694.1 مجموعه 3 عددی,لباس مردانه,1500000,1520000,1.32
10621085,ساعت مچی عقربه ای زنانه مدل حصیری برجسته,اکسسوری زنانه,2850000,2888000,1.32
6535734,ساعت مچی دیجیتال زنانه مدل F01,اکسسوری زنانه,945000,957600,1.32
6532015,بازی آموزشی مدل  جدول ضرب طرح دفترچه ای کد 1200,اسباب بازی,375000,380000,1.32
3739821,دفترچه یادداشت 100 برگ پاپکو مدل متالیک 1,دفتر و کاغذ و مقوا,522000,529000,1.32
202329,کتاب والس های شوپن برای پیانو اثر فردریک شوپن,کتاب هنر و سرگرمی,1490000,1510000,1.32
88430,رژ لب جامد مای مدل سیلکی شاین شماره 401,آرایش لب,1048000,1062000,1.32
2063778,دسته بازی پلی‌استیشن 2 سونی مدل 10015GR,لوازم جانبی کنسول بازی,3539900,3587100,1.32
3042992,کتاب قرآن کریم ترجمه حسین انصاریان انتشارات هادی مجد,کتاب دینی,750000,760000,1.32
10025133,ادو پرفیوم زنانه نیفتی مدل ویکتوریا سکرت بامب شل حجم 50 میلی لیتر,عطر و ادکلن زنانه,2260000,2290000,1.31
9330142,قوزبند طبی مدل هوشمند کد SC21,ساپورت های طبی,1520000,1540000,1.3
9006401,دستبند طلا 18 عیار مردانه طلای مستجابی کد M11,زیورآلات طلا مردانه,754453000,764370000,1.3
7920651,موزن ابرو و صورت مدل A-02,اصلاح موی گوش، بینی و ابرو,1900000,1925100,1.3
299352,بازی Crash Bandicoot مخصوص PS4,بازی های کنسول خانگی,15200000,15400000,1.3
1579713,جوراب مردانه ال سون کد PH83 مجموعه 12 عددی,لباس مردانه,6860000,6950000,1.29
4251106,ماژیک ابرو پیپا شماره 172,آرایش ابرو,4577900,4637500,1.29
8014791,تبلت مایکروسافت مدل Surface Pro 7 Plus-i5 ظرفیت 256 گیگابایت و 8 گیگابایت رم,تبلت,375000000,379900000,1.29
10739374,کتاب هنر انسان شدن اثر کارل راجرز نشر نو,کتاب فلسفه و روانشناسی,2170100,2198500,1.29
11375096,مایو زنانه مدل IS286,لباس زنانه,6890000,6980000,1.29
12053683,ساعت مچی عقربه ای زنانه مدل تک موتوره بند ظریف ,اکسسوری زنانه,3830000,3880000,1.29
11699550,فریم عینک طبی مدل B.STAES.1080,اکسسوری زنانه و مردانه,770000,780000,1.28
11579635,جلیقه مردانه مدل M3097,لباس مردانه,3870000,3920000,1.28
11852492,دفتر مشق  ویکدی مدل فضانورد مجموعه 2 عددی,دفتر و کاغذ و مقوا,770000,780000,1.28
10813536,کفش راحتی مردانه مدل Legend Essential 2 ,کفش مردانه,51590000,52260000,1.28
10512212,میکروفون رومیزی یوگرین مدل CM379-10934,لوازم جانبی آلات موسیقی,15593000,15795700,1.28
8089621,تی شرت آستین کوتاه مردانه  آریا پارس مدل 06,لباس مردانه,1848000,1872000,1.28
7376279,کوله پشتی اسنو هاوک مدل Mountain,لوازم سفر,33465000,33900000,1.28
8271852,اسپری دوفاز مو بیول مدل Revitalize حجم 250 میلی لیتر,شامپو و مراقبت مو,770000,780000,1.28
9782422,کفش راحتی مدل smash v2 38261204,کفش زنانه و مردانه,41195000,41730000,1.28
893667,محلول شستشوی لنز رنیو مدل مولتی پلاس حجم 360 میلی لیتر,مکمل تجهیزات پزشکی,3080000,3120000,1.28
3087717,کتاب ماکاموشی 15 کریسمس مبارک، جرونیمو اثر جرونیمو استیلتن انتشارات هوپا,کتاب شعر و ادبیات,650000,658400,1.28
3348114,مداد رنگی 6 رنگ آسیا مدل A-6,نوشت افزار,231000,234000,1.28
2048379,ماشین اصلاح موی بدن دی اس پی مدل 60050,اصلاح موی بدن آقایان,7700000,7800000,1.28
1831265,ساعت مچی عقربه ای زنانه نیوی فورس مدل NF5005-RG-WH,اکسسوری زنانه,9402000,9522800,1.27
3468600,کتاب خانه‌ی حاج‌ رحیم‌آقا کجاست؟ اثر پرویز کلانتری انتشارات کانون پرورش فکری کودکان و نوجوانان,کتاب کودک و نوجوان,390000,395000,1.27
3503708,کالسکه ورسا کد 08,کالسکه و کریر,19500000,19750000,1.27
1490685,فیلتر تصفیه آب سی سی کا مدل pp 5 micron بسته 3 عددی,سلامت محیط,390000,395000,1.27
9086791,صندل مردانه مدل SAS-02 کد 10010,کفش مردانه,780000,790000,1.27
9212746,چسب لیفت سینه مدل 5,لباس زنانه,1195900,1211300,1.27
9253550,خودکار پنتر مدل فوق روان نانو آنتی باکتریال کد DP-105-07 بسته 12 عددی,نوشت افزار,622000,630000,1.27
11168571,ترازو دیجیتال ویونت مدل Bamboo 2003BT,ترازو,7000000,7090000,1.27
12181270,کفش پیاده روی زنانه اسکچرز مدل ARCH FIT GO RUN,کفش زنانه,14742000,14931000,1.27
12276337,فلاسک کودک مدل شاخ گوزن طرح یونیکورن گنجایش 0.5 لیتر,قمقمه و فلاسک کودک و نوزاد,3900000,3950000,1.27
3529416,اسپری مو ریکاردو مدل Strong Hold حجم 650 میلی لیتر,آرایش مو,785000,795000,1.26
2343507,کیف پول مردانه چرم بارثاوا کد 1501b,اکسسوری مردانه,4937500,5000000,1.25
2580910,کمربند مردانه چرم بارثاوا کد 3102,اکسسوری مردانه,5135000,5200000,1.25
4348273,چسب دوطرفه مدل نخ عرض 2 سانتی متر,لوازم اداری,513500,520000,1.25
6006908,ساعت مچی عقربه‌ای مردانه پتک فیلیپ مدل 5711/1A,اکسسوری مردانه,38552000,39040000,1.25
11255290,ست تی شرت آستین کوتاه و شلوارک دخترانه مدل اسباب بازی,دخترانه,789000,799000,1.25
11720267,قلم مو خرم مدل گرد سمور کد 222 شماره 00,ابزار نقاشی و رنگ آمیزی,918400,930000,1.25
11012395,شلوار دخترانه مدل لی لی,دخترانه,782100,792000,1.25
9493165,پوشه کش دار پاپکو مدل مات کد S501-3M ,لوازم اداری,803500,813700,1.25
9947116,مداد طراحی فابر کاستل مدل pitt graphite matt-14b کد 160233,نوشت افزار,986500,999000,1.25
7602711,بادی اسپلش زنانه مای مدل Be Modern حجم 200 میلی لیتر ,بادی اسپلش,1188000,1203000,1.25
10709764,نوک مداد نوکی 0.9 میلی متری سی.کلاس مدل PL2819 بسته 12 عددی,نوشت افزار,879000,890000,1.24
6618038,رژ لب جامد کالیستا شماره 02,آرایش لب,1747000,1769000,1.24
6772080,ساعت مچی عقربه‌ای مردانه اسکمی مدل 9250,اکسسوری مردانه,8340000,8445000,1.24
1493848,اسپیکر مانیتور استودیو پری سوناس مدل Eris E4.5,تجهیزات استودیویی,80982000,82000000,1.24
57304,سازدهنی سوزوکی سری Folk Master مدل 1072,سازهای بادی,7200000,7290000,1.23
2332932,ادو تویلت مردانه آزارو مدل Chrome Aqua حجم 100 میلی لیتر,عطر و ادکلن مردانه,17680000,17900000,1.23
3216808,شامپو بدن سینره مدل pure argan حجم 250 میلی لیتر,بهداشت و مراقبت بدن,480000,486000,1.23
6465390,کاغذ A4 کپی مکس کد 200 بسته 200 عددی,دفتر و کاغذ و مقوا,800000,810000,1.23
5050000,قالب رزین مدل پروانه MS1,ابزار نقاشی و رنگ آمیزی,224100,226900,1.23
10681291,قمقمه ایون مدل Drink up کد YY-255  گنجایش 1 لیتر,ورزش های هوازی و تناسب اندام,3210000,3250000,1.23
8020932,زیر انداز سفری 6 نفره مدل BB67,لوازم کمپینگ,800000,810000,1.23
8168590,شامپو سر کودک چیکو مدل NO-TEARS حجم 500 میلی لیتر,حمام کودک و شست و شو,2912900,2949100,1.23
8411252,برنج ایرانی آستانه اشرفیه - 10 کیلوگرم,خوار و بار محلی,8000000,8100000,1.23
8804672,کرم مرطوب کننده تگودر کد 1 حجم 100 میلی لیتر,مراقبت پوست,2964300,3001100,1.23
12223611,اسپری بدن زنانه نیوآ مدل black and white invisible حجم 150 میلی لیتر,اسپری,1598400,1618300,1.23
12093413,کوله پشتی نشنال جئوگرافیک مدل N21111 SHADOW,لوازم سفر,40000000,40500000,1.23
12388779,تبلت مایکروسافت مدل Surface Pro 8-i7 ظرفیت 256 گیگابایت و 16 گیگابایت رم,تبلت,559000000,565900000,1.22
7822507,ریمل حجم دهنده اسنس مدل extream,آرایش چشم,968000,980000,1.22
9610207,سرشعله سفری مدل V2-2,لوازم کمپینگ,7300000,7390000,1.22
9506640,جوراب زنانه ال سون مدل پای مرغ کد PH527.1,لباس زنانه,810000,820000,1.22
10664274,ساک ورزشی مدل T90,لوازم سفر,3650000,3695000,1.22
10470013,صندل زنانه هامتو مدل 730508B-2,کفش زنانه,19500000,19740000,1.22
2727826,انگشتر مردانه کد b102,اکسسوری مردانه,1106300,1120000,1.22
2131164,روبیک هرمی مویو مدل MEI LONG,اسباب بازی,1800000,1822300,1.22
4975748,ماشین اصلاح موی سر و صورت و موزن نورلکو مدل MG3750/60,اصلاح موی سر,14700000,14880000,1.21
4218002,مسواک های دنت مدل 933 با برس سخت,بهداشت دهان و دندان,245000,248000,1.21
3832948,سرم تقویت کننده مژه و ابرو بایو آکوا مد 001 حجم 7 میلی لیتر,آرایش ابرو,750000,759200,1.21
6790237,فن خنک کننده ایکس باکس آی پگا مدل PG-XBX012,لوازم جانبی کنسول بازی,5730000,5799900,1.21
10129219,ساختنی بافرزندان مدل آجره بساز و بازی کن 36 قطعه,اسباب بازی,2697000,2730000,1.21
10552182,کیف رودوشی مدل NKE SD,لوازم سفر,8200000,8300000,1.2
8768376,گوشواره طلا 18 عیار زنانه دوست خوب مدل dk504,زیورآلات طلا زنانه,13776000,13944000,1.2
6860794,کتاب موش باهوشه خوش اندام می شود اثر مری آن فریزر نشر علمی فرهنگی,کتاب شعر و ادبیات,254300,257400,1.2
7297489,کفش زنانه کروماکی مدل چرم طبیعی ریوا کد 99,کفش زنانه,4604000,4660000,1.2
5993604,لوسیون بدن و دست نوتروژینا مدل آبرسان حجم 400 میلی لیتر,بهداشت و مراقبت بدن,2055000,2080000,1.2
6170830,شیشه شیر بیبی لند مدل 465 ظرفیت 150 میلی لیتر,شیشه شیر، سرلاک و داروخوری,2500000,2530000,1.19
6581473,کرم پودر آریزون مدل Super Balanced شماره M6 حجم 40 میلی لیتر,آرایش صورت,2223200,2250000,1.19
4177128,کتاب دايرة المعارف تغذيه اثر فليپ سيمون انتشارات محراب قلم,کتاب کودک و نوجوان,830000,840000,1.19
5359809,پنل آکوستیک مدل شانه تخم مرغی 03 بسته دو عددی,تجهیزات استودیویی,3112500,3150000,1.19
4595405,دستگاه تصفیه کننده آب آکوا لاین مدل RO-LINE 900 FIBER,سلامت محیط,41500000,42000000,1.19
141320,ادو پرفیوم مردانه پرفیوم دو مارلی مدل Darley حجم 125 میلی لیتر,عطر و ادکلن مردانه,75000000,75900000,1.19
853883,جای کاغذ یادداشت میلانو مدل CH202S,لوازم اداری,500000,506000,1.19
8489235,شلوار مردانه صدرا کد B-2028 رنگ نوک مدادی,لباس مردانه,1909000,1932000,1.19
9396377,لیوان سفری مدل  استیل LP-1005,لوازم کمپینگ,978200,990000,1.19
10281658,ماسک صورت نیوآ مدل DETOX حجم 150 میلی لیتر,مراقبت پوست,2490000,2520000,1.19
12075915,اسکیمر  اینتکس مدل 28000NP,وسایل بازی و تجهیزات پارکی کودک,20700000,20950000,1.19
12291802,دستبند مردانه مدل VARIO,اکسسوری مردانه,15770000,15960000,1.19
11315507,ساعت مچی عقربه ای زنانه لاکسمی مدل 4-8113,اکسسوری زنانه,48988800,49572000,1.18
9484747,صابون شستشو پالمولیو مدل Balance and Softness وزن 170 گرم,صابون شستشو,836600,846600,1.18
9264062,کرم ضد آفتاب ژیناژن مدل فیوژن لیکوئید حجم 50 میلی لیتر,مراقبت پوست,2049300,2073700,1.18
9232272,ساعت مچی عقربه‌ای مردانه لاکسمی مدل 1-8532,اکسسوری مردانه,72072000,72930000,1.18
8676333,ادو پرفیوم مردانه پاکو رابان مدل Invictus Victory حجم 100 میلی لیتر,عطر و ادکلن مردانه,55500000,56160000,1.18
578751,پایه چسب نواری آنیبال مدل H.T2020,لوازم اداری,419000,424000,1.18
4092838,کتاب آیین سخنرانی اثر دیل کارنگی نشر اردیبهشت,کتاب فلسفه و روانشناسی,840000,850000,1.18
6071369,ادو پرفیوم مردانه فراگرنس ورد مدل Invicto Intence حجم 100 میلی لیتر,عطر و ادکلن مردانه,4325600,4377300,1.18
5858043,ساعت مچی عقربه ای زنانه لاکسمی مدل 4-8074,اکسسوری زنانه,39110400,39576000,1.18
3985669,کتاب هنر مدرنیسم اثر ساندرو بکولا انتشارات فرهنگ معاصر,کتاب تاریخ و جغرافیا,3537100,3579100,1.17
1445495,کمربند مردانه رویال چرم کد M58,اکسسوری مردانه,3795000,3840000,1.17
169465,بالش طبی هوشمند مدل Classic سایز L,کالای خواب و استراحت طبی,8500000,8600000,1.16
3134162,کتاب top notch 2a اثر JOAN SASLOW &amp; ALLEN ASCHER انتشارات زبان مهر ,کتاب زبان,770000,779000,1.16
3038011,ویلچر مدعیسی مدل IR201,ویلچر,36550000,36980000,1.16
3692082,کتاب درباره ی عشق اثر استاندال نشر قطره,کتاب شعر و ادبیات,478900,484500,1.16
4992202,کوله پشتی دخترانه مدل 945uni,دخترانه,1710000,1730000,1.16
8305526,مداد رنگی 12 رنگ ادمیرال مدل 201,نوشت افزار,340000,344000,1.16
8077379,جوراب مردانه ال سون مدل چارخانه کد PH615.1 مجموعه 3 عددی ,لباس مردانه,1700000,1720000,1.16
9371406,سوزن میکروبلیدینگ مدل 18u بسته 50 عددی,برس‌ها و تجهیزات آرایشی,4250000,4300000,1.16
9728507,کیف رودوشی زنانه چرم یلسان مدل دلسا کد7 DLSA-077-GCBS,اکسسوری زنانه,11532000,11667600,1.16
10402609,ساعت مچی عقربه‌ای مردانه ریوارد مدل 81016M,اکسسوری مردانه,22950000,23220000,1.16
11477267,اکشن فیگور مدل آیرون من,اسباب بازی,16300000,16490000,1.15
9549891,نوار بهداشتی مای لیدی مدل Classic سایز بزرگ مجموعه 10 عددی,بهداشت زنان,2590000,2620000,1.15
8750357,کرم ضد چروک ویسکین کر مدل A01 حجم 40 میلی لیتر,مراقبت پوست,2174400,2199800,1.15
4060597,ادو پرفیوم مردانه فیکورس مدل سلول Cellule حجم 100 میلی لیتر,عطر و ادکلن مردانه,4300000,4350000,1.15
6807291,ساعت مچی عقربه‌ای مردانه اسکمی مدل 9175,اکسسوری مردانه,9268000,9376000,1.15
56897,ادو تویلت زنانه لاکاست Touch Of Pink حجم 90ml,عطر و ادکلن زنانه,25700000,26000000,1.15
2798475,پشت کمری طبی کد 94,کالای خواب و استراحت طبی,1730000,1750000,1.14
3579040, پنل آکوستیک ایران استودیو مدل PDT - 55 - 55 بسته 10 عددی,تجهیزات استودیویی,1044000,1056000,1.14
2103593,بازی آموزشی نیکو تویز مدل گردونه هوش,اسباب بازی,1044000,1056000,1.14
1946306,رنگ مو آلبورا مدل carasa شماره c4-5.1 حجم 100 میلی لیتر رنگ قهوه ای دودی روشن,آرایش مو,348000,352000,1.14
3895470,صابون شستشو لوکس مدل گل های سفید وزن 125 گرم بسته 6 عددی,صابون شستشو,869000,879000,1.14
9070604,ساعت مچی دیجیتال مردانه کاسیو مدل A100WE-7BDF,اکسسوری مردانه,16187000,16373000,1.14
11166090,ساعت مچی عقربه‌ای مردانه کاسیو مدل MTP-B115B-1EVDF,اکسسوری مردانه,32527000,32901000,1.14
10770346,کتاب اقتصاد برای کوچولو ها اثر جاناتان لیتون انتشارات  پرستو ,کتاب کودک و نوجوان,355500,359600,1.14
10722218,ساعت مچی عقربه‌ای مردانه کاسیو مدل MTP-VD03B-7AUDF,اکسسوری مردانه,18170000,18377000,1.13
11376860,عروسک حمام مدل موش و گربه طرح تام و جری مجموعه 4 عددی,اسباب بازی,2620000,2650000,1.13
11672308,محفظه نگهدارنده عطر کد 12,عطر جیبی,210100,212500,1.13
9020809,دستگاه بخور سرد وکتو مدل  HQ JS 828 کد 46982,دستگاه بخور و رطوبت ساز,27050000,27360000,1.13
4266141,سایه چشم مدادی پیپا شماره 307,آرایش چشم,5484200,5547100,1.13
4774792,تفنگ بازی مدل M35 کد 048,اسباب بازی,1135000,1148000,1.13
7288925,ست گیره و سنجاق مو دخترانه مدل اکسسوری 004 مجموعه 14 عددی,دخترانه,1662500,1681500,1.13
1407676,برچسب قیمت ژنگهای کد 80 بسته 7 عددی,دفتر و کاغذ و مقوا,553700,560000,1.13
1708067,ماسک موی بیول مدل Pomegranate حجم 800 میلی لیتر,شامپو و مراقبت مو,880000,890000,1.12
638148,ساختنی مدل موتور اسباب بازی کد 11,اسباب بازی,318300,321900,1.12
820951,کتاب ماجرا ریاضی و آمار پایه یازدهم انسانی اثر امیر زراندوز,کتاب درسی، کمک‌درسی و آزمون,1390000,1405800,1.12
4609837,ساعت مچی عقربه‌ای مردانه کاسیو مدل MTP-V002L-7B2UDF,اکسسوری مردانه,8843000,8943000,1.12
3874075,گوشواره زنانه ژوپینگ کد ja250,اکسسوری زنانه,880000,890000,1.12
9219072,کفش روزمره مردانه کروماکی مدل KM302441,کفش مردانه,1950000,1972000,1.12
9487641,ماشین اصلاح موی صورت براون مدل 9240s,اصلاح موی صورت,176800000,178800000,1.12
9506348,کتاب فیزیک سه رشته ریاضی سوال کاملا جدید پرسش وتست چاپ بیست و چهار اثر جمعی از نویسندگان انتشارات خیلی سبز جلد 1,کتاب درسی، کمک‌درسی و آزمون,2780000,2811400,1.12
11741957,کتاب the birds and the sky اثر فریده فرجام انتشارات کانون پرورش فکری کودکان و نوجوانان,کتاب کودک و نوجوان,880000,890000,1.12
11258808,کتاب شب های شیرین 111 قصه پیش از خواب برای کوچولوها اثر محمد میرکیانی انتشارات کانون پرورش فکری کودکان و نوجوانان,کتاب کودک و نوجوان,880000,890000,1.12
11132372,ساعت مچی عقربه‌ای مردانه رومانسون مدل بندفلزی سه موتور کرنوگراف ضدآب کد 098,اکسسوری مردانه,13350000,13500000,1.11
11177579,تونر صورت پتال رز مدل VC حجم 150 میلی لیتر,مراقبت پوست,1102400,1114800,1.11
11674655,ساعت مچی عقربه‌ای مردانه کد OR-2,اکسسوری مردانه,3382000,3420000,1.11
10762579,لگینگ ورزشی زنانه کریویت مدل SS077,لباس زنانه,4450000,4500000,1.11
10584675,دستگاه تصفیه کننده آب هیوندای مدل H700,سلامت محیط,97900000,99000000,1.11
10592492,فوم پاک کننده آرایش صورت کلینیک مدل Acene Solutions حجم 125 میلی لیتر,مراقبت پوست,17800000,18000000,1.11
9666699,ساعت مچی عقربه‌ای مردانه مدل کلاسیک,اکسسوری مردانه,1424000,1440000,1.11
9683076,ساعت مچی عقربه ای والار مدل کلاسیک کد w-gh-1,اکسسوری زنانه و مردانه,1059100,1071000,1.11
8885730,ساعت مچی عقربه‌ای مردانه مدل کلاسیک کد rad-kha-nogh01,اکسسوری مردانه,1335000,1350000,1.11
8610350,ساعت مچی عقربه ای مدل سراتو کد 2121,اکسسوری زنانه و مردانه,979000,990000,1.11
8382727,شلوار اسلش مردانه مدل شیش جیب کلاسیک,لباس مردانه,1080000,1092100,1.11
7847212,خود تراش بیک مدل Metal بسته 5 عددی ,لوازم اصلاح مو,890000,900000,1.11
7874953,ساعت مچی عقربه‌ای مردانه سون فرایدی مدل 150,اکسسوری مردانه,3115000,3150000,1.11
7683342,گوشواره طلا 18 عیار زنانه طلای مستجابی مدل پروانه کد 167092,زیورآلات طلا زنانه,165095000,166950000,1.11
3897232,ساعت مچی عقربه‌ ای مردانه سوییس تار کد 2010,اکسسوری مردانه,2572100,2601000,1.11
6523351,صندل مردانه مدل اوتانا کد RS-BK-172,کفش مردانه,894000,904000,1.11
6654543,پستانک اونت مدل الترا ایر کد 0803 بسته 2 عددی,پستانک و ملزومات,4440000,4490000,1.11
5840601,شارژر کواد کوپتر مدل USB,اسباب بازی,889000,899000,1.11
537607,کیت رنگ مو گارنیک سری بلوند طلایی شماره 6.5,آرایش مو,890000,900000,1.11
2022469,صفحه لگو سری Classic کد10222,اسباب بازی,890000,900000,1.11
2062927,کتاب عشق روی خرپشته اثر حمید جبلی انتشارات پریان,کتاب شعر و ادبیات,355600,359600,1.11
3607730,ست اسباب بازی دکتری مدل دکتر ارنست کد ۲۳۱,اسباب بازی,527600,533500,1.11
1913967,کتاب سارا تولد می گیرد اتل متل یه بازی، بازی خاله بازی اثر منصوره عرب خراسانی نشر ناریا,کتاب کودک و نوجوان,242300,245000,1.1
1914047,کتاب رها آرایشگر می شود اتل متل یه بازی، بازی خاله بازی اثر منصوره عرب خراسانی نشر ناریا,کتاب کودک و نوجوان,242300,245000,1.1
222649, بالم افتر شیو نیوآ مدل Sensitive Cool حجم 100 میلی لیتر,لوازم اصلاح مو,3603400,3643300,1.1
6054662,ماشین بازی مدل نیسان باربنددار,اسباب بازی,810000,819000,1.1
6517084,بازی آموزشی ماهیگیری بانار مدل 9259-2,اسباب بازی,2436200,2463300,1.1
6600431,ربات کنترلی مدل سگ داستان اسباب بازی ها,اسباب بازی,16220000,16400000,1.1
3816705,شامپو مو بایو اسکین مدل بابونه حجم 200 میلی لیتر,شامپو و مراقبت مو,530000,535900,1.1
3926548,کتاب تاريخ اميدبخش نوع بشر اثر روتخر برخمان انتشارات کتاب پارسه,کتاب علوم اجتماعی,2549200,2577600,1.1
5180839,کتاب 	من، منم؟!‏‫ - داستانهای کوتاه و شگفت‌انگیز‮‬‏‫ اثر امیررضا آرمیون انتشارات ذهن آویز,کتاب شعر و ادبیات,1665000,1683500,1.1
9673460,  کتاب a frequency dictionary of Japanese اثر Yukio Tono نشر Routledge,کتاب چاپی غیر فارسی,2250000,2275000,1.1
7371219,اسباب بازی زینتی مدل ماشین کامیون بازیافت کد OP,اسباب بازی,1110200,1122400,1.09
10872008,ست اسباب بازی لوازم خانه مدل چرخ خیاطی آوا,اسباب بازی,1410200,1425700,1.09
10884295,ساختنی بی تی مدل هالک,اسباب بازی,455000,460000,1.09
11565890,اسباب بازی صندوق فروشگاهی مدل صندوق سوپر مارکت,اسباب بازی,2456600,2483600,1.09
11140598,برچسب مدل Dream Bigger طرح بولت ژورنال و اسکرپ بوک کد 37 بسته 2 عددی,دفتر و کاغذ و مقوا,262000,264900,1.09
11217194,عینک آفتابی زنانه تامی هیلفیگر مدل 1723-0900,اکسسوری زنانه,29522000,29846000,1.09
4486132,چسب نواری جانسون مدل J18 عرض 1.8 سانتی متر بسته 10عددی,لوازم اداری,573700,580000,1.09
4794332,موتور بازی مدل مسابقه ای کد 2200,اسباب بازی,318400,321900,1.09
4863955,اسکراب لایه بردار پوست نوتروژینا مدل Oil Balancing حجم 150 میلی لیتر,مراقبت پوست,2070000,2092900,1.09
3654216,ساختنی مدل هواپیما کد 40,اسباب بازی,327500,331100,1.09
6836981,ساختنی بی تی مدل Fire-06 مجموعه 6 عددی,اسباب بازی,6168800,6236600,1.09
7095978,بازی فکری فکرآوران مدل RISK-01 کد 133440,اسباب بازی,2183000,2207000,1.09
6288588,بازی CRASH BANDICOOT 4 مخصوص PS4,بازی های کنسول خانگی,18100000,18300000,1.09
170715,بالش بین زانویی هوشمند مدل Leg Spacer,کالای خواب و استراحت طبی,4653300,4704700,1.09
598786,تیر کمان سنگی مدل 01,اسباب بازی,2715000,2745000,1.09
1662552,ماشین بازی نیکو تویز طرح بازیافت کد ktm-14,اسباب بازی,1173900,1186800,1.09
1104124,ماشین لباسشویی اسباب بازی مدل Beauty washer,اسباب بازی,1929200,1950400,1.09
2546821,کمربند مردانه مدل S8,اکسسوری مردانه,1176000,1189000,1.09
3395790,ابزار شوخی دنیای سرگرمی های کمیاب طرح آدامس مدل DSK3010,اسباب بازی,354900,358800,1.09
2986838,ست سفالگری اسباب بازی ای ام تی مدل AMT3033,اسباب بازی,2544100,2572100,1.09
12228940,پیراهن زنانه ناربن مدل 1521783-3413 رنگ صورتی تیره,لباس زنانه,3620000,3660000,1.09
12076654,شامپو بدن آدرا مدل آووکادو و نعنا حجم 400 میلی لیتر,بهداشت و مراقبت بدن,920000,930000,1.08
3010180,مقوا رنگی کد 102 سایز 50x70 سانتی متر بسته 10 عددی,دفتر و کاغذ و مقوا,547000,553000,1.08
3482923,چرخ خیاطی اسباب بازی مدل Sewing Machine,اسباب بازی,1664100,1682300,1.08
2533172,زیرانداز 6 نفره مدل المپیک کد OL22,لوازم کمپینگ,789600,798200,1.08
1543880,لوسیون مو بیول مدل Ice Cream Coffee حجم 400 میلی لیتر,شامپو و مراقبت مو,780000,788500,1.08
20417,اپیلاتور فیلیپس مدل HP6423,اصلاح موی بدن بانوان,41000000,41448000,1.08
3989222,کرم دکلره مو آلبورا مدل D-0098 وزن 125 گرم,آرایش مو,920000,930000,1.08
7764748,محفظه نگهداری کرم کد 20 مجموعه 20 عددی,برس‌ها و تجهیزات آرایشی,640000,647000,1.08
8446794,فرفره انفجاری مدل لوسیوس کد 2022,اسباب بازی,2770000,2800000,1.07
11705955,ساعت مچی عقربه‌ای مردانه  مدل تک موتوره اسکلتون کد 3,اکسسوری مردانه,5530000,5590000,1.07
7190132,قرص کلر مدل کات کبود دار وزن 1 کیلوگرم,وسایل بازی و تجهیزات پارکی کودک,2152900,2176100,1.07
7147754,ماشین بازی مدل سمند پلیس ویژه,اسباب بازی,879900,889400,1.07
1590557,ست اسباب بازی ابزار مکانیکی کودک مدل Mr.Mechanic,اسباب بازی,536900,542700,1.07
1019381,رنگ مو دوماسی سری طبیعی شماره 10.00 حجم 120 میلی لیتر رنگ بلوند پلاتینه اکسترا,آرایش مو,611400,618000,1.07
1857621,ساعت مچی عقربه ای مردانه نیوی فورس مدل NF3003M - SO,اکسسوری مردانه,17580000,17770000,1.07
8629175,شن بازی مدل گاری و قالب بریکس,اسباب بازی,1276000,1289700,1.06
9141147,ساعت مچی عقربه ای زنانه سیتی زن مدل EU6062,اکسسوری زنانه,50954000,51500000,1.06
9781351,سشوار حرفه ای دی اس پی مدل 37006,سشوار,9880000,9985300,1.05
11181583,ادو پرفیوم زنانه نیفتی مدل باکارات رژ 540 حجم 30 میلی لیتر,عطر و ادکلن زنانه,940000,950000,1.05
2504184,ساعت مچی عقربه ای مردانه نیوی فورس مدل NF9171M -RG-RG-B ,اکسسوری مردانه,12220000,12350000,1.05
2412951,کرم صورت کلیون مدل Grape Face Cream حجم 300 میلی لیتر,مراقبت پوست,5500600,5558700,1.05
3264596,کتاب عمراً اگر این کتاب را بخوانم! اثر ژائومه کوپونس و اسکار ژول‌وه انتشارات پرتقال,کتاب کودک و نوجوان,940000,950000,1.05
4676013,قالب رزین مدل گردنبند کد G5,ابزار نقاشی و رنگ آمیزی,460000,464900,1.05
12221622,کرم شستشو نیوآ مدل Rose and Almond Oil حجم 250 میلی لیتر ,بهداشت و مراقبت بدن,1879100,1899000,1.05
12221687,کرم شستشو نیوآ مدل Coconut and Jojoba Oil حجم 250 میلی لیتر ,بهداشت و مراقبت بدن,1879100,1899000,1.05
12072242,شلوار مردانه مدل TA-2083,لباس مردانه,2670000,2698000,1.04
5001436,کتاب ماجراهای خرس و خرگوش صحرایی خرس کجاست؟ اثر امیلی گرویت انتشارات بازی و اندیشه,کتاب کودک و نوجوان,379900,383900,1.04
6928194,کتاب Top notch fundamentals B 3rd edition اثر جمعی از نویسندگان انتشارات جنگل,کتاب چاپی غیر فارسی,764000,772000,1.04
6618140,کرم ضد آفتاب شون مدل Oil Free حجم 50 میلی لیتر ,مراقبت پوست,948000,958000,1.04
5849903,ماشین بازی کنترلی مدل شارژی دیوانه,اسباب بازی,4878900,4930000,1.04
3337485,پنل آکوستیک ایران استودیو مدل مینی بیس بسته 4 عددی,تجهیزات استودیویی,1643500,1660800,1.04
3048772,دستگاه تست قندخون آوان مدل AGM01 به همراه 100 عدد نوار تست قند خون,تست قند خون,8190000,8276300,1.04
1527744,اکسیدان اسکالیم مدل VOL30 نه درصدی حجم 1000 میلی لیتر,آرایش مو,1411200,1426000,1.04
10183395,مانتو زنانه چومس مدل آینور 064,لباس زنانه,5700000,5760000,1.04
9495667,کتاب کاملا جدید فیزیک 3 رشته ریاضی پایه 12 اثر جمعی از نویسندگان انتشارات خیلی سبز جلد 2,کتاب درسی، کمک‌درسی و آزمون,4780000,4830000,1.04
9475890,بادی اسپلش زنانه لاماسو مدل اکلت لانوین حجم 275 میلی لیتر,بادی اسپلش,1501000,1516800,1.04
7866376,کرم مرطوب کننده پا کاسمکولوژی مدل green tea-mint حجم 75 میلی لیتر,مراقبت پوست,475000,480000,1.04
8321124,دفترچه یادداشت 200 برگ ایفل مدل ساده ,دفتر و کاغذ و مقوا,579000,585000,1.03
11018185,پیراهن زنانه ماییلدا مدل 4365-6933,لباس زنانه,3850000,3890000,1.03
10817285,پیراهن زنانه اسپیور مدل LzCcd547789-225,لباس زنانه,3850000,3890000,1.03
11405010, کرم پودر اوراچی مدل VITAMIN شماره 33 حجم 30 میلی لیتر ,آرایش صورت,6900000,6971500,1.03
1407318,توربان کد pk36,لباس زنانه,750000,757800,1.03
449045,کتاب مرگ شادمانه اثر آلبر کامو,کتاب شعر و ادبیات,612000,618400,1.03
1831903,ساعت مچی عقربه ای مردانه نیوی فورس مدل NF9153-SL-BL,اکسسوری مردانه,12450000,12580000,1.03
5604606,ژل آبرسان نوتروژینا مدل hydro boost حجم 50 میلی لیتر,مراقبت پوست,3966600,4008000,1.03
5677781,کلاه ایفای نقش مدل خرگوشی,اسباب بازی,2920000,2950000,1.02
7132075,مداد نوکی 0.5 میلی متری طرح هویج بسته 3 عددی,نوشت افزار,485000,490000,1.02
2157814,کرم روشن کننده آیچون بیوتی مدل Active White حجم 50 میلی لیتر,مراقبت پوست,970000,980000,1.02
3269858,"سشوار مدل MOS 8611
",سشوار,4850000,4900000,1.02
11472116,رول ضد تعریق مردانه نیوآ مدل Dry Fresh حجم 50 میلی لیتر,ضد تعریق,1142000,1153800,1.02
8189018,تبلت مایکروسافت مدل Surface Pro 8-i5 ظرفیت 256 گیگابایت و 16 گیگابایت رم به همراه کیبورد Black Type Cover,تبلت,583000000,589000000,1.02
8358599,زنجیر مردانه طرح فیگارو,اکسسوری مردانه,1059500,1070400,1.02
10020692,کتاب نورمن این کارو نکرده اثر رایان تی هیگینز انتشارات سیمای شرق,کتاب کودک و نوجوان,525000,530400,1.02
12348104,کیف  کراس بادی مدل F803,اکسسوری زنانه و مردانه,1950000,1970000,1.02
10056150,عروسک مدل هاگی واگی و کیسی میسی ارتفاع 50 سانتی‌ متر بسته دو عددی,اسباب بازی,9800000,9900000,1.01
11514591,دمپایی مردانه کفش سعیدی مدل 344GH,کفش مردانه,980000,990000,1.01
10437568,کفش زنانه مدل تینا,کفش زنانه,2950000,2980000,1.01
3437772,کتاب ترس فرفری از صدای بلند اثر اینگر مایر انتشارات نردبان,کتاب کودک و نوجوان,283700,286600,1.01
2503511,کتاب خوب های بد بد های خوب 2 اثر سومان چینانی انتشارات پرتقال,کتاب کودک و نوجوان,1320000,1333500,1.01
82115,کرم دور چشم هیدرودرم حجم 20 میلی لیتر,مراقبت پوست,1178000,1190000,1.01
4668243,روغن کوتیکول ناخن ان بی آی مدل Y1 حجم ۱۵ میلی لیتر,بهداشت و زیبایی ناخن,980000,990000,1.01
4261719,کیف رودوشی دخترانه ساراسا طرح یونیکورن مدل 02,دخترانه,2950000,2980000,1.01
3709086, رنگ مو رنوال شماره 8.00 حجم 150 میلی لیتر رنگ بلوند روشن قوی,آرایش مو,2577000,2603000,1.0
4670204,فوم شستشو صورت نوتروژینا مدل Soothing Clear حجم 150 میلی لیتر,مراقبت پوست,1485000,1500000,1.0
4732547,پوار فشارسنج وکتو مدل 2564,فشارسنج,890000,899000,1.0
4823169,ترولی آرایشگاهی مدل 1400,برس‌ها و تجهیزات آرایشی,18810000,19000000,1.0
4472307,کتاب دنیای پپا دایناسور جدید جورج اثر نویل استلی و مارک بیکر نشر افق جلد 9,کتاب کودک و نوجوان,317700,320900,1.0
4543299,شامپو مو لورآل مدل elseve coler vive حجم 450 میلی لیتر,شامپو و مراقبت مو,1800000,1818100,1.0
4660629,جوراب زنانه ال سون مدل خالدار کد PH470,لباس زنانه,990000,1000000,1.0
6855823,کفش مردانه مدل دوتیکه,کفش مردانه,1980000,1999900,1.0
10645534,ست ماشین اصلاح موی صورت و بدن وی جی ار مدل V-106,اصلاح موی صورت,9890000,9990000,1.0
11660958,کفش مردانه کرمانی مدل تمام چرم دستدوز طبیعی کد 1036 رنگ عسلی,کفش مردانه,13513500,13650000,1.0
11739766,سرم مو آی پلاس مدل  روغن آرگان حجم 100 میلی لیتر,شامپو و مراقبت مو,967000,976800,1.0
9602152,کفش مردانه مدل hashtark,کفش مردانه,1980000,1999900,1.0
9276690,کفش مردانه کرمانی مدل چرم دستدوز جیر کد 1053 رنگ قهوه ای,کفش مردانه,9761400,9860000,1.0
7982612,استند لوازم آرایشی مدل ST04,برس‌ها و تجهیزات آرایشی,495000,500000,1.0
7468359,ساک ورزشی مدل 022,لوازم سفر,1880000,1899000,1.0
12120053,کفش مردانه کرمانی مدل تمام چرم دستدوز طبیعی کد 344 رنگ سرمه ای,کفش مردانه,15444000,15600000,1.0
12203175,شلوارک مردانه مامی دوز مدل هورس کد Limited Edition,لباس مردانه,3950000,3990000,1.0
12144776,بازی فکری مدل اسپلندور,اسباب بازی,3015000,3045000,0.99
12321388,کتاب درسا 2 و کلاس سوم پیتزایی اثر نسیم مرعشی انتشارات کتاب چ,کتاب کودک و نوجوان,1195000,1207000,0.99
5706932,زنجیر طلا 18 عیار زنانه طلای مستجابی مدل میرو کد M01,زیورآلات طلا زنانه,84600000,85450000,0.99
80069,رول ضد تعریق مردانه لورآل سری Men Expert مدل Fresh Extreme 48H حجم 50 میلی لیتر,ضد تعریق,1500000,1515000,0.99
514068,کرم پودر ایزادورا مدل Natural Matt oil free شماره 16,آرایش صورت,1810000,1828100,0.99
54695,ادو تویلت مردانه لنوین مدل Oxygen حجم 100 میلی لیتر,عطر و ادکلن مردانه,13694100,13829200,0.98
4021867,هودی مردانه مدل گرگ و گل F725,لباس مردانه,909000,918000,0.98
7623479,ساک ورزشی مدل 120035,لوازم سفر,1010000,1020000,0.98
8859730,کتاب فرانکلین و قهرمان واقعی اثر پولت بورژوا انتشارات فنی ایران ,کتاب کودک و نوجوان,404000,408000,0.98
9086862,صندل مردانه مدل SAS-05 کد 10013,کفش مردانه,1014000,1024000,0.98
9087012,صندل مردانه مدل SAS-09 کد 10017,کفش مردانه,1014000,1024000,0.98
9118526,حباب ساز مدل تفنگ کد79901,اسباب بازی,2935300,2964200,0.97
8963399,رول ضد تعریق نیوآ مدل DEEP BLACK CARBON ESPRESSO حجم 50 میلی لیتر,ضد تعریق,1168500,1180000,0.97
9425310,کرم پودر میبلین مدل Super Stay حجم 07 میلی لیتر,آرایش صورت,5114800,5164800,0.97
6330534,کرم لایه بردار ایمجز مدل شیر گاو وزن 80 گرم,مراقبت پوست,420000,424100,0.97
6793942,اپیلاتور فیلیپس مدل BRE224/00,اصلاح موی بدن بانوان,12300000,12420000,0.97
7160469,خودتراش لمسر مدل GT-H مجموعه 2 عددی,لوازم اصلاح مو,305000,308000,0.97
1101030,نخ دندان های دنت کد 902 3 بسته 75 عددی,بهداشت دهان و دندان,1030000,1040000,0.96
2537383,ژل بهداشتی بانوان هیدرودرم مدل Hydra Femme مقدار 150 گرم,بهداشت و مراقبت بدن,670000,676500,0.96
8410311,ماسک مو پالمور مدل جوجوبا و ماکادمیا حجم 250 میلی لیتر,شامپو و مراقبت مو,1030000,1040000,0.96
11163523,ساعت مچی عقربه‌ای مردانه لی کوپر مدل LC07522.066-NM,اکسسوری مردانه,41150000,41550000,0.96
11247432, اکشن فیگور مدل لاک پشت های نینجا طرح لئوناردو,اسباب بازی,1958000,1977000,0.96
10159439,کتاب توپک استعداد اثر دایان آلبر انتشارات فنی ایران,کتاب کودک و نوجوان,280300,283000,0.95
8560134,صندل مردانه مدل پدرام کد 9778,کفش مردانه,1040000,1050000,0.95
1826937,عینک آفتابی امریکن اوپتیکال مدل AO ORIGINAL PILOT,اکسسوری زنانه و مردانه,2710000,2736000,0.95
49880,کتاب ویولن را بهتر یاد بگیریم اثر غلامرضا معصومی - جلد اول,کتاب هنر و سرگرمی,1040000,1050000,0.95
3686004,ادو پرفیوم زنانه اسمارت کالکشن مدل Chanel Coco Modmioselle حجم 100 میلی لیتر,عطر و ادکلن زنانه,1899500,1917800,0.95
5976062,موزن گوش و بینی و خط زن مدل REZO HD102,اصلاح موی گوش، بینی و ابرو,7905000,7980000,0.94
7968822,کتاب 4000 Essential English Words اثر Paul Nation انتشارات shiler جلد 1,کتاب چاپی غیر فارسی,738000,745000,0.94
9348074,آب پاک کننده آرایش صورت سیمپل مدل Vitamin B3 C حجم 200 میلی لیتر,مراقبت پوست,1870000,1887800,0.94
11912060,کرم دور چشم نوتروژینا مدل Hydro Boost حجم 15 میلی لیتر,مراقبت پوست,2100000,2120000,0.94
12418424,ساعت مچی عقربه‌ای مردانه هابلوت مدل کلاسیک بند فلزی کد 5,اکسسوری مردانه,6290000,6350000,0.94
12142549,پیراهن آستین بلند مردانه مدل BMZR1129-1,لباس مردانه,2110000,2130000,0.94
12142551,پیراهن آستین بلند مردانه مدل BMZR1129-2,لباس مردانه,2110000,2130000,0.94
10119768,ماشین اصلاح موی سر و صورت وال مدل مجیک کلیپ 5 ستاره ,اصلاح موی سر,88810000,89640000,0.93
9520654,اسباب بازی هولا مدل موبایل ,اسباب بازی,3964800,4002000,0.93
8924945,زیرانداز بهداشتی بیمار بنلا مدل 01 بسته 5 عددی,زیراندازهای طبی و پزشکی,530000,535000,0.93
7167062,زنجیر مردانه مدل VIR کد 100,اکسسوری مردانه,535000,540000,0.93
5137348,اکشن فیگور نکا مدل God of War کد 2023,اسباب بازی,13870000,14000000,0.93
2277589,ساعت مچی عقربه ای مردانه اسکمی مدل 1,اکسسوری مردانه,8495600,8575600,0.93
3445446,پد آرایشی بیول کد 1628 بسته 2 عددی,برس‌ها و تجهیزات آرایشی,213000,215000,0.93
3653862,هودی مردانه طرح ریک اند مورتی کد 80001,لباس مردانه,1070000,1080000,0.93
2537636, کیف رو دوشی مدل Z-z,اکسسوری زنانه و مردانه,1080000,1090000,0.92
2095608,پودر مایع کودک سیوند مدل Talk 0674 حجم 150 میلی لیتر,لوازم تعویض,430000,434000,0.92
26242,ماشین اصلاح سر و صورت پاناسونیک مدل ER-GB37,اصلاح موی سر,22888000,23100000,0.92
5105360,ماشین اصلاح موی سر و صورت سوناکس پرو مدل SN-8105,اصلاح موی صورت,5380000,5430000,0.92
3806906,پانسمان یوروفارم مدل SILVERMED SB  بسته 5 عددی,چسب و پد درمانی,1080000,1090000,0.92
4271395,روروک مدل G - 35,وسایل بازی و تجهیزات پارکی کودک,3220000,3250000,0.92
6951392,ژل شستشو صورت نیتروژنا مدل سالسلیک اسید حجم 200 میلی لیتر,مراقبت پوست,1615000,1630000,0.92
5469429,ماساژور برقی مدل MASSAGE GUN 12 IN 1,ماساژور,10820000,10920000,0.92
6246464,ساعت مچی دیجیتال مدل هوشمند کد 02,اکسسوری زنانه و مردانه,989600,998800,0.92
9531847,اسپری نرم کننده مو آمارانت مدل هربال آلوئه ورا حجم 250 میلی لیتر,شامپو و مراقبت مو,876900,885000,0.92
10137923,ماشین اصلاح سر و صورت وی جی آر مدل V-085,اصلاح موی صورت,4845000,4890000,0.92
11583456,شامپو بدن پالمولیو مدل ارکیده و شاه توت حجم 500 میلی لیتر,بهداشت و مراقبت بدن,1950000,1968000,0.91
11199484,ساعت مچی عقربه‌ای مردانه نیوی فورس مدل کرنوگراف کد NF8018,اکسسوری مردانه,9621300,9710000,0.91
7910844,کفش پیاده روی مردانه مدل X2,کفش مردانه,9800000,9890000,0.91
7470895,ذره بین مدل HK کد 44,لوازم اداری,1090000,1100000,0.91
8291845,ربات کنترلی مدل stunt dog کد 8877,اسباب بازی,22294400,22500000,0.91
4267928,کرم مرطوب کننده اوسرین مدل اورلین حجم 100 میلی لیتر,مراقبت پوست,1090000,1100000,0.91
55994,ادو تویلت مردانه مون بلان مدل Emblem حجم 100 میلی لیتر,عطر و ادکلن مردانه,21800000,22000000,0.91
1543863,کتاب فروش بیشتر در زمان کمتر اثر جیل کنرات نشر نسل نواندیش,کتاب فلسفه و روانشناسی,1088000,1098000,0.91
764391,بالش طبی ورنا مدل MEMORY FOAM سایز L,کالای خواب و استراحت طبی,9750000,9840000,0.91
833177,شامپو بدن شون مدل Almond And Honey حجم 420 میلی لیتر,بهداشت و مراقبت بدن,545000,550000,0.91
12203326,ماشین بازی طرح بنز میباخ کد gls600,اسباب بازی,8670000,8750000,0.91
12021338,تاپ زنانه مدل M3262,لباس زنانه,1090000,1100000,0.91
45128,کتاب سینما به روایت هیچکاک اثر فرانسوا تروفو,کتاب هنر و سرگرمی,1100000,1110000,0.9
4854953,کتاب آشنایی با ساختارهای پیاده ای اثر موریسیو فلورس ریوز انتشارات شباهنگ,کتاب هنر و سرگرمی,2240000,2260400,0.9
6625736, بالش دور گردنی گروه هنری زندگی طرح مژه ای کد BN,لوازم کمپینگ,990000,999000,0.9
618460,زیرانداز سفری 24 نفره مدل جاجیم 12,لوازم کمپینگ,6690000,6750000,0.89
2841897, پد آرایشی بیوتی بلندر مدل 0012,برس‌ها و تجهیزات آرایشی,223000,225000,0.89
9641146,کیسه آب گرم برقی مدل توپی,پد و کیسه آب گرم,1200000,1210800,0.89
8991366, اسباب بازی شانسی مدل پسرانه,اسباب بازی,1110000,1120000,0.89
11728168,روغن نرم کننده لب شگلم مدل Green Apple Envy,آرایش لب,3756200,3790000,0.89
12214496,نیم ست طلا 18 عیار زنانه طلای مستجابی مدل گندمی کد 9,زیورآلات طلا زنانه,245917000,248115000,0.89
10489034,تبلت مایکروسافت مدل Surface Pro 9-i5 ظرفیت 256 گیگابایت و رم 16 گیگابایت,تبلت,560000000,565000000,0.88
2665141,ماشین اصلاح موی سر و صورت دی اس پی مدل 90339,اصلاح موی صورت,7920000,7990000,0.88
836767,پودر تثبیت کننده آرایش گلدن رز مدل Long Wear Finishing,آرایش صورت,2810000,2835000,0.88
6929012,ماسک صورت بایو آکوا مدل خیار وزن 25 گرم,مراقبت پوست,146600,147900,0.88
7204457,مخزن دستگاه تصفیه کننده آب آی تانک مدل X4G به همراه شیر,سلامت محیط,5650000,5700000,0.88
7198088,دستمال مرطوب کودک دلفین مدل Premium مجموعه 2 عددی,لوازم تعویض,673300,679300,0.88
3764335,ادو پرفیوم پرفیوم دو مارلی مدل Layton Exclusif حجم 75 میلی لیتر,عطر و ادکلن مردانه و زنانه,78410000,79100000,0.87
107915,نوار بهداشتی سپتونا مدل Night Sensitive بسته 8 عددی,بهداشت زنان,1140000,1150000,0.87
2365324,کتاب دل تاریکی اثر جوزف کنراد نشر نیلوفر,کتاب شعر و ادبیات,967500,976000,0.87
10088967,عینک آفتابی زنانه مدل acc-326-482,اکسسوری زنانه,3400000,3430000,0.87
10183849,شانه مو مجیک رز مدل دم فلزی کد 2022,برس‌ها و تجهیزات آرایشی,239000,241100,0.87
10724246,عطر جیبی وودی سنس مدل ephoria حجم 30 میلی لیتر,عطر جیبی,710000,716200,0.87
11528563,اجاق سفری دسینی مدل T010,لوازم کمپینگ,5700000,5750000,0.87
9650139,تی شرت آستین بلند مردانه مدل M114,لباس مردانه,2385000,2406000,0.87
8690160,روغن مو پنتن مدل  نارگیل کد Pro – v حجم 100 میلی لیتر,شامپو و مراقبت مو,2860000,2885000,0.87
7831532,ماشین بازی مدل بی ام و پلیس کد 911,اسباب بازی,4550000,4590000,0.87
7999221,ژل کرم مرطوب کننده اسکین وان مدل هیال حجم 40 میلی لیتر,مراقبت پوست,1738800,1753800,0.86
9269028,ادو پرفیوم مردانه ژک ساف مدل Victor حجم 100 میلی لیتر بسته 2 عددی,عطر و ادکلن مردانه,8930000,9007200,0.86
2597762,ماشین اصلاح موی صورت کیمی مدل km-032,اصلاح موی صورت,3470000,3500000,0.86
549602,کیت رنگ مو گارنیک سری قرمز - قرمز آتشی شماره 6.888,آرایش مو,939000,947100,0.86
821391,کتاب تست ریاضی و آمار پایه دوازدهم انسانی اثر مهندس علی شهرابی,کتاب درسی، کمک‌درسی و آزمون,2398200,2419000,0.86
1460103,خمیر دندان پاستا دل کاپیتانو مدل Fresh Breath حجم 75 میلی لیتر,بهداشت دهان و دندان,960000,968300,0.86
4589183,اسپری خوشبو کننده بدن مردانه بیول مدل COUNT ON ME حجم 150 میلی لیتر,اسپری,575000,580000,0.86
5429606,کوله پشتی دخترانه مدل فانتزی,دخترانه,1730000,1745000,0.86
12202123,شلوارک مردانه مامی دوز مدل دایناسور کد Limited Edition,لباس مردانه,3950000,3984300,0.86
12363632,تراش مدل HL-601,نوشت افزار,115000,116000,0.86
12363988,تراش مدل HL-206,نوشت افزار,115000,116000,0.86
12309083,کتاب زیست شناسی دوازدهم سری IQ اثر دکتر محمد عیسایی و دکتر اسفندیار طاهری انتشارات بین المللی گاج,کتاب درسی، کمک‌درسی و آزمون,5017000,5060000,0.85
6894107,ست تی شرت و شلوار مردانه آریان نخ باف مدل 1692,لباس مردانه,8091000,8160000,0.85
5156841,کرم افترشیو ردوان مدل Extreme حجم 400 میلی لیتر,لوازم اصلاح مو,1817500,1833000,0.85
1019365,رنگ مو دوماسی سری طبیعی شماره 8.00 حجم 120 میلی لیتر رنگ بلوند روشن اکسترا,آرایش مو,691600,697500,0.85
8824693,فرفره مدل انفجاری به همراه زمین بازی مجموعه 5 عددی,اسباب بازی,5800000,5850000,0.85
10910813,نوار تست قند خون اکیو چک مدل اکتیو مجموعه 3 عددی,لوازم جانبی تست قند خون,5850000,5900000,0.85
10142068,کتاب کدام پیروز می‌شود؟ قهرمان نبرد دایناسورها اثر جری پالوتا انتشارات فنی ایران ,کتاب کودک و نوجوان,365000,368100,0.84
10436625,ست ساعت مچی عقربه ای زنانه و مردانه  مدل دیت جاست,اکسسوری زنانه و مردانه,5900000,5950000,0.84
11514824,کفش روزمره مردانه کفش سعیدی مدل 773M,کفش مردانه,2965000,2990000,0.84
9031918,جوراب ساق کوتاه مردانه مدل YU مجموعه 5 عددی,لباس مردانه,2350000,2370000,0.84
1023925,کرم ضد آفتاب ام کیو مدل BIO TACHES حجم 55 میلی لیتر,مراقبت پوست,3540000,3570000,0.84
2589708,کتاب علوم چندش آور و ترسناک نور خیره کننده اثر آنا کلی بورنه انتشارات کمال اندیشه,کتاب کودک و نوجوان,235200,237200,0.84
3964628,کاندوم کاپوت مدل BIG DOTS بسته 10 عددی به همراه کاندوم ناچ کدکس مدل 03 بسته 12 عددی,بهداشت جنسی,945000,953000,0.84
7015405,گردنبند زنانه مدل ماری اسپرت کد 38910,اکسسوری زنانه,486900,491000,0.84
7213858,عینک آفتابی مدل Z3289yeye,اکسسوری زنانه و مردانه,2380000,2400000,0.83
5753116,نرم کننده مو او جی ایکس مدل Hydrate &amp; Defrizz + Kukui Oil حجم 385 میلی لیتر,شامپو و مراقبت مو,3190000,3216700,0.83
6207288,لوسیون روشن کننده بدن ام کیو مدل eclaircissante حجم 300 میلی لیتر,بهداشت و مراقبت بدن,2400000,2420000,0.83
5152107,بادی اسپلش مردانه مدیا مدل Sauvage Dior حجم 250 میلی لیتر,بادی اسپلش,1190000,1200000,0.83
5205211,صابون شستشو دورو مدل SMOOTH TOUCH وزن 125 گرم مجموعه 6 عددی,صابون شستشو,1190000,1200000,0.83
4931511,مداد لب و چشم بارین بیوتی شماره 17,آرایش لب,463600,467500,0.83
55652,ادو تویلت مردانه کلینیک مدل Happy حجم 100 میلی لیتر,عطر و ادکلن مردانه,24267000,24471100,0.83
9213596,لوسیون ضد ریزش و تقویت کننده مو اکسیلیا مدل strengthener حجم 50 میلی لیتر,شامپو و مراقبت مو,11900000,12000000,0.83
9477457,برق لب مایع اوراچی مدل Shine,آرایش لب,2399800,2419800,0.83
9608722,ژل شستشوی رینوزیت مدل hyaluronic acid حجم 500 میلی لیتر,مراقبت پوست,741600,747800,0.83
11471921,کفش ساحلی مدل 511K,کفش زنانه و مردانه,1190000,1200000,0.83
10593398,نیم تنه ورزشی زنانه کریویت مدل Seamless,لباس زنانه,3570000,3600000,0.83
10861052,کوله پشتی دخترانه مدل  پاپیت خرسی,دخترانه,3570000,3600000,0.83
12380208,روغن نرم کننده لب شگلم مدل Grapefruit Glow,آرایش لب,4055900,4090000,0.83
3008042,کفش مردانه شیفر مدل 7223B503101,کفش مردانه,10890000,10980000,0.82
3945842,پودر دکلره لیزانو مدل 002 وزن 500 گرم,آرایش مو,1576000,1589000,0.82
6122610,ماکت ماشین کایدویی مدل تریلی,اسباب بازی,13646500,13760000,0.82
6919649,ادو پرفیوم مردانه مانسرا مدل Red Tobacco حجم 100 میلی لیتر,عطر و ادکلن مردانه,48000000,48392000,0.81
2973662,کتاب بیولوژی باور اثر دکتر بروس لیپتون نشر پردیس آباریس,کتاب علوم کاربردی، تکنولوژی و مهندسی,833100,839900,0.81
3485355,کتاب چشم عقاب اثر محسن هجری انتشارات کانون پرورش فکری کودکان و نوجوانان,کتاب کودک و نوجوان,123000,124000,0.81
11612257,ژل شستشو ویتالیر مدل اکتیویت حجم 200 میلی لیتر,مراقبت پوست,1220000,1230000,0.81
8302677,ماشین اصلاح موی سروصورت وال پروفشنال مدل CORDLESS LEGEND LI,اصلاح موی سر,61000000,61500000,0.81
7667456,دستگاه تصفیه کننده هوا شیائومی مدل 4Pro,سلامت محیط,124000000,125000000,0.8
9099697,پنکیک میستار مدل گالکسی 111 شماره 1 بسته 2 عددی,آرایش صورت,1240000,1250000,0.8
11441984,ست تی شرت آستین کوتاه و شلوارک پسرانه مدل اسنوپی کد 1146,پسرانه,2470000,2490000,0.8
11420640,بازی فکری مدل اسب گرسنه هبپو,اسباب بازی,2467500,2487500,0.8
1025807,درپوش پریز برق مدل w/01 بسته 20 عددی,ابزار ایمنی کودک و نوزاد,198300,199900,0.8
928779,زونکن پیام کد 532 سایز 8 سانتی متر مجموعه 2 عددی,لوازم اداری,879400,886500,0.8
6552521,شامپو تقویت کننده و ضد ریزش سریتا مدل Fortifying حجم 200 میلی لیتر,شامپو و مراقبت مو,748000,754000,0.8
6093785,خمیر دندان ایروکس مدل complete وزن 100 گرم مجموعه 2 عددی,بهداشت دهان و دندان,520000,524200,0.8
4177917,بازی فکری روبیک مدل مگامینکس,اسباب بازی,3711200,3741100,0.8
4886280,مشعل گازی ایران رادیاتور مدل RAN 25,ابزار دستی,101000000,101800000,0.79
5869686,سرم ضد چروک شب باله آ مدل ویتال حجم 50 میلی لیتر,مراقبت پوست,3769000,3799000,0.79
6805401,سشوار حرفه ای رمینگتون مدلAC8901,سشوار,37900000,38200000,0.79
7210808,فیلتر یخچال ساید بای ساید مدل K2019-D,سلامت محیط,1498000,1510000,0.79
11082553,ماشین بازی کنترلی هوینا مدل Huina1593,اسباب بازی,113550000,114450000,0.79
9789419,عروسک مدل کوکی خانواده ارتفاع 30 سانتی متر,اسباب بازی,1885000,1900000,0.79
8839393,تراش فکتیس مدل F8888 بسته 2 عددی  ,نوشت افزار,444500,448000,0.78
10554183,رژ لب جامد نوت مدل MATTEVER شماره 09,آرایش لب,1780000,1794000,0.78
11169878,تونر پتال رز مدل OS  حجم 150 میلی لیتر,مراقبت پوست,976700,984400,0.78
3930295,کرم ضد چروک موناولیا مدل ML Age حجم 40 میلی لیتر,مراقبت پوست,2547400,2567400,0.78
3815017,ماشین اصلاح موی صورت و بدن موزر مدل 0070-1591,اصلاح موی صورت,35235000,35510000,0.77
4308374,برچسب لنز ناخن مدل 021,بهداشت و زیبایی ناخن,128500,129500,0.77
1721540,کتاب قصه های من و بچه هام تلفن اثر شهرام شفیعی انتشارات کتاب های زرافه,کتاب کودک و نوجوان,735000,740700,0.77
3319495,کتاب Family and Friends 6 اثر Jenny Quintana انتشارات الوندپویان,کتاب زبان,1288000,1298000,0.77
10931785,پیراهن آستین بلند مردانه جوتی جینز مدل کتان کد 074,لباس مردانه,12890000,12990000,0.77
7554756,سرپیک شعله افکن آویژه صنعت مدل پارس,ابزار دستی,1290000,1300000,0.77
12452709,شلوار مردانه مدل نپالی کد N_3022,لباس مردانه,3363000,3389000,0.77
11927088,چاقو سفری مدل 1000,لوازم کمپینگ,842000,848500,0.77
11910214,کوله پشتی دخترانه مدل 2892-D,دخترانه,2610000,2630000,0.76
11936605,نوک مداد نوکی 0.7 میلی متری زبرا مدل دلگارد,نوشت افزار,1040000,1048000,0.76
12108943,ساعت مچی عقربه‌ای مردانه هابلوت مدل بیگ بنگ کد 4,اکسسوری مردانه,3920000,3950000,0.76
8702566,ویلچر جی تی اس مدل 809R,ویلچر,33200000,33453000,0.76
9946534,عینک شب اکسسورایز مدل 324-766,اکسسوری زنانه و مردانه,3553100,3580200,0.76
11269556,کتاب جعبه های ذهن اثر محبوبه اسپیدکار انتشارات کانون پرورش فکری کودکان و نوجوانان,کتاب علوم اجتماعی,260000,262000,0.76
2851346,پد زیرانداز بیمار بی تی آی مدل 6090 بسته 10 عددی,زیراندازهای طبی و پزشکی,679800,685000,0.76
1620287,دهان شویه اورال-بی مدل Lasting Freshness حجم 250 میلی لیتر,بهداشت دهان و دندان,547000,551200,0.76
1101558,پشم شیشه مدل P101 بسته 2 متری,چرخ خیاطی دستی و ملزومات خیاطی,683000,688200,0.76
5136264,بازی فکری آکو مدل ساکورا,اسباب بازی,1951200,1966200,0.76
6890270,کاپشن نوزادی لوپیلو مدل IAN 305296,نوزاد,9180000,9250000,0.76
5795975,کتاب Moon Spells اثر Diane Ahlquist انتشاراتت آدامز مدیا,کتاب چاپی غیر فارسی,585500,590000,0.76
4306634,نرم کننده مو لورآل مدل Dream Long حجم 360 میلی لیتر,شامپو و مراقبت مو,1977000,1992000,0.75
1558577,کتاب فرهنگ اعلام قرآن اثر بهروز رضایی کهریز نشر محراب قلم,کتاب کودک و نوجوان,1328600,1338600,0.75
552401,کیت رنگ مو گارنیک سری واریاسیون - واریاسیون بنفش شماره 005,آرایش مو,940000,947100,0.75
11771205,ساعت مچی عقربه‌ای مردانه  مدل تک موتور کد 04,اکسسوری مردانه,3960000,3990000,0.75
9629223,بازی Sonic unleashed مخصوص ps2,بازی های کنسول خانگی,225000,226700,0.75
7931482,ماشین بازی مدل تویوتا وانت کد 2005,اسباب بازی,1330000,1340000,0.75
12327640,ساعت مچی دیجیتال مدل اسپرت کرنوگراف کد 2,اکسسوری زنانه و مردانه,2630000,2650000,0.75
8110953,اسپری مو تافت مدل Classic 3 حجم 250 میلی لیتر,آرایش مو,2163800,2180000,0.74
7343257,سرپیک شعله افکن آویژه صنعت مدل S-7,ابزار دستی,1439000,1449800,0.74
9540494,عقب زن ناخن نوپو مدل E11,بهداشت و زیبایی ناخن,799700,805700,0.74
9567848,شلوارک مردانه آریان نخ باف مدل 1932,لباس مردانه,1350000,1360000,0.74
9680218,ساختنی بی تی مدل موتور سه چرخ بتمن ,اسباب بازی,1338600,1348600,0.74
9695536,صابون شستشو دورو مدل Smooth touch وزن 125 گرم مجموعه 3 عددی,صابون شستشو,674300,679300,0.74
10433795,شلوارک مردانه آریان نخ باف مدل 1932,لباس مردانه,1350000,1360000,0.74
10434551,شلوارک مردانه آریان نخ باف مدل 1932,لباس مردانه,1350000,1360000,0.74
323459,کتاب طراحی مد اثر لیزا اسمیت آرنولد,کتاب هنر و سرگرمی,2956900,2979000,0.74
1590623,ماشین آتش نشانی اسباب بازی دورج توی طرح Fire Truck,اسباب بازی,1073800,1081800,0.74
735468,کیسه آب گرم برقی مدل Wh,پد و کیسه آب گرم,1350000,1360000,0.74
2821612,کتاب 2 American English First Friends اثر Susan Lannauzzi انتشارات Oxford,کتاب زبان,670000,675000,0.74
3397376,کتاب من یک مرد عنکبوتی شبیه رستم خواهم شد اثر مژگان بابامرندی انتشارات کانون پرورش فکری کودکان و نوجوانان,کتاب کودک و نوجوان,134000,135000,0.74
1937069,اسپری خوشبو کننده بدن مردانه مالیزیا مدل Vetyver حجم 150 میلی لیتر,اسپری,2680000,2700000,0.74
4428299,زانو بند مدل 798,ساپورت های طبی,5350000,5390000,0.74
5724666,شلوارک مردانه آریان نخ باف مدل 1932,لباس مردانه,1350000,1360000,0.74
5724747,شلوارک مردانه آریان نخ باف مدل 1932,لباس مردانه,1350000,1360000,0.74
5635645,زیرپوش مردانه آریان نخ باف کد 1512,لباس مردانه,1350000,1360000,0.74
6889663,عطر جیبی زنانه اسمارت کالکشن مدل Scandal حجم 25 میلی لیتر,عطر جیبی,1350000,1360000,0.74
7170468,قیچی خیاطی وای دی ال مدل 10,چرخ خیاطی دستی و ملزومات خیاطی,2677300,2697300,0.74
5784426,ساعت مچی دیجیتال دخترانه مدل D1,دخترانه,804100,810000,0.73
4324405,ست اسباب بازی آشپزخانه مدل خاله شادونه,اسباب بازی,1360000,1370000,0.73
4540309,بادی میست زنانه هیدرودرم مدل coco beach حجم 200 میلی لیتر,اسپری,1082000,1090000,0.73
2101064,اکسیدان کرم آلبورا کد 40 دوازده درصدی حجم 750 میلی لیتر,آرایش مو,610000,614500,0.73
2532048,کتاب گاوی که از درخت بالا می رفت اثر جما مرینو انتشارات میچکا ,کتاب کودک و نوجوان,574900,579100,0.73
424018,بازی ساختنی بلوک های خانه سازی 72 تکه,اسباب بازی,1092000,1100000,0.73
11675727,بازی فکری فکرآوران مدل شوتبال فوتبالی,اسباب بازی,1368600,1378600,0.73
11190199,ساعت مچی عقربه ای زنانه سیکو مدل SRZ536,اکسسوری زنانه,272000000,274000000,0.73
12369310,چاقوی سفری مدل SMR بسته 2 عددی,لوازم کمپینگ,680000,685000,0.73
12418242,ساعت مچی عقربه‌ای مردانه هابلوت مدل عنکبوتی اسکلتون بند پیو کد 4,اکسسوری مردانه,6930000,6980000,0.72
12015552,محافظ استیم دک دابی مدل TY-2830,لوازم جانبی کنسول بازی,13800000,13900000,0.72
12296914,زعفران درجه یک سرخ فام شرق - 4.608 گرم,مواد غذایی,2677500,2697000,0.72
11534000,ست تی شرت آستین بلند و شلوار بچگانه سپیدپوش مدل میکی ماوس کد 140274,مد و پوشاک دخترانه و پسرانه,1380000,1390000,0.72
10769479,کتاب گل شب رو اثر لاراهاوتورن انتشارات پرستو,کتاب درسی، کمک‌درسی و آزمون,385000,387800,0.72
10688711,دستکش بدنسازی مدل GS-4160,اکسسوری زنانه و مردانه,3067700,3090000,0.72
9849987,کتاب کی؟ چی؟ کجا؟ محمدعلی کلی اثر جیمز باکلی انتشارات فنی ایران ,کتاب کودک و نوجوان,345400,347900,0.72
759037,پرایمر صورت گلدن رز مدل مات حجم 30 میلی لیتر,آرایش صورت,4626500,4660000,0.72
648637,ساعت مچی عقربه ای مردانه نیوی فورس مدل NF9068L.BYBM,اکسسوری مردانه,14990600,15100000,0.72
1516908,تیشرت آستین بلند مردانه دی سی کد DC-3ABL رنگ مشکی,لباس مردانه,690000,695000,0.72
3783101,ماشین بازی کنترلی ام زد مدل آفرود,اسباب بازی,15566200,15678800,0.72
4040991,کتاب شلوار دوز اثر اکرم تشکری و معصومه محمدی القار انتشارات پیک ریحان,کتاب هنر و سرگرمی,1379000,1389000,0.72
6616342,کتاب پرسش‌های چهار گزینه‌ای دین و زندگی جامع جلد دوم اثر زهرا سمیعی عارف و حامد دورانی انتشارات خیلی سبز,کتاب درسی، کمک‌درسی و آزمون,659000,663800,0.72
6502830,کاغذ الگو خیاطی کد k221 مجموعه 20 عددی,چرخ خیاطی دستی و ملزومات خیاطی,695000,700000,0.71
4131040,اسباب بازی مدل مخلوط کن مجموعه 3 عددی,اسباب بازی,1390000,1400000,0.71
159202,اتو مو پرومکس مدل 5757K,اتو و حالت دهنده ی مو,28000000,28200000,0.71
2293751,کتاب Yeni Hitit 1 اثر Dr. N. Engin Uzun انتشارات Ankara University TOMER,کتاب چاپی غیر فارسی,1400000,1410000,0.71
3424601,کرم لایه بردار فیس دوکس مدل Alphasome 15 حجم 30 میلی لیتر,مراقبت پوست,1390000,1400000,0.71
9472196,کفش راحتی دخترانه لوپیلو مدل Lo1313,دخترانه,4200000,4230000,0.71
9399928,کتاب توک توکی اثر محبوبه یزدانی انتشارات کانون پرورش فکری کودکان و نوجوانان,کتاب کودک و نوجوان,281000,283000,0.71
7875917,ادو پرفیوم زنانه روونا مدل کازموراتی بوکت ایدل  حجم 100 میلی لیتر,عطر و ادکلن زنانه,4169200,4199200,0.71
7959023,ساعت مچی عقربه‌ای مردانه سیتی زن مدل AN3614_54E,اکسسوری مردانه,71300000,71800000,0.7
7378762,پودر دکلره آوایی مدل Bl وزن 500 گرم,آرایش مو,2850000,2870000,0.7
11471388,رول ضد تعریق زنانه نیوآ مدل Pearl - Beauty  حجم 50 میلی لیتر,ضد تعریق,1160000,1168200,0.7
2896565,کفش پیاده روی مردانه مدل k.bs.156,کفش مردانه,1140000,1148000,0.7
1829602,گونیا تحریران کد 54 بسته 2 عددی,ابزار طراحی و مهندسی,282500,284500,0.7
1784043,ساعت مچی عقربه ای مردانه اسکمی کد 9185,اکسسوری مردانه,5785000,5826000,0.7
5762307,اسپری بدن مردانه نیو پرستیژ کالر مدل BVLGARI حجم 150 میلی لیتر,اسپری,327000,329300,0.7
5571480,رنگ مو سوپرکی شماره 7.0 حجم 145 میلی لیتر رنگ بلوند,آرایش مو,699300,704200,0.7
6568212,کفش فوتسال مردانه مدل Amir-702 کد 9290,کفش مردانه,1421000,1431000,0.7
12143905,ماژیک علامت گذار مدل میوه ای دوسر بسته  6 عددی,نوشت افزار,1065000,1072500,0.7
7198062,دستمال مرطوب کودک دلفین مدل Refreshing Effect مجموعه 6 عددی,لوازم تعویض,1260000,1268700,0.69
5609982,گوشواره طلا 18 عیار زنانه کاپانی مدل حلقه ای کد KE013,زیورآلات طلا زنانه,13079200,13169800,0.69
6493098,کتاب احساسات دایناسوری بداخلاقوزوروس اثر برایان موزس انتشارات فنی ایران,کتاب شعر و ادبیات,443100,446200,0.69
4482859,بالش طبی هوشمند مدل سوپر موج نسیم,کالای خواب و استراحت طبی,8640000,8700000,0.69
3077565,ساعت مچی عقربه ای مردانه نیوی فورس مدل NF9126-SYBN,اکسسوری مردانه,8004400,8060000,0.69
749828,خودکار پنتر مدل SP 101 بسته 4 عددی مدل 6251 سایز 0.1,نوشت افزار,733900,739000,0.69
11260667,کفش روزمره مردانه کروماکی مدل kmfw36,کفش مردانه,2600000,2618000,0.69
11740264,کتاب آی قصه قصه قصه 3 اثر جمعی از نویسندگان انتشارات کانون پرورش فکری کودکان و نوجوانان,کتاب کودک و نوجوان,286000,288000,0.69
10945894,برس آرایشی نوپو مدل 008,برس‌ها و تجهیزات آرایشی,647100,651600,0.69
7546982,دفتر نقاشی پاپکو مدل سری پرونت کد PN-907602,دفتر و کاغذ و مقوا,476700,480000,0.69
7968060,پالس اکسیمتر اکیومد مدل A300,نمایشگر ضربان قلب,14400000,14500000,0.69
9240279,کتاب خط خطی رنگ ها و شکل ها 1 اثر جون هافمن و جنیفر نیومن انتشارات پرتقال,کتاب کودک و نوجوان,257900,259700,0.69
9085863,ساعت مچی عقربه‌ای مردانه اسپریت مدل ES1G204M075,اکسسوری مردانه,72000000,72500000,0.69
7959868,ساعت مچی عقربه‌ای مردانه سیتی زن مدل NJ0147-85E,اکسسوری مردانه,139900000,140851000,0.68
786672,دئو رولان باباریا مدل آلوورا اورجینال حجم 75 میلی لیتر,ضد تعریق,2760000,2779000,0.68
1478150,موم موبر هرمودر مدل Aloevera وزن 330 گرم,لوازم اصلاح مو,232400,234000,0.68
1874651,چسب کاغذی مدل HIGH PERFORMANCE عرض 2 سانتی متر,لوازم اداری,147000,148000,0.68
4202535,برچسب قیمت مدل Se10 بسته 10 عددی,لوازم اداری,735000,740000,0.68
6234364,صندل مردانه مدل تابش کد 300-629t,کفش مردانه,588000,592000,0.68
6647749,ماکت ماشین مدل رولز رویس کد E929,اسباب بازی,7300000,7350000,0.68
6787628,کرم مرطوب کننده نوتروژینا مدل Yogun Nemlendirici حجم 200 میلی لیتر ,مراقبت پوست,1470000,1480000,0.68
4285577,اسپری بدن پرستیژ مدل PE01 حجم 150 میلی لیتر مجموعه 2 عددی,اسپری,640000,644300,0.67
4571674,چراغ قوه دستی مدل dk-920,کوه‌ نوردی و صخره نوردی,1490000,1500000,0.67
4600486,رییمل حجم دهنده ایزادورا مدل big bold,آرایش چشم,2527400,2544400,0.67
2943384,کیف مدارک کد 0573,اکسسوری زنانه و مردانه,563200,567000,0.67
1049661,نوار بهداشتی نانسی مدل Air Laid بسته 10 عددی,بهداشت زنان,295000,297000,0.67
655646,پودر موبر دپی مدل آپارتمانی با رایحه کاج  مقدار 50 گرمی بسته 12عددی,لوازم اصلاح مو,745000,750000,0.67
7573064,کتاب مردی از بهشت اثر محمد بکایی انتشارات دفتر فرهنگ اسلامی ,کتاب کودک و نوجوان,296700,298700,0.67
8785396,تی شرت آستین کوتاه مردانه 27 مدل ATTACK ON TITAN MANGA کد WN983,لباس مردانه,1042000,1049000,0.67
9484713,صابون شستشو پالمولیو مدل Herbal Extracts وزن 170 گرم,صابون شستشو,740700,745700,0.67
9612156,شلوار پسرانه مدل M103,پسرانه,1932000,1945000,0.67
10881306,ست تی شرت و شلوار پسرانه مدل ماشین کد 1081,پسرانه,2970000,2990000,0.67
10802035,کیف رودوشی زنانه مدل 2748,اکسسوری زنانه,1490000,1500000,0.67
11740457,کتاب آی قصه قصه قصه 5 اثر جمعی از نویسندگان انتشارات کانون پرورش فکری کودکان و نوجوانان,کتاب کودک و نوجوان,298000,300000,0.67
11778383,استیک ضد تعریق دیپ سنس مدل Tropical Fruits وزن 50 گرم,ضد تعریق,595000,599000,0.67
11689629,دستگاه جوانسازی پی ای ای مدل پلاسما پن,ابزار مراقبت از پوست,59300000,59700000,0.67
12282749,کفش کوهنوردی مردانه مدل چرم طبیعی پاراشوت,کفش مردانه,5940000,5980000,0.67
12056918,کفش پیاده روی مردانه مدل الستار بلند رنگ مشکی,کفش مردانه,1490000,1500000,0.67
11914277,کرم مرطوب کننده نوتروژینا مدل Refreshingly Clear حجم 50 میلی لیتر ,مراقبت پوست,2245000,2260000,0.66
12223013,رول ضد تعریق 50 نیوآ مدل black and white invisible حجم 50 میلی لیتر,ضد تعریق,1498500,1508400,0.66
8538111,کتاب آقای اسب دریایی اثر اریک کارل انتشارات بازی و اندیشه,کتاب کودک و نوجوان,378000,380500,0.66
1941813,کتاب بچه محل نقاش ها7 اثر محمدرضا مرزوقی انتشارات هوپا,کتاب کودک و نوجوان,378000,380500,0.66
5988276,کتاب پا به پا جامع ششم تیز هوشان اثر جمعی از نویسندگان انتشارات پویش اندیشه خوارزمی,کتاب درسی، کمک‌درسی و آزمون,3551900,3575400,0.66
7186577,کتاب تشنه لبان اثر حمید گروگان انتشارات کانون پرورش فکری کودکان و نوجوانان,کتاب کودک و نوجوان,1528400,1538400,0.65
4243672,رول ضد تعریق زنانه نیوآ مدل دبل افکت حجم 50 میلی لیتر,ضد تعریق,1536100,1546200,0.65
1017679,رنگ مو دوماسی سری زیتونی شماره 6.8 حجم 120 میلی لیتر رنگ بلوند زیتونی تیره,آرایش مو,765000,770000,0.65
11293597,شامپو مو آلپسین مدل Tuning Dark حجم 200 میلی لیتر,شامپو و مراقبت مو,5260100,5294700,0.65
11154872,ساعت مچی عقربه‌ای مردانه لی کوپر مدل LC07491.351-NM,اکسسوری مردانه,38450000,38700000,0.65
11488960,ساختنی مدل رستوران ساحلی,اسباب بازی,7592400,7642300,0.65
10107820,مسواک اورال-بی مدل CHARCOAL EXTRACT با برس متوسط بسته 4 عددی ,بهداشت دهان و دندان,1550000,1560000,0.64
8649494,ساعت مچی عقربه‌ای مردانه مدل شاخدار کد 158,اکسسوری مردانه,3100000,3120000,0.64
9417320,کیف دستی نشنال جئوگرافیک مدل N 00706 PRO,اکسسوری زنانه و مردانه,15500000,15600000,0.64
668454,ژل شستشوی صورت سروینا مخصوص پوست های چرب و مختلط مدل Oily Skin حجم 150میلی لیتر,مراقبت پوست,700000,704500,0.64
3253386,چراغ قوه دستی مدل M002,کوه‌ نوردی و صخره نوردی,930000,936000,0.64
4677854,زیر انداز یوگا کد 475 ضخامت 6 میلی متر,لوازم کمپینگ,6200000,6240000,0.64
5860746,روغن بادام تلخ سیواس کد 01 حجم 60 میلی لیتر بسته 2 عددی,بهداشت و مراقبت بدن,310000,312000,0.64
5486453,کلاه کپ کد KOT-80,اکسسوری زنانه و مردانه,930000,936000,0.64
12382537,ست ساعت مچی عقربه ای زنانه و مردانه سون فرایدی مدل کنتوری تک موتور 02,اکسسوری زنانه و مردانه,7750000,7800000,0.64
11995071,گوشواره زنانه ژوپینگ مدل قلب کد XP146,اکسسوری زنانه,1580000,1590000,0.63
6227609,کرم ضد آفتاب بی رنگ ام کیو مدل SPF50 مناسب پوست های معمولی حجم 55 میلی لیتر,مراقبت پوست,3160000,3180000,0.63
4620318,صابون روشن کننده و سفید کننده لرویا مدل شیری وزن 90 گرم,صابون شستشو,318000,320000,0.63
2971825,ادوپرفیوم مردانه مانتره مدل Challenge Sport حجم 100 میلی لیتر,عطر و ادکلن مردانه,7940000,7990000,0.63
2919558,کتاب زندگی خود را دوباره بیافرینید اثر جفري یانگ و ژانت کلوسکو نشر ارجمند,کتاب فلسفه و روانشناسی,1749000,1760000,0.63
935170,ست اسباب بازی دکتری مدل میدسان,اسباب بازی,2980000,2999000,0.63
236255,کتاب خاطرات یک بچه ی چلمن 6 اثر جف کینی,کتاب کودک و نوجوان,983800,990000,0.63
343263,سوزن منگنه جنمس کد 0246 بسته 1000 عددی,لوازم اداری,157000,158000,0.63
9476283,جامدادی مدل D28,کیف، کوله و جامدادی,318000,320000,0.63
10286579,خود تراش دورکو مدل دو تیغه بسته 5 عددی,لوازم اصلاح مو,314600,316600,0.63
10639955,شلوار جین زنانه سی اند ای مدل moj_570170-36 ,لباس زنانه,5810000,5846000,0.62
9713700,مینی واش مدل 1010,حمام کودک و شست و شو,2399000,2414000,0.62
184155,کتاب پایی که جا ماند اثر سید ناصر حسینی پور,کتاب تاریخ و جغرافیا,2711000,2728000,0.62
38019,کتاب پدر آن دیگری اثر پری نوش صنیعی,کتاب شعر و ادبیات,1590100,1600000,0.62
5849852,ماشین بازی کنترلی مدل شارژی دیوانه,اسباب بازی,4830000,4860000,0.62
6781704,پودر بی رنگ کننده مو سر پالمور حجم 500 میلی لیتر,آرایش مو,3855900,3880000,0.62
4577817,ادو پرفیوم مردانه اسمارت کالکشن مدل 266 حجم 100 میلی لیتر,عطر و ادکلن مردانه,1970000,1982100,0.61
1483931,برس مو اکسیژن مدل E1521 شماره 65,برس‌ها و تجهیزات آرایشی,6100000,6137700,0.61
3297564,کتاب بازی با انگشت‌ها اثر مصطفی رحماندوست انتشارات کانون پرورش فکری کودکان و نوجوانان,کتاب کودک و نوجوان,491000,494000,0.61
3588309, سرپیک شعله افکن مدل 10000120,ابزار دستی,1640000,1650000,0.61
2158334,فوم اصلاح آرکو مدل Sensitive حجم 200 میلی لیتر به همراه ژل اصلاح آرکو مدل Sensitive,لوازم اصلاح مو,1787200,1798200,0.61
2380679,کتاب تقویت حافظه for dummies اثر دکتر جان بی آردن انتشارات آوند دانش,کتاب فلسفه و روانشناسی,324000,326000,0.61
9177208,دستگاه بخور و رطوبت ساز سرد مدل DQ-107,دستگاه بخور و رطوبت ساز,1800000,1811000,0.61
8774123,اسباب بازی مدل بازلایتر,اسباب بازی,5564500,5598700,0.61
7566644,کتاب حیات وحش ایران، یوزپلنگ آسیایی اثر علی گلشن انتشارات کانون پرورش فکری کودکان و نوجوانان,کتاب کودک و نوجوان,325000,327000,0.61
10785733,ست تاپ و شلوارک ورزشی مردانه مدل JOyeM120,لباس مردانه,7828500,7876500,0.61
10465130,آیپد مژه مدل max2originale به همراه جای چسب مژه,برس‌ها و تجهیزات آرایشی,820000,825000,0.61
11876190,کیف رودوشی زنانه مدل 2790,اکسسوری زنانه,810000,815000,0.61
11672797,ساعت مچی عقربه‌ای مردانه سیتی زن مدل E660-5001,اکسسوری مردانه,275000000,276670000,0.6
11181751,ساعت مچی دیجیتال بچه‌گانه کد 2,مد و پوشاک دخترانه و پسرانه,596400,600000,0.6
10324959,اسپری مو تافت مدل GLAHAARS حجم 250 میلی لیتر ,آرایش مو,2650000,2666100,0.6
10946314,"کتاب دارد هوای تازه می آید اثر محمود پوروهاب انتشارات
کانون پرورش فکری کودکان و نوجوانان",کتاب کودک و نوجوان,166000,167000,0.6
8899825,مسواک تریزا مدل اکسترا پرو ویتال آنتی باکتریال با برس متوسط بسته 2 عددی,بهداشت دهان و دندان,1998000,2010000,0.6
8309894,عروسک مدل سگ لباس پوش ارتفاع 22 سانتی‌متر,اسباب بازی,1670000,1680000,0.6
8446215,کیف اداری انزو رسی مدل  1 - 9383 کد 100161 G,اکسسوری زنانه و مردانه,66000000,66400000,0.6
9643219,کتاب نینجا کنجکاو می‌شود اثر مری نین انتشارات فنی ایران ,کتاب کودک و نوجوان,280300,282000,0.6
9972364,تیر و کمان دستی مدل چوبی,اسباب بازی,495000,498000,0.6
1669313,بازی آموزشی شوتینگ گیمز کد 001,اسباب بازی,665300,669300,0.6
1460474,بازی فکری بازی کن مدل Jaipur,اسباب بازی,2972000,2990000,0.6
109098,بازی آموزشی آوای باران مدل الفبای آهنربایی فارسی,اسباب بازی,2467500,2482500,0.6
369181,بازی فکری دالون مدل Quoridor,اسباب بازی,1330000,1338000,0.6
4909903,ژل آبرسان نوتروژینا مدل WATER GEL حجم 50 میلی لیتر,مراقبت پوست,3866100,3889600,0.6
5115371,میکروفن داینامیک جی بی ال مدل pbm 100,لوازم جانبی آلات موسیقی,24800000,24948800,0.6
3774857,زیر انداز یوگا مدل power GYM ضخامت 6 میلی متر,لوازم کمپینگ,8341600,8391600,0.6
12223149,رول ضد تعریق نیوآ مدل fresh energy حجم 50 میلی لیتر,ضد تعریق,1420000,1428500,0.6
4133534,گواش وستا کد PG - 532,ابزار نقاشی و رنگ آمیزی,626300,630000,0.59
6814249,ست ساعت مچی عقربه ای زنانه و مردانه اسکمی مدل 9058S,اکسسوری زنانه و مردانه,16900000,17000000,0.59
759005,جعبه لوازم آرایش مهدی یار کد 213,برس‌ها و تجهیزات آرایشی,1626300,1635900,0.59
9305342,سوند سوپا مدل نلاتون سایز 10 بسته 60 عددی,سوند و کتترهای ادراری,4575000,4602000,0.59
8406656,صندل مردانه مدل مهران کد 9746,کفش مردانه,1686000,1696000,0.59
11395831,اسپری بدن زنانه نیوآ مدل سیلیکی اسموس حجم 150 میلی لیتر,ضد تعریق,1688300,1698300,0.59
11397843,رول ضد تعریق مردانه نیوآ مدل Black White Fresh حجم 50 میلی لیتر,ضد تعریق,1713200,1723200,0.58
11411209,كتاب قاشق هایمان را از فروشگاه وولورت خریدیم اثر باربارا کامینز نشر بيدگل,کتاب شعر و ادبیات,1499600,1508300,0.58
10544188,شامپو ضد شوره مو ایران ناژو مدل سلنیوم سولفات حجم 150 میلی لیتر,شامپو و مراقبت مو,1769600,1780000,0.58
7874233,عروسک مدل چیمی طرح BT21_BTS کد 201 ارتفاع 30 سانتی متر,اسباب بازی,1700000,1710000,0.58
7264875,ژل مرطوب کننده و آبرسان مدل Hyaloranic Acid حجم 100 میلی لیتر,مراقبت پوست,894800,900000,0.58
4064293,پانچ سی.کلاس مدل PNC-10SH,لوازم اداری,683000,687000,0.58
3748867,اسپری ضد تعریق مردانه نیوآ مدل DRY FRESH QUICK DRY حجم 150 میلی لیتر,ضد تعریق,1716500,1726500,0.58
6960018,پیانو دیجیتال ام آر اس مدل 170L5604,سازهای صفحه کلیددار,174000000,175000000,0.57
6585119,کوله پشتی نشنال جئوگرافیک مدل 1600391 - N1600383,اکسسوری زنانه و مردانه,35000000,35200000,0.57
5705409, روغن پوست و مو تاپ شاپ مدل آرگان حجم 45 میلی لیتر ,شامپو و مراقبت مو,1200000,1206900,0.57
6265892,کتاب 16 قصه از کلیله و دمنه اثر نصرالله منشی انتشارات قدیانی,کتاب شعر و ادبیات,351000,353000,0.57
1918834,رنگ مو آلبورا مدل carasa شماره M8-9.2 حجم 100 میلی لیتر رنگ زیتونی خیلی روشن,آرایش مو,347000,349000,0.57
10852069,دستکش لاتکس اپی‌پرفکت مدل اکسلنت فینیشینگ سایز مدیوم ده بسته 100 عددی,دستکش‌های طبی,12180000,12249900,0.57
11699758,ساعت مچی عقربه‌ای مردانه  مدل کنتوری 105,اکسسوری مردانه,8650000,8700000,0.57
11699119,شلوار دخترانه لوپیلو مدل قلبی مجموعه دو عددی,دخترانه,3460000,3480000,0.57
11565924,بازی آموزشی مدل تلفن کیتی,اسباب بازی,1738200,1748200,0.57
12235120,فریم عینک طبی به همراه کاور آفتابی دونیک مدل tr2317-c2 مجموعه 6 عددی,اکسسوری زنانه و مردانه,9552000,9607000,0.57
12453116,مداد مشکی فکتیس مدل نگرو 9000 بسته 4 عددی,نوشت افزار,350900,352900,0.57
12211495,قمقمه کودک مدل ایوان گنجایش 0.600 لیتر,قمقمه و فلاسک کودک و نوزاد,2595500,2610000,0.56
12072213,شلوار مردانه مدل TA-2079,لباس مردانه,2680000,2695000,0.56
11181270,قمقمه کودک مدل اکریلیک دو حالته گنجایش 0.680 لیتر ,قمقمه و فلاسک کودک و نوزاد,2953500,2970000,0.56
10395806,ماشین اصلاح موی سر و صورت دالینگ مدل dl-1012,اصلاح موی صورت,14302100,14382000,0.56
8002500,ماشین اصلاح موی سر و صورت وال مدل HOME Pro 300 ,اصلاح موی صورت,21500000,21620000,0.56
9842427,شامپو مو ماکادمیا مدل NOURSHING حجم 500 میلی لیتر,شامپو و مراقبت مو,1502000,1510400,0.56
9907113,سشوار حرفه ای وی بنز مدل V-6116A,سشوار,17900000,18000000,0.56
3603587,ژل افتر شیو رینوزیت مدل COOLINGEL حجم 100 میلی لیتر,لوازم اصلاح مو,388000,390200,0.56
3651667,كتاب درآمدي به اساطير ايران اثر شاهرخ مسكوب انتشارات فرهنگ جاويد,کتاب تاریخ و جغرافیا,882000,887000,0.56
3332631,کتاب قورباغه‌ی چاه نشین اثر آلوین ترسلت انتشارات کانون پرورش فکری کودکان و نوجوانان,کتاب کودک و نوجوان,176000,177000,0.56
3399541,کتاب اینجا گرم و مرطوب است، اینجا باران زیاد می بارد، من کجا هستم؟ اثر مویرا باترفیلد انتشارات کانون پرورش فکری کودکان و نوجوانان,کتاب کودک و نوجوان,358000,360000,0.56
2932673,کتاب Grammar in Use Intermediate اثر جمعی از نویسندگان انتشارات جنگل,کتاب زبان,1238000,1245000,0.56
3140556,کیسه آبگرم برقی مدل BNOVIA,پد و کیسه آب گرم,1289100,1296300,0.56
819435,کاندوم بسیار نازک ساگامی مدل Large بسته 4 عددی,بهداشت جنسی,4922100,4950000,0.56
645544,موم خشابی مارال مدل آلوئه ورا مقدار 100 گرم,لوازم اصلاح مو,537000,540000,0.56
972488,زانوبند پاک سمن مدل Jacquard Elastic,ساپورت های طبی,1680000,1689500,0.56
93825,کتاب مبانی فلسفه اخلاق اثر رابرت ال. هولمز,کتاب فلسفه و روانشناسی,1432000,1440000,0.56
3733421,ادو تویلت مردانه بنتلی مدل Momentum حجم 100 میلی لیتر,عطر و ادکلن مردانه,17700000,17800000,0.56
4078847,ادو تویلت مردانه دولچه اند گابانا مدل K حجم 100 میلی لیتر,عطر و ادکلن مردانه,26500000,26650000,0.56
2997067,بالش طبی آکسون مدل Classic01 ,کالای خواب و استراحت طبی,9100000,9150000,0.55
9315128,چراغ پیشانی مدل نواری 4 حالته COB COB-XPE,کوه‌ نوردی و صخره نوردی,1749000,1758700,0.55
10481825,واکس مو لورآل مدل REWEK حجم 125 میلی لیتر,آرایش مو,3082800,3100000,0.55
11786925,اسپری ضد تعریق زنانه نیوآ مدل Dry Fresh 48h حجم 150 میلی لیتر,ضد تعریق,1520100,1528400,0.54
9581525,ساعت مچی عقربه‌ای مردانه اوماکس مدل MG03P22IO,اکسسوری مردانه,21658000,21775000,0.54
8376829,ساعت مچی عقربه‌ای مردانه اوماکس مدل MG02G11IO,اکسسوری مردانه,21658000,21775000,0.54
2740279,مقوا رنگی کد C3010 سایز 34×24 سانتی متر بسته 30 عددی,دفتر و کاغذ و مقوا,369000,371000,0.54
2636972,کتاب Project 1 اثر Tom Hutchinson انتشارات Oxford,کتاب زبان,920000,925000,0.54
6136490, جلد کتاب کد 43 بسته 3 عددی,دفتر و کاغذ و مقوا,297400,299000,0.54
6359918,ابزار چندکاره سفری مدل 117004005,لوازم کمپینگ,1830000,1840000,0.54
12133168,سرم ضد جوش بایو آکوا مدل salicylic acid حجم 35 میلی لیتر,مراقبت پوست,925000,930000,0.54
3601976,ادو پرفیوم مردانه اسمارت کالکشن مدل دیور ساواج حجم 100 میلی لیتر,عطر و ادکلن مردانه,1880000,1890000,0.53
365009,ادو تویلت مردانه بنتلی مدل Infinite Rush White Edition حجم 100 میلی لیتر,عطر و ادکلن مردانه,18900000,19000000,0.53
9731405,ست لوازم اداری رومیزی خاتم کاری کد 5 مجموعه 5 عددی,محصولات چوبی و حصیری,37550000,37750000,0.53
9934586,کرم ضد آفتاب لاکویینتا مدل 50 حجم 50 میلی لیتر,مراقبت پوست,4476000,4500000,0.53
9046720,رول ضد تعریق مردانه نیوا مدل COOL 5F حجم 50 میلی لیتر,ضد تعریق,1882700,1892700,0.53
11110787,نیم تنه زنانه افراتین مدل نگار کد 7542 رنگ سبز,لباس زنانه,1880000,1890000,0.53
11262310,شامپو مو گلیس مدل Color Perfector حجم 370 میلی لیتر,شامپو و مراقبت مو,1490000,1498000,0.53
11387578,ست تی شرت آستین کوتاه و شلوارک بچگانه سپیدپوش مدل دانیاسور کد 140250,مد و پوشاک دخترانه و پسرانه,1084200,1090000,0.53
11825437,چاقوی سفری مدل نقلی A12,لوازم کمپینگ,1895000,1905000,0.52
10342954,ژل شستشو صورت سیمپل مدل kind to skin حجم 150 میلی لیتر,مراقبت پوست,1939900,1950000,0.52
8973266,فر کننده مو باراباس نانو مدل ST2600,بیگودی و فر کننده ی مو,5770000,5800000,0.52
9708333,عینک آفتابی زنانه مدل گرد کد 195,اکسسوری زنانه,1927900,1937900,0.52
9553461,زیر انداز یوگا مدل فومی ضخامت 8 میلی متر,لوازم کمپینگ,1223600,1230000,0.52
8824570,قمقمه مدل شطرنجی گنجایش 2 لیتر,ورزش های هوازی و تناسب اندام,386000,388000,0.52
7970365,کرم آبرسان شیلوکس مدل هیدراته حجم 75 میلی لیتر,مراقبت پوست,1147100,1153100,0.52
7882210,ورق نقره ویونا کد 100300043 بسته 20 عددی,ابزار نقاشی و رنگ آمیزی,935100,940000,0.52
4247203,کتاب Tactics for Listening 3rd Basic اثر Jack C. Richards انتشارات جنگل,کتاب زبان,965000,970000,0.52
5183457,صندل مردانه مدل آریا 106 کد 8787,کفش مردانه,1917000,1927000,0.52
5141542,کتاب آموزش و تمرین علوم سوم ابتدایی اثر رقیه اربابی فر و معصومه نیکفال آذر انتشارات مبتکران,کتاب درسی، کمک‌درسی و آزمون,1718200,1727200,0.52
12255059,شامپو بدن نیوا مدل DFWQRTYSD حجم 500 میلی لیتر,بهداشت و مراقبت بدن,2885000,2900000,0.52
12026309,گردنبند مدل یین و یانگ و قلب کد glsa03 مجموعه دو عددی,اکسسوری زنانه و مردانه,975000,980000,0.51
7337338,کتاب در برابر باد می ایستم اثر ویکی کاب انتشارات کانون پرورش فکری کودکان و نوجوانان,کتاب کودک و نوجوان,197000,198000,0.51
374437,رژ لب جامد دبورا شماره 02,آرایش لب,3930000,3950000,0.51
1469637,بازی فکری بازی تا مدل زنبورک ,اسباب بازی,1958000,1968000,0.51
2937880,کاندوم سیکس مدل Ribbed Delay مجموعه 2 عددی,بهداشت جنسی,699600,703200,0.51
7385563,کتاب من می ترسم اثر آناهیتا تیموریان انتشارات کانون پرورش فکری کودکان و نوجوانان,کتاب کودک و نوجوان,196000,197000,0.51
11403052,مایو دخترانه مدل IS121,دخترانه,1970000,1980000,0.51
11403734,مایو دخترانه مدل IS191,دخترانه,1970000,1980000,0.51
11294494, دفتر طراحی 50 برگ شکوفه مدل A4-umbrella ,دفتر و کاغذ و مقوا,587000,590000,0.51
11147164,ادو پرفیوم مردانه تاپ سکرت مدل wild man حجم 100 میلی لیتر,عطر و ادکلن مردانه,3870000,3890000,0.51
11281130,ساعت مچی عقربه‌ای مردانه کاسیو مدل ERA-110D-2A,اکسسوری مردانه,62653500,62966000,0.5
11388076,کفش مردانه مدل ARAD رنگ عسلی,کفش مردانه,1980000,1990000,0.5
11760423,ساعت مچی عقربه‌ای مردانه  مدل RR,اکسسوری مردانه,3960000,3980000,0.5
11767160,ساک پیک نیک فوروارد مدل FCLT4436 REGULATE,لوازم کمپینگ,1980000,1990000,0.5
10375488,کتاب گام های موثر در شروع و توسعه ی کسب و کار اثر مایکل بونگی استاینر نشر اژدهای طلایی,کتاب علوم اجتماعی,1212000,1218100,0.5
10160538,کفش راحتی زنانه کفش سعیدی مدل 909t.L,کفش زنانه,1980000,1990000,0.5
10738090,کفش پیاده روی مدل 965M,کفش زنانه و مردانه,1980000,1990000,0.5
10739370,کفش پیاده روی مدل 962A,کفش زنانه و مردانه,1980000,1990000,0.5
9353804,ماسک مو گلیس مدل Bio Tech Restore حجم 300 میلی لیتر,شامپو و مراقبت مو,1490000,1497500,0.5
3509496,چوب بستنی مدل G12 بسته 80 عددی,ابزار نقاشی و رنگ آمیزی,238000,239200,0.5
2444236,عطر زنانه رودیر مدل ZEN حجم 100 میلی لیتر,عطر و ادکلن زنانه,2607000,2620000,0.5
1658607,کتاب موجودات حال به هم زن شپش اثر الیس گراول,کتاب شعر و ادبیات,315300,316900,0.5
7095063,کفش روزمره مردانه کفش سعیدی مدل sa 8529,کفش مردانه,1980000,1990000,0.5
5504145,ادو تویلت مردانه ورساچه مدل LHomme حجم 100 میلی لیتر,عطر و ادکلن مردانه,20000000,20100000,0.5
5625963,قاب زیر ماشین اصلاح مدل 01,لوازم اصلاح مو,199000,200000,0.5
5090024,کفش پیاده روی سعیدی مدل mu 111,کفش زنانه و مردانه,1980000,1990000,0.5
4727017,کفش پیاده روی زنانه کفش سعیدی مدل sa 8002,کفش زنانه,1980000,1990000,0.5
4547978,کتاب مائده های زمینی اثر آندره ژید نشر نگارستان کتاب,کتاب شعر و ادبیات,398000,400000,0.5
3837543, کتاب 504 Absolutely Essential Words اثر Murray Bromberg انتشارات زبان مهر,کتاب زبان,811000,815000,0.49
1017255,رنگ مو دوماسی سری بژ شماره 8.31 حجم 120 میلی لیتر رنگ بلوند بژ روشن,آرایش مو,770000,773800,0.49
2022109,ماسک مو آمالفی مدل کراتین حجم 500 میلی لیتر,شامپو و مراقبت مو,3021900,3036900,0.49
9979346,کتاب تست عربی زبان قرآن یازدهم اثر کاظم غلامی انتشارات خیلی سبز,کتاب درسی، کمک‌درسی و آزمون,1415500,1422500,0.49
7621948,رنگ مو ماکادامیا شماره 7.21 حجم 100 میلی لیتر رنگ بلوند خاکستری بنفش به همراه اکسیدان ماکادامیا مدل 30vol نه درصدی حجم 150 میلی لیتر,آرایش مو,1250000,1256200,0.49
11901339,اسپری بدن مردانه نیوآ مدل dry impact  حجم 150 میلی لیتر,ضد تعریق,2027900,2037900,0.49
11202679,پیراهن آستین بلند مردانه نوا مدل 24,لباس مردانه,2080000,2090000,0.48
8471460, کفش کالج مردانه مدل چرم طبیعی کد 0002 ,کفش مردانه,8360000,8400000,0.48
9832695,کتاب هردو در نهایت می میرند اثر آدام سیلورا نشر آزرمیدخت,کتاب شعر و ادبیات,1040000,1045000,0.48
9321152,بازی آموزشی مدل برج زرافه,اسباب بازی,2400000,2411500,0.48
357336,نبولایزر بی ول مدل PRO-110,مکمل تجهیزات پزشکی,20900000,21000000,0.48
4214324,رژ لب مایع جویل شماره JR287,آرایش لب,1037600,1042600,0.48
5901037,کتاب حسابان پایه یازدهم سه بعدی چاپ 1400 اثر جمعی از نویسندگان نشر الگو,کتاب درسی، کمک‌درسی و آزمون,3297700,3313600,0.48
12199100,ادو پرفیوم مردانه بایلندو مدل مونتانا لجندو حجم 100 میلی لیتر,عطر و ادکلن مردانه,2687000,2700000,0.48
12473303,ادوپرفیوم فراگرنس ورد مدل CASAMORANDO 1988 حجم 100 میلی‌لیتر,عطر و ادکلن مردانه و زنانه,5194800,5219500,0.47
5998867,پیانو دیجیتال یاماها مدل CLP-725,سازهای صفحه کلیددار,1015200000,1020000000,0.47
7009717,کفش روزمره مردانه مدل MH کد 9429,کفش مردانه,2140000,2150000,0.47
6625531,چراغ قوه مدل MH-6000A-30W-T6,کوه‌ نوردی و صخره نوردی,8500000,8540000,0.47
4176889,عطر جیبی زنانه نیچ برند کالکشن مدل مانیفستو کد 044 حجم 25 میلی لیتر,عطر جیبی,1730000,1738200,0.47
5060495,مداد لب و چشم بارین بیوتی شماره 32,آرایش لب,422500,424500,0.47
2583709,کتاب چگونه می توان بال شکسته ای را درمان کرد اثر باب گراهام انتشارات کانون پرورش فکری کودکان و نوجوانان,کتاب کودک و نوجوان,426000,428000,0.47
9944361,ماشین اصلاح موی سر و صورت موزر مدل 1411 mini ,اصلاح موی سر,16880000,16960000,0.47
9651454,هودی مردانه مدل M127,لباس مردانه,3198000,3213000,0.47
11488315,بادی زنانه مدل 268000704,لباس زنانه,2140000,2150000,0.47
10591846,کوله کوهنوردی 50 لیتری مدل IS01,لوازم سفر,4340000,4360000,0.46
3299908,کتاب بازگشت پروفسور زالزالک اثر جمال الدین اکرمی انتشارات کانون پرورش فکری کودکان و نوجوانان ,کتاب کودک و نوجوان,216000,217000,0.46
3127404,کتاب قرون کودکی، تارخ اجتماعی زندگی خانوادگی اثر فیلیپ اریه انتشارات کانون پرورش فکری کودکان و نوجوانان,کتاب کودک و نوجوان,437000,439000,0.46
5060979,مداد لب و چشم بارین بیوتی شماره 25,آرایش لب,433400,435400,0.46
7110125,کتاب American english file 3 3rd edition اثر جمعی از نویسندگان انتشارات رهنما,کتاب چاپی غیر فارسی,1294000,1300000,0.46
5617695,تبلت اپل مدل iPad Pro 12.9 inch 2021 5G ظرفیت 128 گیگابایت,تبلت,436900000,438900000,0.46
7079594,کفش فوتسال مردانه مدل opa3,کفش مردانه,1971000,1980000,0.45
6531329,اپیلاتور براون مدل SE3440,اصلاح موی بدن بانوان,20000000,20090000,0.45
5080790,خودکار کیان مدل b002 مجموعه 2 عددی,نوشت افزار,198000,198900,0.45
2937755,کاندوم سیکس مدل Stop Time مجموعه 2 عددی,بهداشت جنسی,858800,862700,0.45
2626505,روغن مو او جی ایکس مدل Extra Penetrating Oil حجم 100 میلی لیتر ,شامپو و مراقبت مو,4065900,4084100,0.45
2309342,میکروفون آدیو-تکنیکا مدل AT2035,تجهیزات استودیویی,91834400,92250000,0.45
10522163,مایو مردانه مدل MAJM004,لباس مردانه,6590000,6620000,0.45
9715194,خودتراش دورکو مدل صابون دار بسته 5 عددی,لوازم اصلاح مو,220000,221000,0.45
12300739,کاور مدل SHOCK PROOF مناسب برای اپل واچ 45 میلی متری ,لوازم جانبی ساعت و مچ بند هوشمند,1990000,1999000,0.45
12106628,عینک آفتابی زنانه مدل گربه ای کد 088 UV400 ,اکسسوری زنانه,3159700,3174000,0.45
12505360,پازل 500 تکه اسپین مستر مدل ساحل آمالفی کد 6056441,اسباب بازی,6720000,6750000,0.44
2317240,کتاب دایرة المعارف اختراعات ایده هایی که چهره جهان را دگرگون کرد اثر جولی فريس انتشارات محراب قلم,کتاب کودک و نوجوان,2887100,2900000,0.44
5060262,مداد لب و چشم بارین بیوتی شماره 33,آرایش لب,431600,433500,0.44
4346096,مداد نوکی 0.5 میلی متری طرح پری دریایی کد AMP.5386,نوشت افزار,246900,248000,0.44
4371868,سرم مو استار لیدی مدل کریستال حجم 120 میلی لیتر ,شامپو و مراقبت مو,1446000,1452400,0.44
3738418,ماسک ایفای نقش مدل بتمن کد EM-2,اسباب بازی,228700,229700,0.44
3688118,مداد نوکی 0.7 میلی متری طرح پری دریایی کد AMP.5386,نوشت افزار,234000,235000,0.43
6620125,کتاب دکتر می دی سین اثر روبرتو پیومینی نشر علمی فرهنگی,کتاب شعر و ادبیات,254300,255400,0.43
328145,کتاب بچه محل نقاش ها 3 اثر محمد رضا مرزوقی,کتاب علوم اجتماعی,349900,351400,0.43
384247,رژ لب جامد نوت سری Longwearing شماره 13,آرایش لب,2185000,2194500,0.43
90555,پاک کن فکتیس مدل 3036 - بسته 2 عددی,نوشت افزار,234000,235000,0.43
930830,لیوان سفری مدل tag8 ,لوازم کمپینگ,911000,914900,0.43
1632642,کاندوم شادو مدل MORNING بسته 12 عددی,بهداشت جنسی,369000,370600,0.43
9064024,کتاب پرسش های چهار گزینه ای عربی جامع رشته انسانی چاپ 1401 اثر جمعی از نویسندگان انتشارات خیلی سبز,کتاب درسی، کمک‌درسی و آزمون,4474100,4493200,0.43
9086181,زنجیر مردانه مدل سیاه قلم H257,اکسسوری مردانه,1184800,1189900,0.43
8238289,ماسک مو پرو ویکات مدل KERATIN-01 حجم 500 میلی لیتر,شامپو و مراقبت مو,1805700,1813500,0.43
8873137,دمپایی زنانه مدل مامی کد 7450-3,کفش زنانه,2318000,2328000,0.43
7802823,میکروفن بی سیم پیکسل مدل Voical Air بسته دو عددی,لوازم جانبی آلات موسیقی,46200000,46400000,0.43
10109863,ژل پاک کننده آرایش صورت سیمپل مدل  Glow حجم 150 میلی لیتر,مراقبت پوست,2340000,2350000,0.43
11892159,تاپ زنانه اچ اند ام مدل 0488312001,لباس زنانه,4650000,4670000,0.43
518489,ساعت مچی دیجیتالی اسکمی مدل 1283,اکسسوری مردانه,5260000,5282000,0.42
2575851,کتاب دیو دیگ به سر اثر فرهاد حسن زاده انتشارات کانون پرورش فکری کودکان و نوجوانان,کتاب کودک و نوجوان,238000,239000,0.42
2469133,کفش روزمره مردانه گلپا مدل آریا کد 5882,کفش مردانه,2380000,2390000,0.42
2121486,ادو پرفیوم مردانه گرنویل مدل Moonlight حجم 100 میلی‌لیتر,عطر و ادکلن مردانه,9215000,9253800,0.42
2124945,مژه مصنوعی جویل کد 52,آرایش چشم,598700,601200,0.42
3598913,کتاب خوراک زرافه با سالاد لاک‌پشت اثر رضا دالوند انتشارات طوطی,کتاب کودک و نوجوان,428200,430000,0.42
7325385,تبلت مایکروسافت مدل Surface Pro 7 Plus-i7 ظرفیت 256 گیگابایت و 16 گیگابایت رم,تبلت,473000000,475000000,0.42
5026414,ادو پرفیوم مردانه پاشا مدل Aqua Fresh حجم 100 میلی لیتر,عطر و ادکلن مردانه,11900000,11950000,0.42
4992897,پایه شارژر دسته بازی ایکس باکس وان X / S دابی مدل TYX-19006,لوازم جانبی کنسول بازی,5875000,5900000,0.42
4877089,کتاب بلچلی پارک اثر سینکلر مک کی نشر علمی فرهنگی,کتاب شعر و ادبیات,1549600,1556200,0.42
3376184,کیت رنگ مو لورآل مدل Excellence شماره 6.03 حجم 50 میلی لیتر رنگ قهوه ای روشن,آرایش مو,3236700,3250000,0.41
3208095,بازوی رفع خارش بدن کد D21,ماساژور,170000,170700,0.41
1759522,ادو تویلت مردانه جان وارواتوس مدل Artisan Blu حجم 125 میلی لیتر,عطر و ادکلن مردانه,19600000,19680300,0.41
2561549,قمقمه کملا مدل 812 گنجایش 0.3 لیتر,قمقمه و فلاسک کودک و نوزاد,1135000,1139700,0.41
613239,روبیک مگامینکس کای وای کای هنگ اس مدلQiheng 157 ,اسباب بازی,5800000,5824000,0.41
438733,ساعت مچی عقربه ای مردانه مدل Jing Yi,اکسسوری مردانه,1470000,1476000,0.41
209674,ساعت مچی عقربه ای مردانه کاسیو مدل MW-240-4BVDF,اکسسوری مردانه,6740000,6768000,0.41
56627,ادو تویلت مردانه پاکو رابان مدل Black XS حجم 100 میلی لیتر,عطر و ادکلن مردانه,31870000,32000000,0.41
1103877,کتاب امیلی و صعود اثر ال.ام.مونتگمری انتشارات قدیانی,کتاب شعر و ادبیات,488000,490000,0.41
11876651, شامپو ضد شوره مو ایپک مدل Kepeğe Karşı etkili حجم 430 میلی لیتر ,شامپو و مراقبت مو,875000,878600,0.41
10205683,ماشین بازی کنترلی هوینا مدل آتش نشانی HUINA 1561,اسباب بازی,48350000,48550000,0.41
8175967,فیلتر دستگاه تصفیه آب آکوا پیورست مدل ممبران ATA 2552 ,سلامت محیط,2440000,2450000,0.41
9797441,کیف کمری دخترانه ساراسا طرح یونیکورن ابر و باد مدل 01 AbroBad,دخترانه,2440000,2450000,0.41
12250905,ساک ورزشی مدل NK--5548,لوازم سفر,7200000,7230000,0.41
12371281,کتاب شاه کلید گام به گام دروس پنجم کلاغ سپید اثر جمعی از نویسندگان انتشارات بین المللی گاج,کتاب درسی، کمک‌درسی و آزمون,1972500,1980400,0.4
9448443,کفش مخصوص دویدن مردانه سارزی مدل Hira_GH.r.m.z_22,کفش مردانه,2480000,2490000,0.4
8311420,صندل مردانه مدل Kevin کد 8675-2,کفش مردانه,2504000,2514000,0.4
8522379,فرفره مدل انفجاری آشیل بی نهایت کد B-173,اسباب بازی,2470000,2480000,0.4
7472258,ژل پاک کننده آرایش اس تی ایوز مدل Blemish حجم 200 میلی لیتر,مراقبت پوست,2480000,2490000,0.4
10674374,صابون شستشو مایع درمومد مدل گل ارکیده حجم 1000 میلی لیتر,صابون شستشو,2147300,2156000,0.4
10852040,دستکش لاتکس حریر مدل اپی پرفکت کد 01 سایز لارج ده بسته 100 عددی,دستکش‌های طبی,12450000,12500000,0.4
11018875,مایو زنانه مدل دوتکه 5590222- Fashion Concept,لباس زنانه,4970000,4990000,0.4
11364367,شامپو مو هنی ویز مدل پروتئین برزیلین حجم 900 میلی لیتر,شامپو و مراقبت مو,4959800,4979800,0.4
11393350,شامپو بدن کرمی آدرا مدل نیلوفر و ارکیده و اسطوخودوس حجم 400 میلی لیتر,بهداشت و مراقبت بدن,927400,931100,0.4
546759,کیت رنگ موی گارنیک سری خاکستری - بلوند خاکستری تیره شماره 6.1,آرایش مو,1231600,1236600,0.4
2475876,کتاب نیروی حال اثر اکهارت تله نشر کلک آزادگان,کتاب فلسفه و روانشناسی,1235000,1240000,0.4
3157853,کتاب American English File 1 Third Edition اثر جمعی از نویسندگان انتشارات الوند پویان,کتاب زبان,1230000,1235000,0.4
5027546,عطر جیبی زنانه اسکوپ مدل Good girl حجم 30 میلی لیتر,عطر جیبی,1230000,1235000,0.4
6955960,ماگ سفری مدل CTM 400 گنجایش 0.4 لیتر,لوازم کمپینگ,2520000,2530000,0.4
5919869,شلوار مردانه مدل اسلش کد m15,لباس مردانه,1743000,1750000,0.4
7241662,اسپری بدن زنانه سلکشن سیتی مدل Black Opium حجم 200 میلی لیتر,اسپری,508000,510000,0.39
56646,ادو پرفیوم مردانه بنتلی مدل Bentley for Men Intense حجم 100 میلی لیتر,عطر و ادکلن مردانه,16137400,16200000,0.39
3134141,کتاب top notch 1a اثر JOAN SASLOW &amp; ALLEN ASCHER انتشارات زبان مهر,کتاب زبان,782000,785000,0.38
3225528,ماشین بازی طرح تیبا 2 کد 0089,اسباب بازی,1295000,1300000,0.38
1739820,لیزر موهای زائد اومیت مدل T-006i,اصلاح موی بدن بانوان,20996600,21075900,0.38
4029320,بازی فکری مدل رنگ چین,اسباب بازی,1315000,1320000,0.38
4122162,هودی دخترانه مدل دختر پاییزی F668,دخترانه,797000,800000,0.38
11324359,کتاب معمای پیچیده اثر ژان فیلیپ آرو وینیود انتشارات کانون پرورش فکری کودکان و نوجوانان,کتاب کودک و نوجوان,263000,264000,0.38
11799934,چسب ماتیکی سی.کلاس مدل 21,لوازم اداری,264000,265000,0.38
10889299,ادویه پاش سفری مدل S1,لوازم کمپینگ,1300000,1304900,0.38
10415338,سایه چشم مدادی پیپا شماره 312,آرایش چشم,5084900,5104200,0.38
8849579,ماکت ماشین مایستو مدل Benz 500K,اسباب بازی,26400000,26500000,0.38
9858834,کتاب عربی، زبان قرآن دهم اثر ابوطالب فراهانی انتشارات بنی هاشمی خامنه,کتاب درسی، کمک‌درسی و آزمون,313200,314400,0.38
12386040,مجموعه سه عددی چمدان امریکن توریستر مدل KROSS LE2 ,لوازم سفر,259000000,260000000,0.38
9079143,کتاب English Time 2nd 1 اثر اSetsuko Toyama انتشارات Oxford,کتاب چاپی غیر فارسی,834900,838000,0.37
8446735,فرفره انفجاری مدل ورد اسپرایزن کد 2022,اسباب بازی,2590300,2600000,0.37
7464563,تی شرت آستین کوتاه مردانه مدل fly,لباس مردانه,1895000,1902000,0.37
11888881,رول ضد تعریق مردانه نیوآ مدل deep حجم 50 میلی لیتر,ضد تعریق,1340000,1345000,0.37
4948510,نخ دندان کانفیدنت مدل 04 مجموعه 4 عددی,بهداشت دهان و دندان,1352500,1357500,0.37
5685288,ماشین اصلاح موی صورت کیمی مدل KM-2026,اصلاح موی صورت,8020000,8050000,0.37
1831092,ساعت مچی عقربه ای مردانه نیوی فورس مدل NF9160 GB-W,اکسسوری مردانه,12324600,12370000,0.37
2314368,تفنگ بازی مدل کلانتر کد k-007,اسباب بازی,269000,270000,0.37
2242715, نیم بوت مردانه مدل آلن کد 4996,کفش مردانه,2709000,2719000,0.37
1459602,پک سرد و گرم دی پی ای مدل برزنتی 33×15,پد و کیسه آب گرم,269000,270000,0.37
1590524,پودر پرپشت کننده مو پرفکت کد01 وزن 25 گرم ,آرایش مو,447900,449500,0.36
3029087,ژل مو اسکی مدل P حجم 150 میلی لیتر,آرایش مو,305300,306400,0.36
3295621,کتاب دعای موش کوچولو اثر کلر ژوبرت انتشارات کانون پرورش فکری کودکان و نوجوانان,کتاب کودک و نوجوان,274000,275000,0.36
5794683,محلول ضد ریزش مو توپاز مدل mahlol حجم 100 میلی لیتر,شامپو و مراقبت مو,2780000,2790000,0.36
6957799,کیف دوشی زنانه چرم آرا مدل d088,اکسسوری زنانه,8220000,8250000,0.36
4440141,خود تراش ‏لمسر مدل GT-H مجموعه 4 عددی,لوازم اصلاح مو,548000,550000,0.36
11476846,ادو پرفیوم زیفوید مدل سیلور ولوت حجم 100 میلی لیتر,عطر و ادکلن مردانه و زنانه,10250000,10286600,0.36
10880762,کتاب خشم قلمبه اثر میری دلانسه انتشارات کانون پرورش فکری کودکان و نوجوانان,کتاب کودک و نوجوان,273000,274000,0.36
8808128,جوراب واریس مدل SSHH-BG-KOM,ساپورت های طبی,1493100,1498500,0.36
8539568,خودکار پنتر مدل DP-105 بسته 4 عددی,نوشت افزار,275000,276000,0.36
12223062,رول ضد تعریق نیوآ مدل dry comfort  حجم 50 میلی لیتر,ضد تعریق,1388600,1393600,0.36
12179845,صندل مردانه مدل آریا 101 کد 10698,کفش مردانه,2883000,2893000,0.35
8871868,ویلچر جی تی اس مدل 863-12,ویلچر,85500000,85800000,0.35
8210215,رنگ مو گارنیک شماره 6.2 حجم 120 میلی لیتر رنگ بلوند دودی تیره به همراه اکسیدان مدل 30vol نه درصدی حجم 180 میلی لیتر,آرایش مو,1443500,1448500,0.35
10638360,کرم مو نئودرم مدل کراتینه حجم 200 میلی لیتر,شامپو و مراقبت مو,1435000,1440000,0.35
10114326,ماشین اصلاح موی صورت فیلیپس مدل BT 5502,اصلاح موی صورت,25810000,25900000,0.35
4394842,بازی آموزشی عدد چین مدل جمع,اسباب بازی,518800,520600,0.35
7092918,تفنگ بازی مدل کلت کد c.1,اسباب بازی,16990000,17050000,0.35
6677016,بازی آموزشی انگلیسی مدل تلفن کیتی,اسباب بازی,1835400,1841800,0.35
1553623,صندل مردانه شهپر کد 108,کفش مردانه,2864000,2874000,0.35
644117,سشوار حرفه ای پرومکس مدل 7415D دیسپانسر دار,سشوار,29700000,29800000,0.34
3315369,کتاب Tactics For Listening اثر Jack C.Richards And Grant Trew انتشارات الوندپویان 3 جلدی,کتاب زبان,2958000,2968000,0.34
3029036,ژل مو اسکی مدل W حجم 150 میلی لیتر,آرایش مو,260000,260900,0.34
7043020,کتاب دختر خوب خون بد اثر هالی جکسون نشر نون,کتاب شعر و ادبیات,1422400,1427200,0.34
6965342,ادو تویلت مردانه دانهیل مدل Desire Gold حجم 100 میلی لیتر,عطر و ادکلن مردانه,14600000,14650000,0.34
7185623,کتاب رمان تپش اثر رفیع افتخار انتشارات کانون پرورش فکری کودکان و نوجوانان,کتاب کودک و نوجوان,291000,292000,0.34
10934373,عروسک بی بی بورن مدل mv_1230 ارتفاع 35 سانتی متر ,اسباب بازی,4350000,4365000,0.34
11024577,ماشین اصلاح موی سر و صورت رزونال مدل Beta Clip,اصلاح موی سر,8959000,8990000,0.34
11349128,پستانک هی ار شی مدل خرس بسته 2 عددی,پستانک و ملزومات,5780000,5800000,0.34
8871014,ساعت مچی عقربه‌ای مردانه سیتی زن مدل JY8078_52L,اکسسوری مردانه,294000000,295000000,0.34
8044166,مکعب روبیک مویو مدل 3M MAGNETIC,اسباب بازی,2930000,2940000,0.34
9004993,شومیز زنانه اسمارا مدل CHKRD,لباس زنانه,3850000,3863200,0.34
9510773,خمیر دندان سنسوداین مدل محافظ لثه حجم 75 میلی لیتر به همراه مسواک سنسوداین مدل ریپیر با برس خیلی نرم,بهداشت دهان و دندان,3538000,3550000,0.34
10072988,کوله پشتی ساراسا مدل 01,اکسسوری زنانه و مردانه,8750000,8780000,0.34
9620230,کفش روزمره مردانه کفش سعیدی مدل 633K,کفش مردانه,2980000,2990000,0.33
8000625,مکعب روبیک مدل گیر دنده ای SG-1,اسباب بازی,2430000,2438000,0.33
7818452,میکروفن بی سیم گودکس مدل WMic S1 Kit 1,لوازم جانبی آلات موسیقی,60800000,61000000,0.33
7830640,کرم مرطوب کننده سوپکس مدل ALFA-99 حجم 220 میلی لیتر,مراقبت پوست,299000,300000,0.33
7621963,کتاب پیام پیامبر اثر  سیدمحمدتقی حکیم انتشارات دفتر فرهنگ اسلامی,کتاب دینی,297700,298700,0.33
11190172,ساعت مچی عقربه‌ای مردانه سیکو مدل SNE529P1 ,اکسسوری مردانه,119500000,119900000,0.33
11274742,کفش پیاده روی مدل 263A7,کفش زنانه و مردانه,2980000,2990000,0.33
11284822,کفش پیاده روی کفش سعیدی مدل 269TS,کفش زنانه و مردانه,2980000,2990000,0.33
10250534,پیراهن آستین بلند مردانه مدل AR-4015,لباس مردانه,1790000,1796000,0.33
10376659,کرم پودر لورآل مدل Infallible شماره 15 حجم 30 میلی لیتر,آرایش صورت,6063900,6083900,0.33
10578951,کفش زنانه کفش سعیدی مدل 762T,کفش زنانه,2980000,2990000,0.33
7240857,بازی آموزشی سپتا مدل همگون کد 1,اسباب بازی,2977000,2987000,0.33
6620978,مایو زنانه مدل فشی ,لباس زنانه,2980000,2990000,0.33
6873033,هودی پسرانه اوکایدی Garder Le Cap,پسرانه,4963400,4980000,0.33
5872428,چوب بستنی مدل سورتک بسته 150 عددی,ابزار نقاشی و رنگ آمیزی,301400,302400,0.33
5627469,چراغ پیشانی دیپ کینگ مدل DK-317,کوه‌ نوردی و صخره نوردی,3717800,3730000,0.33
5649211,میکروفن ردراگون مدل GM300,لوازم جانبی آلات موسیقی,29900000,30000000,0.33
6349045,ادو پرفیوم زنانه رودیر مدل زِن حجم 100 میلی لیتر,عطر و ادکلن زنانه,2990000,3000000,0.33
4361867,روان نویس سی.کلاس مدل Liquid,نوشت افزار,302000,303000,0.33
4949506,سشوار حرفه ای بابیلیس مدل 6704E,سشوار,18000000,18060000,0.33
2758774,کیف دوشی مردانه رویال چرم کد W71,اکسسوری مردانه,13455000,13500000,0.33
3535923,کتاب واقعاً، جدی جدی! اثر امیلی ریوار انتشارات کانون پرورش فکری کودکان و نوجوانان,کتاب کودک و نوجوان,304000,305000,0.33
1859083,یخدان سفری سراب کد LE2 گنجایش 10 لیتر,لوازم کمپینگ,4535000,4550000,0.33
2126541,کتاب ماجراهای من و درسام جامع نهم برای 20 گرفتن اثر جمعی از نویسندگان انتشارات خیلی سبز,کتاب درسی، کمک‌درسی و آزمون,3150000,3160000,0.32
2488978,کتاب English Grammar In Use اثر Raymond Murphy انتشارات جنگل,کتاب زبان,1240000,1244000,0.32
3449244,کتاب خوش‌حال باش مرغک من! اثر باب هارتمن انتشارات کانون پرورش فکری کودکان و نوجوانان,کتاب کودک و نوجوان,309000,310000,0.32
1066461,مداد رنگی فابر کاستل مدل Polychromos کد 205,نوشت افزار,945000,948000,0.32
239125,کتاب سکه ای از آسمان اثر جنیفر ال.هالم,کتاب شعر و ادبیات,283300,284200,0.32
249285,کتاب عشق های فراموش شده 6 اثر ابوالقاسم فردوسی,کتاب کودک و نوجوان,526800,528500,0.32
4568995,سیم گیتار مدل ارنی بال کد 2403,لوازم جانبی آلات موسیقی,1794300,1800000,0.32
3935079,کرم ضد لک الیوکس مدل Olive Oil حجم 40 میلی لیتر,مراقبت پوست,741100,743500,0.32
5808709,ادو پرفیوم های نیوویش مدل ورساچه اروس فلیم حجم 100 میلی لیتر,عطر و ادکلن مردانه و زنانه,5981100,6000000,0.32
11278279,کتاب گوش گوشی ها 3 اثر ناهید عسگری انتشارات کانون پرورش فکری کودکان و نوجوانان,کتاب کودک و نوجوان,313000,314000,0.32
11787926,اسپری ضد تعریق مردانه نیوآ مدل Black White Active  حجم 150 میلی لیتر,ضد تعریق,1578400,1583400,0.32
7554156,انگشتر مردانه مدل حلقه ارباب حلقه ها حکاکی لیزری رنگ مشکی,اکسسوری مردانه,309000,310000,0.32
7529488, رنگ مو ماکادامیا شماره 6.33 حجم 100 میلی لیتر رنگ عسلی تیره به همراه اکسیدان ماکادامیا مدل 30vol نه درصدی حجم 150 میلی لیتر,آرایش مو,1250000,1254000,0.32
7980723,بازی آموزشی مدل سفالگری همراه با گل رس,اسباب بازی,2451400,2459300,0.32
8747647,پیراهن آستین کوتاه مردانه مدل M2528,لباس مردانه,3120000,3130000,0.32
8698985,کانسیلر آرت‌اسکین مدل ERASER  شماره 02,آرایش صورت,627000,629000,0.32
9002735,شال زنانه دونابل مدل 2253878009999,اکسسوری زنانه,3140000,3150000,0.32
9626444,پیراهن آستین بلند پسرانه مدل M111,پسرانه,1918000,1924000,0.31
7288754,هودی زنانه فروت آو د لوم مدل HM,لباس زنانه,6430800,6450500,0.31
3692968,کرم پودر BB کالیستا بیوتی مدل 03 حجم 50 میلی لیتر,آرایش صورت,677900,680000,0.31
4426870,ویلچر جی تی اس مدل 809c,ویلچر,32100000,32200000,0.31
73826,کتاب یاس اثر شکوه قاسم نیا و عبدالرحمان صفارپورنشر افق,کتاب درسی، کمک‌درسی و آزمون,322000,323000,0.31
627742,ماشین اصلاح بدن و صورت مدل 6050,اصلاح موی بدن آقایان,3190000,3200000,0.31
3413031,کیت رنگ مو لورآل مدل Excellence شماره 6.32 حجم 50 میلی لیتر رنگ قهوه ای طلایی,آرایش مو,3166800,3176800,0.31
2583867,کتاب گوسفندی که عصبانی بود خیلی عصبانی اثر ژوزف تئوبالد انتشارات کانون پرورش فکری کودکان و نوجوانان,کتاب کودک و نوجوان,319000,320000,0.31
2239158,رژ لب مایع مپ بوته شماره M14,آرایش لب,545400,547100,0.31
2573348,اکسیدان اسکاتس مدل 02 نه درصدی حجم 180 میلی لیتر,آرایش مو,196400,197000,0.3
7180134,خودتراش لمسر مدل GT_H مجموعه 8 عددی,لوازم اصلاح مو,991000,994000,0.3
7112210,رول ضد تعریق نیوآ مدل Energy حجم 50 میلی لیتر,ضد تعریق,1688300,1693300,0.3
9886138,اکسیدان بیول مدل 20Vol شش درصدی حجم 3750 میلی لیتر,آرایش مو,1968700,1974700,0.3
11658766,ساعت مچی دیجیتال بچگانه مدل تک زمانه کد 3,مد و پوشاک دخترانه و پسرانه,2680000,2688000,0.3
10141608,کتاب کدام پیروز می‌شود شاهین یا قوش اثر جری پالوتا انتشارات فنی ایران ,کتاب کودک و نوجوان,365000,366100,0.3
12389931,چراغ فانوسی رونیکس مدل RH-4276,کوه‌ نوردی و صخره نوردی,13274000,13313900,0.3
12413147,گوش پاک کن گل ارکیده خراسان مدل Natural مجموعه 2 عددی,بهداشت و مراقبت بدن,329000,330000,0.3
12344664,توالت سفری مدل درب دار قیف دار کد KABUK,لوازم کمپینگ,3490000,3500000,0.29
10264825,ادوپرفیوم زنانه ابنر مدل ROSE حجم 75 میلی لیتر,عطر و ادکلن زنانه,3460000,3470000,0.29
10579823,کفش پیاده روی مردانه هامتو مدل 330266A-2,کفش مردانه,19923000,19980000,0.29
10441281,رژ لب مایع گلدن رز مدل Lon_gstay شماره 42,آرایش لب,2520000,2527400,0.29
11511338,صندل مردانه کفش سعیدی مدل 351M,کفش مردانه,3470000,3480000,0.29
8507494,کفش پیاده روی سعیدی مدل 1013033,کفش زنانه و مردانه,3480000,3490000,0.29
7673180,آبرنگ 12 رنگ آریا مدل بیضی کد 5005,ابزار نقاشی و رنگ آمیزی,687000,689000,0.29
7057771,خودتراش ژیلت مدل Venus Olay Plus,لوازم اصلاح مو,3380000,3390000,0.29
6766054,بازی آموزشی مدل خانه سازی بلوک چین کد B001,اسباب بازی,2720000,2728000,0.29
6246418,نرم افزار حسابداری نسخه عمومی شرکتی خدماتی سطح دو نشر محک,نرم افزار,32994200,33090300,0.29
131136,پرفیوم زنانه کلینیک مدل Happy Heart حجم 100 میلی لیتر,عطر و ادکلن زنانه,27422500,27502400,0.29
159536,ماشین اصلاح صورت پاناسونیک مدل لمدش ES-LV9N-S,اصلاح موی صورت,215900000,216500000,0.28
112413,ادو تویلت مردانه دانهیل مدل Dunhill Pursuit حجم 75 میلی لیتر,عطر و ادکلن مردانه,10830000,10860000,0.28
162986,نوک مداد نوکی 0.9 میلی متری استدلر مدل Mars Micro Carbon,نوشت افزار,354500,355500,0.28
26237,ماشین اصلاح صورت پاناسونیک سری لمدش مدل لمدش ES-ST25,اصلاح موی صورت,35900000,36000000,0.28
656174,ماشین اصلاح صورت مردانه کررا مدل 9113090,اصلاح موی صورت,25626600,25698800,0.28
775318,روان نویس سفید ساکورا مدل 08 سایز 0.8,نوشت افزار,491600,493000,0.28
1128897,ادوپرفیوم زنانه شمیاس مدل Bamboo حجم 30 میلی لیتر,عطر و ادکلن زنانه,1885300,1890600,0.28
1558485,ژل شستشو صورت درمالیفت مدل ملالیفت حجم 200 میلی لیتر,بهداشت و مراقبت بدن,707000,709000,0.28
4099090,ماسک مو کلیون مدل موهای رنگ شده حجم 500 میلی لیتر,شامپو و مراقبت مو,7234100,7254100,0.28
4578980,ست برس آرایشی ریل تکنیکس مدل اوری دی مجموعه 4 عددی به همراه پد آرایشی,برس‌ها و تجهیزات آرایشی,3216000,3225000,0.28
11158329,کرم پودر بورژوآ مدل الوایز  شماره 120 حجم 25 میلی لیتر,آرایش صورت,5484500,5500000,0.28
11010524,کتاب سیب و جیب اثر محمدرضا شمس انتشارات كانون پرورش فكری كودكان و نوجوانان,کتاب کودک و نوجوان,358000,359000,0.28
10722926,شامپو تقویت کننده و ترمیم کننده مو پنتن مدل YAG TERAPISI حجم 350 میلی لیتر,شامپو و مراقبت مو,1820000,1825000,0.27
10474353,ادو پرفیوم زنانه نیو برند مدل FLUO SUN حجم 100 میلی لیتر,عطر و ادکلن زنانه,7332600,7352600,0.27
10574936,سایه چشم مدادی پیپا شماره 313,آرایش چشم,5484500,5499100,0.27
11160962,ساعت مچی عقربه‌ای مردانه رومانسون مدل سه موتوره,اکسسوری مردانه,14830000,14870000,0.27
11883616,شامپو مو لورآل مدل Color Vive حجم 450 میلی لیتر بسته 2 عددی,شامپو و مراقبت مو,3690000,3700000,0.27
6352396,ادو تویلت مردانه جگوار مدل Oud حجم 100 میلی لیتر,عطر و ادکلن مردانه,14285700,14325000,0.27
6282159,سویشرت پسرانه لوپیلو مدل موشک,پسرانه,3640000,3650000,0.27
5605784,کتاب چه می شد اگر... پای جانوران را داشتی؟ اثر ساندرا مارکل انتشارات نردبان,کتاب کودک و نوجوان,365000,366000,0.27
5554529,ست برس آرایشی مدل 2021 مجموعه 8 عددی,برس‌ها و تجهیزات آرایشی,448800,450000,0.27
1049738,اتو مو بای بابیلیس نانو مدل ST-3300,اتو و حالت دهنده ی مو,6532000,6550000,0.27
1145869,لوسیون ضد ریزش مو فورکاپیل مدل procapil حجم 200 میلی لیتر,شامپو و مراقبت مو,3640000,3649700,0.27
751841,شامپو مو ویشکا مدل هفت گیاه حجم 600 میلی لیتر,شامپو و مراقبت مو,737900,739900,0.27
94887,پاک کن فکتیس مدل 3036 بسته 4 عددی,نوشت افزار,369000,370000,0.27
244393,کتاب اختناق ایران اثر ویلیام مورگان شوستر,کتاب تاریخ و جغرافیا,1354000,1357600,0.27
3168254,خشک‌کننده وستا کد md11 حجم 125 میلی‌لیتر,ابزار نقاشی و رنگ آمیزی,782200,784200,0.26
6882988,ساعت مچی عقربه‌ای مردانه نیوی فورس مدل NF9153L bybn ,اکسسوری مردانه,11333000,11362400,0.26
4780377,دستگاه تست قند خون اکیو چک مدل Active ,تست قند خون,18900000,18950000,0.26
3960396,ساعت مچی عقربه‌ای مردانه نیوی فورس مدل 9165M,اکسسوری مردانه,19200000,19250000,0.26
11353277,سرم تقویت مژه کاریته مدل کلاژن حجم 5 میلی لیتر,آرایش چشم,778000,780000,0.26
10259422,دستگاه بخور سرد امسیگ مدل US432,دستگاه بخور و رطوبت ساز,19400000,19450000,0.26
10180988,ماشین بازی مدل Mercedes Benz AMG G63 کد TS1901,اسباب بازی,7680000,7700000,0.26
10804103,ست خودکار و روان نویس یونیک مدل لوتوس 07,نوشت افزار,390000,391000,0.26
11092847,ماسک ایفای نقش مدل سالوادور دالی,اسباب بازی,985400,988000,0.26
7383679,ست ماشین اصلاح موی صورت و بدن وی جی ار مدل V-078,اصلاح موی صورت,7750000,7770000,0.26
8124099,مینی کوپتر بازی مدل LH-1804R,اسباب بازی,3820000,3830000,0.26
8942569,بازی فکری مدل ماکیتو,اسباب بازی,2792600,2800000,0.26
9508809,تراش فکتیس مدل مخزن دار طرح سمانه بسته 4 عددی,نوشت افزار,780900,782900,0.26
9077176,ماشین اصلاح موی سر و صورت وی جی ار مدل 956,اصلاح موی سر,3990000,4000000,0.25
9657218,کفش مخصوص دویدن مردانه سارزی مدل C.L.M.B.I.A__Bozorg_M.e.s_22,کفش مردانه,3980000,3990000,0.25
7520922,کفش روزمره مردانه کروماکی مدل km110544,کفش مردانه,3600000,3609000,0.25
10864690,کفش روزمره مردانه مدل لامر کد 15892,کفش مردانه,1990000,1995000,0.25
10254796,ساک ورزشی مدل K02,لوازم سفر,3970000,3980000,0.25
11322019,کیف اداری مردانه مدل cdb020222,اکسسوری مردانه,3990000,4000000,0.25
11770966,ساعت مچی عقربه‌ای مردانه  مدل ساده تک موتور,اکسسوری مردانه,3960000,3970000,0.25
11648053,دفتر مشق 100 برگ مبشر مدل Bug,دفتر و کاغذ و مقوا,404000,405000,0.25
5948936,کتاب جزیره ی بی تربیت ها اثر شهرام شفیعی انتشارات کانون پرورش فکری کودکان و نوجوانان جلد 2,کتاب شعر و ادبیات,407000,408000,0.25
1774080,ظرف غذای آریا کد6021,قاشق، چنگال و ظروف کودک و نوزاد,788000,790000,0.25
449313,کتاب کاراوال 1 اثر استفنی گاربر,کتاب شعر و ادبیات,3240000,3248000,0.25
196153,روان نویس زبرا مدل Sarasa Clip با قطر نوشتاری 0.5,نوشت افزار,418000,419000,0.24
826450,مژه مصنوعی مکس فکتور مدل تکی،سه سایز,آرایش چشم,409000,410000,0.24
1105884,رنگ اکریلیک وستا مدل 55 Copper حجم 75 میلی لیتر,ابزار نقاشی و رنگ آمیزی,829000,831000,0.24
1914895,صابون شستشو دورو مدل SMOOTH TOUCH وزن 90 گرم بسته 6 عددی,صابون شستشو,848000,850000,0.24
2051980,خمیر دورگیر وستا مدل Gold 212 حجم 21 میلی لیتر,ابزار نقاشی و رنگ آمیزی,451400,452500,0.24
5680215,کفش زنانه چرم آرا مدل sh064 کد me,کفش زنانه,12320000,12350000,0.24
5660145,کوله پشتی کوهنوردی پکینیو مدل ویلدگست,لوازم سفر,42000000,42100000,0.24
6631144,کتاب پاستیل های بنفش اثر کاترین اپلگیت انتشارات نگاه آشنا,کتاب شعر و ادبیات,288100,288800,0.24
10133236,رول ضد تعریق زنانه کوبکو مدل GREEN NATURAL حجم 75 میلی لیتر,ضد تعریق,1097400,1100000,0.24
10132711,رول ضد تعریق زنانه کوبکو مدل MAGIC SOFT حجم 75 میلی لیتر,ضد تعریق,1097400,1100000,0.24
7546987,دفتر نقاشی پاپکو مدل سری پرونت کد PN-907604,دفتر و کاغذ و مقوا,419000,420000,0.24
8385052,رنگ مو ماکادامیا شماره 8.8 حجم 100 میلی لیتر رنگ بلوند کاپوچینو روشن,آرایش مو,945000,947300,0.24
9715950,دستگاه مه ساز ام تی اس مدل DF-1500A,تجهیزات استودیویی,41900000,42000000,0.24
9843464,سرم پوست شیلاندر مدل Hydra حجم 50 میلی لیتر,مراقبت پوست,3220000,3227900,0.24
9087260,صندل زنانه مدل آرام کد 10004,کفش زنانه,4120000,4130000,0.24
12109761,عینک آفتابی زنانه مدل کائوچو کد 0112 UV400,اکسسوری زنانه,2589700,2596000,0.24
9051541,کتاب چک چک چلچله از سقف بهار اثر سهراب سپهری انتشارات میرماه,کتاب شعر و ادبیات,861100,863100,0.23
7985416,کفش زنانه چرم آرا مدل sh098,کفش زنانه,13070000,13100000,0.23
10204601,ماشین اصلاح موی سر و صورت وی جی ار مدل V-077,اصلاح موی صورت,9068000,9089000,0.23
6347665,کتاب هوش هیجانی و روانشناسی تاریک اثر کوین کوپر نشر علم,کتاب فلسفه و روانشناسی,440100,441100,0.23
6364943,فلاسک اسنوهاک مدل ML-1200 گنجایش 1.2 لیتر,لوازم کمپینگ,8665000,8685000,0.23
2548927,شیشه شیر اونت مدل SCF033/27 ظرفیت ۲۶۰ میلی لیتر بسته دوعددی ,شیشه شیر، سرلاک و داروخوری,8500000,8520000,0.23
994247,رنگ مو پودری سرمه ای لیزانو مدل Dark Blue مقدار 50 گرم,آرایش مو,433000,434000,0.23
140990,سرم مو بیول سری Biol Care حجم 80 میلی لیتر,شامپو و مراقبت مو,1230000,1232800,0.23
574876,کرم کامل آبرسان تگودر مدل اکسیژن O2,مراقبت پوست,4190400,4200000,0.23
342282,کتاب فرمین موش کتاب خوان اثر سم سوج نشر مرکز,کتاب شعر و ادبیات,449000,450000,0.22
821002,کتاب تست فیزیک پایه رشته ریاضی جلد اول سوال اثر رضا سبز میدانی,کتاب درسی، کمک‌درسی و آزمون,3443400,3450900,0.22
1448524,کنسول بازی قابل حمل ساپ گیم باکس مدل Plus 400,کنسول پرتابل,3093100,3100000,0.22
1700865,مداد رنگی فابر کاستل مدل Polychromos کد 105,نوشت افزار,927000,929000,0.22
2343038,ادو پرفیوم مردانه اسمارت کالکشن مدل dunhill brown حجم 100 میلی لیتر,عطر و ادکلن مردانه,1896500,1900600,0.22
3182801,پودر پرپشت کننده مو پرفکت کد 02 وزن 50 گرم رنگ مشکی,آرایش مو,830000,831800,0.22
2908311,فشارسنج ایزی لایف مدل KD-738,فشارسنج,9060000,9080000,0.22
3514768,کتاب گذر از کوه کبود اثر محمدعلی علومی انتشارات کانون پرورش فکری کودکان و نوجوانان,کتاب کودک و نوجوان,459000,460000,0.22
6578965,اسپری بدن زنانه اکراس مدل ایفوریا کالوین کلین حجم 200 میلی لیتر,اسپری,404000,404900,0.22
10428761,کلاه کپ مدل Vjfc643,اکسسوری زنانه و مردانه,4480000,4490000,0.22
11002517,کرم مرطوب کننده نیوآ مدل HA حجم 402 میلی لیتر,مراقبت پوست,5240700,5252000,0.22
11351174,بازی فکری مدل مونوپولی طهران,اسباب بازی,4490000,4500000,0.22
8161720,دستگاه تتو ایبل مدل پن,برس‌ها و تجهیزات آرایشی,15082400,15115900,0.22
9839157,کفش فوتسال مردانه مدل فلو کد 10143,کفش مردانه,4448000,4458000,0.22
9839159,کفش فوتسال مردانه مدل ویپور کد 10144,کفش مردانه,4448000,4458000,0.22
9630876,کفش پیاده روی مردانه مدل 254005301,کفش مردانه,4560000,4570000,0.22
9630890,کفش پیاده روی مردانه مدل 254005306,کفش مردانه,4560000,4570000,0.22
12069031,فریم عینک طبی مدل مربعی شفاف  کد 040,اکسسوری زنانه و مردانه,2969800,2976300,0.22
12423087,کفش پیاده روی مردانه کد 133,کفش مردانه,8970000,8990000,0.22
9861587,کرم روشن کننده شیلاندر مدل Vit C حجم 75 میلی لیتر,مراقبت پوست,3194400,3201200,0.21
9135759,اسباب بازی مدل فرفره انفجاری آشیل بی نهایت کد B-173,اسباب بازی,2400000,2405000,0.21
8163464,شامپو بچه فیروز مدل اسطوخودوس حجم 200 میلی لیتر بسته 2 عددی,حمام کودک و شست و شو,718000,719500,0.21
7549801,مداد مشکی آریا مدل 3047 بسته 12 عددی,نوشت افزار,935000,937000,0.21
6626106,نیم بوت مردانه مدل پارت کد 5525-3,کفش مردانه,4648000,4658000,0.21
7270295,کتاب غزلیات سعدی انتشارات خانه فرهنگ و هنر گویا,کتاب شعر و ادبیات,3788000,3796000,0.21
3188340,سشوار حرفه ای وی جی ار مدل V-414,سشوار,9380000,9400000,0.21
1816941,اسپری خوشبو کننده بدن زنانه والانسی مدل Alien حجم 200 میلی لیتر,ضد تعریق,422000,422900,0.21
3129564,تونل بازی کودک طرح هزارپا,وسایل بازی و تجهیزات پارکی کودک,48900000,49000000,0.2
135673,سه‌چرخه بیبی‌لند مدل Happy T-404,وسایل بازی و تجهیزات پارکی کودک,5090000,5100000,0.2
73428,میکروفن کندانسور رود مدل NT-USB,لوازم جانبی آلات موسیقی,109000000,109220000,0.2
4954614,مداد چشم و لب بارین بیوتی شماره 28,آرایش چشم,448500,449400,0.2
7714368,میکروفن یقه ای بی سیم مدل AirSky 3.5mm,لوازم جانبی آلات موسیقی,14850000,14880000,0.2
9139713,ست اسباب بازی لوازم آرایشی ال او ال سوپرایز مدل طراحی ناخن و اکسسوری مو,اسباب بازی,8583100,8600000,0.2
9434718,زیر انداز سفری مدل حصیری کد Z04,لوازم کمپینگ,6986200,7000000,0.2
9851178,لباس خواب زنانه مدل سرهمی بدون فاق کد L038,لباس زنانه,1535000,1538000,0.2
11190435,مایو زنانه مدل 7646 Fashion Concept- 5689322 ,لباس زنانه,4980000,4990000,0.2
10757740,کفش مخصوص دویدن مردانه مدل FOREVER FLOATRIDE ENERGY DV3881,کفش مردانه,44000000,44090000,0.2
10660894,کفش پیاده روی کفش سعیدی مدل 406SA,کفش زنانه و مردانه,4970000,4980000,0.2
12175213,کفش راحتی کفش سعیدی مدل 456MGH,مد و پوشاک دخترانه و پسرانه,4980000,4990000,0.2
12175832,کفش راحتی  کفش سعیدی مدل 461MS,مد و پوشاک دخترانه و پسرانه,4980000,4990000,0.2
12110509,عینک آفتابی زنانه مدل خلبانی کد 0127 UV400,اکسسوری زنانه,2589800,2595100,0.2
12233911,کفش راحتی بچگانه سعیدی مدل 464MB,مد و پوشاک دخترانه و پسرانه,4980000,4990000,0.2
9802713,هودی مردانه مدل HO-29,لباس مردانه,3194000,3200000,0.19
8770654,شلوار جین مردانه مدل M2579,لباس مردانه,5280000,5290000,0.19
3911845,مسواک برقی اورال-بی مدل Vitality Sensitive Clean,بهداشت دهان و دندان,47500000,47588100,0.19
4246670,کرم مرطوب کننده درمالیفت مدل ECZOLIFT UREA 20% حجم 40 میلی لیتر,مراقبت پوست,690000,691300,0.19
1548879,گردنبند استیل فردبنت مدل N4147,اکسسوری مردانه,852800,854400,0.19
1010835,نوک مداد نوکی 0.5 میلی متری زبرا مدل Drafix,نوشت افزار,518000,519000,0.19
882918,پاپ فیلتر مدل POP Filter 5,تجهیزات استودیویی,2193900,2198000,0.19
3624345,دست بند نجات مدل M1,لوازم کمپینگ,519000,520000,0.19
3374474,مداد قرمز آرت لاین مدل EP-RED.IL بسته 12 عددی,نوشت افزار,980000,981900,0.19
2594396,ساعت مچی عقربه ای اسکمی مدل 1181 کد 01,اکسسوری زنانه و مردانه,5575000,5585000,0.18
794351,دستمال مرطوب بانیو مدل 003 بسته 360 عددی,لوازم تعویض,1355100,1357600,0.18
1701206,مداد رنگی فابر کاستل مدل Polychromos کد 163,نوشت افزار,845000,846500,0.18
95446,گیره کاغذ پنتر سایز 32 میلی متر,لوازم اداری,568000,569000,0.18
4139206,کفش راحتی مردانه مدل PSJ کد 3-4958,کفش مردانه,5440000,5450000,0.18
4184240,کرم روشن کننده و محافظ لب آردن سی فکتور مدل ویتامین C حجم 12 میلی لیتر,آرایش لب,977800,979600,0.18
4794341,سوتین زنانه اسمارا مدل Es829,لباس زنانه,2180000,2184000,0.18
4520695,کتاب راهبی که اتومبیل فراری خود را فروخت اثر رابین شارما نشر پردیس آباریس,کتاب علوم اجتماعی,1098000,1100000,0.18
10456583,ادوپرفیوم زنانه بایلندو مدل بامشل حجم 100 میلی لیتر,عطر و ادکلن زنانه,2745000,2750000,0.18
12146738,کرم پودر بورژوآ مدل always fabulous شماره 110 حجم 30 میلی لیتر,آرایش صورت,5490000,5500000,0.18
12146787,کرم پودر بورژوآ مدل Always Fabulous شماره 115 حجم 30 میلی لیتر,آرایش صورت,5490000,5500000,0.18
12181902,ساعت مچی عقربه‌ای مردانه مدل پشت شیشه ای کد 03,اکسسوری مردانه,10880000,10900000,0.18
12109758,عینک آفتابی زنانه کد 0111 UV400,اکسسوری زنانه,2589700,2594400,0.18
10482753,صندل مردانه مدل siaye3658,کفش مردانه,577000,578000,0.17
10831808,ست 5 تکه لباس نوزادی به آوران مدل زرافه,نوزاد,6120000,6130400,0.17
11312668,برس سایه نوپو مدل 011,برس‌ها و تجهیزات آرایشی,582400,583400,0.17
11328306,برس آرایشی نوپو مدل N-013,برس‌ها و تجهیزات آرایشی,587400,588400,0.17
11653357,کتاب تو مامانمی اثر کیکو کازا انتشارات فنی ایران ,کتاب کودک و نوجوان,404000,404700,0.17
7831439,میکروفن یقه ای مدل Yinwei,لوازم جانبی آلات موسیقی,1176000,1178000,0.17
9034018,سرم پوست دی اوردینری مدل گرن اکتیو رتینوید 2 حجم 30 میلی لیتر,مراقبت پوست,5790000,5800000,0.17
4132004,گواش وستا کد CT - 188,ابزار نقاشی و رنگ آمیزی,601000,602000,0.17
7341835,زنجیر طلا 18 عیار زنانه طلای مستجابی مدل فلامینگو کد M45,زیورآلات طلا زنانه,34510000,34570000,0.17
7138478,ابزار شعبده بازی مدل گیوتین جادویی کد 2131,اسباب بازی,595000,596000,0.17
7209185,ماشین اصلاح موی سر و صورت وی جی ار مدل V-123,اصلاح موی صورت,5990000,6000000,0.17
6910488,ژل اصلاح لورآل مدل Hydra Sesitive حجم 200 میلی لیتر,لوازم اصلاح مو,2298000,2301900,0.17
6490953,شامپو مو لایتنس مدل آرگان حجم 900 میلی لیتر به همراه نرم کننده مو لایتنس مدل آرگان,شامپو و مراقبت مو,5990000,6000000,0.17
6482525,صندلی غذاخوری کودک بی بی ماک مدل Z112-028,صندلی غذاخوری کودک و نوزاد,23360000,23400000,0.17
454658,شامپو موهای رنگ شده و آسیب دیده کلیون مدل Color Revitalizing Shampoo حجم 300 میلی لیتر,شامپو و مراقبت مو,3716800,3723000,0.17
2410179,کرم مرطوب کننده سوپکس مدل 254 حجم 300 میلی لیتر,مراقبت پوست,342400,343000,0.17
2940803,چسب کلاه گیس و پروتز مو کد 03 بسته 36 عددی,برس‌ها و تجهیزات آرایشی,1740000,1743000,0.17
2898187,رول گریپ کد 004,برس‌ها و تجهیزات آرایشی,379400,380000,0.16
1756481,ساعت مچی عقربه ای زنانه نیوی فورس مدل NF5004/RGW,اکسسوری زنانه,9085000,9100000,0.16
1733343,ژل مو انس مدل Y1 حجم 200 میلی لیتر,آرایش مو,487000,487800,0.16
1286911,بازی آموزشی زاغک مدل هوش چین 03 کد 017,اسباب بازی,1847100,1850000,0.16
3926474,خط چشم یورن مدل 1221,آرایش چشم,2291000,2294700,0.16
8092262,کتاب Family and friends 1 2nd اثر جمعی از نویسندگان انتشارات دنیای زبان,کتاب چاپی غیر فارسی,1228000,1230000,0.16
7760727,لگو سری بتمن کد 76181,اسباب بازی,24600000,24640000,0.16
7612871,مداد مشکی فکتیس مدل نگرو 9000 بسته 10 عددی,نوشت افزار,607300,608300,0.16
11672272,محفظه نگه دارنده عطر  کد 11,عطر جیبی,190000,190300,0.16
10842025,تبلت مایکروسافت مدل Surface Pro 8-i5 ظرفیت 256 گیگابایت و 16 گیگابایت رم به همراه کیبورد Signature Black و قلم Slim Pen 2,تبلت,642000000,643000000,0.16
10820341,کیف دستی زنانه چرم آرا مدل z064,اکسسوری زنانه,18570000,18600000,0.16
10836114,سشوار برس دار چرخشی بابیلیس مدل Style pro 965,سشوار,28490000,28534000,0.15
10511787,خودکار کیان قطر نوشتاری 1 میلی متر بسته 20 عددی   ,نوشت افزار,654000,655000,0.15
10527990,مایو مردانه مدل 0055,لباس مردانه,1987000,1990000,0.15
10618654,شیر مو سیمفونی مدل 06 حجم 200 میلی لیتر,شامپو و مراقبت مو,961000,962400,0.15
11465120,کاغذ کلاسور مرجان مدل 4 حلقه بسته 100 عددی,دفتر و کاغذ و مقوا,726400,727500,0.15
11295310,کتاب بعد از نوشتن بسوزان اثر شارون جونز نشر دیوار,کتاب فلسفه و روانشناسی,393600,394200,0.15
11181787,بند آویز شلوار مردانه مدل زنجیری,اکسسوری مردانه,541200,542000,0.15
11214475,اسپری خوشبو کننده بدن مردانه پرستیژ مدل Bleu De Chanel حجم 150 میلی لیتر به همراه اسپری خوشبو کننده بدن زنانه مدل Halloween ,اسپری,657300,658300,0.15
8053093,کفش مردانه چرم آرا مدل sh103,کفش مردانه,19720000,19750000,0.15
9445576,چراغ پیشانی تک چراغ هیوندای مدل HP6010-B,کوه‌ نوردی و صخره نوردی,6813000,6823000,0.15
9257348,شلوار اسلش مردانه مدل F82,لباس مردانه,1354000,1356000,0.15
9754832,رژ لب جامد پیپا شماره 428,آرایش لب,6683300,6693300,0.15
3738508,کتاب بازی کلمه سازی اثر جمعی از نویسندگان انتشارات نردبان,کتاب کودک و نوجوان,520600,521400,0.15
4211771,رژ لب مایع مپ بوته شماره M12,آرایش لب,1640000,1642500,0.15
6146776,قفل درب کابینت کد ad123 بسته 10 عددی,ابزار ایمنی کودک و نوزاد,647000,648000,0.15
5594105,پودر دکلره ویتامول مدل ICE وزن 500 گرم,آرایش مو,5431800,5440000,0.15
5443432,قمقمه مدل عینک کد LP344 گنجایش 0.5 لیتر,ورزش های هوازی و تناسب اندام,399000,399600,0.15
6888763,کاغذ رنگی A4 مدل سوپر لوکس کد 3 بسته 20 عددی,دفتر و کاغذ و مقوا,199200,199500,0.15
1039571,ماژیک زبرا مدل Paint,نوشت افزار,688000,689000,0.15
542565,عطر جیبی مردانه اسکوپ مدل Encer Noir حجم 25 میلی لیتر,عطر جیبی,1215600,1217400,0.15
65837,کتاب گفت و گو با مرگ اثر آرتور کوستلر,کتاب تاریخ و جغرافیا,950400,951800,0.15
2292459,ساعت مچی دیجیتال پیائوما مدل PI 9083G - ME-ME,اکسسوری زنانه و مردانه,3250000,3255000,0.15
12557374,کتاب دوقلوهای دندان خرگوشی 4 اثر سمانه قاسمی انتشارات هوپا,کتاب کودک و نوجوان,1336600,1338600,0.15
12589851,کتاب زیست دهم میکرو قرن جدید اثر جمعی از نویسندگان انتشارات بین المللی کاج,کتاب درسی، کمک‌درسی و آزمون,5322600,5330000,0.14
12590042,کتاب ریاضی یازدهم تجربی سری میکرو قرن جدید اثر محمد حسین صابری انتشارات بین المللی گاج,کتاب درسی، کمک‌درسی و آزمون,4344000,4350000,0.14
12154700,کتاب زیست شناسی جامع کنکور تجربی سری iQ اثر جمعی از نویسندگان انتشارات بین المللی گاج جلد 1,کتاب درسی، کمک‌درسی و آزمون,5192800,5200000,0.14
3438939,کتاب فرانکین فوتبال بازی می‌کند اثر پولت بورژوا و برندا کلارک انتشارات نردبان,کتاب کودک و نوجوان,365000,365500,0.14
117214,کرم ضد آفتاب رنگی پریم مدل Acnex SPF 60 مناسب پوست های چرب حجم 40 میلی لیتر,مراقبت پوست,1932300,1935000,0.14
373957,کتاب تلفن‌ همراه ‌مزاحم اثر جولیا کوک,کتاب کودک و نوجوان,365000,365500,0.14
373961,کتاب همیشه‌ نگرانم اثر جولیا کوک,کتاب کودک و نوجوان,365000,365500,0.14
236589,کتاب آزمون پیشرفته ی ادراکی-بینایی فراستیگ اثر ماریان فراستیگ و دیگران,کتاب فلسفه و روانشناسی,939600,940900,0.14
6606247,کیف حمل کنسول بازی ps5 مدل رویال کد 85,لوازم جانبی کنسول بازی,7190000,7200000,0.14
5605184,کتاب چه می شد اگر... دم جانوران را داشتی؟ اثر ساندرا مارکل انتشارت نردبان,کتاب کودک و نوجوان,365000,365500,0.14
5605424,کتاب چه می شد اگر... چشم جانوران را داشتی؟ اثر ساندرا مارکل انتشارات نردبان,کتاب کودک و نوجوان,365000,365500,0.14
5875757,ماسک صورت بایو آکوا مدل انار وزن 25 گرم,مراقبت پوست,145800,146000,0.14
4143925,كتاب آخ دندانم اثر جمعي از نويسندگان انتشارات نردبان ,کتاب کودک و نوجوان,365000,365500,0.14
9597435,کتاب واقعا لازم داری؟ اثر لیزا بولارد انتشارات نردبان ,کتاب کودک و نوجوان,365000,365500,0.14
9058629,کتاب فرانکلین درخت می کارد اثر پولت بورژوا انتشارات فنی ایران,کتاب کودک و نوجوان,365000,365500,0.14
8059538,کرم پودر ایزادورا مدل All Day شماره 14 حجم 35 میلی لیتر,آرایش صورت,2843000,2847100,0.14
7883146,ساعت مچی عقربه‌ای مردانه نیوی فورس مدل NFS1002 SB,اکسسوری مردانه,55200000,55280000,0.14
7723110,کتاب تصویر های شگفت انگیز از دایناسور ها اثر هال ا. گراهام انتشارات فنی ایران ,کتاب کودک و نوجوان,365000,365500,0.14
8329144,عصای کوهنوردی اسنو هاوک مدل 305,کوه‌ نوردی و صخره نوردی,13870500,13890000,0.14
11715924,کتاب رونالدو اثر جیمز باکلی انتشارات فنی ایران ,کتاب زندگینامه و دایره المعارف,365000,365500,0.14
10614381,کتاب کدام پیروز می شود کرگدن یا اسب آبی اثر جری پالوتا انتشارات فنی ایران,کتاب کودک و نوجوان,365000,365500,0.14
10559773,ماشین بازی کنترلی مدل بی ام و BMW Z4,اسباب بازی,7690000,7700000,0.13
10892366,ژل اصلاح آرکو من مدل CRYSTAL 2 IN 1 حجم 200 میلی لیتر به همراه افتر شیو آرکو من مدل COOL حجم 250 میلی لیتر,لوازم اصلاح مو,3180800,3185000,0.13
11542660,پد پاک کننده آرایش صورت ناژه کد 06 مجموعه 2 عددی,مراقبت پوست,749000,750000,0.13
11310960,رژ لب جامد پیپا مدل Envy شماره 431,آرایش لب,6665300,6674000,0.13
8444783,هلیکوپتر بازی کنترلی مدل Induction,اسباب بازی,3198000,3202200,0.13
9073082,ماشین اصلاح موی سر و صورت وی جی ار مدل V955,اصلاح موی سر,3730000,3735000,0.13
9429353,ماشین اصلاح موی سر و صورت وال مدل مجیک کلیپ,اصلاح موی سر,76000000,76100000,0.13
9474089,ژل شستشوی کودک بایو اسکین مدل Calandula حجم 200 میلی لیتر,حمام کودک و شست و شو,749000,750000,0.13
9821563,نیم بوت مردانه مدل باربد کد 10540,کفش مردانه,7697000,7707000,0.13
5875774,ماسک صورت بایو آکوا مدل خیار وزن 25 گرم,مراقبت پوست,148800,149000,0.13
5736442,پایه چسب مدل نوین کد 700,لوازم اداری,628000,628800,0.13
7025604,استند و ساج و گریل سفری کوه‌مان مدل 4POD GRILLWOK,لوازم کمپینگ,7980000,7990000,0.13
1105883,رنگ اکریلیک وستا مدل 54 Iridescent حجم 75 میلی لیتر,ابزار نقاشی و رنگ آمیزی,840000,841100,0.13
2210348,کفش روزمره مردانه چرم آرا کد sh003 as,کفش مردانه,23520000,23550000,0.13
2210381,کفش روزمره مردانه چرم آرا کد sh003 me,کفش مردانه,23520000,23550000,0.13
2710953,کتاب چگونه شخصیت سالم تر بیابیم اثر دکتر وین دایر نشر علم ,کتاب فلسفه و روانشناسی,1498000,1500000,0.13
1743009,ساعت مچی دیجیتال مردانه اسکمی کد 1475,اکسسوری مردانه,3825000,3830000,0.13
12382271,ست ساعت مچی عقربه ای زنانه و مردانه  مدل دیت جاست تقویم دار کد 1,اکسسوری زنانه و مردانه,7980000,7990000,0.13
6604799,بازی آموزشی مدل مکعب هوش,اسباب بازی,498900,499500,0.12
4243498,بند کفش جم مدل 0028 بسته 2 عددی,کفش زنانه و مردانه,171600,171800,0.12
4334845,اسباب بازی ماشین لباسشویی مدل haftdarya,اسباب بازی,169800,170000,0.12
4028922,ادو پرفیوم مردانه جاسپر مدل Invectuse حجم 100 میلی لیتر,عطر و ادکلن مردانه,3196300,3200000,0.12
4742165,بالش فرم دهی سر هلو بیبی مدل 2159.2,بالش کودک و نوزاد,990000,991200,0.12
9141321,کفش فوتسال مردانه پویان گام پیام مدل دایموند کد 10246,کفش مردانه,8072000,8082000,0.12
9048730,کفش مخصوص دویدن مدل SUPERNOVA کد FX8332,کفش زنانه و مردانه,34560000,34600000,0.12
8938342,کرم موبر ویت مدل NEW SENSITIVE  حجم 100 میلی لیتر,لوازم اصلاح مو,1198600,1200000,0.12
8859562,کتاب دو پری دندان آپریل و آپریکا اثر باب گراهام انتشارات بازی و اندیشه,کتاب کودک و نوجوان,420700,421200,0.12
8839376,تراش فکتیس مدل F8888 بسته 3 عددی ,نوشت افزار,604300,605000,0.12
8721341,ساعت مچی عقربه‌ای مردانه اسکمی مدل 1670 SI,اکسسوری مردانه,8269000,8279200,0.12
11395783,رژ لب مایع اورچی مدل HIGH SHIN شماره 01-100 ,آرایش لب,3859900,3864400,0.12
11395960, رژ لب مایع اورچی مدل HIGH SHIN شماره 02-100 ,آرایش لب,3424300,3428300,0.12
11396806, رژ لب مایع اورچی مدل HIGH شماره 01-105,آرایش لب,3357600,3361500,0.12
11397102,رژ لب مایع اورچی مدل HIGH شماره 01-108 ,آرایش لب,2613500,2616600,0.12
11397905, رژ لب مایع اورچی مدل HIGH شماره 01-120 ,آرایش لب,2623000,2626100,0.12
11397754, رژ لب مایع اورچی مدل HIGH شماره 01-117 ,آرایش لب,3029200,3032800,0.12
11600281,تختخواب کودک روستیک دکور مدل Hk93,تختخواب کودک و نوزاد,26970000,27000000,0.11
11593741,مداد مشکی مدل سه گوش طرح پاک کن دار بسته 12 عددی,نوشت افزار,897000,898000,0.11
10894999,کتاب سلام من ربات هستم اثر لوکا نوولی انتشارات کانون پرورش فکری کودکان و نوجوانان,کتاب کودک و نوجوان,349600,350000,0.11
10786193,فلاسک مدل 6811 CAMPING SPORTS  گنجایش 0.600 لیتر,لوازم کمپینگ,4590000,4595000,0.11
10774120,کفش روزمره زنانه مدل نگین دار Nancy,کفش زنانه,8790000,8800000,0.11
10099815,اکشن فیگور مدل ونوم قهرمان,اسباب بازی,1138800,1140000,0.11
7487245,ماسک صورت بایو آکوا با عصاره شکوفه گیلاس وزن 90 گرم,مراقبت پوست,174800,175000,0.11
9144594,سرسره کودک مدل شادکیدز تویز طرح خرگوش کد 2026,وسایل بازی و تجهیزات پارکی کودک,37760000,37800000,0.11
9921655,ماشین اصلاح موی سر و صورت کیمی مدل KM-255,اصلاح موی صورت,10850000,10862000,0.11
4304267,چتر مدل naabsell-UV05,لوازم سفر,3855100,3859400,0.11
4233168,تونر پاک کننده بایو آکوا مدل  هیالورونیک اسید حجم 160 میلی لیتر,مراقبت پوست,659300,660000,0.11
6949176,کرم مرطوب کننده سوپکس مدل پلاس حجم 250 میلی لیتر,مراقبت پوست,379600,380000,0.11
7248100,مداد نوکی 0.5 میلی متری اسمارت پرینس  طرح کامیک,نوشت افزار,639300,640000,0.11
3444071,کتاب شب امتحان انگلیسی هفتم اثر علی یگانه انتشارات خیلی سبز ,کتاب درسی، کمک‌درسی و آزمون,559900,560500,0.11
3341741,کتاب وقتی به کتابخانه می رویم اثر کری فین انتشارات نردبان,کتاب کودک و نوجوان,279700,280000,0.11
1103990,کاندوم سیکس مدل Classic بسته 12 عددی,بهداشت جنسی,369500,369900,0.11
1087695,رول ضد تعریق زنانه رینو زیت مدل Energy fresh حجم 50 میلی لیتر,ضد تعریق,543400,544000,0.11
1613730,کتاب اتفاقات کم اهمیت زندگی یک کاکتوس اثر داستی بولینگ انتشارات پرتقال ,کتاب کودک و نوجوان,475500,476000,0.11
374676,کتاب خرگوشک خودت را کنترل کن اثر هاروارد بینکو,کتاب کودک و نوجوان,284700,285000,0.11
476897,سرم تقویت کننده مو سریتا مدل Keratin حجم 60 میلی لیتر,شامپو و مراقبت مو,920000,921000,0.11
86025,پرفیوم مردانه هرمس مدل Terre dHermes حجم 75 میلی لیتر,عطر و ادکلن مردانه,47450000,47500000,0.11
38023,کتاب چشمهایش اثر بزرگ علوی,کتاب شعر و ادبیات,944000,945000,0.11
12495222,تیغ یدک دورکو مدل HQ  مجموعه 8 عددی,لوازم اصلاح مو,1611900,1613600,0.11
12495230,تیغ یدک دورکو مدل HQ مجموعه 10 عددی,لوازم اصلاح مو,2013100,2015200,0.1
12532514,ادو پرفیوم مردانه لطافه مدل فخر حجم 100 میلی لیتر,عطر و ادکلن مردانه,14285700,14300000,0.1
12220831,شامپو بدن دورو مدل Cicek Dus Jeli حجم 450 میلی لیتر,بهداشت و مراقبت بدن,1383400,1384800,0.1
169866,بالش طبی هوشمند مدل Cool Wave,کالای خواب و استراحت طبی,9790000,9800000,0.1
290314,منگنه پنتر مدل ST 921-B,لوازم اداری,1029000,1030000,0.1
1627266,کتاب آبنبات چوبی قرمز بزرگ اثر رخسانا خان انتشارات میچکا,کتاب کودک و نوجوان,579400,580000,0.1
707511,ابزار شوخی مدل دندان و خون مصنوعی DSK230,اسباب بازی,398200,398600,0.1
947014,کتاب فیل شیمی دهم مبتکران اثر بهمن بازرگانی,کتاب درسی، کمک‌درسی و آزمون,1898100,1900000,0.1
3381454,کتاب یک جعبه پیتزا برای ذوزنقه ی کباب شده اثر جمشید خانیان انتشارات کانون پرورش فکری کودکان و نوجوانان,کتاب کودک و نوجوان,197800,198000,0.1
3381508,کتاب دانشنامه ی اسباب بازی های طهران قدیم اثر زردشت هوش ور انتشارات کانون پرورش فکری کودکان و نوجوانان,کتاب هنر و سرگرمی,972000,973000,0.1
3636845,کتاب در اینترنت خواندم اثر تونی بازئو انتشارات میچکا,کتاب کودک و نوجوان,579400,580000,0.1
3475559,ساعت مچی عقربه ای کاسیو مدل LTP-V300L-7A2UDF,اکسسوری زنانه و مردانه,20979000,21000000,0.1
2857352,کرم آبرسان گارنیه مدل Yesil Cay حجم 50 میلی لیتر,مراقبت پوست,4952000,4957000,0.1
3127068,کتاب دانشنامه ی اسباب بازی های طهران قدیم اثر زردشت هوش ور انتشارات کانون رورش فکری کودکان و نوجوانان,کتاب کودک و نوجوان,999000,1000000,0.1
3217188,ماشین اصلاح موی سر و صورت پاناسونیک مدل ER217,اصلاح موی سر,20380000,20400000,0.1
2136338,شامپو مو ترزمی مدل biotin repair حجم 700 میلی لیتر,شامپو و مراقبت مو,2039000,2041000,0.1
2536583,ست تی شرت و شلوارک پسرانه کد 106,پسرانه,989000,990000,0.1
6535833,محلول پاک کننده آرایش دوفاز گارنیه مدل آلوئه ورا حجم 400 میلی لیتر,مراقبت پوست,2797200,2800000,0.1
5637801,مژه مصنوعی جویل مدل 3d34,آرایش چشم,498000,498500,0.1
3931488,کتاب فروپاشی اثر کاترین لسکی انتشارات هوپا,کتاب کودک و نوجوان,297700,298000,0.1
4740700,ماسک مو اورتانیس مدل بمب کراتین وزن 1000 گرم,شامپو و مراقبت مو,2387600,2390000,0.1
4820272,تستر ادوپرفیوم مردانه مهمت مدل ساواج حجم 100 میلی لیتر,عطر و ادکلن مردانه,3596400,3600000,0.1
9941443,برس مو مدل بامبو,برس‌ها و تجهیزات آرایشی,1998000,2000000,0.1
9975559,کتاب چرا اثر نیکلای پوپوف انتشارات میچکا,کتاب کودک و نوجوان,579400,580000,0.1
9771252,گردنبند مدل مگنتی قلب بسته 2 عددی,اکسسوری زنانه و مردانه,489500,490000,0.1
9005115,شامپو ضد شوره مو پلزنت مدل Dandruff حجم 200 میلی لیتر,شامپو و مراقبت مو,2497500,2500000,0.1
9261725,ژل شستشو صورت فرونیا مدل CG حجم 150 میلی لیتر,مراقبت پوست,2399900,2402300,0.1
7402445,شامپو بدن شون مدل شیر و انبه حجم 300 میلی لیتر مجموعه 3 عددی,بهداشت و مراقبت بدن,1923000,1925000,0.1
7356392,کتاب این طرف رودخانه آن طرف رودخانه اثر مجید عمیق انتشارات کانون پرورش فکری کودکان و نوجوانان,کتاب کودک و نوجوان,384600,385000,0.1
8738789,شامپو رنگساژ مو سوبارو شماره 9.21 حجم 150 میلی لیتر رنگ بلوند دودی روشن,آرایش مو,1298700,1300000,0.1
8738919,شامپو رنگساژ مو سوبارو شماره 9.02 حجم 150 میلی لیتر رنگ بلوند زیتونی,آرایش مو,1298700,1300000,0.1
8634303,ساختنی مدل بت من کد BT-01,اسباب بازی,1448500,1450000,0.1
8521802, شامپو بچه جانسون مدل Bebek حجم 750 میلی‌ لیتر,حمام کودک و شست و شو,2087900,2090000,0.1
10132857,رول ضد تعریق مردانه کوبکو مدل Black WHITE حجم 75 میلی لیتر,ضد تعریق,1098900,1100000,0.1
10132611,رول ضد تعریق مردانه کوبکو مدل COOL ENERGY حجم 75 میلی لیتر,ضد تعریق,1098900,1100000,0.1
10274911,شامپو تقویت کننده و ترمیم کننده مو گلیس مدل BESLSAM حجم 490 میلی لیتر,شامپو و مراقبت مو,1762900,1764700,0.1
10665598,کرم مرطوب کننده شیلوکس مدل 1 حجم 120 میلی لیتر,مراقبت پوست,1148800,1150000,0.1
10665634,کرم مرطوب کننده شیلوکس مدل 2 حجم 120 میلی لیتر ,مراقبت پوست,1148800,1150000,0.1
10673522,کرم مرطوب کننده شیلوکس مدل شی باتر حجم 120 میلی لیتر,مراقبت پوست,1148800,1150000,0.1
10731118,ماشین بازی کنترلی مدل تویوتا لندکروز,اسباب بازی,4895100,4900000,0.1
10999127,کفش کوهنوردی مردانه نسیم مدل تورین نیو کد NSM 2093 tourin,کفش مردانه,4190000,4194000,0.1
11082522,کرم ضد لک بایودرما مدل pigmentbio حجم 50 میلی لیتر,مراقبت پوست,12487500,12500000,0.1
11909403,کتاب میثم و شهر ترس های ممنوعه اثر جمعی از نویسندگان انتشارات مهرستان,کتاب کودک و نوجوان,1048900,1050000,0.1
11476580,ادو پرفیوم زنانه زیفوید مدل رزگلد ولوت حجم 100 میلی لیتر,عطر و ادکلن زنانه,9920000,9929900,0.1
11272125,بازی فکری مدل دوزک بزرگ,اسباب بازی,1438500,1440000,0.1
11121651,ست تی شرت و شلوارک پسرانه مدل 1022,پسرانه,989000,990000,0.1
10671565,کفش بسکتبال مردانه مدل TRAVIS SCOTT FRAGMENT AJ1 RETRO HIGH OG,کفش مردانه,34560000,34590000,0.09
10152970,سوتین زنانه مدل phn,لباس زنانه,999000,999900,0.09
8665972,رنگ مو سوبارو شماره 603 حجم 120 میلی لیتر رنگ بلوند کهربایی,آرایش مو,1150000,1151000,0.09
4266254,سایه چشم مدادی پیپا شماره 310,آرایش چشم,5380000,5384600,0.09
7315432,کتاب رخداد شبانه اثر فرانکلین دیکسون نشر محراب قلم,کتاب کودک و نوجوان,318400,318700,0.09
7091484,کیف اداری مردانه چرم آرا مدل E087 کد F,اکسسوری مردانه,34720000,34750000,0.09
7091589,کیف اداری مردانه چرم آرا مدل E087 کد K,اکسسوری مردانه,34720000,34750000,0.09
2514398, ساعت مچی عقربه ای مردانه مدل W 744-SE ,اکسسوری مردانه,2164000,2166000,0.09
3227491,شلوارک مردانه کد S49,لباس مردانه,1078000,1079000,0.09
827318,خودکار بیک مدل کریستال بلو بسته 10 عددی,نوشت افزار,845800,846600,0.09
354316,کتاب کرگدن اثر اوژن یونسکو,کتاب شعر و ادبیات,854000,854800,0.09
12532366,ادو پرفیوم مردانه لطافه مدل Shaheen Silver حجم 100 میلی لیتر,عطر و ادکلن مردانه,15169600,15183200,0.09
12413224,گوش پاک کن گل ارکیده خراسان مدل Natural مجموعه 8 عددی,بهداشت و مراقبت بدن,1129000,1130000,0.09
12236218,محلول افتر شیو لفو کد 12 حجم 165 میلی لیتر,لوازم اصلاح مو,598500,599000,0.08
426371,ادوپرفیوم زنانه آرماف مدل Club De Nuit Women حجم 100 میل لیتر,عطر و ادکلن زنانه,12990000,13000000,0.08
52030,کتاب خاطرات سوگواری اثر رولان بارت,کتاب شعر و ادبیات,850200,850900,0.08
733826,کرم ضد آفتاب درمالیفت مدل 50 حجم 40 میلی لیتر,مراقبت پوست,1262000,1263000,0.08
3051421,عطر جیبی زنانه نیچ برند کالکشن مدل 057-Valentina حجم 25 میلی لیتر,عطر جیبی,1700000,1701400,0.08
4125579,ادو پرفیوم زنانه جاسپر پرفیوم مدل MIDNIGHT ROSE حجم 100 میلی لیتر,عطر و ادکلن زنانه,3147500,3150000,0.08
4094217,ساعت مچی عقربه‌ای مردانه سیتی زن مدل AT2140-55E,اکسسوری مردانه,152064000,152190000,0.08
3860710,کیف اداری مردانه چرم آرا مدل e022,اکسسوری مردانه,38570000,38600000,0.08
4842917,دستبند زنانه مدل K82,اکسسوری زنانه,1199100,1200000,0.08
9798485,ماشین اصلاح موی سر و صورت و بدن دی اس پی مدل 90468,اصلاح موی صورت,11990000,12000000,0.08
10274653,ماشین اصلاح موی سر و صورت وی جی ار مدل 696,اصلاح موی سر,12890000,12900000,0.08
11833624,کتاب لحظه های یافتن مجموعه ی روش کاوشگری و پژوهش در کلاس درس برای نوجوانان اثر محبوبه اسپیدکار انتشارات کانون پرورش فکری کودکان و نوجوانان,کتاب کودک و نوجوان,249800,250000,0.08
10271288,ریمل رومانس بیوتی مدل 3-9534,آرایش چشم,1580000,1581100,0.07
10481241,ماسک ایفای نقش مدل نقاب سالوادور دالی,اسباب بازی,870900,871500,0.07
10931796,دستگاه موم گرم کن و ذوب وکس سولار استار مدل 501,اصلاح موی بدن بانوان,2798000,2800000,0.07
9699126,سرپیک شعله افکن مدل  FLAME GON.818,ابزار دستی,3117800,3120000,0.07
7922678,کتاب آدم های سمی اثر لیلیان گلاس انتشارات نگاه آشنا,کتاب فلسفه و روانشناسی,459700,460000,0.07
7863732,نیم بوت مردانه مدل شمس p1 کد 88,کفش مردانه,15110000,15120000,0.07
4546380,ادو پرفیوم مردانه دیوان مدل CHIRAZ حجم 100 میلی لیتر,عطر و ادکلن مردانه,13590000,13600000,0.07
4487938,ویلچر ارتوپدی جی تی اس مدل 901mb,ویلچر,42819900,42849000,0.07
3923569,کاندوم چرچیلز مدل کلاسیک تاخیری بسته 12 عددی به همراه کاندوم چرچیلز مدل شیاردار و خاردار بسته 3 عددی,بهداشت جنسی,684500,685000,0.07
3941559,دستگاه شست و شوی دهان و دندان بی ول مدل WI-922,بهداشت دهان و دندان,31900000,31921500,0.07
4114149, هایلایتر و کانتورینگ تایلامی مدل WONDER STICK شماره 103,آرایش صورت,569600,570000,0.07
4133249,بازی فکری مدل اسپلندور,اسباب بازی,1499000,1500000,0.07
5618051,تبلت اپل مدل iPad Pro 12.9 inch 2021 5G ظرفیت 512 گیگابایت,تبلت,571500000,571900000,0.07
3214642,ساعت مچی دیجیتال اسکمی مدل 1206M-NP,اکسسوری زنانه و مردانه,3347800,3350000,0.07
2843104,شامپو موهای معمولی دیپ سنس مدل Honeysuckle حجم 200 میلی لیتر,شامپو و مراقبت مو,299800,300000,0.07
3568184,ست ایفای نفش طرح ددپول کد D1,اسباب بازی,955300,956000,0.07
2597876,ماشین اصلاح موی سر و صورت دی اس پی مدل 90286,اصلاح موی صورت,7395000,7400000,0.07
2571560,اکسیدان اسکاتس مدل 03 دوازده درصدی حجم 1000 میلی لیتر,آرایش مو,594100,594500,0.07
422118,لگو با فرزندان مدل آجره 45 قطعه,اسباب بازی,3791000,3793800,0.07
12372296,ساعت مچی عقربه‌ای مردانه دیزل مدل سه موتور فعال کورنوگراف استیل,اکسسوری مردانه,14880000,14890000,0.07
12557687,کتاب استراواگانزا 3 اثر ماری هافمن انتشارات هوپا,کتاب کودک و نوجوان,2645300,2647200,0.07
12557778,کتاب چگونه فضانورد شویم اثر شیلا کنانی انتشارات هوپا,کتاب کودک و نوجوان,1118000,1118800,0.07
416315,لگو با فرزندان مدل آجره 70 قطعه,اسباب بازی,4842000,4845000,0.06
242829,کتاب به خاطر فیزیک اثر والتر لوین،وارن گلدستاین,کتاب تاریخ و جغرافیا,1253500,1254300,0.06
32307,ماساژور برقی بیورر MG55,ماساژور,48670000,48700000,0.06
2266287,برچسب پلی استیشن ۴ طرح دلقک کد EL-03 بسته ۲ عددی,لوازم جانبی کنسول بازی,889500,890000,0.06
1909457,ساعت مچی عقربه ای مردانه اسکمی کد 1355,اکسسوری مردانه,8900000,8905000,0.06
3465908,رنگ مو آدونیس پرفکت شماره AP220 حجم 125 میلی لیتر رنگ کاپوچینو,آرایش مو,499500,499800,0.06
3637492,کرم سفت کننده سینره مدل 5342 حجم 40 میلی لیتر,مراقبت پوست,1782000,1783000,0.06
6054413,عروسک طرح نوزاد مدل MV655 ارتفاع 34 سانتی متر به همراه کالسکه,اسباب بازی,5287000,5290000,0.06
6203654,ماشین اصلاح موی سر و صورت وی جی ار مدل V-657,اصلاح موی صورت,7349000,7353500,0.06
6359646,چسب ماتیکی پنتر مدل GS412 کد 21g بسته 2 عددی,لوازم اداری,819500,820000,0.06
6925479,کتاب لاغر استخونی اثر باربارا پارک انتشارات داستان جمعه جلد 1,کتاب شعر و ادبیات,529600,529900,0.06
7993784,ژل شستشو صورت ایلابرت مدل قهوه بلوط حجم 210 میلی لیتر,مراقبت پوست,705800,706200,0.06
7695181,روان نویس مدل پنجه گربه کد 6,نوشت افزار,320000,320200,0.06
9805066,ماسک مو پرو ویکات مدل argan حجم 300 میلی لیتر,شامپو و مراقبت مو,1289800,1290600,0.06
11006981,ست ساعت مچی عقربه ای الگانس مدل سه موتوره کرنوگراف کد AvT-4,اکسسوری زنانه و مردانه,33430000,33450000,0.06
10630533,گوشواره زنانه ژوپینگ مدل هندسه کد AAC-98,اکسسوری زنانه,1998000,1999200,0.06
10593558,عطر جیبی مردانه ان وی مدل بلو چنل حجم 25 میلی لیتر,عطر جیبی,1399200,1400000,0.06
10083031,تونر نیوساد مدل Tea Tree حجم 150 میلی لیتر,مراقبت پوست,350000,350200,0.06
9859820,کفش کالج مردانه مدل پالرمو کد D1341,کفش مردانه,19930000,19940000,0.05
9589155,نرم کننده مو هيرتامين مدل Biotin حجم 207 میلی لیتر,شامپو و مراقبت مو,7594000,7598000,0.05
8605280,دستبند مردانه مدل اسپرت دست ساز  اجری کد 57963,اکسسوری مردانه,387700,387900,0.05
8419379,ماشین بازی کنترلی مدل double e e 517-003,اسباب بازی,20097000,20106400,0.05
8276670,کتاب قصه های شیرین کهن بوستان و گلستان اثر حسین تلخابی انتشارات محمد امین,کتاب کودک و نوجوان,215800,215900,0.05
6925523,کتاب غول کمپوتی اثر طاهره ایبد انتشارات داستان جمعه,کتاب شعر و ادبیات,439700,439900,0.05
7268014,کرم دور چشم الی ژن مدل خاویار حجم 30 میلی لیتر,مراقبت پوست,1755400,1756300,0.05
6186373,تیشرت آستین کوتاه مردانه مدل AR-SP1,لباس مردانه,1895000,1896000,0.05
4240658,محلول پاک کننده آرایش صورت گارنیه مدل Rose حجم 200 میلی لیتر,مراقبت پوست,1895000,1896000,0.05
2884692,ساعت مچی عقربه ای مردانه اسکمی مدل 9210 کد B,اکسسوری مردانه,9267000,9272000,0.05
2613240,قوزبند و کتف بند طب و صنعت مدل 52200,ساپورت های طبی,2980600,2982200,0.05
229987,کتاب سلامتی کامل اثر دیپاک چوپرا,کتاب علوم کاربردی، تکنولوژی و مهندسی,1487300,1488000,0.05
949901,رنگ موی بیجورکا سری Gold 24K شماره 2 حجم 100 میلی لیتر,آرایش مو,620600,620900,0.05
12500937,ادو پرفیوم مردانه فراگرنس ورد مدل ACQUA ROYALE حجم 100 میلی‌لیتر,عطر و ادکلن مردانه,5988300,5991000,0.05
12102532,تی شرت اورسایز آستین کوتاه مردانه پگادور مدل 17681024103,لباس مردانه,7995000,7999000,0.05
12106806,عینک آفتابی زنانه مدل گربه ای کائوچو کد 093 UV400,اکسسوری زنانه,2889700,2891000,0.04
12090877,بازی فکری مدل کارت مافیا سناریو ضد,اسباب بازی,279700,279800,0.04
1529356,دستگاه بخور سرد وکتو مدل HQ - UH812K,دستگاه بخور و رطوبت ساز,19800000,19807500,0.04
424749,کتاب تپلی به مهد کودک می رود اثر گروه نویسندگان,کتاب کودک و نوجوان,279600,279700,0.04
2193473,کرم ضد چروک لورآل سری Revitalift مدل Laser X3 حجم 50 میلی لیتر,مراقبت پوست,7246900,7250000,0.04
3931375,کتاب موجودات چندش آور موش صحرایی اثر الیس گراول انتشارات غنچه ,کتاب کودک و نوجوان,259600,259700,0.04
4045810,چراغ قوه اسمال سان مدل zy-t173,کوه‌ نوردی و صخره نوردی,28490000,28500000,0.04
6067528,ماساژور برقی لفان مدل LF-ZJ007-TGY,ماساژور,78450000,78480000,0.04
5478062,روغن بادام تلخ ویولت مدل شقایق حجم 60 میلی لیتر,بهداشت و مراقبت بدن,233000,233100,0.04
5709565,پد سینه مایا مدل 0012 مجموعه 4 عددی,محافظ و پد سینه,745200,745500,0.04
6964500,کتاب خانواده خرس ها خواب بد اثر استن و جن برنستین نشر موزون,کتاب کودک و نوجوان,517100,517300,0.04
10151118,نیم بوت مردانه چرم آرا مدل sh121 کد S,کفش مردانه,28520000,28530000,0.04
10313916,کفش بسکتبال مدل AJ11 CMFT LOW CW0784-104,کفش زنانه و مردانه,49568000,49590000,0.04
10356922,پلیور مردانه مدل 40198,لباس مردانه,2253000,2254000,0.04
10541939,قمقمه مدل کاور دار طرح سنگ کد 05 گنجایش 0.5 لیتر,لوازم کمپینگ,709500,709800,0.04
11016287,ریمل پیپا مدل DarkQueen شماره 501,آرایش چشم,5098300,5100000,0.03
10656417,کفش بسکتبال مردانه مدل D ROSE10 EH2419,کفش مردانه,32580000,32590000,0.03
11124406,ساعت مچی عقربه ای زنانه برینگ مدل 14531-367,اکسسوری زنانه,29990000,30000000,0.03
11125717,ساعت مچی عقربه ای زنانه برینگ مدل 14531-166,اکسسوری زنانه,29990000,30000000,0.03
8215168,ماسک ایفای نقش مدل مرد عنکبوتی کد HT108017,اسباب بازی,291100,291200,0.03
8123092,کفش مردانه سرزمین چرم کد 831 رنگ عسلی,کفش مردانه,27410000,27418000,0.03
8889616,کفش پیاده روی مدل Ultra Boost 20,کفش زنانه و مردانه,33580000,33590000,0.03
9756460,نیم بوت زنانه کرمانی مدل چرم دستدوز کد 639 رنگ قهوه ای,کفش زنانه,8292600,8295000,0.03
9140082,کفش بسکتبال مردانه مدل D ROSE11 کد FW8510,کفش مردانه,33580000,33590000,0.03
9138473,بوت مردانه اسکای ویو مدل VTS کد 10051,کفش مردانه,38613000,38623000,0.03
3664813,کتاب سنجش سرمایه فکری سازمان اثر دکتر رضا حسنوی و دکتر مجید رمضان نشر دانشگاهی فرهمند,کتاب علوم اجتماعی,349500,349600,0.03
4907786,مداد لب بارین بیوتی شماره 02,آرایش لب,329500,329600,0.03
353689,اسکوتر زرین تویز مدل L2 MC Queen J3,وسایل بازی و تجهیزات پارکی کودک,1989500,1990000,0.03
1111981,صابون شترمرغ ویرگو مدل Ostra وزن 100 گرم,صابون شستشو,678900,679100,0.03
715825,عطر جیبی مردانه اسکوپ مدل Black Afghan حجم 25 میلی‌لیتر,عطر جیبی,1519600,1520000,0.03
771890,رنگ مو مارال سری زیتونی مدل بلوند زیتونی پلاتینه شماره 10.3,آرایش مو,318800,318900,0.03
12023694,چاقو سفری مدل TZ41,لوازم کمپینگ,668400,668600,0.03
12110332,عینک آفتابی زنانه مدل گربه ای کائوچو کد 0124 UV400,اکسسوری زنانه,2259700,2260100,0.02
980923,کرم روشن کننده و ضد لک دست پرودرما مدل Spotvest حجم 40 میلی لیتر,مراقبت پوست,850000,850200,0.02
1000056,پودر پرپشت کننده مو پرفکت کد 06 مقدار 25 گرم رنگ قهوه ای روشن,آرایش مو,503400,503500,0.02
1453426,کرم پودر BB گلدن رز شماره 02 حجم 30 میلی لیتر,آرایش صورت,2964000,2964600,0.02
1470935,رژگونه گلدن رز مدل soft & silk شماره 08,آرایش صورت,2490000,2490500,0.02
1474914,ساختنی فکر آذین مدل هزار سازه,اسباب بازی,4694000,4695000,0.02
1700816,مداد رنگی فابر کاستل مدل Polychromos کد 102,نوشت افزار,894000,894200,0.02
248302,کتاب مثل آب نبات،آموزش مفاهیم پایه 4 اثر ساندرا بوینتون,کتاب کودک و نوجوان,552000,552100,0.02
180502,کتاب فرهنگ معاصر هزاره انگلیسی - فارسی اثر علی محمد حق شناس,کتاب شعر و ادبیات,10970600,10972600,0.02
1846977,ادو پرفیوم مردانه عطرآگین مدل Bijan حجم 50 میلی لیتر,عطر و ادکلن مردانه,952000,952200,0.02
2725630, کتاب چهارتایی‌ها اثر علی بشردانش انتشارات موسسه فرهنگی و هنری خراسان,کتاب کودک و نوجوان,459800,459900,0.02
3013629,کتاب جادوی اپ 13! اثر مریم حاجی لو نشر نیستان,کتاب کودک و نوجوان,549800,549900,0.02
3309843,کتاب 30 قصه 30 شب 4 اثر هدیه افشار انتشارات الماس پارسیان,کتاب کودک و نوجوان,449800,449900,0.02
4854332,ادو پرفیوم زنانه اسمارت کالکشن شماره 323 حجم 100 میلی لیتر,عطر و ادکلن زنانه,2396600,2397000,0.02
4952995,مداد چشم و لب بارین بیوتی شماره 10,آرایش چشم,448400,448500,0.02
5173267,بازی آموزشی اعداد و الفبا مدل MR136 بسته 42 عددی,اسباب بازی,628500,628600,0.02
3763227,کتاب هندبوک پژوهش در راهبرد و آینده نگاری اثر لورا آنا کوستانز و رابرت بردلی منک کی نشر دانشگاهی فرهمند,کتاب علوم اجتماعی,1098600,1098800,0.02
3930955,کرم مرطوب کننده آرت وینا مدل Lanolin Free حجم 75 میلی لیتر,مراقبت پوست,1920700,1921100,0.02
4253558,کرم محافظ پای کودک پسرانه آرت وینا مدل Protective حجم 75 میلی لیتر,لوازم تعویض,1461400,1461700,0.02
7069463,کرم موبر بدن رینبو مدل Aloevra حجم 100 میلی لیتر مجموعه 6 عددی ,لوازم اصلاح مو,1699600,1700000,0.02
7054823,محافظ صفحه نمایش مدل PMMA-X مناسب برای ساعت هوشمند آمازفیت GTS 2 Mini,لوازم جانبی ساعت و مچ بند هوشمند,897100,897300,0.02
6825212,شامپو تثبیت کننده رنگ مو موپک مدل anti brassiness حجم 250 میلی لیتر,شامپو و مراقبت مو,1873300,1873600,0.02
6756258,تراش فکتیس مدل F 8888 بسته 2 عددی,نوشت افزار,449900,450000,0.02
6118063,رنگ مو بیجورکا شماره 6/20 حجم 100 میلی لیتر رنگ شرابی روشن,آرایش مو,590100,590200,0.02
6410284,ست تی شرت و شلوارک پسرانه مدل 555LE,پسرانه,3999000,3999900,0.02
9371733,کفش مردانه سرزمین چرم کد 17393 رنگ قهوه ای,کفش مردانه,26490000,26496000,0.02
9592032,کاپشن پسرانه مدل 111,پسرانه,9005700,9007500,0.02
9988271,کرم ضد لک آردن مدل Rejusport ARG حجم 30 میلی لیتر,مراقبت پوست,2385500,2385900,0.02
8523426,ادو پرفیوم زنانه عماد آرا مدل Memories حجم 100 میلی لیتر,عطر و ادکلن زنانه,4988800,4990000,0.02
7596586,کرم روشن کننده رومینا مدل Vitamin C حجم 50 میلی لیتر,مراقبت پوست,1418600,1418900,0.02
11078656,برنج نیم دانه شمال عطری - 10 کیلو گرم,خوار و بار محلی,4747000,4748000,0.02
10593579,عطر جیبی زنانه ان وی مدل میدنایت رز حجم 25 میلی لیتر ,عطر جیبی,1811700,1812100,0.02
10334574,کت چرم مردانه سرزمین چرم مدل مدل 1400 کد 151058,لباس مردانه,107130000,107136000,0.01
10835995,کتاب ابشالوم، ابشالوم! اثر ویلیام فاکنر انتشارات نیلوفر,کتاب شعر و ادبیات,1679900,1680000,0.01
11240541,فلاسک مدل قلمی کد UNA-1998 گنجایش 1 لیتر,لوازم کمپینگ,7699000,7700000,0.01
11584342,عینک آفتابی زنانه کد 9 UV400,اکسسوری زنانه,3997700,3998000,0.01
7870953,نیم بوت مردانه سرزمین چرم کد 7045,کفش مردانه,41190000,41196000,0.01
8449066,صندل مردانه کروماکی مدل km11582,کفش مردانه,4395600,4396000,0.01
8355850,کیت آموزشی روبویونیک مدل رباتیک حرفه ای,اسباب بازی,6789000,6790000,0.01
8355873,کیت آموزشی روبویونیک مدل رباتیک حرفه ای,اسباب بازی,6789000,6790000,0.01
8149165,کفش مردانه سرزمین چرم کد 422 رنگ عسلی,کفش مردانه,27370000,27372000,0.01
8205959,ساعت مچی عقربه‌ای مردانه اسکمی مدل 1389SB,اکسسوری مردانه,11071000,11071800,0.01
9901832,کتاب آموزش زبان کره ای 3 اثر جمعی از نویسندگان انتشارات دانشیار,کتاب زبان,2100400,2100600,0.01
9273115,شامپو مو پرویت مدل آرگان حجم 350 میلی لیتر,شامپو و مراقبت مو,907900,908000,0.01
9023751,عطر جیبی زنانه ان وی مدل میدنایت رز حجم 25 میلی لیتر,عطر جیبی,1811700,1811900,0.01
5677002,کیف دستی زنانه مدل SAGG,اکسسوری زنانه,989900,990000,0.01
6627352,چسب ناخن مصنوعی دینگ کال مدل DC-518 مجموعه 2 عددی,بهداشت و زیبایی ناخن,959400,959500,0.01
3656584,مسواک برقی اورال-بی مدل Genius8900 مجموعه 2 عددی,بهداشت دهان و دندان,119990000,120000000,0.01
5106640,کرم ضد آفتاب لیپورکس مدل natural 2 حجم 40 میلی لیتر,مراقبت پوست,1680000,1680200,0.01
4808904,ادو پرفیوم زنانه اسمارت کالکشن مدل ایفوریا گلد کد 418 حجم 100 میلی لیتر,عطر و ادکلن زنانه,2255700,2256000,0.01
2712702,ادو پرفیوم زنانه اسمارت کالکشن مدل 201 حجم 100 میلی لیتر,عطر و ادکلن زنانه,2123700,2124000,0.01
2695917,کتاب چهل آهنگ برگزیده برای پیانو اثر ناصر جهان آرای انتشارات چندگاه,کتاب هنر و سرگرمی,1049000,1049100,0.01
185120,کتاب دفتر خاطرات یک مگس اثر دورین کرونین,کتاب کودک و نوجوان,749700,749800,0.01
1563637,بازی آموزشی تک توی مدل کلبه جنگلی کد 92,اسباب بازی,1570300,1570500,0.01
951189,کرم دور چشم الی ژن سری Active Eye Cream مدل Anti Puff And Brightening حجم ۳۰ میلی لیتر,مراقبت پوست,961500,961600,0.01
947773,کتاب اقیانوس انتهای جاده اثر نیل گیمن,کتاب زبان,1298500,1298600,0.01
12109468,عینک آفتابی زنانه مدل پروانه ای کائوچو کد 0106 UV400 ,اکسسوری زنانه,3449700,3450000,0.01
12106635,عینک آفتابی کد 089 UV400,اکسسوری زنانه و مردانه,2449700,2450000,0.01
4498580,ادو پرفیوم اسمارت کالکشن مدل لالیک آمیتیس کد 383 حجم 100 میلی لیتر,عطر و ادکلن زنانه,2195700,2195800,0.0
5694032,دستگاه بخور و رطوبت ساز سرد مدل 550,دستگاه بخور و رطوبت ساز,3889900,3890000,0.0
11444716,حوله نوزاد کارامل مدل 2304 مجموعه 8 عددی,حمام کودک و شست و شو,3589800,3589900,0.0
