2026-08-17 23:45:54,116 | INFO | در حال بارگذاری رکوردهای موجود از دیتابیس (برای resume-safe بودن)...
2026-08-17 23:46:25,220 | INFO | 948285 رکورد در 31.1 ثانیه بارگذاری شد.
2026-08-17 23:46:25,220 | INFO | شروع پردازش چانک‌ها...
2026-08-17 23:46:25,438 | INFO |   -> to_dict/clean: 0.13s | loop(10000): 0.02s | insert(0 ok, 0 failed): 0.00s | update(0): 0.00s | commit: 0.00s
2026-08-17 23:46:25,440 | INFO | چانک 1 | 10000 ردیف | clean: 0.01s | load: 0.15s | جمع کل: 10000 رکورد
2026-08-17 23:46:25,671 | INFO |   -> to_dict/clean: 0.15s | loop(10000): 0.02s | insert(0 ok, 0 failed): 0.00s | update(0): 0.00s | commit: 0.00s
2026-08-17 23:46:25,673 | INFO | چانک 2 | 10000 ردیف | clean: 0.01s | load: 0.17s | جمع کل: 20000 رکورد
2026-08-17 23:46:25,850 | INFO |   -> to_dict/clean: 0.11s | loop(10000): 0.02s | insert(0 ok, 0 failed): 0.00s | update(0): 0.00s | commit: 0.00s
2026-08-17 23:46:25,852 | INFO | چانک 3 | 10000 ردیف | clean: 0.01s | load: 0.13s | جمع کل: 30000 رکورد
2026-08-17 23:46:26,019 | INFO |   -> to_dict/clean: 0.11s | loop(10000): 0.02s | insert(0 ok, 0 failed): 0.00s | update(0): 0.00s | commit: 0.00s
2026-08-17 23:46:26,020 | INFO | چانک 4 | 10000 ردیف | clean: 0.01s | load: 0.13s | جمع کل: 40000 رکورد
2026-08-17 23:46:26,187 | INFO |   -> to_dict/clean: 0.11s | loop(10000): 0.02s | insert(0 ok, 0 failed): 0.00s | update(0): 0.00s | commit: 0.00s
2026-08-17 23:46:26,189 | INFO | چانک 5 | 10000 ردیف | clean: 0.01s | load: 0.13s | جمع کل: 50000 رکورد
2026-08-17 23:46:26,413 | INFO |   -> to_dict/clean: 0.16s | loop(10000): 0.02s | insert(0 ok, 0 failed): 0.00s | update(0): 0.00s | commit: 0.00s
2026-08-17 23:46:26,415 | INFO | چانک 6 | 10000 ردیف | clean: 0.01s | load: 0.18s | جمع کل: 60000 رکورد
2026-08-17 23:46:26,590 | INFO |   -> to_dict/clean: 0.11s | loop(10000): 0.02s | insert(0 ok, 0 failed): 0.00s | update(0): 0.00s | commit: 0.00s
2026-08-17 23:46:26,592 | INFO | چانک 7 | 10000 ردیف | clean: 0.01s | load: 0.13s | جمع کل: 70000 رکورد
2026-08-17 23:46:26,761 | INFO |   -> to_dict/clean: 0.11s | loop(10000): 0.02s | insert(0 ok, 0 failed): 0.00s | update(0): 0.00s | commit: 0.00s
2026-08-17 23:46:26,762 | INFO | چانک 8 | 10000 ردیف | clean: 0.01s | load: 0.13s | جمع کل: 80000 رکورد
2026-08-17 23:46:26,931 | INFO |   -> to_dict/clean: 0.11s | loop(10000): 0.02s | insert(0 ok, 0 failed): 0.00s | update(0): 0.00s | commit: 0.00s
2026-08-17 23:46:26,932 | INFO | چانک 9 | 10000 ردیف | clean: 0.01s | load: 0.13s | جمع کل: 90000 رکورد
2026-08-17 23:46:27,100 | INFO |   -> to_dict/clean: 0.11s | loop(10000): 0.02s | insert(0 ok, 0 failed): 0.00s | update(0): 0.00s | commit: 0.00s
2026-08-17 23:46:27,102 | INFO | چانک 10 | 10000 ردیف | clean: 0.01s | load: 0.13s | جمع کل: 100000 رکورد
2026-08-17 23:46:27,271 | INFO |   -> to_dict/clean: 0.11s | loop(10000): 0.02s | insert(0 ok, 0 failed): 0.00s | update(0): 0.00s | commit: 0.00s
2026-08-17 23:46:27,273 | INFO | چانک 11 | 10000 ردیف | clean: 0.00s | load: 0.13s | جمع کل: 110000 رکورد
2026-08-17 23:46:27,441 | INFO |   -> to_dict/clean: 0.11s | loop(10000): 0.02s | insert(0 ok, 0 failed): 0.00s | update(0): 0.00s | commit: 0.00s
2026-08-17 23:46:27,442 | INFO | چانک 12 | 10000 ردیف | clean: 0.01s | load: 0.13s | جمع کل: 120000 رکورد
2026-08-17 23:46:27,616 | INFO |   -> to_dict/clean: 0.11s | loop(10000): 0.02s | insert(0 ok, 0 failed): 0.00s | update(0): 0.00s | commit: 0.00s
2026-08-17 23:46:27,617 | INFO | چانک 13 | 10000 ردیف | clean: 0.01s | load: 0.13s | جمع کل: 130000 رکورد
2026-08-17 23:46:27,834 | INFO |   -> to_dict/clean: 0.16s | loop(10000): 0.02s | insert(0 ok, 0 failed): 0.00s | update(0): 0.00s | commit: 0.00s
2026-08-17 23:46:27,835 | INFO | چانک 14 | 10000 ردیف | clean: 0.01s | load: 0.17s | جمع کل: 140000 رکورد
2026-08-17 23:46:28,006 | INFO |   -> to_dict/clean: 0.11s | loop(10000): 0.02s | insert(0 ok, 0 failed): 0.00s | update(0): 0.00s | commit: 0.00s
2026-08-17 23:46:28,007 | INFO | چانک 15 | 10000 ردیف | clean: 0.01s | load: 0.13s | جمع کل: 150000 رکورد
2026-08-17 23:46:28,235 | WARNING | رکورد رد شد (id=7500451): DataError: (pyodbc.DataError) ('22003', '[22003] [Microsoft][ODBC Driver 18 for SQL Server][SQL Server]Arithmetic overflow error converting expression to data type int. (8115) (SQLExecDirectW); [22003] [Microsoft][ODBC Driver 18 for SQL Server][SQL Server]The statement has been terminated. (3621)')
[SQL: INSERT INTO products (id, title_fa, rate, rate_cnt, category1, category2, brand, price, seller, is_fake, min_price_last_month, sub_category) VALUES (?, ?, ?, ?, ?, ?, ?, ?, ?, ?, ?, ?)]
[parameters: (7500451, 'ساعت مچی عقربه ای زنانه اگنر مدل A31600-Luxury Box', 0, 0, 'اکسسوری زنانه', 'ساعت زنانه', 'اگنر', 2900000000, 'گالری مختاری نوا', 0, 0, 'clothe')]
(Background on this error at: https://sqlalche.me/e/20/9h9h)
2026-08-17 23:46:28,235 | INFO |   -> to_dict/clean: 0.15s | loop(10000): 0.03s | insert(0 ok, 1 failed): 0.01s | update(0): 0.00s | commit: 0.00s
2026-08-17 23:46:28,235 | INFO | چانک 16 | 10000 ردیف | clean: 0.01s | load: 0.19s | جمع کل: 160000 رکورد
2026-08-17 23:46:28,480 | INFO |   -> to_dict/clean: 0.15s | loop(10000): 0.02s | insert(0 ok, 0 failed): 0.00s | update(0): 0.00s | commit: 0.00s
2026-08-17 23:46:28,481 | INFO | چانک 17 | 10000 ردیف | clean: 0.01s | load: 0.17s | جمع کل: 170000 رکورد
2026-08-17 23:46:28,647 | INFO |   -> to_dict/clean: 0.11s | loop(10000): 0.02s | insert(0 ok, 0 failed): 0.00s | update(0): 0.00s | commit: 0.00s
2026-08-17 23:46:28,649 | INFO | چانک 18 | 10000 ردیف | clean: 0.00s | load: 0.13s | جمع کل: 180000 رکورد
2026-08-17 23:46:28,819 | INFO |   -> to_dict/clean: 0.11s | loop(10000): 0.02s | insert(0 ok, 0 failed): 0.00s | update(0): 0.00s | commit: 0.00s
2026-08-17 23:46:28,820 | INFO | چانک 19 | 10000 ردیف | clean: 0.00s | load: 0.13s | جمع کل: 190000 رکورد
2026-08-17 23:46:28,993 | INFO |   -> to_dict/clean: 0.12s | loop(10000): 0.02s | insert(0 ok, 0 failed): 0.00s | update(0): 0.00s | commit: 0.00s
2026-08-17 23:46:28,994 | INFO | چانک 20 | 10000 ردیف | clean: 0.01s | load: 0.13s | جمع کل: 200000 رکورد
2026-08-17 23:46:29,162 | INFO |   -> to_dict/clean: 0.11s | loop(10000): 0.02s | insert(0 ok, 0 failed): 0.00s | update(0): 0.00s | commit: 0.00s
2026-08-17 23:46:29,164 | INFO | چانک 21 | 10000 ردیف | clean: 0.01s | load: 0.13s | جمع کل: 210000 رکورد
2026-08-17 23:46:29,332 | INFO |   -> to_dict/clean: 0.11s | loop(10000): 0.02s | insert(0 ok, 0 failed): 0.00s | update(0): 0.00s | commit: 0.00s
2026-08-17 23:46:29,333 | INFO | چانک 22 | 10000 ردیف | clean: 0.01s | load: 0.13s | جمع کل: 220000 رکورد
2026-08-17 23:46:29,501 | INFO |   -> to_dict/clean: 0.11s | loop(10000): 0.02s | insert(0 ok, 0 failed): 0.00s | update(0): 0.00s | commit: 0.00s
2026-08-17 23:46:29,502 | INFO | چانک 23 | 10000 ردیف | clean: 0.01s | load: 0.13s | جمع کل: 230000 رکورد
2026-08-17 23:46:29,702 | INFO |   -> to_dict/clean: 0.14s | loop(10000): 0.02s | insert(0 ok, 0 failed): 0.00s | update(0): 0.00s | commit: 0.00s
2026-08-17 23:46:29,703 | INFO | چانک 24 | 10000 ردیف | clean: 0.01s | load: 0.16s | جمع کل: 240000 رکورد
2026-08-17 23:46:29,871 | INFO |   -> to_dict/clean: 0.11s | loop(10000): 0.02s | insert(0 ok, 0 failed): 0.00s | update(0): 0.00s | commit: 0.00s
2026-08-17 23:46:29,872 | INFO | چانک 25 | 10000 ردیف | clean: 0.01s | load: 0.13s | جمع کل: 250000 رکورد
2026-08-17 23:46:30,041 | INFO |   -> to_dict/clean: 0.11s | loop(10000): 0.02s | insert(0 ok, 0 failed): 0.00s | update(0): 0.00s | commit: 0.00s
2026-08-17 23:46:30,043 | INFO | چانک 26 | 10000 ردیف | clean: 0.01s | load: 0.13s | جمع کل: 260000 رکورد
2026-08-17 23:46:30,239 | INFO |   -> to_dict/clean: 0.14s | loop(10000): 0.02s | insert(0 ok, 0 failed): 0.00s | update(0): 0.00s | commit: 0.00s
2026-08-17 23:46:30,241 | INFO | چانک 27 | 10000 ردیف | clean: 0.00s | load: 0.16s | جمع کل: 270000 رکورد
2026-08-17 23:46:30,412 | INFO |   -> to_dict/clean: 0.11s | loop(10000): 0.02s | insert(0 ok, 0 failed): 0.00s | update(0): 0.00s | commit: 0.00s
2026-08-17 23:46:30,414 | INFO | چانک 28 | 10000 ردیف | clean: 0.01s | load: 0.13s | جمع کل: 280000 رکورد
2026-08-17 23:46:30,583 | INFO |   -> to_dict/clean: 0.11s | loop(10000): 0.01s | insert(0 ok, 0 failed): 0.00s | update(0): 0.00s | commit: 0.00s
2026-08-17 23:46:30,585 | INFO | چانک 29 | 10000 ردیف | clean: 0.01s | load: 0.13s | جمع کل: 290000 رکورد
2026-08-17 23:46:30,791 | INFO |   -> to_dict/clean: 0.15s | loop(10000): 0.02s | insert(0 ok, 0 failed): 0.00s | update(0): 0.00s | commit: 0.00s
2026-08-17 23:46:30,792 | INFO | چانک 30 | 10000 ردیف | clean: 0.01s | load: 0.17s | جمع کل: 300000 رکورد
2026-08-17 23:46:30,960 | INFO |   -> to_dict/clean: 0.11s | loop(10000): 0.02s | insert(0 ok, 0 failed): 0.00s | update(0): 0.00s | commit: 0.00s
2026-08-17 23:46:30,962 | INFO | چانک 31 | 10000 ردیف | clean: 0.00s | load: 0.13s | جمع کل: 310000 رکورد
2026-08-17 23:46:31,136 | INFO |   -> to_dict/clean: 0.11s | loop(10000): 0.02s | insert(0 ok, 0 failed): 0.00s | update(0): 0.00s | commit: 0.00s
2026-08-17 23:46:31,139 | INFO | چانک 32 | 10000 ردیف | clean: 0.01s | load: 0.14s | جمع کل: 320000 رکورد
2026-08-17 23:46:31,343 | WARNING | رکورد رد شد (id=11293257): DataError: (pyodbc.DataError) ('22003', '[22003] [Microsoft][ODBC Driver 18 for SQL Server][SQL Server]Arithmetic overflow error converting expression to data type int. (8115) (SQLExecDirectW); [22003] [Microsoft][ODBC Driver 18 for SQL Server][SQL Server]The statement has been terminated. (3621)')
[SQL: INSERT INTO products (id, title_fa, rate, rate_cnt, category1, category2, brand, price, seller, is_fake, min_price_last_month, sub_category) VALUES (?, ?, ?, ?, ?, ?, ?, ?, ?, ?, ?, ?)]
[parameters: (11293257, 'انگشتر نقره مردانه مدل قاجاری فوق کلکسیونی', 0, 0, 'اکسسوری مردانه', 'زیورآلات نقره مردانه', 'متفرقه', 2400000000, 'گالری مستر کاست', 0, 0, 'clothe')]
(Background on this error at: https://sqlalche.me/e/20/9h9h)
2026-08-17 23:46:31,347 | WARNING | رکورد رد شد (id=7336696): DataError: (pyodbc.DataError) ('22003', '[22003] [Microsoft][ODBC Driver 18 for SQL Server][SQL Server]Arithmetic overflow error converting expression to data type int. (8115) (SQLExecDirectW); [22003] [Microsoft][ODBC Driver 18 for SQL Server][SQL Server]The statement has been terminated. (3621)')
[SQL: INSERT INTO products (id, title_fa, rate, rate_cnt, category1, category2, brand, price, seller, is_fake, min_price_last_month, sub_category) VALUES (?, ?, ?, ?, ?, ?, ?, ?, ?, ?, ?, ?)]
[parameters: (7336696, 'ساعت مچی عقربه\u200cای مردانه تگ هویر مدل CAL5111.FC6299', 100, 2, 'اکسسوری مردانه', 'ساعت مردانه', 'تگ هویر', 7645500000, 'آس کالا کمپانی', 0, 7645500000, 'clothe')]
(Background on this error at: https://sqlalche.me/e/20/9h9h)
2026-08-17 23:46:31,347 | INFO |   -> to_dict/clean: 0.11s | loop(10000): 0.02s | insert(0 ok, 2 failed): 0.01s | update(0): 0.00s | commit: 0.00s
2026-08-17 23:46:31,347 | INFO | چانک 33 | 10000 ردیف | clean: 0.01s | load: 0.14s | جمع کل: 330000 رکورد
2026-08-17 23:46:31,584 | INFO |   -> to_dict/clean: 0.15s | loop(10000): 0.02s | insert(0 ok, 0 failed): 0.00s | update(0): 0.00s | commit: 0.00s
2026-08-17 23:46:31,585 | INFO | چانک 34 | 10000 ردیف | clean: 0.01s | load: 0.17s | جمع کل: 340000 رکورد
2026-08-17 23:46:31,795 | INFO |   -> to_dict/clean: 0.15s | loop(10000): 0.02s | insert(0 ok, 0 failed): 0.00s | update(0): 0.00s | commit: 0.00s
2026-08-17 23:46:31,797 | INFO | چانک 35 | 10000 ردیف | clean: 0.00s | load: 0.17s | جمع کل: 350000 رکورد
2026-08-17 23:46:31,974 | WARNING | رکورد رد شد (id=7336696): DataError: (pyodbc.DataError) ('22003', '[22003] [Microsoft][ODBC Driver 18 for SQL Server][SQL Server]Arithmetic overflow error converting expression to data type int. (8115) (SQLExecDirectW); [22003] [Microsoft][ODBC Driver 18 for SQL Server][SQL Server]The statement has been terminated. (3621)')
[SQL: INSERT INTO products (id, title_fa, rate, rate_cnt, category1, category2, brand, price, seller, is_fake, min_price_last_month, sub_category) VALUES (?, ?, ?, ?, ?, ?, ?, ?, ?, ?, ?, ?)]
[parameters: (7336696, 'ساعت مچی عقربه\u200cای مردانه تگ هویر مدل CAL5111.FC6299', 100, 2, 'اکسسوری مردانه', 'ساعت مردانه', 'تگ هویر', 7645500000, 'آس کالا کمپانی', 0, 7645500000, 'clothe')]
(Background on this error at: https://sqlalche.me/e/20/9h9h)
2026-08-17 23:46:31,974 | INFO |   -> to_dict/clean: 0.11s | loop(10000): 0.02s | insert(0 ok, 1 failed): 0.01s | update(0): 0.00s | commit: 0.00s
2026-08-17 23:46:31,974 | INFO | چانک 36 | 10000 ردیف | clean: 0.01s | load: 0.14s | جمع کل: 360000 رکورد
2026-08-17 23:46:32,214 | INFO |   -> to_dict/clean: 0.15s | loop(10000): 0.02s | insert(0 ok, 0 failed): 0.00s | update(0): 0.00s | commit: 0.00s
2026-08-17 23:46:32,215 | INFO | چانک 37 | 10000 ردیف | clean: 0.01s | load: 0.17s | جمع کل: 370000 رکورد
2026-08-17 23:46:32,384 | INFO |   -> to_dict/clean: 0.11s | loop(10000): 0.01s | insert(0 ok, 0 failed): 0.00s | update(0): 0.00s | commit: 0.00s
2026-08-17 23:46:32,386 | INFO | چانک 38 | 10000 ردیف | clean: 0.00s | load: 0.13s | جمع کل: 380000 رکورد
2026-08-17 23:46:32,560 | INFO |   -> to_dict/clean: 0.12s | loop(10000): 0.02s | insert(0 ok, 0 failed): 0.00s | update(0): 0.00s | commit: 0.00s
2026-08-17 23:46:32,561 | INFO | چانک 39 | 10000 ردیف | clean: 0.01s | load: 0.13s | جمع کل: 390000 رکورد
2026-08-17 23:46:32,803 | INFO |   -> to_dict/clean: 0.19s | loop(10000): 0.02s | insert(0 ok, 0 failed): 0.00s | update(0): 0.00s | commit: 0.00s
2026-08-17 23:46:32,805 | INFO | چانک 40 | 10000 ردیف | clean: 0.01s | load: 0.20s | جمع کل: 400000 رکورد
2026-08-17 23:46:32,977 | INFO |   -> to_dict/clean: 0.11s | loop(10000): 0.02s | insert(0 ok, 0 failed): 0.00s | update(0): 0.00s | commit: 0.00s
2026-08-17 23:46:32,979 | INFO | چانک 41 | 10000 ردیف | clean: 0.01s | load: 0.13s | جمع کل: 410000 رکورد
2026-08-17 23:46:33,150 | INFO |   -> to_dict/clean: 0.11s | loop(10000): 0.02s | insert(0 ok, 0 failed): 0.00s | update(0): 0.00s | commit: 0.00s
2026-08-17 23:46:33,151 | INFO | چانک 42 | 10000 ردیف | clean: 0.01s | load: 0.13s | جمع کل: 420000 رکورد
2026-08-17 23:46:33,316 | INFO |   -> to_dict/clean: 0.11s | loop(10000): 0.02s | insert(0 ok, 0 failed): 0.00s | update(0): 0.00s | commit: 0.00s
2026-08-17 23:46:33,317 | INFO | چانک 43 | 10000 ردیف | clean: 0.01s | load: 0.13s | جمع کل: 430000 رکورد
2026-08-17 23:46:33,496 | INFO |   -> to_dict/clean: 0.12s | loop(10000): 0.02s | insert(0 ok, 0 failed): 0.00s | update(0): 0.00s | commit: 0.00s
2026-08-17 23:46:33,498 | INFO | چانک 44 | 10000 ردیف | clean: 0.01s | load: 0.14s | جمع کل: 440000 رکورد
2026-08-17 23:46:33,691 | INFO |   -> to_dict/clean: 0.11s | loop(10000): 0.02s | insert(0 ok, 0 failed): 0.00s | update(0): 0.00s | commit: 0.00s
2026-08-17 23:46:33,692 | INFO | چانک 45 | 10000 ردیف | clean: 0.01s | load: 0.13s | جمع کل: 450000 رکورد
2026-08-17 23:46:33,855 | INFO |   -> to_dict/clean: 0.11s | loop(10000): 0.01s | insert(0 ok, 0 failed): 0.00s | update(0): 0.00s | commit: 0.00s
2026-08-17 23:46:33,856 | INFO | چانک 46 | 10000 ردیف | clean: 0.01s | load: 0.12s | جمع کل: 460000 رکورد
2026-08-17 23:46:34,028 | INFO |   -> to_dict/clean: 0.11s | loop(10000): 0.02s | insert(0 ok, 0 failed): 0.00s | update(0): 0.00s | commit: 0.00s
2026-08-17 23:46:34,029 | INFO | چانک 47 | 10000 ردیف | clean: 0.01s | load: 0.13s | جمع کل: 470000 رکورد
2026-08-17 23:46:34,196 | INFO |   -> to_dict/clean: 0.11s | loop(10000): 0.02s | insert(0 ok, 0 failed): 0.00s | update(0): 0.00s | commit: 0.00s
2026-08-17 23:46:34,197 | INFO | چانک 48 | 10000 ردیف | clean: 0.01s | load: 0.13s | جمع کل: 480000 رکورد
2026-08-17 23:46:34,365 | INFO |   -> to_dict/clean: 0.11s | loop(10000): 0.02s | insert(0 ok, 0 failed): 0.00s | update(0): 0.00s | commit: 0.00s
2026-08-17 23:46:34,367 | INFO | چانک 49 | 10000 ردیف | clean: 0.01s | load: 0.13s | جمع کل: 490000 رکورد
2026-08-17 23:46:34,536 | INFO |   -> to_dict/clean: 0.11s | loop(10000): 0.02s | insert(0 ok, 0 failed): 0.00s | update(0): 0.00s | commit: 0.00s
2026-08-17 23:46:34,538 | INFO | چانک 50 | 10000 ردیف | clean: 0.01s | load: 0.13s | جمع کل: 500000 رکورد
2026-08-17 23:46:34,703 | INFO |   -> to_dict/clean: 0.11s | loop(10000): 0.02s | insert(0 ok, 0 failed): 0.00s | update(0): 0.00s | commit: 0.00s
2026-08-17 23:46:34,705 | INFO | چانک 51 | 10000 ردیف | clean: 0.00s | load: 0.13s | جمع کل: 510000 رکورد
2026-08-17 23:46:34,910 | INFO |   -> to_dict/clean: 0.14s | loop(10000): 0.02s | insert(0 ok, 0 failed): 0.00s | update(0): 0.00s | commit: 0.00s
2026-08-17 23:46:34,911 | INFO | چانک 52 | 10000 ردیف | clean: 0.01s | load: 0.16s | جمع کل: 520000 رکورد
2026-08-17 23:46:35,084 | INFO |   -> to_dict/clean: 0.11s | loop(10000): 0.02s | insert(0 ok, 0 failed): 0.00s | update(0): 0.00s | commit: 0.00s
2026-08-17 23:46:35,085 | INFO | چانک 53 | 10000 ردیف | clean: 0.00s | load: 0.13s | جمع کل: 530000 رکورد
2026-08-17 23:46:35,251 | INFO |   -> to_dict/clean: 0.11s | loop(10000): 0.01s | insert(0 ok, 0 failed): 0.00s | update(0): 0.00s | commit: 0.00s
2026-08-17 23:46:35,252 | INFO | چانک 54 | 10000 ردیف | clean: 0.01s | load: 0.13s | جمع کل: 540000 رکورد
2026-08-17 23:46:35,423 | INFO |   -> to_dict/clean: 0.11s | loop(10000): 0.02s | insert(0 ok, 0 failed): 0.00s | update(0): 0.00s | commit: 0.00s
2026-08-17 23:46:35,424 | INFO | چانک 55 | 10000 ردیف | clean: 0.01s | load: 0.13s | جمع کل: 550000 رکورد
2026-08-17 23:46:35,592 | INFO |   -> to_dict/clean: 0.11s | loop(10000): 0.02s | insert(0 ok, 0 failed): 0.00s | update(0): 0.00s | commit: 0.00s
2026-08-17 23:46:35,594 | INFO | چانک 56 | 10000 ردیف | clean: 0.01s | load: 0.13s | جمع کل: 560000 رکورد
2026-08-17 23:46:35,776 | INFO |   -> to_dict/clean: 0.11s | loop(10000): 0.03s | insert(0 ok, 0 failed): 0.00s | update(0): 0.00s | commit: 0.00s
2026-08-17 23:46:35,778 | INFO | چانک 57 | 10000 ردیف | clean: 0.01s | load: 0.14s | جمع کل: 570000 رکورد
2026-08-17 23:46:35,967 | INFO |   -> to_dict/clean: 0.11s | loop(10000): 0.02s | insert(0 ok, 0 failed): 0.00s | update(0): 0.00s | commit: 0.00s
2026-08-17 23:46:35,969 | INFO | چانک 58 | 10000 ردیف | clean: 0.01s | load: 0.13s | جمع کل: 580000 رکورد
2026-08-17 23:46:36,141 | INFO |   -> to_dict/clean: 0.11s | loop(10000): 0.02s | insert(0 ok, 0 failed): 0.00s | update(0): 0.00s | commit: 0.00s
2026-08-17 23:46:36,143 | INFO | چانک 59 | 10000 ردیف | clean: 0.01s | load: 0.13s | جمع کل: 590000 رکورد
2026-08-17 23:46:36,311 | INFO |   -> to_dict/clean: 0.11s | loop(10000): 0.01s | insert(0 ok, 0 failed): 0.00s | update(0): 0.00s | commit: 0.00s
2026-08-17 23:46:36,312 | INFO | چانک 60 | 10000 ردیف | clean: 0.01s | load: 0.13s | جمع کل: 600000 رکورد
2026-08-17 23:46:36,481 | INFO |   -> to_dict/clean: 0.11s | loop(10000): 0.01s | insert(0 ok, 0 failed): 0.00s | update(0): 0.00s | commit: 0.00s
2026-08-17 23:46:36,482 | INFO | چانک 61 | 10000 ردیف | clean: 0.01s | load: 0.13s | جمع کل: 610000 رکورد
2026-08-17 23:46:36,650 | INFO |   -> to_dict/clean: 0.11s | loop(10000): 0.02s | insert(0 ok, 0 failed): 0.00s | update(0): 0.00s | commit: 0.00s
2026-08-17 23:46:36,651 | INFO | چانک 62 | 10000 ردیف | clean: 0.01s | load: 0.13s | جمع کل: 620000 رکورد
2026-08-17 23:46:36,826 | INFO |   -> to_dict/clean: 0.12s | loop(10000): 0.01s | insert(0 ok, 0 failed): 0.00s | update(0): 0.00s | commit: 0.00s
2026-08-17 23:46:36,828 | INFO | چانک 63 | 10000 ردیف | clean: 0.00s | load: 0.14s | جمع کل: 630000 رکورد
2026-08-17 23:46:37,004 | WARNING | رکورد رد شد (id=10319122): DataError: (pyodbc.DataError) ('22003', '[22003] [Microsoft][ODBC Driver 18 for SQL Server][SQL Server]Arithmetic overflow error converting expression to data type int. (8115) (SQLExecDirectW); [22003] [Microsoft][ODBC Driver 18 for SQL Server][SQL Server]The statement has been terminated. (3621)')
[SQL: INSERT INTO products (id, title_fa, rate, rate_cnt, category1, category2, brand, price, seller, is_fake, min_price_last_month, sub_category) VALUES (?, ?, ?, ?, ?, ?, ?, ?, ?, ?, ?, ?)]
[parameters: (10319122, 'دستبند طلا 18 عیار زنانه مدل 14902', 0, 0, 'زیورآلات طلا زنانه', 'دستبند طلا زنانه', 'متفرقه', 2758000000, 'جواهری سروری', 0, 0, 'clothe')]
(Background on this error at: https://sqlalche.me/e/20/9h9h)
2026-08-17 23:46:37,008 | WARNING | رکورد رد شد (id=10412371): DataError: (pyodbc.DataError) ('22003', '[22003] [Microsoft][ODBC Driver 18 for SQL Server][SQL Server]Arithmetic overflow error converting expression to data type int. (8115) (SQLExecDirectW); [22003] [Microsoft][ODBC Driver 18 for SQL Server][SQL Server]The statement has been terminated. (3621)')
[SQL: INSERT INTO products (id, title_fa, rate, rate_cnt, category1, category2, brand, price, seller, is_fake, min_price_last_month, sub_category) VALUES (?, ?, ?, ?, ?, ?, ?, ?, ?, ?, ?, ?)]
[parameters: (10412371, 'انگشتر طلا 18 عیار زنانه جواهری سروری مدل 14959', 0, 0, 'زیورآلات طلا زنانه', 'انگشتر طلا زنانه', 'متفرقه', 2332000000, 'جواهری سروری', 0, 0, 'clothe')]
(Background on this error at: https://sqlalche.me/e/20/9h9h)
2026-08-17 23:46:37,012 | WARNING | رکورد رد شد (id=11487975): DataError: (pyodbc.DataError) ('22003', '[22003] [Microsoft][ODBC Driver 18 for SQL Server][SQL Server]Arithmetic overflow error converting expression to data type int. (8115) (SQLExecDirectW); [22003] [Microsoft][ODBC Driver 18 for SQL Server][SQL Server]The statement has been terminated. (3621)')
[SQL: INSERT INTO products (id, title_fa, rate, rate_cnt, category1, category2, brand, price, seller, is_fake, min_price_last_month, sub_category) VALUES (?, ?, ?, ?, ?, ?, ?, ?, ?, ?, ?, ?)]
[parameters: (11487975, 'انگشتر طلا 18 عیار زنانه جواهری سُروری مدل 14897', 0, 0, 'زیورآلات طلا زنانه', 'انگشتر طلا زنانه', 'متفرقه', 2323000000, 'جواهری سروری', 0, 0, 'clothe')]
(Background on this error at: https://sqlalche.me/e/20/9h9h)
2026-08-17 23:46:37,016 | WARNING | رکورد رد شد (id=10551659): DataError: (pyodbc.DataError) ('22003', '[22003] [Microsoft][ODBC Driver 18 for SQL Server][SQL Server]Arithmetic overflow error converting expression to data type int. (8115) (SQLExecDirectW); [22003] [Microsoft][ODBC Driver 18 for SQL Server][SQL Server]The statement has been terminated. (3621)')
[SQL: INSERT INTO products (id, title_fa, rate, rate_cnt, category1, category2, brand, price, seller, is_fake, min_price_last_month, sub_category) VALUES (?, ?, ?, ?, ?, ?, ?, ?, ?, ?, ?, ?)]
[parameters: (10551659, 'انگشتر طلا 18 عیار زنانه جواهری سروری  مدل 14905', 0, 0, 'زیورآلات طلا زنانه', 'انگشتر طلا زنانه', 'متفرقه', 2277000000, 'جواهری سروری', 0, 0, 'clothe')]
(Background on this error at: https://sqlalche.me/e/20/9h9h)
2026-08-17 23:46:37,020 | WARNING | رکورد رد شد (id=10677349): DataError: (pyodbc.DataError) ('22003', '[22003] [Microsoft][ODBC Driver 18 for SQL Server][SQL Server]Arithmetic overflow error converting expression to data type int. (8115) (SQLExecDirectW); [22003] [Microsoft][ODBC Driver 18 for SQL Server][SQL Server]The statement has been terminated. (3621)')
[SQL: INSERT INTO products (id, title_fa, rate, rate_cnt, category1, category2, brand, price, seller, is_fake, min_price_last_month, sub_category) VALUES (?, ?, ?, ?, ?, ?, ?, ?, ?, ?, ?, ?)]
[parameters: (10677349, 'گردنبند طلا 18 عیار زنانه مدل 14958', 0, 0, 'زیورآلات طلا زنانه', 'گردنبند طلا زنانه', 'متفرقه', 2736000000, 'جواهری سروری', 0, 0, 'clothe')]
(Background on this error at: https://sqlalche.me/e/20/9h9h)
2026-08-17 23:46:37,024 | WARNING | رکورد رد شد (id=12176420): DataError: (pyodbc.DataError) ('22003', '[22003] [Microsoft][ODBC Driver 18 for SQL Server][SQL Server]Arithmetic overflow error converting expression to data type int. (8115) (SQLExecDirectW); [22003] [Microsoft][ODBC Driver 18 for SQL Server][SQL Server]The statement has been terminated. (3621)')
[SQL: INSERT INTO products (id, title_fa, rate, rate_cnt, category1, category2, brand, price, seller, is_fake, min_price_last_month, sub_category) VALUES (?, ?, ?, ?, ?, ?, ?, ?, ?, ?, ?, ?)]
[parameters: (12176420, 'انگشتر طلا 18 عیار زنانه جواهری سُروری مدل 15359', 0, 0, 'زیورآلات طلا زنانه', 'انگشتر طلا زنانه', 'متفرقه', 2267000000, 'جواهری سروری', 0, 0, 'clothe')]
(Background on this error at: https://sqlalche.me/e/20/9h9h)
2026-08-17 23:46:37,028 | WARNING | رکورد رد شد (id=9768360): DataError: (pyodbc.DataError) ('22003', '[22003] [Microsoft][ODBC Driver 18 for SQL Server][SQL Server]Arithmetic overflow error converting expression to data type int. (8115) (SQLExecDirectW); [22003] [Microsoft][ODBC Driver 18 for SQL Server][SQL Server]The statement has been terminated. (3621)')
[SQL: INSERT INTO products (id, title_fa, rate, rate_cnt, category1, category2, brand, price, seller, is_fake, min_price_last_month, sub_category) VALUES (?, ?, ?, ?, ?, ?, ?, ?, ?, ?, ?, ?)]
[parameters: (9768360, 'دستبند النگویی طلا 18 عیار زنانه مدل 14815', 0, 0, 'زیورآلات طلا زنانه', 'دستبند طلا زنانه', 'متفرقه', 2475000000, 'جواهری سروری', 0, 0, 'clothe')]
(Background on this error at: https://sqlalche.me/e/20/9h9h)
2026-08-17 23:46:37,031 | WARNING | رکورد رد شد (id=9768655): DataError: (pyodbc.DataError) ('22003', '[22003] [Microsoft][ODBC Driver 18 for SQL Server][SQL Server]Arithmetic overflow error converting expression to data type int. (8115) (SQLExecDirectW); [22003] [Microsoft][ODBC Driver 18 for SQL Server][SQL Server]The statement has been terminated. (3621)')
[SQL: INSERT INTO products (id, title_fa, rate, rate_cnt, category1, category2, brand, price, seller, is_fake, min_price_last_month, sub_category) VALUES (?, ?, ?, ?, ?, ?, ?, ?, ?, ?, ?, ?)]
[parameters: (9768655, 'گردنبند طلا 18 عیار زنانه مدل 14867', 0, 0, 'زیورآلات طلا زنانه', 'گردنبند طلا زنانه', 'متفرقه', 2336000000, 'جواهری سروری', 0, 0, 'clothe')]
(Background on this error at: https://sqlalche.me/e/20/9h9h)
2026-08-17 23:46:37,035 | WARNING | رکورد رد شد (id=9768276): DataError: (pyodbc.DataError) ('22003', '[22003] [Microsoft][ODBC Driver 18 for SQL Server][SQL Server]Arithmetic overflow error converting expression to data type int. (8115) (SQLExecDirectW); [22003] [Microsoft][ODBC Driver 18 for SQL Server][SQL Server]The statement has been terminated. (3621)')
[SQL: INSERT INTO products (id, title_fa, rate, rate_cnt, category1, category2, brand, price, seller, is_fake, min_price_last_month, sub_category) VALUES (?, ?, ?, ?, ?, ?, ?, ?, ?, ?, ?, ?)]
[parameters: (9768276, 'دستبند النگویی طلا 18 عیار زنانه مدل 14819', 0, 0, 'زیورآلات طلا زنانه', 'دستبند طلا زنانه', 'متفرقه', 2419000000, 'جواهری سروری', 0, 0, 'clothe')]
(Background on this error at: https://sqlalche.me/e/20/9h9h)
2026-08-17 23:46:37,036 | INFO |   -> to_dict/clean: 0.11s | loop(10000): 0.02s | insert(0 ok, 9 failed): 0.04s | update(0): 0.00s | commit: 0.00s
2026-08-17 23:46:37,036 | INFO | چانک 64 | 10000 ردیف | clean: 0.00s | load: 0.17s | جمع کل: 640000 رکورد
2026-08-17 23:46:37,271 | INFO |   -> to_dict/clean: 0.15s | loop(10000): 0.02s | insert(0 ok, 0 failed): 0.00s | update(0): 0.00s | commit: 0.00s
2026-08-17 23:46:37,272 | INFO | چانک 65 | 10000 ردیف | clean: 0.00s | load: 0.17s | جمع کل: 650000 رکورد
2026-08-17 23:46:37,446 | INFO |   -> to_dict/clean: 0.11s | loop(10000): 0.02s | insert(0 ok, 0 failed): 0.00s | update(0): 0.00s | commit: 0.00s
2026-08-17 23:46:37,447 | INFO | چانک 66 | 10000 ردیف | clean: 0.01s | load: 0.13s | جمع کل: 660000 رکورد
2026-08-17 23:46:37,620 | INFO |   -> to_dict/clean: 0.11s | loop(10000): 0.02s | insert(0 ok, 0 failed): 0.00s | update(0): 0.00s | commit: 0.00s
2026-08-17 23:46:37,621 | INFO | چانک 67 | 10000 ردیف | clean: 0.01s | load: 0.13s | جمع کل: 670000 رکورد
2026-08-17 23:46:37,794 | INFO |   -> to_dict/clean: 0.11s | loop(10000): 0.02s | insert(0 ok, 0 failed): 0.00s | update(0): 0.00s | commit: 0.00s
2026-08-17 23:46:37,797 | INFO | چانک 68 | 10000 ردیف | clean: 0.01s | load: 0.13s | جمع کل: 680000 رکورد
2026-08-17 23:46:38,001 | INFO |   -> to_dict/clean: 0.11s | loop(10000): 0.02s | insert(0 ok, 0 failed): 0.00s | update(0): 0.00s | commit: 0.00s
2026-08-17 23:46:38,003 | INFO | چانک 69 | 10000 ردیف | clean: 0.01s | load: 0.13s | جمع کل: 690000 رکورد
2026-08-17 23:46:38,181 | WARNING | رکورد رد شد (id=7894254): DataError: (pyodbc.DataError) ('22003', '[22003] [Microsoft][ODBC Driver 18 for SQL Server][SQL Server]Arithmetic overflow error converting expression to data type int. (8115) (SQLExecDirectW); [22003] [Microsoft][ODBC Driver 18 for SQL Server][SQL Server]The statement has been terminated. (3621)')
[SQL: INSERT INTO products (id, title_fa, rate, rate_cnt, category1, category2, brand, price, seller, is_fake, min_price_last_month, sub_category) VALUES (?, ?, ?, ?, ?, ?, ?, ?, ?, ?, ?, ?)]
[parameters: (7894254, 'فرش دستباف شش و نیم متری طرح هریس مدل حریر HA یک جفت', 0, 0, 'فرش', 'فرش دستبافت', 'متفرقه', 2200000000, 'بوستان امید', 0, 0, 'book & stationary & art')]
(Background on this error at: https://sqlalche.me/e/20/9h9h)
2026-08-17 23:46:38,184 | WARNING | رکورد رد شد (id=10908635): DataError: (pyodbc.DataError) ('22003', '[22003] [Microsoft][ODBC Driver 18 for SQL Server][SQL Server]Arithmetic overflow error converting expression to data type int. (8115) (SQLExecDirectW); [22003] [Microsoft][ODBC Driver 18 for SQL Server][SQL Server]The statement has been terminated. (3621)')
[SQL: INSERT INTO products (id, title_fa, rate, rate_cnt, category1, category2, brand, price, seller, is_fake, min_price_last_month, sub_category) VALUES (?, ?, ?, ?, ?, ?, ?, ?, ?, ?, ?, ?)]
[parameters: (10908635, 'فرش دستباف شش متری طرح خشتی مدل AA یک جفت', 0, 0, 'فرش', 'فرش دستبافت', 'متفرقه', 2600000000, 'فروتن مارکت', 0, 0, 'book & stationary & art')]
(Background on this error at: https://sqlalche.me/e/20/9h9h)
2026-08-17 23:46:38,188 | WARNING | رکورد رد شد (id=5175397): DataError: (pyodbc.DataError) ('22003', '[22003] [Microsoft][ODBC Driver 18 for SQL Server][SQL Server]Arithmetic overflow error converting expression to data type int. (8115) (SQLExecDirectW); [22003] [Microsoft][ODBC Driver 18 for SQL Server][SQL Server]The statement has been terminated. (3621)')
[SQL: INSERT INTO products (id, title_fa, rate, rate_cnt, category1, category2, brand, price, seller, is_fake, min_price_last_month, sub_category) VALUES (?, ?, ?, ?, ?, ?, ?, ?, ?, ?, ?, ?)]
[parameters: (5175397, 'فرش دستبافت سه متری مدل تبریز ایلیاتی کد 1000', 0, 0, 'فرش', 'فرش قدیمی', 'متفرقه', 2500000000, 'دکراتیو', 0, 0, 'book & stationary & art')]
(Background on this error at: https://sqlalche.me/e/20/9h9h)
2026-08-17 23:46:38,192 | WARNING | رکورد رد شد (id=7345084): DataError: (pyodbc.DataError) ('22003', '[22003] [Microsoft][ODBC Driver 18 for SQL Server][SQL Server]Arithmetic overflow error converting expression to data type int. (8115) (SQLExecDirectW); [22003] [Microsoft][ODBC Driver 18 for SQL Server][SQL Server]The statement has been terminated. (3621)')
[SQL: INSERT INTO products (id, title_fa, rate, rate_cnt, category1, category2, brand, price, seller, is_fake, min_price_last_month, sub_category) VALUES (?, ?, ?, ?, ?, ?, ?, ?, ?, ?, ?, ?)]
[parameters: (7345084, 'فرش دستبافت شش متری مدل نامی تبریز کد 903', 0, 0, 'فرش', 'فرش دستبافت', 'متفرقه', 2910000000, 'فرش نایین اصل', 0, 0, 'book & stationary & art')]
(Background on this error at: https://sqlalche.me/e/20/9h9h)
2026-08-17 23:46:38,196 | WARNING | رکورد رد شد (id=5560886): DataError: (pyodbc.DataError) ('22003', '[22003] [Microsoft][ODBC Driver 18 for SQL Server][SQL Server]Arithmetic overflow error converting expression to data type int. (8115) (SQLExecDirectW); [22003] [Microsoft][ODBC Driver 18 for SQL Server][SQL Server]The statement has been terminated. (3621)')
[SQL: INSERT INTO products (id, title_fa, rate, rate_cnt, category1, category2, brand, price, seller, is_fake, min_price_last_month, sub_category) VALUES (?, ?, ?, ?, ?, ?, ?, ?, ?, ?, ?, ?)]
[parameters: (5560886, 'فرش دستباف دوازده متری سی پرشیا کد 187253', 0, 0, 'فرش', 'فرش دستبافت', 'سی پرشیا', 2490000000, 'سی پرشیا', 0, 0, 'book & stationary & art')]
(Background on this error at: https://sqlalche.me/e/20/9h9h)
2026-08-17 23:46:38,200 | WARNING | رکورد رد شد (id=7894236): DataError: (pyodbc.DataError) ('22003', '[22003] [Microsoft][ODBC Driver 18 for SQL Server][SQL Server]Arithmetic overflow error converting expression to data type int. (8115) (SQLExecDirectW); [22003] [Microsoft][ODBC Driver 18 for SQL Server][SQL Server]The statement has been terminated. (3621)')
[SQL: INSERT INTO products (id, title_fa, rate, rate_cnt, category1, category2, brand, price, seller, is_fake, min_price_last_month, sub_category) VALUES (?, ?, ?, ?, ?, ?, ?, ?, ?, ?, ?, ?)]
[parameters: (7894236, 'فرش دستباف شش متری طرح هریس مدل حریر HA یک جفت', 0, 0, 'فرش', 'فرش دستبافت', 'متفرقه', 2200000000, 'بوستان امید', 0, 0, 'book & stationary & art')]
(Background on this error at: https://sqlalche.me/e/20/9h9h)
2026-08-17 23:46:38,204 | WARNING | رکورد رد شد (id=11522842): DataError: (pyodbc.DataError) ('22003', '[22003] [Microsoft][ODBC Driver 18 for SQL Server][SQL Server]Arithmetic overflow error converting expression to data type int. (8115) (SQLExecDirectW); [22003] [Microsoft][ODBC Driver 18 for SQL Server][SQL Server]The statement has been terminated. (3621)')
[SQL: INSERT INTO products (id, title_fa, rate, rate_cnt, category1, category2, brand, price, seller, is_fake, min_price_last_month, sub_category) VALUES (?, ?, ?, ?, ?, ?, ?, ?, ?, ?, ?, ?)]
[parameters: (11522842, 'فرش دستبافت سه متری طرح علیای تبریز کد SH 16 یک جفت', 0, 0, 'فرش', 'فرش دستبافت', 'متفرقه', 2375000000, 'فرش حریر ایران زمین', 0, 0, 'book & stationary & art')]
(Background on this error at: https://sqlalche.me/e/20/9h9h)
2026-08-17 23:46:38,208 | WARNING | رکورد رد شد (id=7510164): DataError: (pyodbc.DataError) ('22003', '[22003] [Microsoft][ODBC Driver 18 for SQL Server][SQL Server]Arithmetic overflow error converting expression to data type int. (8115) (SQLExecDirectW); [22003] [Microsoft][ODBC Driver 18 for SQL Server][SQL Server]The statement has been terminated. (3621)')
[SQL: INSERT INTO products (id, title_fa, rate, rate_cnt, category1, category2, brand, price, seller, is_fake, min_price_last_month, sub_category) VALUES (?, ?, ?, ?, ?, ?, ?, ?, ?, ?, ?, ?)]
[parameters: (7510164, 'فرش دستبافت نه متری مدل چله و گل ابریشم تبریز نقشه گنبدی کد h10', 0, 0, 'فرش', 'فرش دستبافت', 'متفرقه', 2480000000, 'منصوری کارپت', 0, 0, 'book & stationary & art')]
(Background on this error at: https://sqlalche.me/e/20/9h9h)
2026-08-17 23:46:38,212 | WARNING | رکورد رد شد (id=6579596): DataError: (pyodbc.DataError) ('22003', '[22003] [Microsoft][ODBC Driver 18 for SQL Server][SQL Server]Arithmetic overflow error converting expression to data type int. (8115) (SQLExecDirectW); [22003] [Microsoft][ODBC Driver 18 for SQL Server][SQL Server]The statement has been terminated. (3621)')
[SQL: INSERT INTO products (id, title_fa, rate, rate_cnt, category1, category2, brand, price, seller, is_fake, min_price_last_month, sub_category) VALUES (?, ?, ?, ?, ?, ?, ?, ?, ?, ?, ?, ?)]
[parameters: (6579596, 'فرش دستباف سه متری سی پرشیا کد 102478', 0, 0, 'فرش', 'فرش دستبافت', 'سی پرشیا', 2550000000, 'سی پرشیا', 0, 0, 'book & stationary & art')]
(Background on this error at: https://sqlalche.me/e/20/9h9h)
2026-08-17 23:46:38,216 | WARNING | رکورد رد شد (id=5560824): DataError: (pyodbc.DataError) ('22003', '[22003] [Microsoft][ODBC Driver 18 for SQL Server][SQL Server]Arithmetic overflow error converting expression to data type int. (8115) (SQLExecDirectW); [22003] [Microsoft][ODBC Driver 18 for SQL Server][SQL Server]The statement has been terminated. (3621)')
[SQL: INSERT INTO products (id, title_fa, rate, rate_cnt, category1, category2, brand, price, seller, is_fake, min_price_last_month, sub_category) VALUES (?, ?, ?, ?, ?, ?, ?, ?, ?, ?, ?, ?)]
[parameters: (5560824, 'فرش دستباف دوازده متری سی پرشیا کد 187252', 0, 0, 'فرش', 'فرش دستبافت', 'سی پرشیا', 2490000000, 'سی پرشیا', 0, 0, 'book & stationary & art')]
(Background on this error at: https://sqlalche.me/e/20/9h9h)
2026-08-17 23:46:38,220 | WARNING | رکورد رد شد (id=7631104): DataError: (pyodbc.DataError) ('22003', '[22003] [Microsoft][ODBC Driver 18 for SQL Server][SQL Server]Arithmetic overflow error converting expression to data type int. (8115) (SQLExecDirectW); [22003] [Microsoft][ODBC Driver 18 for SQL Server][SQL Server]The statement has been terminated. (3621)')
[SQL: INSERT INTO products (id, title_fa, rate, rate_cnt, category1, category2, brand, price, seller, is_fake, min_price_last_month, sub_category) VALUES (?, ?, ?, ?, ?, ?, ?, ?, ?, ?, ?, ?)]
[parameters: (7631104, 'فرش دستباف چهارمتری طرح خشتی مدل AA یک جفت', 0, 0, 'فرش', 'فرش دستبافت', 'متفرقه', 2300000000, 'بوستان سنقر', 0, 0, 'book & stationary & art')]
(Background on this error at: https://sqlalche.me/e/20/9h9h)
2026-08-17 23:46:38,223 | WARNING | رکورد رد شد (id=12204709): DataError: (pyodbc.DataError) ('22003', '[22003] [Microsoft][ODBC Driver 18 for SQL Server][SQL Server]Arithmetic overflow error converting expression to data type int. (8115) (SQLExecDirectW); [22003] [Microsoft][ODBC Driver 18 for SQL Server][SQL Server]The statement has been terminated. (3621)')
[SQL: INSERT INTO products (id, title_fa, rate, rate_cnt, category1, category2, brand, price, seller, is_fake, min_price_last_month, sub_category) VALUES (?, ?, ?, ?, ?, ?, ?, ?, ?, ?, ?, ?)]
[parameters: (12204709, 'فرش دستباف پنج و نیم متری سی پرشیا کد 183102', 0, 0, 'فرش', 'فرش دستبافت', 'سی پرشیا', 2450000000, 'سی پرشیا', 0, 0, 'book & stationary & art')]
(Background on this error at: https://sqlalche.me/e/20/9h9h)
2026-08-17 23:46:38,227 | WARNING | رکورد رد شد (id=7894215): DataError: (pyodbc.DataError) ('22003', '[22003] [Microsoft][ODBC Driver 18 for SQL Server][SQL Server]Arithmetic overflow error converting expression to data type int. (8115) (SQLExecDirectW); [22003] [Microsoft][ODBC Driver 18 for SQL Server][SQL Server]The statement has been terminated. (3621)')
[SQL: INSERT INTO products (id, title_fa, rate, rate_cnt, category1, category2, brand, price, seller, is_fake, min_price_last_month, sub_category) VALUES (?, ?, ?, ?, ?, ?, ?, ?, ?, ?, ?, ?)]
[parameters: (7894215, 'فرش دستباف پنج و نیم متری طرح هریس مدل حریر  HA یک جفت', 0, 0, 'فرش', 'فرش دستبافت', 'متفرقه', 2200000000, 'بوستان امید', 0, 0, 'book & stationary & art')]
(Background on this error at: https://sqlalche.me/e/20/9h9h)
2026-08-17 23:46:38,231 | WARNING | رکورد رد شد (id=8966117): DataError: (pyodbc.DataError) ('22003', '[22003] [Microsoft][ODBC Driver 18 for SQL Server][SQL Server]Arithmetic overflow error converting expression to data type int. (8115) (SQLExecDirectW); [22003] [Microsoft][ODBC Driver 18 for SQL Server][SQL Server]The statement has been terminated. (3621)')
[SQL: INSERT INTO products (id, title_fa, rate, rate_cnt, category1, category2, brand, price, seller, is_fake, min_price_last_month, sub_category) VALUES (?, ?, ?, ?, ?, ?, ?, ?, ?, ?, ?, ?)]
[parameters: (8966117, 'فرش دستباف 6 متری مدل لچک ترنج کد 322', 0, 0, 'فرش', 'فرش دستبافت', 'متفرقه', 2200000000, 'فرش پور معمار', 0, 0, 'book & stationary & art')]
(Background on this error at: https://sqlalche.me/e/20/9h9h)
2026-08-17 23:46:38,235 | WARNING | رکورد رد شد (id=7631407): DataError: (pyodbc.DataError) ('22003', '[22003] [Microsoft][ODBC Driver 18 for SQL Server][SQL Server]Arithmetic overflow error converting expression to data type int. (8115) (SQLExecDirectW); [22003] [Microsoft][ODBC Driver 18 for SQL Server][SQL Server]The statement has been terminated. (3621)')
[SQL: INSERT INTO products (id, title_fa, rate, rate_cnt, category1, category2, brand, price, seller, is_fake, min_price_last_month, sub_category) VALUES (?, ?, ?, ?, ?, ?, ?, ?, ?, ?, ?, ?)]
[parameters: (7631407, 'فرش دستباف سه متری طرح نوین فر تبریز مدل AA', 0, 0, 'فرش', 'فرش دستبافت', 'متفرقه', 2500000000, 'بوستان سنقر', 0, 0, 'book & stationary & art')]
(Background on this error at: https://sqlalche.me/e/20/9h9h)
2026-08-17 23:46:38,239 | WARNING | رکورد رد شد (id=4552599): DataError: (pyodbc.DataError) ('22003', '[22003] [Microsoft][ODBC Driver 18 for SQL Server][SQL Server]Arithmetic overflow error converting expression to data type int. (8115) (SQLExecDirectW); [22003] [Microsoft][ODBC Driver 18 for SQL Server][SQL Server]The statement has been terminated. (3621)')
[SQL: INSERT INTO products (id, title_fa, rate, rate_cnt, category1, category2, brand, price, seller, is_fake, min_price_last_month, sub_category) VALUES (?, ?, ?, ?, ?, ?, ?, ?, ?, ?, ?, ?)]
[parameters: (4552599, 'فرش دستباف سه متری سی پرشیا کد 172079\xa0یک جفت', 0, 0, 'فرش', 'فرش دستبافت', 'سی پرشیا', 2840000000, 'سی پرشیا', 0, 0, 'book & stationary & art')]
(Background on this error at: https://sqlalche.me/e/20/9h9h)
2026-08-17 23:46:38,243 | WARNING | رکورد رد شد (id=7996557): DataError: (pyodbc.DataError) ('22003', '[22003] [Microsoft][ODBC Driver 18 for SQL Server][SQL Server]Arithmetic overflow error converting expression to data type int. (8115) (SQLExecDirectW); [22003] [Microsoft][ODBC Driver 18 for SQL Server][SQL Server]The statement has been terminated. (3621)')
[SQL: INSERT INTO products (id, title_fa, rate, rate_cnt, category1, category2, brand, price, seller, is_fake, min_price_last_month, sub_category) VALUES (?, ?, ?, ?, ?, ?, ?, ?, ?, ?, ?, ?)]
[parameters: (7996557, 'فرش دستباف 9 متری مدل نایین D', 0, 0, 'فرش', 'فرش دستبافت', 'متفرقه', 2800000000, 'ماهک هوم', 0, 0, 'book & stationary & art')]
(Background on this error at: https://sqlalche.me/e/20/9h9h)
2026-08-17 23:46:38,247 | WARNING | رکورد رد شد (id=7996604): DataError: (pyodbc.DataError) ('22003', '[22003] [Microsoft][ODBC Driver 18 for SQL Server][SQL Server]Arithmetic overflow error converting expression to data type int. (8115) (SQLExecDirectW); [22003] [Microsoft][ODBC Driver 18 for SQL Server][SQL Server]The statement has been terminated. (3621)')
[SQL: INSERT INTO products (id, title_fa, rate, rate_cnt, category1, category2, brand, price, seller, is_fake, min_price_last_month, sub_category) VALUES (?, ?, ?, ?, ?, ?, ?, ?, ?, ?, ?, ?)]
[parameters: (7996604, 'فرش دستباف 9 متری مدل نایین D', 0, 0, 'فرش', 'فرش دستبافت', 'متفرقه', 2700000000, 'ماهک هوم', 0, 0, 'book & stationary & art')]
(Background on this error at: https://sqlalche.me/e/20/9h9h)
2026-08-17 23:46:38,251 | WARNING | رکورد رد شد (id=10785116): DataError: (pyodbc.DataError) ('22003', '[22003] [Microsoft][ODBC Driver 18 for SQL Server][SQL Server]Arithmetic overflow error converting expression to data type int. (8115) (SQLExecDirectW); [22003] [Microsoft][ODBC Driver 18 for SQL Server][SQL Server]The statement has been terminated. (3621)')
[SQL: INSERT INTO products (id, title_fa, rate, rate_cnt, category1, category2, brand, price, seller, is_fake, min_price_last_month, sub_category) VALUES (?, ?, ?, ?, ?, ?, ?, ?, ?, ?, ?, ?)]
[parameters: (10785116, 'فرش دستبافت چهار و نیم متری اصفهان داوری کد 1246', 0, 0, 'فرش', 'فرش دستبافت', 'متفرقه', 2300000000, 'گالری  هزار و یک فرش', 0, 0, 'book & stationary & art')]
(Background on this error at: https://sqlalche.me/e/20/9h9h)
2026-08-17 23:46:38,255 | WARNING | رکورد رد شد (id=12291380): DataError: (pyodbc.DataError) ('22003', '[22003] [Microsoft][ODBC Driver 18 for SQL Server][SQL Server]Arithmetic overflow error converting expression to data type int. (8115) (SQLExecDirectW); [22003] [Microsoft][ODBC Driver 18 for SQL Server][SQL Server]The statement has been terminated. (3621)')
[SQL: INSERT INTO products (id, title_fa, rate, rate_cnt, category1, category2, brand, price, seller, is_fake, min_price_last_month, sub_category) VALUES (?, ?, ?, ?, ?, ?, ?, ?, ?, ?, ?, ?)]
[parameters: (12291380, 'فرش دستباف شش متری سی پرشیا کد 102486', 0, 0, 'فرش', 'فرش دستبافت', 'سی پرشیا', 2690000000, 'سی پرشیا', 0, 0, 'book & stationary & art')]
(Background on this error at: https://sqlalche.me/e/20/9h9h)
2026-08-17 23:46:38,258 | WARNING | رکورد رد شد (id=4554542): DataError: (pyodbc.DataError) ('22003', '[22003] [Microsoft][ODBC Driver 18 for SQL Server][SQL Server]Arithmetic overflow error converting expression to data type int. (8115) (SQLExecDirectW); [22003] [Microsoft][ODBC Driver 18 for SQL Server][SQL Server]The statement has been terminated. (3621)')
[SQL: INSERT INTO products (id, title_fa, rate, rate_cnt, category1, category2, brand, price, seller, is_fake, min_price_last_month, sub_category) VALUES (?, ?, ?, ?, ?, ?, ?, ?, ?, ?, ?, ?)]
[parameters: (4554542, 'فرش دستباف شش متری سی پرشیا کد 172105', 0, 0, 'فرش', 'فرش دستبافت', 'سی پرشیا', 2350000000, 'سی پرشیا', 0, 0, 'book & stationary & art')]
(Background on this error at: https://sqlalche.me/e/20/9h9h)
2026-08-17 23:46:38,262 | WARNING | رکورد رد شد (id=4554457): DataError: (pyodbc.DataError) ('22003', '[22003] [Microsoft][ODBC Driver 18 for SQL Server][SQL Server]Arithmetic overflow error converting expression to data type int. (8115) (SQLExecDirectW); [22003] [Microsoft][ODBC Driver 18 for SQL Server][SQL Server]The statement has been terminated. (3621)')
[SQL: INSERT INTO products (id, title_fa, rate, rate_cnt, category1, category2, brand, price, seller, is_fake, min_price_last_month, sub_category) VALUES (?, ?, ?, ?, ?, ?, ?, ?, ?, ?, ?, ?)]
[parameters: (4554457, 'فرش دستباف شش و نیم متری سی پرشیا کد 172104', 0, 0, 'فرش', 'فرش دستبافت', 'سی پرشیا', 2150000000, 'سی پرشیا', 0, 0, 'book & stationary & art')]
(Background on this error at: https://sqlalche.me/e/20/9h9h)
2026-08-17 23:46:38,266 | WARNING | رکورد رد شد (id=12167218): DataError: (pyodbc.DataError) ('22003', '[22003] [Microsoft][ODBC Driver 18 for SQL Server][SQL Server]Arithmetic overflow error converting expression to data type int. (8115) (SQLExecDirectW); [22003] [Microsoft][ODBC Driver 18 for SQL Server][SQL Server]The statement has been terminated. (3621)')
[SQL: INSERT INTO products (id, title_fa, rate, rate_cnt, category1, category2, brand, price, seller, is_fake, min_price_last_month, sub_category) VALUES (?, ?, ?, ?, ?, ?, ?, ?, ?, ?, ?, ?)]
[parameters: (12167218, 'فرش دستبافت شش متری اصفهان داوری کد 1852', 0, 0, 'فرش', 'فرش دستبافت', 'متفرقه', 2950000000, 'گالری  هزار و یک فرش', 0, 0, 'book & stationary & art')]
(Background on this error at: https://sqlalche.me/e/20/9h9h)
2026-08-17 23:46:38,270 | WARNING | رکورد رد شد (id=9080907): DataError: (pyodbc.DataError) ('22003', '[22003] [Microsoft][ODBC Driver 18 for SQL Server][SQL Server]Arithmetic overflow error converting expression to data type int. (8115) (SQLExecDirectW); [22003] [Microsoft][ODBC Driver 18 for SQL Server][SQL Server]The statement has been terminated. (3621)')
[SQL: INSERT INTO products (id, title_fa, rate, rate_cnt, category1, category2, brand, price, seller, is_fake, min_price_last_month, sub_category) VALUES (?, ?, ?, ?, ?, ?, ?, ?, ?, ?, ?, ?)]
[parameters: (9080907, 'فرش دستباف 6 متری مدل نقش لچک ترنج جفت کد 354', 0, 0, 'فرش', 'فرش دستبافت', 'متفرقه', 4000000000, 'فرش پور معمار', 0, 0, 'book & stationary & art')]
(Background on this error at: https://sqlalche.me/e/20/9h9h)
2026-08-17 23:46:38,274 | WARNING | رکورد رد شد (id=5332719): DataError: (pyodbc.DataError) ('22003', '[22003] [Microsoft][ODBC Driver 18 for SQL Server][SQL Server]Arithmetic overflow error converting expression to data type int. (8115) (SQLExecDirectW); [22003] [Microsoft][ODBC Driver 18 for SQL Server][SQL Server]The statement has been terminated. (3621)')
[SQL: INSERT INTO products (id, title_fa, rate, rate_cnt, category1, category2, brand, price, seller, is_fake, min_price_last_month, sub_category) VALUES (?, ?, ?, ?, ?, ?, ?, ?, ?, ?, ?, ?)]
[parameters: (5332719, 'فرش دستباف شش و نیم متری سی پرشیا کد 102458', 0, 0, 'فرش', 'فرش دستبافت', 'سی پرشیا', 4650000000, 'سی پرشیا', 0, 0, 'book & stationary & art')]
(Background on this error at: https://sqlalche.me/e/20/9h9h)
2026-08-17 23:46:38,278 | WARNING | رکورد رد شد (id=7631308): DataError: (pyodbc.DataError) ('22003', '[22003] [Microsoft][ODBC Driver 18 for SQL Server][SQL Server]Arithmetic overflow error converting expression to data type int. (8115) (SQLExecDirectW); [22003] [Microsoft][ODBC Driver 18 for SQL Server][SQL Server]The statement has been terminated. (3621)')
[SQL: INSERT INTO products (id, title_fa, rate, rate_cnt, category1, category2, brand, price, seller, is_fake, min_price_last_month, sub_category) VALUES (?, ?, ?, ?, ?, ?, ?, ?, ?, ?, ?, ?)]
[parameters: (7631308, 'فرش دستباف سه متری طرح نوین فر تبریز مدل AA یک جفت', 0, 0, 'فرش', 'فرش دستبافت', 'متفرقه', 4000000000, 'بوستان سنقر', 0, 0, 'book & stationary & art')]
(Background on this error at: https://sqlalche.me/e/20/9h9h)
2026-08-17 23:46:38,282 | WARNING | رکورد رد شد (id=8557162): DataError: (pyodbc.DataError) ('22003', '[22003] [Microsoft][ODBC Driver 18 for SQL Server][SQL Server]Arithmetic overflow error converting expression to data type int. (8115) (SQLExecDirectW); [22003] [Microsoft][ODBC Driver 18 for SQL Server][SQL Server]The statement has been terminated. (3621)')
[SQL: INSERT INTO products (id, title_fa, rate, rate_cnt, category1, category2, brand, price, seller, is_fake, min_price_last_month, sub_category) VALUES (?, ?, ?, ?, ?, ?, ?, ?, ?, ?, ?, ?)]
[parameters: (8557162, 'فرش دستبافت نه و نیم متری اصفهان کیوانداریان کد 633', 0, 0, 'فرش', 'فرش دستبافت', 'متفرقه', 3800000000, 'گالری  هزار و یک فرش', 0, 0, 'book & stationary & art')]
(Background on this error at: https://sqlalche.me/e/20/9h9h)
2026-08-17 23:46:38,286 | WARNING | رکورد رد شد (id=5706110): DataError: (pyodbc.DataError) ('22003', '[22003] [Microsoft][ODBC Driver 18 for SQL Server][SQL Server]Arithmetic overflow error converting expression to data type int. (8115) (SQLExecDirectW); [22003] [Microsoft][ODBC Driver 18 for SQL Server][SQL Server]The statement has been terminated. (3621)')
[SQL: INSERT INTO products (id, title_fa, rate, rate_cnt, category1, category2, brand, price, seller, is_fake, min_price_last_month, sub_category) VALUES (?, ?, ?, ?, ?, ?, ?, ?, ?, ?, ?, ?)]
[parameters: (5706110, 'فرش دستباف یازده و نیم متری سی پرشیا کد 187319', 0, 0, 'فرش', 'فرش دستبافت', 'سی پرشیا', 3340000000, 'سی پرشیا', 0, 0, 'book & stationary & art')]
(Background on this error at: https://sqlalche.me/e/20/9h9h)
2026-08-17 23:46:38,290 | WARNING | رکورد رد شد (id=8931880): DataError: (pyodbc.DataError) ('22003', '[22003] [Microsoft][ODBC Driver 18 for SQL Server][SQL Server]Arithmetic overflow error converting expression to data type int. (8115) (SQLExecDirectW); [22003] [Microsoft][ODBC Driver 18 for SQL Server][SQL Server]The statement has been terminated. (3621)')
[SQL: INSERT INTO products (id, title_fa, rate, rate_cnt, category1, category2, brand, price, seller, is_fake, min_price_last_month, sub_category) VALUES (?, ?, ?, ?, ?, ?, ?, ?, ?, ?, ?, ?)]
[parameters: (8931880, 'فرش دستباف 6 متری مدل لچک ترنج کد 321 یک جفت', 0, 0, 'فرش', 'فرش دستبافت', 'متفرقه', 3200000000, 'فرش پور معمار', 0, 0, 'book & stationary & art')]
(Background on this error at: https://sqlalche.me/e/20/9h9h)
2026-08-17 23:46:38,294 | WARNING | رکورد رد شد (id=7996532): DataError: (pyodbc.DataError) ('22003', '[22003] [Microsoft][ODBC Driver 18 for SQL Server][SQL Server]Arithmetic overflow error converting expression to data type int. (8115) (SQLExecDirectW); [22003] [Microsoft][ODBC Driver 18 for SQL Server][SQL Server]The statement has been terminated. (3621)')
[SQL: INSERT INTO products (id, title_fa, rate, rate_cnt, category1, category2, brand, price, seller, is_fake, min_price_last_month, sub_category) VALUES (?, ?, ?, ?, ?, ?, ?, ?, ?, ?, ?, ?)]
[parameters: (7996532, 'فرش دستباف 9 متری مدل نایین D یک جفت', 0, 0, 'فرش', 'فرش دستبافت', 'متفرقه', 3800000000, 'ماهک هوم', 0, 0, 'book & stationary & art')]
(Background on this error at: https://sqlalche.me/e/20/9h9h)
2026-08-17 23:46:38,298 | WARNING | رکورد رد شد (id=11516849): DataError: (pyodbc.DataError) ('22003', '[22003] [Microsoft][ODBC Driver 18 for SQL Server][SQL Server]Arithmetic overflow error converting expression to data type int. (8115) (SQLExecDirectW); [22003] [Microsoft][ODBC Driver 18 for SQL Server][SQL Server]The statement has been terminated. (3621)')
[SQL: INSERT INTO products (id, title_fa, rate, rate_cnt, category1, category2, brand, price, seller, is_fake, min_price_last_month, sub_category) VALUES (?, ?, ?, ?, ?, ?, ?, ?, ?, ?, ?, ?)]
[parameters: (11516849, 'فرش دستبافت هجده متری مدل بختیاری کد 1782', 0, 0, 'فرش', 'فرش دستبافت', 'متفرقه', 3850000000, 'گالری  هزار و یک فرش', 0, 0, 'book & stationary & art')]
(Background on this error at: https://sqlalche.me/e/20/9h9h)
2026-08-17 23:46:38,302 | WARNING | رکورد رد شد (id=12027227): DataError: (pyodbc.DataError) ('22003', '[22003] [Microsoft][ODBC Driver 18 for SQL Server][SQL Server]Arithmetic overflow error converting expression to data type int. (8115) (SQLExecDirectW); [22003] [Microsoft][ODBC Driver 18 for SQL Server][SQL Server]The statement has been terminated. (3621)')
[SQL: INSERT INTO products (id, title_fa, rate, rate_cnt, category1, category2, brand, price, seller, is_fake, min_price_last_month, sub_category) VALUES (?, ?, ?, ?, ?, ?, ?, ?, ?, ?, ?, ?)]
[parameters: (12027227, 'فرش دستبافت شش و نیم متری مدل بیجار  کد 1752 یک جفت', 0, 0, 'فرش', 'فرش دستبافت', 'متفرقه', 3550000000, 'گالری  هزار و یک فرش', 0, 0, 'book & stationary & art')]
(Background on this error at: https://sqlalche.me/e/20/9h9h)
2026-08-17 23:46:38,306 | WARNING | رکورد رد شد (id=4547255): DataError: (pyodbc.DataError) ('22003', '[22003] [Microsoft][ODBC Driver 18 for SQL Server][SQL Server]Arithmetic overflow error converting expression to data type int. (8115) (SQLExecDirectW); [22003] [Microsoft][ODBC Driver 18 for SQL Server][SQL Server]The statement has been terminated. (3621)')
[SQL: INSERT INTO products (id, title_fa, rate, rate_cnt, category1, category2, brand, price, seller, is_fake, min_price_last_month, sub_category) VALUES (?, ?, ?, ?, ?, ?, ?, ?, ?, ?, ?, ?)]
[parameters: (4547255, 'فرش دستبافت هشت و نیم متری اصفهان حاج باقری کد 527', 0, 0, 'فرش', 'فرش دستبافت', 'متفرقه', 3950000000, 'گالری  هزار و یک فرش', 0, 0, 'book & stationary & art')]
(Background on this error at: https://sqlalche.me/e/20/9h9h)
2026-08-17 23:46:38,310 | WARNING | رکورد رد شد (id=8348751): DataError: (pyodbc.DataError) ('22003', '[22003] [Microsoft][ODBC Driver 18 for SQL Server][SQL Server]Arithmetic overflow error converting expression to data type int. (8115) (SQLExecDirectW); [22003] [Microsoft][ODBC Driver 18 for SQL Server][SQL Server]The statement has been terminated. (3621)')
[SQL: INSERT INTO products (id, title_fa, rate, rate_cnt, category1, category2, brand, price, seller, is_fake, min_price_last_month, sub_category) VALUES (?, ?, ?, ?, ?, ?, ?, ?, ?, ?, ?, ?)]
[parameters: (8348751, 'فرش دستبافت شش متری اصفهان حسینی کد 1147 یک جفت', 0, 0, 'فرش', 'فرش دستبافت', 'متفرقه', 4100000000, 'گالری  هزار و یک فرش', 0, 0, 'book & stationary & art')]
(Background on this error at: https://sqlalche.me/e/20/9h9h)
2026-08-17 23:46:38,314 | WARNING | رکورد رد شد (id=11523941): DataError: (pyodbc.DataError) ('22003', '[22003] [Microsoft][ODBC Driver 18 for SQL Server][SQL Server]Arithmetic overflow error converting expression to data type int. (8115) (SQLExecDirectW); [22003] [Microsoft][ODBC Driver 18 for SQL Server][SQL Server]The statement has been terminated. (3621)')
[SQL: INSERT INTO products (id, title_fa, rate, rate_cnt, category1, category2, brand, price, seller, is_fake, min_price_last_month, sub_category) VALUES (?, ?, ?, ?, ?, ?, ?, ?, ?, ?, ?, ?)]
[parameters: (11523941, 'فرش دستبافت سه و نیم متری طرح ماه و ستاره کد SH 31 یک جفت', 0, 0, 'فرش', 'فرش دستبافت', 'متفرقه', 3325000000, 'فرش حریر ایران زمین', 0, 0, 'book & stationary & art')]
(Background on this error at: https://sqlalche.me/e/20/9h9h)
2026-08-17 23:46:38,318 | WARNING | رکورد رد شد (id=7996586): DataError: (pyodbc.DataError) ('22003', '[22003] [Microsoft][ODBC Driver 18 for SQL Server][SQL Server]Arithmetic overflow error converting expression to data type int. (8115) (SQLExecDirectW); [22003] [Microsoft][ODBC Driver 18 for SQL Server][SQL Server]The statement has been terminated. (3621)')
[SQL: INSERT INTO products (id, title_fa, rate, rate_cnt, category1, category2, brand, price, seller, is_fake, min_price_last_month, sub_category) VALUES (?, ?, ?, ?, ?, ?, ?, ?, ?, ?, ?, ?)]
[parameters: (7996586, 'فرش دستباف 9 متری مدل نایین D یک جفت', 0, 0, 'فرش', 'فرش دستبافت', 'متفرقه', 3800000000, 'ماهک هوم', 0, 0, 'book & stationary & art')]
(Background on this error at: https://sqlalche.me/e/20/9h9h)
2026-08-17 23:46:38,321 | WARNING | رکورد رد شد (id=11533959): DataError: (pyodbc.DataError) ('22003', '[22003] [Microsoft][ODBC Driver 18 for SQL Server][SQL Server]Arithmetic overflow error converting expression to data type int. (8115) (SQLExecDirectW); [22003] [Microsoft][ODBC Driver 18 for SQL Server][SQL Server]The statement has been terminated. (3621)')
[SQL: INSERT INTO products (id, title_fa, rate, rate_cnt, category1, category2, brand, price, seller, is_fake, min_price_last_month, sub_category) VALUES (?, ?, ?, ?, ?, ?, ?, ?, ?, ?, ?, ?)]
[parameters: (11533959, 'فرش دستبافت سه متری طرح تبریز کد SH 99 یک جفت', 0, 0, 'فرش', 'فرش دستبافت', 'متفرقه', 3325000000, 'فرش حریر ایران زمین', 0, 0, 'book & stationary & art')]
(Background on this error at: https://sqlalche.me/e/20/9h9h)
2026-08-17 23:46:38,325 | WARNING | رکورد رد شد (id=11601024): DataError: (pyodbc.DataError) ('22003', '[22003] [Microsoft][ODBC Driver 18 for SQL Server][SQL Server]Arithmetic overflow error converting expression to data type int. (8115) (SQLExecDirectW); [22003] [Microsoft][ODBC Driver 18 for SQL Server][SQL Server]The statement has been terminated. (3621)')
[SQL: INSERT INTO products (id, title_fa, rate, rate_cnt, category1, category2, brand, price, seller, is_fake, min_price_last_month, sub_category) VALUES (?, ?, ?, ?, ?, ?, ?, ?, ?, ?, ?, ?)]
[parameters: (11601024, 'فرش دستبافت هفت متری اصفهان حاج باقری کد 1750', 0, 0, 'فرش', 'فرش دستبافت', 'متفرقه', 3600000000, 'گالری  هزار و یک فرش', 0, 0, 'book & stationary & art')]
(Background on this error at: https://sqlalche.me/e/20/9h9h)
2026-08-17 23:46:38,329 | WARNING | رکورد رد شد (id=10436006): DataError: (pyodbc.DataError) ('22003', '[22003] [Microsoft][ODBC Driver 18 for SQL Server][SQL Server]Arithmetic overflow error converting expression to data type int. (8115) (SQLExecDirectW); [22003] [Microsoft][ODBC Driver 18 for SQL Server][SQL Server]The statement has been terminated. (3621)')
[SQL: INSERT INTO products (id, title_fa, rate, rate_cnt, category1, category2, brand, price, seller, is_fake, min_price_last_month, sub_category) VALUES (?, ?, ?, ?, ?, ?, ?, ?, ?, ?, ?, ?)]
[parameters: (10436006, 'فرش دستبافت هفت متری اصفهان فریزاده کد 1621', 0, 0, 'فرش', 'فرش دستبافت', 'متفرقه', 3300000000, 'گالری  هزار و یک فرش', 0, 0, 'book & stationary & art')]
(Background on this error at: https://sqlalche.me/e/20/9h9h)
2026-08-17 23:46:38,333 | WARNING | رکورد رد شد (id=7552674): DataError: (pyodbc.DataError) ('22003', '[22003] [Microsoft][ODBC Driver 18 for SQL Server][SQL Server]Arithmetic overflow error converting expression to data type int. (8115) (SQLExecDirectW); [22003] [Microsoft][ODBC Driver 18 for SQL Server][SQL Server]The statement has been terminated. (3621)')
[SQL: INSERT INTO products (id, title_fa, rate, rate_cnt, category1, category2, brand, price, seller, is_fake, min_price_last_month, sub_category) VALUES (?, ?, ?, ?, ?, ?, ?, ?, ?, ?, ?, ?)]
[parameters: (7552674, 'فرش دستباف شش متری طرح ماهی مدل KH یک جفت', 0, 0, 'فرش', 'فرش دستبافت', 'متفرقه', 3900000000, 'ماهک هوم', 0, 0, 'book & stationary & art')]
(Background on this error at: https://sqlalche.me/e/20/9h9h)
2026-08-17 23:46:38,337 | WARNING | رکورد رد شد (id=11695589): DataError: (pyodbc.DataError) ('22003', '[22003] [Microsoft][ODBC Driver 18 for SQL Server][SQL Server]Arithmetic overflow error converting expression to data type int. (8115) (SQLExecDirectW); [22003] [Microsoft][ODBC Driver 18 for SQL Server][SQL Server]The statement has been terminated. (3621)')
[SQL: INSERT INTO products (id, title_fa, rate, rate_cnt, category1, category2, brand, price, seller, is_fake, min_price_last_month, sub_category) VALUES (?, ?, ?, ?, ?, ?, ?, ?, ?, ?, ?, ?)]
[parameters: (11695589, 'فرش دستبافت 6 متری نوین فر\xa0مدل\xa0تبریز', 0, 0, 'فرش', 'فرش دستبافت', 'متفرقه', 3890000000, 'فرش اسماعیلی', 0, 0, 'book & stationary & art')]
(Background on this error at: https://sqlalche.me/e/20/9h9h)
2026-08-17 23:46:38,341 | WARNING | رکورد رد شد (id=690019): DataError: (pyodbc.DataError) ('22003', '[22003] [Microsoft][ODBC Driver 18 for SQL Server][SQL Server]Arithmetic overflow error converting expression to data type int. (8115) (SQLExecDirectW); [22003] [Microsoft][ODBC Driver 18 for SQL Server][SQL Server]The statement has been terminated. (3621)')
[SQL: INSERT INTO products (id, title_fa, rate, rate_cnt, category1, category2, brand, price, seller, is_fake, min_price_last_month, sub_category) VALUES (?, ?, ?, ?, ?, ?, ?, ?, ?, ?, ?, ?)]
[parameters: (690019, 'فرش دستبافت تمام ابریشم شش متری گالری مدرن کد 30007', 86, 4, 'فرش', 'فرش دستبافت', 'متفرقه', 5500000000, 'منصوری کارپت', 0, 0, 'book & stationary & art')]
(Background on this error at: https://sqlalche.me/e/20/9h9h)
2026-08-17 23:46:38,345 | WARNING | رکورد رد شد (id=7509997): DataError: (pyodbc.DataError) ('22003', '[22003] [Microsoft][ODBC Driver 18 for SQL Server][SQL Server]Arithmetic overflow error converting expression to data type int. (8115) (SQLExecDirectW); [22003] [Microsoft][ODBC Driver 18 for SQL Server][SQL Server]The statement has been terminated. (3621)')
[SQL: INSERT INTO products (id, title_fa, rate, rate_cnt, category1, category2, brand, price, seller, is_fake, min_price_last_month, sub_category) VALUES (?, ?, ?, ?, ?, ?, ?, ?, ?, ?, ?, ?)]
[parameters: (7509997, 'فرش دستبافت شش متری مدل چله و گل کد h1112 یک جفت', 0, 0, 'فرش', 'فرش دستبافت', 'متفرقه', 6200000000, 'منصوری کارپت', 0, 0, 'book & stationary & art')]
(Background on this error at: https://sqlalche.me/e/20/9h9h)
2026-08-17 23:46:38,349 | WARNING | رکورد رد شد (id=8757341): DataError: (pyodbc.DataError) ('22003', '[22003] [Microsoft][ODBC Driver 18 for SQL Server][SQL Server]Arithmetic overflow error converting expression to data type int. (8115) (SQLExecDirectW); [22003] [Microsoft][ODBC Driver 18 for SQL Server][SQL Server]The statement has been terminated. (3621)')
[SQL: INSERT INTO products (id, title_fa, rate, rate_cnt, category1, category2, brand, price, seller, is_fake, min_price_last_month, sub_category) VALUES (?, ?, ?, ?, ?, ?, ?, ?, ?, ?, ?, ?)]
[parameters: (8757341, 'فرش دستبافت شش متری اصفهان آبتین کد 1237 یک جفت ', 0, 0, 'فرش', 'فرش دستبافت', 'متفرقه', 6500000000, 'گالری  هزار و یک فرش', 0, 0, 'book & stationary & art')]
(Background on this error at: https://sqlalche.me/e/20/9h9h)
2026-08-17 23:46:38,353 | WARNING | رکورد رد شد (id=7937930): DataError: (pyodbc.DataError) ('22003', '[22003] [Microsoft][ODBC Driver 18 for SQL Server][SQL Server]Arithmetic overflow error converting expression to data type int. (8115) (SQLExecDirectW); [22003] [Microsoft][ODBC Driver 18 for SQL Server][SQL Server]The statement has been terminated. (3621)')
[SQL: INSERT INTO products (id, title_fa, rate, rate_cnt, category1, category2, brand, price, seller, is_fake, min_price_last_month, sub_category) VALUES (?, ?, ?, ?, ?, ?, ?, ?, ?, ?, ?, ?)]
[parameters: (7937930, 'فرش دستبافت نه متری مدل اصفهان داوری کد 100', 0, 0, 'فرش', 'فرش دستبافت', 'متفرقه', 5000000000, 'گالری  هزار و یک فرش', 0, 0, 'book & stationary & art')]
(Background on this error at: https://sqlalche.me/e/20/9h9h)
2026-08-17 23:46:38,357 | WARNING | رکورد رد شد (id=7042694): DataError: (pyodbc.DataError) ('22003', '[22003] [Microsoft][ODBC Driver 18 for SQL Server][SQL Server]Arithmetic overflow error converting expression to data type int. (8115) (SQLExecDirectW); [22003] [Microsoft][ODBC Driver 18 for SQL Server][SQL Server]The statement has been terminated. (3621)')
[SQL: INSERT INTO products (id, title_fa, rate, rate_cnt, category1, category2, brand, price, seller, is_fake, min_price_last_month, sub_category) VALUES (?, ?, ?, ?, ?, ?, ?, ?, ?, ?, ?, ?)]
[parameters: (7042694, 'فرش دستبافت نه و نیم متری اصفهان آبتین کد 4', 0, 0, 'فرش', 'فرش دستبافت', 'متفرقه', 4800000000, 'گالری  هزار و یک فرش', 0, 0, 'book & stationary & art')]
(Background on this error at: https://sqlalche.me/e/20/9h9h)
2026-08-17 23:46:38,361 | WARNING | رکورد رد شد (id=12094409): DataError: (pyodbc.DataError) ('22003', '[22003] [Microsoft][ODBC Driver 18 for SQL Server][SQL Server]Arithmetic overflow error converting expression to data type int. (8115) (SQLExecDirectW); [22003] [Microsoft][ODBC Driver 18 for SQL Server][SQL Server]The statement has been terminated. (3621)')
[SQL: INSERT INTO products (id, title_fa, rate, rate_cnt, category1, category2, brand, price, seller, is_fake, min_price_last_month, sub_category) VALUES (?, ?, ?, ?, ?, ?, ?, ?, ?, ?, ?, ?)]
[parameters: (12094409, 'فرش دستبافت شش و نیم متری مدل اصفهان کد 1860 یک جفت', 0, 0, 'فرش', 'فرش دستبافت', 'متفرقه', 6950000000, 'گالری  هزار و یک فرش', 0, 0, 'book & stationary & art')]
(Background on this error at: https://sqlalche.me/e/20/9h9h)
2026-08-17 23:46:38,365 | WARNING | رکورد رد شد (id=11703119): DataError: (pyodbc.DataError) ('22003', '[22003] [Microsoft][ODBC Driver 18 for SQL Server][SQL Server]Arithmetic overflow error converting expression to data type int. (8115) (SQLExecDirectW); [22003] [Microsoft][ODBC Driver 18 for SQL Server][SQL Server]The statement has been terminated. (3621)')
[SQL: INSERT INTO products (id, title_fa, rate, rate_cnt, category1, category2, brand, price, seller, is_fake, min_price_last_month, sub_category) VALUES (?, ?, ?, ?, ?, ?, ?, ?, ?, ?, ?, ?)]
[parameters: (11703119, 'فرش دستبافت 3 متری مدل درخت زندگی یک جفت', 0, 0, 'فرش', 'فرش دستبافت', 'متفرقه', 4790000000, 'فرش اسماعیلی', 0, 0, 'book & stationary & art')]
(Background on this error at: https://sqlalche.me/e/20/9h9h)
2026-08-17 23:46:38,368 | WARNING | رکورد رد شد (id=9087014): DataError: (pyodbc.DataError) ('22003', '[22003] [Microsoft][ODBC Driver 18 for SQL Server][SQL Server]Arithmetic overflow error converting expression to data type int. (8115) (SQLExecDirectW); [22003] [Microsoft][ODBC Driver 18 for SQL Server][SQL Server]The statement has been terminated. (3621)')
[SQL: INSERT INTO products (id, title_fa, rate, rate_cnt, category1, category2, brand, price, seller, is_fake, min_price_last_month, sub_category) VALUES (?, ?, ?, ?, ?, ?, ?, ?, ?, ?, ?, ?)]
[parameters: (9087014, 'فرش دستباف 12 متری پورمعمار مدل شکارگاه کد 110', 0, 0, 'فرش', 'فرش دستبافت', 'متفرقه', 8499000000, 'فرش پور معمار', 0, 0, 'book & stationary & art')]
(Background on this error at: https://sqlalche.me/e/20/9h9h)
2026-08-17 23:46:38,372 | WARNING | رکورد رد شد (id=2179610): DataError: (pyodbc.DataError) ('22003', '[22003] [Microsoft][ODBC Driver 18 for SQL Server][SQL Server]Arithmetic overflow error converting expression to data type int. (8115) (SQLExecDirectW); [22003] [Microsoft][ODBC Driver 18 for SQL Server][SQL Server]The statement has been terminated. (3621)')
[SQL: INSERT INTO products (id, title_fa, rate, rate_cnt, category1, category2, brand, price, seller, is_fake, min_price_last_month, sub_category) VALUES (?, ?, ?, ?, ?, ?, ?, ?, ?, ?, ?, ?)]
[parameters: (2179610, 'فرش دستبافت شش متری مدل محرمات کد 2011', 0, 0, 'فرش', 'فرش دستبافت', 'متفرقه', 8499990000, 'دکراتیو', 0, 0, 'book & stationary & art')]
(Background on this error at: https://sqlalche.me/e/20/9h9h)
2026-08-17 23:46:38,376 | WARNING | رکورد رد شد (id=11695657): DataError: (pyodbc.DataError) ('22003', '[22003] [Microsoft][ODBC Driver 18 for SQL Server][SQL Server]Arithmetic overflow error converting expression to data type int. (8115) (SQLExecDirectW); [22003] [Microsoft][ODBC Driver 18 for SQL Server][SQL Server]The statement has been terminated. (3621)')
[SQL: INSERT INTO products (id, title_fa, rate, rate_cnt, category1, category2, brand, price, seller, is_fake, min_price_last_month, sub_category) VALUES (?, ?, ?, ?, ?, ?, ?, ?, ?, ?, ?, ?)]
[parameters: (11695657, 'فرش دستبافت 6 متری صفریان\xa0مدل تبریز یک جفت', 0, 0, 'فرش', 'فرش دستبافت', 'متفرقه', 8390000000, 'فرش اسماعیلی', 0, 0, 'book & stationary & art')]
(Background on this error at: https://sqlalche.me/e/20/9h9h)
2026-08-17 23:46:38,377 | INFO |   -> to_dict/clean: 0.11s | loop(10000): 0.02s | insert(0 ok, 51 failed): 0.20s | update(0): 0.00s | commit: 0.00s
2026-08-17 23:46:38,377 | INFO | چانک 70 | 10000 ردیف | clean: 0.01s | load: 0.33s | جمع کل: 700000 رکورد
2026-08-17 23:46:38,606 | INFO |   -> to_dict/clean: 0.15s | loop(10000): 0.02s | insert(0 ok, 0 failed): 0.00s | update(0): 0.00s | commit: 0.00s
2026-08-17 23:46:38,608 | INFO | چانک 71 | 10000 ردیف | clean: 0.00s | load: 0.17s | جمع کل: 710000 رکورد
2026-08-17 23:46:38,775 | INFO |   -> to_dict/clean: 0.11s | loop(10000): 0.02s | insert(0 ok, 0 failed): 0.00s | update(0): 0.00s | commit: 0.00s
2026-08-17 23:46:38,777 | INFO | چانک 72 | 10000 ردیف | clean: 0.00s | load: 0.13s | جمع کل: 720000 رکورد
2026-08-17 23:46:38,946 | INFO |   -> to_dict/clean: 0.11s | loop(10000): 0.02s | insert(0 ok, 0 failed): 0.00s | update(0): 0.00s | commit: 0.00s
2026-08-17 23:46:38,948 | INFO | چانک 73 | 10000 ردیف | clean: 0.01s | load: 0.13s | جمع کل: 730000 رکورد
2026-08-17 23:46:39,117 | INFO |   -> to_dict/clean: 0.11s | loop(10000): 0.02s | insert(0 ok, 0 failed): 0.00s | update(0): 0.00s | commit: 0.00s
2026-08-17 23:46:39,119 | INFO | چانک 74 | 10000 ردیف | clean: 0.01s | load: 0.13s | جمع کل: 740000 رکورد
2026-08-17 23:46:39,288 | INFO |   -> to_dict/clean: 0.11s | loop(10000): 0.02s | insert(0 ok, 0 failed): 0.00s | update(0): 0.00s | commit: 0.00s
2026-08-17 23:46:39,290 | INFO | چانک 75 | 10000 ردیف | clean: 0.00s | load: 0.13s | جمع کل: 750000 رکورد
2026-08-17 23:46:39,497 | INFO |   -> to_dict/clean: 0.15s | loop(10000): 0.02s | insert(0 ok, 0 failed): 0.00s | update(0): 0.00s | commit: 0.00s
2026-08-17 23:46:39,499 | INFO | چانک 76 | 10000 ردیف | clean: 0.00s | load: 0.17s | جمع کل: 760000 رکورد
2026-08-17 23:46:39,710 | INFO |   -> to_dict/clean: 0.15s | loop(10000): 0.02s | insert(0 ok, 0 failed): 0.00s | update(0): 0.00s | commit: 0.00s
2026-08-17 23:46:39,713 | INFO | چانک 77 | 10000 ردیف | clean: 0.01s | load: 0.17s | جمع کل: 770000 رکورد
2026-08-17 23:46:39,908 | INFO |   -> to_dict/clean: 0.12s | loop(10000): 0.02s | insert(0 ok, 0 failed): 0.00s | update(0): 0.00s | commit: 0.00s
2026-08-17 23:46:39,909 | INFO | چانک 78 | 10000 ردیف | clean: 0.01s | load: 0.14s | جمع کل: 780000 رکورد
2026-08-17 23:46:40,077 | INFO |   -> to_dict/clean: 0.11s | loop(10000): 0.02s | insert(0 ok, 0 failed): 0.00s | update(0): 0.00s | commit: 0.00s
2026-08-17 23:46:40,078 | INFO | چانک 79 | 10000 ردیف | clean: 0.01s | load: 0.13s | جمع کل: 790000 رکورد
2026-08-17 23:46:40,250 | INFO |   -> to_dict/clean: 0.11s | loop(10000): 0.02s | insert(0 ok, 0 failed): 0.00s | update(0): 0.00s | commit: 0.00s
2026-08-17 23:46:40,252 | INFO | چانک 80 | 10000 ردیف | clean: 0.00s | load: 0.13s | جمع کل: 800000 رکورد
2026-08-17 23:46:40,423 | INFO |   -> to_dict/clean: 0.11s | loop(10000): 0.02s | insert(0 ok, 0 failed): 0.00s | update(0): 0.00s | commit: 0.00s
2026-08-17 23:46:40,424 | INFO | چانک 81 | 10000 ردیف | clean: 0.01s | load: 0.13s | جمع کل: 810000 رکورد
2026-08-17 23:46:40,594 | INFO |   -> to_dict/clean: 0.11s | loop(10000): 0.02s | insert(0 ok, 0 failed): 0.00s | update(0): 0.00s | commit: 0.00s
2026-08-17 23:46:40,596 | INFO | چانک 82 | 10000 ردیف | clean: 0.01s | load: 0.13s | جمع کل: 820000 رکورد
2026-08-17 23:46:40,767 | INFO |   -> to_dict/clean: 0.11s | loop(10000): 0.02s | insert(0 ok, 0 failed): 0.00s | update(0): 0.00s | commit: 0.00s
2026-08-17 23:46:40,769 | INFO | چانک 83 | 10000 ردیف | clean: 0.01s | load: 0.13s | جمع کل: 830000 رکورد
2026-08-17 23:46:40,972 | INFO |   -> to_dict/clean: 0.15s | loop(10000): 0.02s | insert(0 ok, 0 failed): 0.00s | update(0): 0.00s | commit: 0.00s
2026-08-17 23:46:40,973 | INFO | چانک 84 | 10000 ردیف | clean: 0.00s | load: 0.16s | جمع کل: 840000 رکورد
2026-08-17 23:46:41,142 | INFO |   -> to_dict/clean: 0.11s | loop(10000): 0.02s | insert(0 ok, 0 failed): 0.00s | update(0): 0.00s | commit: 0.00s
2026-08-17 23:46:41,143 | INFO | چانک 85 | 10000 ردیف | clean: 0.00s | load: 0.13s | جمع کل: 850000 رکورد
2026-08-17 23:46:41,313 | INFO |   -> to_dict/clean: 0.11s | loop(10000): 0.02s | insert(0 ok, 0 failed): 0.00s | update(0): 0.00s | commit: 0.00s
2026-08-17 23:46:41,314 | INFO | چانک 86 | 10000 ردیف | clean: 0.01s | load: 0.13s | جمع کل: 860000 رکورد
2026-08-17 23:46:41,481 | INFO |   -> to_dict/clean: 0.11s | loop(10000): 0.02s | insert(0 ok, 0 failed): 0.00s | update(0): 0.00s | commit: 0.00s
2026-08-17 23:46:41,483 | INFO | چانک 87 | 10000 ردیف | clean: 0.01s | load: 0.13s | جمع کل: 870000 رکورد
2026-08-17 23:46:41,652 | INFO |   -> to_dict/clean: 0.11s | loop(10000): 0.02s | insert(0 ok, 0 failed): 0.00s | update(0): 0.00s | commit: 0.00s
2026-08-17 23:46:41,654 | INFO | چانک 88 | 10000 ردیف | clean: 0.01s | load: 0.13s | جمع کل: 880000 رکورد
2026-08-17 23:46:41,829 | INFO |   -> to_dict/clean: 0.11s | loop(10000): 0.02s | insert(0 ok, 0 failed): 0.00s | update(0): 0.00s | commit: 0.00s
2026-08-17 23:46:41,830 | INFO | چانک 89 | 10000 ردیف | clean: 0.01s | load: 0.13s | جمع کل: 890000 رکورد
2026-08-17 23:46:42,005 | INFO |   -> to_dict/clean: 0.12s | loop(10000): 0.02s | insert(0 ok, 0 failed): 0.00s | update(0): 0.00s | commit: 0.00s
2026-08-17 23:46:42,007 | INFO | چانک 90 | 10000 ردیف | clean: 0.00s | load: 0.13s | جمع کل: 900000 رکورد
2026-08-17 23:46:42,179 | INFO |   -> to_dict/clean: 0.11s | loop(10000): 0.02s | insert(0 ok, 0 failed): 0.00s | update(0): 0.00s | commit: 0.00s
2026-08-17 23:46:42,180 | INFO | چانک 91 | 10000 ردیف | clean: 0.01s | load: 0.13s | جمع کل: 910000 رکورد
2026-08-17 23:46:42,382 | WARNING | رکورد رد شد (id=11341147): DataError: (pyodbc.DataError) ('22003', '[22003] [Microsoft][ODBC Driver 18 for SQL Server][SQL Server]Arithmetic overflow error converting expression to data type int. (8115) (SQLExecDirectW); [22003] [Microsoft][ODBC Driver 18 for SQL Server][SQL Server]The statement has been terminated. (3621)')
[SQL: INSERT INTO products (id, title_fa, rate, rate_cnt, category1, category2, brand, price, seller, is_fake, min_price_last_month, sub_category) VALUES (?, ?, ?, ?, ?, ?, ?, ?, ?, ?, ?, ?)]
[parameters: (11341147, 'صندلی ماساژ نیکو\xa0مدل  G66', 0, 0, 'ماساژور', 'صندلی ماساژور', 'متفرقه', 2800000000, 'هوم دالاهو', 0, 1400000000, 'beauty')]
(Background on this error at: https://sqlalche.me/e/20/9h9h)
2026-08-17 23:46:42,385 | WARNING | رکورد رد شد (id=1003122): DataError: (pyodbc.DataError) ('22003', '[22003] [Microsoft][ODBC Driver 18 for SQL Server][SQL Server]Arithmetic overflow error converting expression to data type int. (8115) (SQLExecDirectW); [22003] [Microsoft][ODBC Driver 18 for SQL Server][SQL Server]The statement has been terminated. (3621)')
[SQL: INSERT INTO products (id, title_fa, rate, rate_cnt, category1, category2, brand, price, seller, is_fake, min_price_last_month, sub_category) VALUES (?, ?, ?, ?, ?, ?, ?, ?, ?, ?, ?, ?)]
[parameters: (1003122, 'صندلی ماساژور میوتو ایتالیا مدل G3', 0, 0, 'ماساژور', 'صندلی ماساژور', 'میوتو ایتالیا', 2698989000, 'کالاپزشکی کیمیا', 0, 0, 'beauty')]
(Background on this error at: https://sqlalche.me/e/20/9h9h)
2026-08-17 23:46:42,390 | WARNING | رکورد رد شد (id=12533212): DataError: (pyodbc.DataError) ('22003', '[22003] [Microsoft][ODBC Driver 18 for SQL Server][SQL Server]Arithmetic overflow error converting expression to data type int. (8115) (SQLExecDirectW); [22003] [Microsoft][ODBC Driver 18 for SQL Server][SQL Server]The statement has been terminated. (3621)')
[SQL: INSERT INTO products (id, title_fa, rate, rate_cnt, category1, category2, brand, price, seller, is_fake, min_price_last_month, sub_category) VALUES (?, ?, ?, ?, ?, ?, ?, ?, ?, ?, ?, ?)]
[parameters: (12533212, 'صندلی ماساژور پاناسیما مدل 1003D-T', 0, 0, 'ماساژور', 'صندلی ماساژور', 'متفرقه', 3100000000, 'سناتور قشم', 0, 0, 'beauty')]
(Background on this error at: https://sqlalche.me/e/20/9h9h)
2026-08-17 23:46:42,394 | WARNING | رکورد رد شد (id=5678569): DataError: (pyodbc.DataError) ('22003', '[22003] [Microsoft][ODBC Driver 18 for SQL Server][SQL Server]Arithmetic overflow error converting expression to data type int. (8115) (SQLExecDirectW); [22003] [Microsoft][ODBC Driver 18 for SQL Server][SQL Server]The statement has been terminated. (3621)')
[SQL: INSERT INTO products (id, title_fa, rate, rate_cnt, category1, category2, brand, price, seller, is_fake, min_price_last_month, sub_category) VALUES (?, ?, ?, ?, ?, ?, ?, ?, ?, ?, ?, ?)]
[parameters: (5678569, 'صندلی ماساژور بن کر مدل K20', 0, 0, 'ماساژور', 'صندلی ماساژور', 'بن کر', 3430000000, 'ایران کالا کریمان', 0, 0, 'beauty')]
(Background on this error at: https://sqlalche.me/e/20/9h9h)
2026-08-17 23:46:42,394 | INFO |   -> to_dict/clean: 0.13s | loop(10000): 0.03s | insert(0 ok, 4 failed): 0.02s | update(0): 0.00s | commit: 0.00s
2026-08-17 23:46:42,394 | INFO | چانک 92 | 10000 ردیف | clean: 0.01s | load: 0.17s | جمع کل: 920000 رکورد
2026-08-17 23:46:42,581 | INFO |   -> to_dict/clean: 0.12s | loop(10000): 0.01s | insert(0 ok, 0 failed): 0.00s | update(0): 0.00s | commit: 0.00s
2026-08-17 23:46:42,582 | INFO | چانک 93 | 10000 ردیف | clean: 0.00s | load: 0.13s | جمع کل: 930000 رکورد
2026-08-17 23:46:42,753 | INFO |   -> to_dict/clean: 0.11s | loop(10000): 0.01s | insert(0 ok, 0 failed): 0.00s | update(0): 0.00s | commit: 0.00s
2026-08-17 23:46:42,755 | INFO | چانک 94 | 10000 ردیف | clean: 0.00s | load: 0.13s | جمع کل: 940000 رکورد
2026-08-17 23:46:42,925 | INFO |   -> to_dict/clean: 0.11s | loop(10000): 0.01s | insert(0 ok, 0 failed): 0.00s | update(0): 0.00s | commit: 0.00s
2026-08-17 23:46:42,926 | INFO | چانک 95 | 10000 ردیف | clean: 0.01s | load: 0.13s | جمع کل: 950000 رکورد
2026-08-17 23:46:43,099 | INFO |   -> to_dict/clean: 0.12s | loop(10000): 0.02s | insert(0 ok, 0 failed): 0.00s | update(0): 0.00s | commit: 0.00s
2026-08-17 23:46:43,100 | INFO | چانک 96 | 10000 ردیف | clean: 0.01s | load: 0.13s | جمع کل: 960000 رکورد
2026-08-17 23:46:43,273 | INFO |   -> to_dict/clean: 0.11s | loop(10000): 0.02s | insert(0 ok, 0 failed): 0.00s | update(0): 0.00s | commit: 0.00s
2026-08-17 23:46:43,274 | INFO | چانک 97 | 10000 ردیف | clean: 0.01s | load: 0.13s | جمع کل: 970000 رکورد
2026-08-17 23:46:43,460 | INFO |   -> to_dict/clean: 0.12s | loop(10000): 0.03s | insert(0 ok, 0 failed): 0.00s | update(0): 0.00s | commit: 0.00s
2026-08-17 23:46:43,462 | INFO | چانک 98 | 10000 ردیف | clean: 0.01s | load: 0.15s | جمع کل: 980000 رکورد
2026-08-17 23:46:43,656 | INFO |   -> to_dict/clean: 0.11s | loop(10000): 0.02s | insert(0 ok, 0 failed): 0.00s | update(0): 0.00s | commit: 0.00s
2026-08-17 23:46:43,658 | INFO | چانک 99 | 10000 ردیف | clean: 0.01s | load: 0.13s | جمع کل: 990000 رکورد
2026-08-17 23:46:43,838 | INFO |   -> to_dict/clean: 0.12s | loop(10000): 0.02s | insert(0 ok, 0 failed): 0.00s | update(0): 0.00s | commit: 0.00s
2026-08-17 23:46:43,839 | INFO | چانک 100 | 10000 ردیف | clean: 0.01s | load: 0.14s | جمع کل: 1000000 رکورد
2026-08-17 23:46:44,019 | INFO |   -> to_dict/clean: 0.12s | loop(10000): 0.02s | insert(0 ok, 0 failed): 0.00s | update(0): 0.00s | commit: 0.00s
2026-08-17 23:46:44,021 | INFO | چانک 101 | 10000 ردیف | clean: 0.01s | load: 0.14s | جمع کل: 1010000 رکورد
2026-08-17 23:46:44,191 | INFO |   -> to_dict/clean: 0.11s | loop(10000): 0.02s | insert(0 ok, 0 failed): 0.00s | update(0): 0.00s | commit: 0.00s
2026-08-17 23:46:44,192 | INFO | چانک 102 | 10000 ردیف | clean: 0.01s | load: 0.13s | جمع کل: 1020000 رکورد
2026-08-17 23:46:44,359 | INFO |   -> to_dict/clean: 0.11s | loop(10000): 0.01s | insert(0 ok, 0 failed): 0.00s | update(0): 0.00s | commit: 0.00s
2026-08-17 23:46:44,361 | INFO | چانک 103 | 10000 ردیف | clean: 0.00s | load: 0.13s | جمع کل: 1030000 رکورد
2026-08-17 23:46:44,530 | INFO |   -> to_dict/clean: 0.11s | loop(10000): 0.02s | insert(0 ok, 0 failed): 0.00s | update(0): 0.00s | commit: 0.00s
2026-08-17 23:46:44,531 | INFO | چانک 104 | 10000 ردیف | clean: 0.01s | load: 0.13s | جمع کل: 1040000 رکورد
2026-08-17 23:46:44,700 | INFO |   -> to_dict/clean: 0.11s | loop(10000): 0.02s | insert(0 ok, 0 failed): 0.00s | update(0): 0.00s | commit: 0.00s
2026-08-17 23:46:44,701 | INFO | چانک 105 | 10000 ردیف | clean: 0.01s | load: 0.13s | جمع کل: 1050000 رکورد
2026-08-17 23:46:44,871 | INFO |   -> to_dict/clean: 0.11s | loop(10000): 0.02s | insert(0 ok, 0 failed): 0.00s | update(0): 0.00s | commit: 0.00s
2026-08-17 23:46:44,873 | INFO | چانک 106 | 10000 ردیف | clean: 0.01s | load: 0.13s | جمع کل: 1060000 رکورد
2026-08-17 23:46:45,040 | INFO |   -> to_dict/clean: 0.11s | loop(10000): 0.02s | insert(0 ok, 0 failed): 0.00s | update(0): 0.00s | commit: 0.00s
2026-08-17 23:46:45,041 | INFO | چانک 107 | 10000 ردیف | clean: 0.00s | load: 0.13s | جمع کل: 1070000 رکورد
2026-08-17 23:46:45,267 | INFO |   -> to_dict/clean: 0.17s | loop(10000): 0.02s | insert(0 ok, 0 failed): 0.00s | update(0): 0.00s | commit: 0.00s
2026-08-17 23:46:45,269 | INFO | چانک 108 | 10000 ردیف | clean: 0.01s | load: 0.19s | جمع کل: 1080000 رکورد
2026-08-17 23:46:45,475 | INFO |   -> to_dict/clean: 0.14s | loop(10000): 0.02s | insert(0 ok, 0 failed): 0.00s | update(0): 0.00s | commit: 0.00s
2026-08-17 23:46:45,477 | INFO | چانک 109 | 10000 ردیف | clean: 0.01s | load: 0.16s | جمع کل: 1090000 رکورد
2026-08-17 23:46:45,658 | INFO |   -> to_dict/clean: 0.11s | loop(10000): 0.02s | insert(0 ok, 0 failed): 0.00s | update(0): 0.00s | commit: 0.00s
2026-08-17 23:46:45,660 | INFO | چانک 110 | 10000 ردیف | clean: 0.00s | load: 0.13s | جمع کل: 1100000 رکورد
2026-08-17 23:46:45,852 | INFO |   -> to_dict/clean: 0.13s | loop(10000): 0.02s | insert(0 ok, 0 failed): 0.00s | update(0): 0.00s | commit: 0.00s
2026-08-17 23:46:45,854 | INFO | چانک 111 | 10000 ردیف | clean: 0.01s | load: 0.15s | جمع کل: 1110000 رکورد
2026-08-17 23:46:46,048 | INFO |   -> to_dict/clean: 0.14s | loop(10000): 0.02s | insert(0 ok, 0 failed): 0.00s | update(0): 0.00s | commit: 0.00s
2026-08-17 23:46:46,050 | INFO | چانک 112 | 10000 ردیف | clean: 0.01s | load: 0.16s | جمع کل: 1120000 رکورد
2026-08-17 23:46:46,250 | INFO |   -> to_dict/clean: 0.14s | loop(10000): 0.02s | insert(0 ok, 0 failed): 0.00s | update(0): 0.00s | commit: 0.00s
2026-08-17 23:46:46,251 | INFO | چانک 113 | 10000 ردیف | clean: 0.01s | load: 0.16s | جمع کل: 1130000 رکورد
2026-08-17 23:46:46,423 | INFO |   -> to_dict/clean: 0.11s | loop(10000): 0.02s | insert(0 ok, 0 failed): 0.00s | update(0): 0.00s | commit: 0.00s
2026-08-17 23:46:46,424 | INFO | چانک 114 | 10000 ردیف | clean: 0.01s | load: 0.13s | جمع کل: 1140000 رکورد
2026-08-17 23:46:46,598 | INFO |   -> to_dict/clean: 0.11s | loop(10000): 0.02s | insert(0 ok, 0 failed): 0.00s | update(0): 0.00s | commit: 0.00s
2026-08-17 23:46:46,600 | INFO | چانک 115 | 10000 ردیف | clean: 0.01s | load: 0.13s | جمع کل: 1150000 رکورد
2026-08-17 23:46:46,774 | INFO |   -> to_dict/clean: 0.11s | loop(10000): 0.02s | insert(0 ok, 0 failed): 0.00s | update(0): 0.00s | commit: 0.00s
2026-08-17 23:46:46,775 | INFO | چانک 116 | 10000 ردیف | clean: 0.01s | load: 0.13s | جمع کل: 1160000 رکورد
2026-08-17 23:46:46,949 | INFO |   -> to_dict/clean: 0.11s | loop(10000): 0.02s | insert(0 ok, 0 failed): 0.00s | update(0): 0.00s | commit: 0.00s
2026-08-17 23:46:46,951 | INFO | چانک 117 | 10000 ردیف | clean: 0.01s | load: 0.13s | جمع کل: 1170000 رکورد
2026-08-17 23:46:47,159 | INFO |   -> to_dict/clean: 0.14s | loop(10000): 0.02s | insert(0 ok, 0 failed): 0.00s | update(0): 0.00s | commit: 0.00s
2026-08-17 23:46:47,160 | INFO | چانک 118 | 10000 ردیف | clean: 0.01s | load: 0.16s | جمع کل: 1180000 رکورد
2026-08-17 23:46:47,357 | INFO |   -> to_dict/clean: 0.12s | loop(10000): 0.03s | insert(0 ok, 0 failed): 0.00s | update(0): 0.00s | commit: 0.00s
2026-08-17 23:46:47,363 | INFO | چانک 119 | 10000 ردیف | clean: 0.01s | load: 0.15s | جمع کل: 1190000 رکورد
2026-08-17 23:46:47,597 | INFO |   -> to_dict/clean: 0.17s | loop(10000): 0.02s | insert(0 ok, 0 failed): 0.00s | update(0): 0.00s | commit: 0.00s
2026-08-17 23:46:47,598 | INFO | چانک 120 | 10000 ردیف | clean: 0.01s | load: 0.18s | جمع کل: 1200000 رکورد
2026-08-17 23:46:47,773 | INFO |   -> to_dict/clean: 0.11s | loop(10000): 0.02s | insert(0 ok, 0 failed): 0.00s | update(0): 0.00s | commit: 0.00s
2026-08-17 23:46:47,774 | INFO | چانک 121 | 10000 ردیف | clean: 0.01s | load: 0.13s | جمع کل: 1210000 رکورد
2026-08-17 23:46:47,946 | INFO |   -> to_dict/clean: 0.11s | loop(10000): 0.02s | insert(0 ok, 0 failed): 0.00s | update(0): 0.00s | commit: 0.00s
2026-08-17 23:46:47,948 | INFO | چانک 122 | 10000 ردیف | clean: 0.01s | load: 0.13s | جمع کل: 1220000 رکورد
2026-08-17 23:46:48,123 | INFO |   -> to_dict/clean: 0.11s | loop(10000): 0.02s | insert(0 ok, 0 failed): 0.00s | update(0): 0.00s | commit: 0.00s
2026-08-17 23:46:48,125 | INFO | چانک 123 | 10000 ردیف | clean: 0.01s | load: 0.13s | جمع کل: 1230000 رکورد
2026-08-17 23:46:48,293 | INFO |   -> to_dict/clean: 0.11s | loop(10000): 0.02s | insert(0 ok, 0 failed): 0.00s | update(0): 0.00s | commit: 0.00s
2026-08-17 23:46:48,295 | INFO | چانک 124 | 10000 ردیف | clean: 0.01s | load: 0.13s | جمع کل: 1240000 رکورد
2026-08-17 23:46:48,464 | INFO |   -> to_dict/clean: 0.11s | loop(10000): 0.02s | insert(0 ok, 0 failed): 0.00s | update(0): 0.00s | commit: 0.00s
2026-08-17 23:46:48,466 | INFO | چانک 125 | 10000 ردیف | clean: 0.00s | load: 0.13s | جمع کل: 1250000 رکورد
2026-08-17 23:46:48,634 | INFO |   -> to_dict/clean: 0.11s | loop(10000): 0.02s | insert(0 ok, 0 failed): 0.00s | update(0): 0.00s | commit: 0.00s
2026-08-17 23:46:48,636 | INFO | چانک 126 | 10000 ردیف | clean: 0.00s | load: 0.13s | جمع کل: 1260000 رکورد
2026-08-17 23:46:48,806 | INFO |   -> to_dict/clean: 0.11s | loop(10000): 0.02s | insert(0 ok, 0 failed): 0.00s | update(0): 0.00s | commit: 0.00s
2026-08-17 23:46:48,807 | INFO | چانک 127 | 10000 ردیف | clean: 0.00s | load: 0.13s | جمع کل: 1270000 رکورد
2026-08-17 23:46:48,976 | INFO |   -> to_dict/clean: 0.11s | loop(10000): 0.02s | insert(0 ok, 0 failed): 0.00s | update(0): 0.00s | commit: 0.00s
2026-08-17 23:46:48,977 | INFO | چانک 128 | 10000 ردیف | clean: 0.01s | load: 0.13s | جمع کل: 1280000 رکورد
2026-08-17 23:46:49,051 | INFO |   -> to_dict/clean: 0.05s | loop(3496): 0.01s | insert(0 ok, 0 failed): 0.00s | update(0): 0.00s | commit: 0.00s
2026-08-17 23:46:49,052 | INFO | چانک 129 | 3496 ردیف | clean: 0.00s | load: 0.06s | جمع کل: 1283496 رکورد
2026-08-17 23:46:49,053 | INFO | پردازش تمام شد. مجموع رکوردهای بررسی‌شده: 1283496
2026-08-18 08:22:47,351 | INFO | در حال بارگذاری رکوردهای موجود از دیتابیس (برای resume-safe بودن)...
2026-08-18 08:23:14,407 | INFO | 948285 رکورد در 27.1 ثانیه بارگذاری شد.
2026-08-18 08:23:14,407 | INFO | شروع پردازش چانک‌ها...
2026-08-18 08:23:14,713 | INFO |   -> to_dict/clean: 0.17s | loop(10000): 0.02s | insert(0 ok, 0 failed): 0.00s | update(0): 0.00s | commit: 0.00s
2026-08-18 08:23:14,716 | INFO | چانک 1 | 10000 ردیف | clean: 0.02s | load: 0.19s | جمع کل: 10000 رکورد
2026-08-18 08:23:14,972 | INFO |   -> to_dict/clean: 0.15s | loop(10000): 0.03s | insert(0 ok, 0 failed): 0.00s | update(0): 0.00s | commit: 0.00s
2026-08-18 08:23:14,974 | INFO | چانک 2 | 10000 ردیف | clean: 0.01s | load: 0.18s | جمع کل: 20000 رکورد
2026-08-18 08:23:15,211 | INFO |   -> to_dict/clean: 0.16s | loop(10000): 0.02s | insert(0 ok, 0 failed): 0.00s | update(0): 0.00s | commit: 0.00s
2026-08-18 08:23:15,213 | INFO | چانک 3 | 10000 ردیف | clean: 0.01s | load: 0.19s | جمع کل: 30000 رکورد
2026-08-18 08:23:15,389 | INFO |   -> to_dict/clean: 0.11s | loop(10000): 0.02s | insert(0 ok, 0 failed): 0.00s | update(0): 0.00s | commit: 0.00s
2026-08-18 08:23:15,391 | INFO | چانک 4 | 10000 ردیف | clean: 0.01s | load: 0.13s | جمع کل: 40000 رکورد
2026-08-18 08:23:15,573 | INFO |   -> to_dict/clean: 0.12s | loop(10000): 0.02s | insert(0 ok, 0 failed): 0.00s | update(0): 0.00s | commit: 0.00s
2026-08-18 08:23:15,575 | INFO | چانک 5 | 10000 ردیف | clean: 0.01s | load: 0.14s | جمع کل: 50000 رکورد
2026-08-18 08:23:15,809 | INFO |   -> to_dict/clean: 0.17s | loop(10000): 0.02s | insert(0 ok, 0 failed): 0.00s | update(0): 0.00s | commit: 0.00s
2026-08-18 08:23:15,810 | INFO | چانک 6 | 10000 ردیف | clean: 0.01s | load: 0.19s | جمع کل: 60000 رکورد
2026-08-18 08:23:15,989 | INFO |   -> to_dict/clean: 0.12s | loop(10000): 0.02s | insert(0 ok, 0 failed): 0.00s | update(0): 0.00s | commit: 0.00s
2026-08-18 08:23:15,991 | INFO | چانک 7 | 10000 ردیف | clean: 0.01s | load: 0.13s | جمع کل: 70000 رکورد
2026-08-18 08:23:16,171 | INFO |   -> to_dict/clean: 0.11s | loop(10000): 0.02s | insert(0 ok, 0 failed): 0.00s | update(0): 0.00s | commit: 0.00s
2026-08-18 08:23:16,173 | INFO | چانک 8 | 10000 ردیف | clean: 0.01s | load: 0.14s | جمع کل: 80000 رکورد
2026-08-18 08:23:16,419 | INFO |   -> to_dict/clean: 0.15s | loop(10000): 0.02s | insert(0 ok, 0 failed): 0.00s | update(0): 0.00s | commit: 0.00s
2026-08-18 08:23:16,420 | INFO | چانک 9 | 10000 ردیف | clean: 0.01s | load: 0.17s | جمع کل: 90000 رکورد
2026-08-18 08:23:16,609 | INFO |   -> to_dict/clean: 0.11s | loop(10000): 0.02s | insert(0 ok, 0 failed): 0.00s | update(0): 0.00s | commit: 0.00s
2026-08-18 08:23:16,611 | INFO | چانک 10 | 10000 ردیف | clean: 0.01s | load: 0.13s | جمع کل: 100000 رکورد
2026-08-18 08:23:16,786 | INFO |   -> to_dict/clean: 0.11s | loop(10000): 0.02s | insert(0 ok, 0 failed): 0.00s | update(0): 0.00s | commit: 0.00s
2026-08-18 08:23:16,788 | INFO | چانک 11 | 10000 ردیف | clean: 0.01s | load: 0.13s | جمع کل: 110000 رکورد
2026-08-18 08:23:17,021 | INFO |   -> to_dict/clean: 0.17s | loop(10000): 0.03s | insert(0 ok, 0 failed): 0.00s | update(0): 0.00s | commit: 0.00s
2026-08-18 08:23:17,023 | INFO | چانک 12 | 10000 ردیف | clean: 0.01s | load: 0.20s | جمع کل: 120000 رکورد
2026-08-18 08:23:17,317 | INFO |   -> to_dict/clean: 0.20s | loop(10000): 0.02s | insert(0 ok, 0 failed): 0.00s | update(0): 0.00s | commit: 0.00s
2026-08-18 08:23:17,318 | INFO | چانک 13 | 10000 ردیف | clean: 0.01s | load: 0.22s | جمع کل: 130000 رکورد
2026-08-18 08:23:17,492 | INFO |   -> to_dict/clean: 0.11s | loop(10000): 0.02s | insert(0 ok, 0 failed): 0.00s | update(0): 0.00s | commit: 0.00s
2026-08-18 08:23:17,493 | INFO | چانک 14 | 10000 ردیف | clean: 0.01s | load: 0.13s | جمع کل: 140000 رکورد
2026-08-18 08:23:17,663 | INFO |   -> to_dict/clean: 0.11s | loop(10000): 0.02s | insert(0 ok, 0 failed): 0.00s | update(0): 0.00s | commit: 0.00s
2026-08-18 08:23:17,665 | INFO | چانک 15 | 10000 ردیف | clean: 0.01s | load: 0.13s | جمع کل: 150000 رکورد
2026-08-18 08:23:17,848 | WARNING | رکورد رد شد (id=7500451): DataError: (pyodbc.DataError) ('22003', '[22003] [Microsoft][ODBC Driver 18 for SQL Server][SQL Server]Arithmetic overflow error converting expression to data type int. (8115) (SQLExecDirectW); [22003] [Microsoft][ODBC Driver 18 for SQL Server][SQL Server]The statement has been terminated. (3621)')
[SQL: INSERT INTO products (id, title_fa, rate, rate_cnt, category1, category2, brand, price, seller, is_fake, min_price_last_month, sub_category) VALUES (?, ?, ?, ?, ?, ?, ?, ?, ?, ?, ?, ?)]
[parameters: (7500451, 'ساعت مچی عقربه ای زنانه اگنر مدل A31600-Luxury Box', 0, 0, 'اکسسوری زنانه', 'ساعت زنانه', 'اگنر', 2900000000, 'گالری مختاری نوا', 0, 0, 'clothe')]
(Background on this error at: https://sqlalche.me/e/20/9h9h)
2026-08-18 08:23:17,848 | INFO |   -> to_dict/clean: 0.11s | loop(10000): 0.02s | insert(0 ok, 1 failed): 0.01s | update(0): 0.00s | commit: 0.00s
2026-08-18 08:23:17,849 | INFO | چانک 16 | 10000 ردیف | clean: 0.00s | load: 0.14s | جمع کل: 160000 رکورد
2026-08-18 08:23:18,073 | INFO |   -> to_dict/clean: 0.14s | loop(10000): 0.02s | insert(0 ok, 0 failed): 0.00s | update(0): 0.00s | commit: 0.00s
2026-08-18 08:23:18,075 | INFO | چانک 17 | 10000 ردیف | clean: 0.01s | load: 0.16s | جمع کل: 170000 رکورد
2026-08-18 08:23:18,326 | INFO |   -> to_dict/clean: 0.16s | loop(10000): 0.02s | insert(0 ok, 0 failed): 0.00s | update(0): 0.00s | commit: 0.00s
2026-08-18 08:23:18,328 | INFO | چانک 18 | 10000 ردیف | clean: 0.01s | load: 0.18s | جمع کل: 180000 رکورد
2026-08-18 08:23:18,500 | INFO |   -> to_dict/clean: 0.11s | loop(10000): 0.02s | insert(0 ok, 0 failed): 0.00s | update(0): 0.00s | commit: 0.00s
2026-08-18 08:23:18,501 | INFO | چانک 19 | 10000 ردیف | clean: 0.00s | load: 0.13s | جمع کل: 190000 رکورد
2026-08-18 08:23:18,672 | INFO |   -> to_dict/clean: 0.11s | loop(10000): 0.02s | insert(0 ok, 0 failed): 0.00s | update(0): 0.00s | commit: 0.00s
2026-08-18 08:23:18,674 | INFO | چانک 20 | 10000 ردیف | clean: 0.01s | load: 0.13s | جمع کل: 200000 رکورد
2026-08-18 08:23:18,847 | INFO |   -> to_dict/clean: 0.11s | loop(10000): 0.02s | insert(0 ok, 0 failed): 0.00s | update(0): 0.00s | commit: 0.00s
2026-08-18 08:23:18,848 | INFO | چانک 21 | 10000 ردیف | clean: 0.01s | load: 0.13s | جمع کل: 210000 رکورد
2026-08-18 08:23:19,040 | INFO |   -> to_dict/clean: 0.13s | loop(10000): 0.02s | insert(0 ok, 0 failed): 0.00s | update(0): 0.00s | commit: 0.00s
2026-08-18 08:23:19,041 | INFO | چانک 22 | 10000 ردیف | clean: 0.01s | load: 0.15s | جمع کل: 220000 رکورد
2026-08-18 08:23:19,308 | INFO |   -> to_dict/clean: 0.18s | loop(10000): 0.02s | insert(0 ok, 0 failed): 0.00s | update(0): 0.00s | commit: 0.00s
2026-08-18 08:23:19,310 | INFO | چانک 23 | 10000 ردیف | clean: 0.01s | load: 0.20s | جمع کل: 230000 رکورد
2026-08-18 08:23:19,529 | INFO |   -> to_dict/clean: 0.15s | loop(10000): 0.02s | insert(0 ok, 0 failed): 0.00s | update(0): 0.00s | commit: 0.00s
2026-08-18 08:23:19,530 | INFO | چانک 24 | 10000 ردیف | clean: 0.01s | load: 0.18s | جمع کل: 240000 رکورد
2026-08-18 08:23:19,703 | INFO |   -> to_dict/clean: 0.11s | loop(10000): 0.02s | insert(0 ok, 0 failed): 0.00s | update(0): 0.00s | commit: 0.00s
2026-08-18 08:23:19,704 | INFO | چانک 25 | 10000 ردیف | clean: 0.01s | load: 0.13s | جمع کل: 250000 رکورد
2026-08-18 08:23:19,877 | INFO |   -> to_dict/clean: 0.11s | loop(10000): 0.02s | insert(0 ok, 0 failed): 0.00s | update(0): 0.00s | commit: 0.00s
2026-08-18 08:23:19,878 | INFO | چانک 26 | 10000 ردیف | clean: 0.01s | load: 0.13s | جمع کل: 260000 رکورد
2026-08-18 08:23:20,052 | INFO |   -> to_dict/clean: 0.12s | loop(10000): 0.02s | insert(0 ok, 0 failed): 0.00s | update(0): 0.00s | commit: 0.00s
2026-08-18 08:23:20,053 | INFO | چانک 27 | 10000 ردیف | clean: 0.01s | load: 0.13s | جمع کل: 270000 رکورد
2026-08-18 08:23:20,268 | INFO |   -> to_dict/clean: 0.13s | loop(10000): 0.02s | insert(0 ok, 0 failed): 0.00s | update(0): 0.00s | commit: 0.00s
2026-08-18 08:23:20,269 | INFO | چانک 28 | 10000 ردیف | clean: 0.01s | load: 0.15s | جمع کل: 280000 رکورد
2026-08-18 08:23:20,440 | INFO |   -> to_dict/clean: 0.11s | loop(10000): 0.02s | insert(0 ok, 0 failed): 0.00s | update(0): 0.00s | commit: 0.00s
2026-08-18 08:23:20,441 | INFO | چانک 29 | 10000 ردیف | clean: 0.01s | load: 0.13s | جمع کل: 290000 رکورد
2026-08-18 08:23:20,615 | INFO |   -> to_dict/clean: 0.12s | loop(10000): 0.02s | insert(0 ok, 0 failed): 0.00s | update(0): 0.00s | commit: 0.00s
2026-08-18 08:23:20,616 | INFO | چانک 30 | 10000 ردیف | clean: 0.01s | load: 0.13s | جمع کل: 300000 رکورد
2026-08-18 08:23:20,789 | INFO |   -> to_dict/clean: 0.11s | loop(10000): 0.02s | insert(0 ok, 0 failed): 0.00s | update(0): 0.00s | commit: 0.00s
2026-08-18 08:23:20,790 | INFO | چانک 31 | 10000 ردیف | clean: 0.01s | load: 0.13s | جمع کل: 310000 رکورد
2026-08-18 08:23:20,966 | INFO |   -> to_dict/clean: 0.12s | loop(10000): 0.02s | insert(0 ok, 0 failed): 0.00s | update(0): 0.00s | commit: 0.00s
2026-08-18 08:23:20,968 | INFO | چانک 32 | 10000 ردیف | clean: 0.01s | load: 0.13s | جمع کل: 320000 رکورد
2026-08-18 08:23:21,181 | WARNING | رکورد رد شد (id=11293257): DataError: (pyodbc.DataError) ('22003', '[22003] [Microsoft][ODBC Driver 18 for SQL Server][SQL Server]Arithmetic overflow error converting expression to data type int. (8115) (SQLExecDirectW); [22003] [Microsoft][ODBC Driver 18 for SQL Server][SQL Server]The statement has been terminated. (3621)')
[SQL: INSERT INTO products (id, title_fa, rate, rate_cnt, category1, category2, brand, price, seller, is_fake, min_price_last_month, sub_category) VALUES (?, ?, ?, ?, ?, ?, ?, ?, ?, ?, ?, ?)]
[parameters: (11293257, 'انگشتر نقره مردانه مدل قاجاری فوق کلکسیونی', 0, 0, 'اکسسوری مردانه', 'زیورآلات نقره مردانه', 'متفرقه', 2400000000, 'گالری مستر کاست', 0, 0, 'clothe')]
(Background on this error at: https://sqlalche.me/e/20/9h9h)
2026-08-18 08:23:21,189 | WARNING | رکورد رد شد (id=7336696): DataError: (pyodbc.DataError) ('22003', '[22003] [Microsoft][ODBC Driver 18 for SQL Server][SQL Server]Arithmetic overflow error converting expression to data type int. (8115) (SQLExecDirectW); [22003] [Microsoft][ODBC Driver 18 for SQL Server][SQL Server]The statement has been terminated. (3621)')
[SQL: INSERT INTO products (id, title_fa, rate, rate_cnt, category1, category2, brand, price, seller, is_fake, min_price_last_month, sub_category) VALUES (?, ?, ?, ?, ?, ?, ?, ?, ?, ?, ?, ?)]
[parameters: (7336696, 'ساعت مچی عقربه\u200cای مردانه تگ هویر مدل CAL5111.FC6299', 100, 2, 'اکسسوری مردانه', 'ساعت مردانه', 'تگ هویر', 7645500000, 'آس کالا کمپانی', 0, 7645500000, 'clothe')]
(Background on this error at: https://sqlalche.me/e/20/9h9h)
2026-08-18 08:23:21,190 | INFO |   -> to_dict/clean: 0.14s | loop(10000): 0.02s | insert(0 ok, 2 failed): 0.02s | update(0): 0.00s | commit: 0.00s
2026-08-18 08:23:21,190 | INFO | چانک 33 | 10000 ردیف | clean: 0.01s | load: 0.18s | جمع کل: 330000 رکورد
2026-08-18 08:23:21,420 | INFO |   -> to_dict/clean: 0.14s | loop(10000): 0.02s | insert(0 ok, 0 failed): 0.00s | update(0): 0.00s | commit: 0.00s
2026-08-18 08:23:21,422 | INFO | چانک 34 | 10000 ردیف | clean: 0.01s | load: 0.16s | جمع کل: 340000 رکورد
2026-08-18 08:23:21,632 | INFO |   -> to_dict/clean: 0.15s | loop(10000): 0.02s | insert(0 ok, 0 failed): 0.00s | update(0): 0.00s | commit: 0.00s
2026-08-18 08:23:21,633 | INFO | چانک 35 | 10000 ردیف | clean: 0.01s | load: 0.17s | جمع کل: 350000 رکورد
2026-08-18 08:23:21,814 | WARNING | رکورد رد شد (id=7336696): DataError: (pyodbc.DataError) ('22003', '[22003] [Microsoft][ODBC Driver 18 for SQL Server][SQL Server]Arithmetic overflow error converting expression to data type int. (8115) (SQLExecDirectW); [22003] [Microsoft][ODBC Driver 18 for SQL Server][SQL Server]The statement has been terminated. (3621)')
[SQL: INSERT INTO products (id, title_fa, rate, rate_cnt, category1, category2, brand, price, seller, is_fake, min_price_last_month, sub_category) VALUES (?, ?, ?, ?, ?, ?, ?, ?, ?, ?, ?, ?)]
[parameters: (7336696, 'ساعت مچی عقربه\u200cای مردانه تگ هویر مدل CAL5111.FC6299', 100, 2, 'اکسسوری مردانه', 'ساعت مردانه', 'تگ هویر', 7645500000, 'آس کالا کمپانی', 0, 7645500000, 'clothe')]
(Background on this error at: https://sqlalche.me/e/20/9h9h)
2026-08-18 08:23:21,814 | INFO |   -> to_dict/clean: 0.12s | loop(10000): 0.02s | insert(0 ok, 1 failed): 0.01s | update(0): 0.00s | commit: 0.00s
2026-08-18 08:23:21,815 | INFO | چانک 36 | 10000 ردیف | clean: 0.01s | load: 0.14s | جمع کل: 360000 رکورد
2026-08-18 08:23:22,014 | INFO |   -> to_dict/clean: 0.12s | loop(10000): 0.02s | insert(0 ok, 0 failed): 0.00s | update(0): 0.00s | commit: 0.00s
2026-08-18 08:23:22,016 | INFO | چانک 37 | 10000 ردیف | clean: 0.00s | load: 0.13s | جمع کل: 370000 رکورد
2026-08-18 08:23:22,226 | INFO |   -> to_dict/clean: 0.15s | loop(10000): 0.01s | insert(0 ok, 0 failed): 0.00s | update(0): 0.00s | commit: 0.00s
2026-08-18 08:23:22,227 | INFO | چانک 38 | 10000 ردیف | clean: 0.00s | load: 0.17s | جمع کل: 380000 رکورد
2026-08-18 08:23:22,398 | INFO |   -> to_dict/clean: 0.11s | loop(10000): 0.01s | insert(0 ok, 0 failed): 0.00s | update(0): 0.00s | commit: 0.00s
2026-08-18 08:23:22,399 | INFO | چانک 39 | 10000 ردیف | clean: 0.01s | load: 0.13s | جمع کل: 390000 رکورد
2026-08-18 08:23:22,569 | INFO |   -> to_dict/clean: 0.12s | loop(10000): 0.01s | insert(0 ok, 0 failed): 0.00s | update(0): 0.00s | commit: 0.00s
2026-08-18 08:23:22,570 | INFO | چانک 40 | 10000 ردیف | clean: 0.01s | load: 0.13s | جمع کل: 400000 رکورد
2026-08-18 08:23:22,743 | INFO |   -> to_dict/clean: 0.12s | loop(10000): 0.02s | insert(0 ok, 0 failed): 0.00s | update(0): 0.00s | commit: 0.00s
2026-08-18 08:23:22,745 | INFO | چانک 41 | 10000 ردیف | clean: 0.01s | load: 0.13s | جمع کل: 410000 رکورد
2026-08-18 08:23:22,915 | INFO |   -> to_dict/clean: 0.11s | loop(10000): 0.02s | insert(0 ok, 0 failed): 0.00s | update(0): 0.00s | commit: 0.00s
2026-08-18 08:23:22,917 | INFO | چانک 42 | 10000 ردیف | clean: 0.01s | load: 0.13s | جمع کل: 420000 رکورد
2026-08-18 08:23:23,096 | INFO |   -> to_dict/clean: 0.12s | loop(10000): 0.03s | insert(0 ok, 0 failed): 0.00s | update(0): 0.00s | commit: 0.00s
2026-08-18 08:23:23,099 | INFO | چانک 43 | 10000 ردیف | clean: 0.01s | load: 0.14s | جمع کل: 430000 رکورد
2026-08-18 08:23:23,349 | INFO |   -> to_dict/clean: 0.15s | loop(10000): 0.03s | insert(0 ok, 0 failed): 0.00s | update(0): 0.00s | commit: 0.00s
2026-08-18 08:23:23,351 | INFO | چانک 44 | 10000 ردیف | clean: 0.01s | load: 0.18s | جمع کل: 440000 رکورد
2026-08-18 08:23:23,540 | INFO |   -> to_dict/clean: 0.12s | loop(10000): 0.02s | insert(0 ok, 0 failed): 0.00s | update(0): 0.00s | commit: 0.00s
2026-08-18 08:23:23,541 | INFO | چانک 45 | 10000 ردیف | clean: 0.01s | load: 0.13s | جمع کل: 450000 رکورد
2026-08-18 08:23:23,711 | INFO |   -> to_dict/clean: 0.11s | loop(10000): 0.02s | insert(0 ok, 0 failed): 0.00s | update(0): 0.00s | commit: 0.00s
2026-08-18 08:23:23,712 | INFO | چانک 46 | 10000 ردیف | clean: 0.01s | load: 0.13s | جمع کل: 460000 رکورد
2026-08-18 08:23:23,887 | INFO |   -> to_dict/clean: 0.12s | loop(10000): 0.02s | insert(0 ok, 0 failed): 0.00s | update(0): 0.00s | commit: 0.00s
2026-08-18 08:23:23,889 | INFO | چانک 47 | 10000 ردیف | clean: 0.01s | load: 0.13s | جمع کل: 470000 رکورد
2026-08-18 08:23:24,060 | INFO |   -> to_dict/clean: 0.12s | loop(10000): 0.02s | insert(0 ok, 0 failed): 0.00s | update(0): 0.00s | commit: 0.00s
2026-08-18 08:23:24,061 | INFO | چانک 48 | 10000 ردیف | clean: 0.01s | load: 0.13s | جمع کل: 480000 رکورد
2026-08-18 08:23:24,298 | INFO |   -> to_dict/clean: 0.15s | loop(10000): 0.02s | insert(0 ok, 0 failed): 0.00s | update(0): 0.00s | commit: 0.00s
2026-08-18 08:23:24,300 | INFO | چانک 49 | 10000 ردیف | clean: 0.01s | load: 0.17s | جمع کل: 490000 رکورد
2026-08-18 08:23:24,507 | INFO |   -> to_dict/clean: 0.15s | loop(10000): 0.02s | insert(0 ok, 0 failed): 0.00s | update(0): 0.00s | commit: 0.00s
2026-08-18 08:23:24,508 | INFO | چانک 50 | 10000 ردیف | clean: 0.01s | load: 0.17s | جمع کل: 500000 رکورد
2026-08-18 08:23:24,677 | INFO |   -> to_dict/clean: 0.11s | loop(10000): 0.02s | insert(0 ok, 0 failed): 0.00s | update(0): 0.00s | commit: 0.00s
2026-08-18 08:23:24,679 | INFO | چانک 51 | 10000 ردیف | clean: 0.01s | load: 0.13s | جمع کل: 510000 رکورد
2026-08-18 08:23:24,852 | INFO |   -> to_dict/clean: 0.12s | loop(10000): 0.02s | insert(0 ok, 0 failed): 0.00s | update(0): 0.00s | commit: 0.00s
2026-08-18 08:23:24,853 | INFO | چانک 52 | 10000 ردیف | clean: 0.01s | load: 0.13s | جمع کل: 520000 رکورد
2026-08-18 08:23:25,031 | INFO |   -> to_dict/clean: 0.12s | loop(10000): 0.02s | insert(0 ok, 0 failed): 0.00s | update(0): 0.00s | commit: 0.00s
2026-08-18 08:23:25,033 | INFO | چانک 53 | 10000 ردیف | clean: 0.01s | load: 0.13s | جمع کل: 530000 رکورد
2026-08-18 08:23:25,262 | INFO |   -> to_dict/clean: 0.16s | loop(10000): 0.02s | insert(0 ok, 0 failed): 0.00s | update(0): 0.00s | commit: 0.00s
2026-08-18 08:23:25,263 | INFO | چانک 54 | 10000 ردیف | clean: 0.01s | load: 0.17s | جمع کل: 540000 رکورد
2026-08-18 08:23:25,437 | INFO |   -> to_dict/clean: 0.12s | loop(10000): 0.02s | insert(0 ok, 0 failed): 0.00s | update(0): 0.00s | commit: 0.00s
2026-08-18 08:23:25,439 | INFO | چانک 55 | 10000 ردیف | clean: 0.01s | load: 0.13s | جمع کل: 550000 رکورد
2026-08-18 08:23:25,609 | INFO |   -> to_dict/clean: 0.12s | loop(10000): 0.02s | insert(0 ok, 0 failed): 0.00s | update(0): 0.00s | commit: 0.00s
2026-08-18 08:23:25,611 | INFO | چانک 56 | 10000 ردیف | clean: 0.01s | load: 0.13s | جمع کل: 560000 رکورد
2026-08-18 08:23:25,782 | INFO |   -> to_dict/clean: 0.11s | loop(10000): 0.01s | insert(0 ok, 0 failed): 0.00s | update(0): 0.00s | commit: 0.00s
2026-08-18 08:23:25,784 | INFO | چانک 57 | 10000 ردیف | clean: 0.01s | load: 0.13s | جمع کل: 570000 رکورد
2026-08-18 08:23:25,992 | INFO |   -> to_dict/clean: 0.15s | loop(10000): 0.02s | insert(0 ok, 0 failed): 0.00s | update(0): 0.00s | commit: 0.00s
2026-08-18 08:23:25,994 | INFO | چانک 58 | 10000 ردیف | clean: 0.01s | load: 0.16s | جمع کل: 580000 رکورد
2026-08-18 08:23:26,213 | INFO |   -> to_dict/clean: 0.16s | loop(10000): 0.02s | insert(0 ok, 0 failed): 0.00s | update(0): 0.00s | commit: 0.00s
2026-08-18 08:23:26,215 | INFO | چانک 59 | 10000 ردیف | clean: 0.01s | load: 0.18s | جمع کل: 590000 رکورد
2026-08-18 08:23:26,392 | INFO |   -> to_dict/clean: 0.12s | loop(10000): 0.02s | insert(0 ok, 0 failed): 0.00s | update(0): 0.00s | commit: 0.00s
2026-08-18 08:23:26,395 | INFO | چانک 60 | 10000 ردیف | clean: 0.00s | load: 0.14s | جمع کل: 600000 رکورد
2026-08-18 08:23:26,588 | INFO |   -> to_dict/clean: 0.11s | loop(10000): 0.02s | insert(0 ok, 0 failed): 0.00s | update(0): 0.00s | commit: 0.00s
2026-08-18 08:23:26,590 | INFO | چانک 61 | 10000 ردیف | clean: 0.00s | load: 0.13s | جمع کل: 610000 رکورد
2026-08-18 08:23:26,766 | INFO |   -> to_dict/clean: 0.11s | loop(10000): 0.02s | insert(0 ok, 0 failed): 0.00s | update(0): 0.00s | commit: 0.00s
2026-08-18 08:23:26,767 | INFO | چانک 62 | 10000 ردیف | clean: 0.01s | load: 0.13s | جمع کل: 620000 رکورد
2026-08-18 08:23:26,949 | INFO |   -> to_dict/clean: 0.12s | loop(10000): 0.03s | insert(0 ok, 0 failed): 0.00s | update(0): 0.00s | commit: 0.00s
2026-08-18 08:23:26,951 | INFO | چانک 63 | 10000 ردیف | clean: 0.00s | load: 0.14s | جمع کل: 630000 رکورد
2026-08-18 08:23:27,171 | WARNING | رکورد رد شد (id=10319122): DataError: (pyodbc.DataError) ('22003', '[22003] [Microsoft][ODBC Driver 18 for SQL Server][SQL Server]Arithmetic overflow error converting expression to data type int. (8115) (SQLExecDirectW); [22003] [Microsoft][ODBC Driver 18 for SQL Server][SQL Server]The statement has been terminated. (3621)')
[SQL: INSERT INTO products (id, title_fa, rate, rate_cnt, category1, category2, brand, price, seller, is_fake, min_price_last_month, sub_category) VALUES (?, ?, ?, ?, ?, ?, ?, ?, ?, ?, ?, ?)]
[parameters: (10319122, 'دستبند طلا 18 عیار زنانه مدل 14902', 0, 0, 'زیورآلات طلا زنانه', 'دستبند طلا زنانه', 'متفرقه', 2758000000, 'جواهری سروری', 0, 0, 'clothe')]
(Background on this error at: https://sqlalche.me/e/20/9h9h)
2026-08-18 08:23:27,174 | WARNING | رکورد رد شد (id=10412371): DataError: (pyodbc.DataError) ('22003', '[22003] [Microsoft][ODBC Driver 18 for SQL Server][SQL Server]Arithmetic overflow error converting expression to data type int. (8115) (SQLExecDirectW); [22003] [Microsoft][ODBC Driver 18 for SQL Server][SQL Server]The statement has been terminated. (3621)')
[SQL: INSERT INTO products (id, title_fa, rate, rate_cnt, category1, category2, brand, price, seller, is_fake, min_price_last_month, sub_category) VALUES (?, ?, ?, ?, ?, ?, ?, ?, ?, ?, ?, ?)]
[parameters: (10412371, 'انگشتر طلا 18 عیار زنانه جواهری سروری مدل 14959', 0, 0, 'زیورآلات طلا زنانه', 'انگشتر طلا زنانه', 'متفرقه', 2332000000, 'جواهری سروری', 0, 0, 'clothe')]
(Background on this error at: https://sqlalche.me/e/20/9h9h)
2026-08-18 08:23:27,178 | WARNING | رکورد رد شد (id=11487975): DataError: (pyodbc.DataError) ('22003', '[22003] [Microsoft][ODBC Driver 18 for SQL Server][SQL Server]Arithmetic overflow error converting expression to data type int. (8115) (SQLExecDirectW); [22003] [Microsoft][ODBC Driver 18 for SQL Server][SQL Server]The statement has been terminated. (3621)')
[SQL: INSERT INTO products (id, title_fa, rate, rate_cnt, category1, category2, brand, price, seller, is_fake, min_price_last_month, sub_category) VALUES (?, ?, ?, ?, ?, ?, ?, ?, ?, ?, ?, ?)]
[parameters: (11487975, 'انگشتر طلا 18 عیار زنانه جواهری سُروری مدل 14897', 0, 0, 'زیورآلات طلا زنانه', 'انگشتر طلا زنانه', 'متفرقه', 2323000000, 'جواهری سروری', 0, 0, 'clothe')]
(Background on this error at: https://sqlalche.me/e/20/9h9h)
2026-08-18 08:23:27,182 | WARNING | رکورد رد شد (id=10551659): DataError: (pyodbc.DataError) ('22003', '[22003] [Microsoft][ODBC Driver 18 for SQL Server][SQL Server]Arithmetic overflow error converting expression to data type int. (8115) (SQLExecDirectW); [22003] [Microsoft][ODBC Driver 18 for SQL Server][SQL Server]The statement has been terminated. (3621)')
[SQL: INSERT INTO products (id, title_fa, rate, rate_cnt, category1, category2, brand, price, seller, is_fake, min_price_last_month, sub_category) VALUES (?, ?, ?, ?, ?, ?, ?, ?, ?, ?, ?, ?)]
[parameters: (10551659, 'انگشتر طلا 18 عیار زنانه جواهری سروری  مدل 14905', 0, 0, 'زیورآلات طلا زنانه', 'انگشتر طلا زنانه', 'متفرقه', 2277000000, 'جواهری سروری', 0, 0, 'clothe')]
(Background on this error at: https://sqlalche.me/e/20/9h9h)
2026-08-18 08:23:27,185 | WARNING | رکورد رد شد (id=10677349): DataError: (pyodbc.DataError) ('22003', '[22003] [Microsoft][ODBC Driver 18 for SQL Server][SQL Server]Arithmetic overflow error converting expression to data type int. (8115) (SQLExecDirectW); [22003] [Microsoft][ODBC Driver 18 for SQL Server][SQL Server]The statement has been terminated. (3621)')
[SQL: INSERT INTO products (id, title_fa, rate, rate_cnt, category1, category2, brand, price, seller, is_fake, min_price_last_month, sub_category) VALUES (?, ?, ?, ?, ?, ?, ?, ?, ?, ?, ?, ?)]
[parameters: (10677349, 'گردنبند طلا 18 عیار زنانه مدل 14958', 0, 0, 'زیورآلات طلا زنانه', 'گردنبند طلا زنانه', 'متفرقه', 2736000000, 'جواهری سروری', 0, 0, 'clothe')]
(Background on this error at: https://sqlalche.me/e/20/9h9h)
2026-08-18 08:23:27,189 | WARNING | رکورد رد شد (id=12176420): DataError: (pyodbc.DataError) ('22003', '[22003] [Microsoft][ODBC Driver 18 for SQL Server][SQL Server]Arithmetic overflow error converting expression to data type int. (8115) (SQLExecDirectW); [22003] [Microsoft][ODBC Driver 18 for SQL Server][SQL Server]The statement has been terminated. (3621)')
[SQL: INSERT INTO products (id, title_fa, rate, rate_cnt, category1, category2, brand, price, seller, is_fake, min_price_last_month, sub_category) VALUES (?, ?, ?, ?, ?, ?, ?, ?, ?, ?, ?, ?)]
[parameters: (12176420, 'انگشتر طلا 18 عیار زنانه جواهری سُروری مدل 15359', 0, 0, 'زیورآلات طلا زنانه', 'انگشتر طلا زنانه', 'متفرقه', 2267000000, 'جواهری سروری', 0, 0, 'clothe')]
(Background on this error at: https://sqlalche.me/e/20/9h9h)
2026-08-18 08:23:27,193 | WARNING | رکورد رد شد (id=9768360): DataError: (pyodbc.DataError) ('22003', '[22003] [Microsoft][ODBC Driver 18 for SQL Server][SQL Server]Arithmetic overflow error converting expression to data type int. (8115) (SQLExecDirectW); [22003] [Microsoft][ODBC Driver 18 for SQL Server][SQL Server]The statement has been terminated. (3621)')
[SQL: INSERT INTO products (id, title_fa, rate, rate_cnt, category1, category2, brand, price, seller, is_fake, min_price_last_month, sub_category) VALUES (?, ?, ?, ?, ?, ?, ?, ?, ?, ?, ?, ?)]
[parameters: (9768360, 'دستبند النگویی طلا 18 عیار زنانه مدل 14815', 0, 0, 'زیورآلات طلا زنانه', 'دستبند طلا زنانه', 'متفرقه', 2475000000, 'جواهری سروری', 0, 0, 'clothe')]
(Background on this error at: https://sqlalche.me/e/20/9h9h)
2026-08-18 08:23:27,196 | WARNING | رکورد رد شد (id=9768655): DataError: (pyodbc.DataError) ('22003', '[22003] [Microsoft][ODBC Driver 18 for SQL Server][SQL Server]Arithmetic overflow error converting expression to data type int. (8115) (SQLExecDirectW); [22003] [Microsoft][ODBC Driver 18 for SQL Server][SQL Server]The statement has been terminated. (3621)')
[SQL: INSERT INTO products (id, title_fa, rate, rate_cnt, category1, category2, brand, price, seller, is_fake, min_price_last_month, sub_category) VALUES (?, ?, ?, ?, ?, ?, ?, ?, ?, ?, ?, ?)]
[parameters: (9768655, 'گردنبند طلا 18 عیار زنانه مدل 14867', 0, 0, 'زیورآلات طلا زنانه', 'گردنبند طلا زنانه', 'متفرقه', 2336000000, 'جواهری سروری', 0, 0, 'clothe')]
(Background on this error at: https://sqlalche.me/e/20/9h9h)
2026-08-18 08:23:27,200 | WARNING | رکورد رد شد (id=9768276): DataError: (pyodbc.DataError) ('22003', '[22003] [Microsoft][ODBC Driver 18 for SQL Server][SQL Server]Arithmetic overflow error converting expression to data type int. (8115) (SQLExecDirectW); [22003] [Microsoft][ODBC Driver 18 for SQL Server][SQL Server]The statement has been terminated. (3621)')
[SQL: INSERT INTO products (id, title_fa, rate, rate_cnt, category1, category2, brand, price, seller, is_fake, min_price_last_month, sub_category) VALUES (?, ?, ?, ?, ?, ?, ?, ?, ?, ?, ?, ?)]
[parameters: (9768276, 'دستبند النگویی طلا 18 عیار زنانه مدل 14819', 0, 0, 'زیورآلات طلا زنانه', 'دستبند طلا زنانه', 'متفرقه', 2419000000, 'جواهری سروری', 0, 0, 'clothe')]
(Background on this error at: https://sqlalche.me/e/20/9h9h)
2026-08-18 08:23:27,200 | INFO |   -> to_dict/clean: 0.15s | loop(10000): 0.02s | insert(0 ok, 9 failed): 0.04s | update(0): 0.00s | commit: 0.00s
2026-08-18 08:23:27,200 | INFO | چانک 64 | 10000 ردیف | clean: 0.01s | load: 0.20s | جمع کل: 640000 رکورد
2026-08-18 08:23:27,458 | INFO |   -> to_dict/clean: 0.17s | loop(10000): 0.02s | insert(0 ok, 0 failed): 0.00s | update(0): 0.00s | commit: 0.00s
2026-08-18 08:23:27,460 | INFO | چانک 65 | 10000 ردیف | clean: 0.01s | load: 0.19s | جمع کل: 650000 رکورد
2026-08-18 08:23:27,668 | INFO |   -> to_dict/clean: 0.12s | loop(10000): 0.02s | insert(0 ok, 0 failed): 0.00s | update(0): 0.00s | commit: 0.00s
2026-08-18 08:23:27,670 | INFO | چانک 66 | 10000 ردیف | clean: 0.01s | load: 0.14s | جمع کل: 660000 رکورد
2026-08-18 08:23:27,849 | INFO |   -> to_dict/clean: 0.11s | loop(10000): 0.02s | insert(0 ok, 0 failed): 0.00s | update(0): 0.00s | commit: 0.00s
2026-08-18 08:23:27,851 | INFO | چانک 67 | 10000 ردیف | clean: 0.01s | load: 0.13s | جمع کل: 670000 رکورد
2026-08-18 08:23:28,025 | INFO |   -> to_dict/clean: 0.12s | loop(10000): 0.02s | insert(0 ok, 0 failed): 0.00s | update(0): 0.00s | commit: 0.00s
2026-08-18 08:23:28,027 | INFO | چانک 68 | 10000 ردیف | clean: 0.01s | load: 0.13s | جمع کل: 680000 رکورد
2026-08-18 08:23:28,224 | INFO |   -> to_dict/clean: 0.14s | loop(10000): 0.02s | insert(0 ok, 0 failed): 0.00s | update(0): 0.00s | commit: 0.00s
2026-08-18 08:23:28,226 | INFO | چانک 69 | 10000 ردیف | clean: 0.01s | load: 0.16s | جمع کل: 690000 رکورد
2026-08-18 08:23:28,406 | WARNING | رکورد رد شد (id=7894254): DataError: (pyodbc.DataError) ('22003', '[22003] [Microsoft][ODBC Driver 18 for SQL Server][SQL Server]Arithmetic overflow error converting expression to data type int. (8115) (SQLExecDirectW); [22003] [Microsoft][ODBC Driver 18 for SQL Server][SQL Server]The statement has been terminated. (3621)')
[SQL: INSERT INTO products (id, title_fa, rate, rate_cnt, category1, category2, brand, price, seller, is_fake, min_price_last_month, sub_category) VALUES (?, ?, ?, ?, ?, ?, ?, ?, ?, ?, ?, ?)]
[parameters: (7894254, 'فرش دستباف شش و نیم متری طرح هریس مدل حریر HA یک جفت', 0, 0, 'فرش', 'فرش دستبافت', 'متفرقه', 2200000000, 'بوستان امید', 0, 0, 'book & stationary & art')]
(Background on this error at: https://sqlalche.me/e/20/9h9h)
2026-08-18 08:23:28,411 | WARNING | رکورد رد شد (id=10908635): DataError: (pyodbc.DataError) ('22003', '[22003] [Microsoft][ODBC Driver 18 for SQL Server][SQL Server]Arithmetic overflow error converting expression to data type int. (8115) (SQLExecDirectW); [22003] [Microsoft][ODBC Driver 18 for SQL Server][SQL Server]The statement has been terminated. (3621)')
[SQL: INSERT INTO products (id, title_fa, rate, rate_cnt, category1, category2, brand, price, seller, is_fake, min_price_last_month, sub_category) VALUES (?, ?, ?, ?, ?, ?, ?, ?, ?, ?, ?, ?)]
[parameters: (10908635, 'فرش دستباف شش متری طرح خشتی مدل AA یک جفت', 0, 0, 'فرش', 'فرش دستبافت', 'متفرقه', 2600000000, 'فروتن مارکت', 0, 0, 'book & stationary & art')]
(Background on this error at: https://sqlalche.me/e/20/9h9h)
2026-08-18 08:23:28,414 | WARNING | رکورد رد شد (id=5175397): DataError: (pyodbc.DataError) ('22003', '[22003] [Microsoft][ODBC Driver 18 for SQL Server][SQL Server]Arithmetic overflow error converting expression to data type int. (8115) (SQLExecDirectW); [22003] [Microsoft][ODBC Driver 18 for SQL Server][SQL Server]The statement has been terminated. (3621)')
[SQL: INSERT INTO products (id, title_fa, rate, rate_cnt, category1, category2, brand, price, seller, is_fake, min_price_last_month, sub_category) VALUES (?, ?, ?, ?, ?, ?, ?, ?, ?, ?, ?, ?)]
[parameters: (5175397, 'فرش دستبافت سه متری مدل تبریز ایلیاتی کد 1000', 0, 0, 'فرش', 'فرش قدیمی', 'متفرقه', 2500000000, 'دکراتیو', 0, 0, 'book & stationary & art')]
(Background on this error at: https://sqlalche.me/e/20/9h9h)
2026-08-18 08:23:28,418 | WARNING | رکورد رد شد (id=7345084): DataError: (pyodbc.DataError) ('22003', '[22003] [Microsoft][ODBC Driver 18 for SQL Server][SQL Server]Arithmetic overflow error converting expression to data type int. (8115) (SQLExecDirectW); [22003] [Microsoft][ODBC Driver 18 for SQL Server][SQL Server]The statement has been terminated. (3621)')
[SQL: INSERT INTO products (id, title_fa, rate, rate_cnt, category1, category2, brand, price, seller, is_fake, min_price_last_month, sub_category) VALUES (?, ?, ?, ?, ?, ?, ?, ?, ?, ?, ?, ?)]
[parameters: (7345084, 'فرش دستبافت شش متری مدل نامی تبریز کد 903', 0, 0, 'فرش', 'فرش دستبافت', 'متفرقه', 2910000000, 'فرش نایین اصل', 0, 0, 'book & stationary & art')]
(Background on this error at: https://sqlalche.me/e/20/9h9h)
2026-08-18 08:23:28,422 | WARNING | رکورد رد شد (id=5560886): DataError: (pyodbc.DataError) ('22003', '[22003] [Microsoft][ODBC Driver 18 for SQL Server][SQL Server]Arithmetic overflow error converting expression to data type int. (8115) (SQLExecDirectW); [22003] [Microsoft][ODBC Driver 18 for SQL Server][SQL Server]The statement has been terminated. (3621)')
[SQL: INSERT INTO products (id, title_fa, rate, rate_cnt, category1, category2, brand, price, seller, is_fake, min_price_last_month, sub_category) VALUES (?, ?, ?, ?, ?, ?, ?, ?, ?, ?, ?, ?)]
[parameters: (5560886, 'فرش دستباف دوازده متری سی پرشیا کد 187253', 0, 0, 'فرش', 'فرش دستبافت', 'سی پرشیا', 2490000000, 'سی پرشیا', 0, 0, 'book & stationary & art')]
(Background on this error at: https://sqlalche.me/e/20/9h9h)
2026-08-18 08:23:28,426 | WARNING | رکورد رد شد (id=7894236): DataError: (pyodbc.DataError) ('22003', '[22003] [Microsoft][ODBC Driver 18 for SQL Server][SQL Server]Arithmetic overflow error converting expression to data type int. (8115) (SQLExecDirectW); [22003] [Microsoft][ODBC Driver 18 for SQL Server][SQL Server]The statement has been terminated. (3621)')
[SQL: INSERT INTO products (id, title_fa, rate, rate_cnt, category1, category2, brand, price, seller, is_fake, min_price_last_month, sub_category) VALUES (?, ?, ?, ?, ?, ?, ?, ?, ?, ?, ?, ?)]
[parameters: (7894236, 'فرش دستباف شش متری طرح هریس مدل حریر HA یک جفت', 0, 0, 'فرش', 'فرش دستبافت', 'متفرقه', 2200000000, 'بوستان امید', 0, 0, 'book & stationary & art')]
(Background on this error at: https://sqlalche.me/e/20/9h9h)
2026-08-18 08:23:28,431 | WARNING | رکورد رد شد (id=11522842): DataError: (pyodbc.DataError) ('22003', '[22003] [Microsoft][ODBC Driver 18 for SQL Server][SQL Server]Arithmetic overflow error converting expression to data type int. (8115) (SQLExecDirectW); [22003] [Microsoft][ODBC Driver 18 for SQL Server][SQL Server]The statement has been terminated. (3621)')
[SQL: INSERT INTO products (id, title_fa, rate, rate_cnt, category1, category2, brand, price, seller, is_fake, min_price_last_month, sub_category) VALUES (?, ?, ?, ?, ?, ?, ?, ?, ?, ?, ?, ?)]
[parameters: (11522842, 'فرش دستبافت سه متری طرح علیای تبریز کد SH 16 یک جفت', 0, 0, 'فرش', 'فرش دستبافت', 'متفرقه', 2375000000, 'فرش حریر ایران زمین', 0, 0, 'book & stationary & art')]
(Background on this error at: https://sqlalche.me/e/20/9h9h)
2026-08-18 08:23:28,435 | WARNING | رکورد رد شد (id=7510164): DataError: (pyodbc.DataError) ('22003', '[22003] [Microsoft][ODBC Driver 18 for SQL Server][SQL Server]Arithmetic overflow error converting expression to data type int. (8115) (SQLExecDirectW); [22003] [Microsoft][ODBC Driver 18 for SQL Server][SQL Server]The statement has been terminated. (3621)')
[SQL: INSERT INTO products (id, title_fa, rate, rate_cnt, category1, category2, brand, price, seller, is_fake, min_price_last_month, sub_category) VALUES (?, ?, ?, ?, ?, ?, ?, ?, ?, ?, ?, ?)]
[parameters: (7510164, 'فرش دستبافت نه متری مدل چله و گل ابریشم تبریز نقشه گنبدی کد h10', 0, 0, 'فرش', 'فرش دستبافت', 'متفرقه', 2480000000, 'منصوری کارپت', 0, 0, 'book & stationary & art')]
(Background on this error at: https://sqlalche.me/e/20/9h9h)
2026-08-18 08:23:28,439 | WARNING | رکورد رد شد (id=6579596): DataError: (pyodbc.DataError) ('22003', '[22003] [Microsoft][ODBC Driver 18 for SQL Server][SQL Server]Arithmetic overflow error converting expression to data type int. (8115) (SQLExecDirectW); [22003] [Microsoft][ODBC Driver 18 for SQL Server][SQL Server]The statement has been terminated. (3621)')
[SQL: INSERT INTO products (id, title_fa, rate, rate_cnt, category1, category2, brand, price, seller, is_fake, min_price_last_month, sub_category) VALUES (?, ?, ?, ?, ?, ?, ?, ?, ?, ?, ?, ?)]
[parameters: (6579596, 'فرش دستباف سه متری سی پرشیا کد 102478', 0, 0, 'فرش', 'فرش دستبافت', 'سی پرشیا', 2550000000, 'سی پرشیا', 0, 0, 'book & stationary & art')]
(Background on this error at: https://sqlalche.me/e/20/9h9h)
2026-08-18 08:23:28,443 | WARNING | رکورد رد شد (id=5560824): DataError: (pyodbc.DataError) ('22003', '[22003] [Microsoft][ODBC Driver 18 for SQL Server][SQL Server]Arithmetic overflow error converting expression to data type int. (8115) (SQLExecDirectW); [22003] [Microsoft][ODBC Driver 18 for SQL Server][SQL Server]The statement has been terminated. (3621)')
[SQL: INSERT INTO products (id, title_fa, rate, rate_cnt, category1, category2, brand, price, seller, is_fake, min_price_last_month, sub_category) VALUES (?, ?, ?, ?, ?, ?, ?, ?, ?, ?, ?, ?)]
[parameters: (5560824, 'فرش دستباف دوازده متری سی پرشیا کد 187252', 0, 0, 'فرش', 'فرش دستبافت', 'سی پرشیا', 2490000000, 'سی پرشیا', 0, 0, 'book & stationary & art')]
(Background on this error at: https://sqlalche.me/e/20/9h9h)
2026-08-18 08:23:28,446 | WARNING | رکورد رد شد (id=7631104): DataError: (pyodbc.DataError) ('22003', '[22003] [Microsoft][ODBC Driver 18 for SQL Server][SQL Server]Arithmetic overflow error converting expression to data type int. (8115) (SQLExecDirectW); [22003] [Microsoft][ODBC Driver 18 for SQL Server][SQL Server]The statement has been terminated. (3621)')
[SQL: INSERT INTO products (id, title_fa, rate, rate_cnt, category1, category2, brand, price, seller, is_fake, min_price_last_month, sub_category) VALUES (?, ?, ?, ?, ?, ?, ?, ?, ?, ?, ?, ?)]
[parameters: (7631104, 'فرش دستباف چهارمتری طرح خشتی مدل AA یک جفت', 0, 0, 'فرش', 'فرش دستبافت', 'متفرقه', 2300000000, 'بوستان سنقر', 0, 0, 'book & stationary & art')]
(Background on this error at: https://sqlalche.me/e/20/9h9h)
2026-08-18 08:23:28,450 | WARNING | رکورد رد شد (id=12204709): DataError: (pyodbc.DataError) ('22003', '[22003] [Microsoft][ODBC Driver 18 for SQL Server][SQL Server]Arithmetic overflow error converting expression to data type int. (8115) (SQLExecDirectW); [22003] [Microsoft][ODBC Driver 18 for SQL Server][SQL Server]The statement has been terminated. (3621)')
[SQL: INSERT INTO products (id, title_fa, rate, rate_cnt, category1, category2, brand, price, seller, is_fake, min_price_last_month, sub_category) VALUES (?, ?, ?, ?, ?, ?, ?, ?, ?, ?, ?, ?)]
[parameters: (12204709, 'فرش دستباف پنج و نیم متری سی پرشیا کد 183102', 0, 0, 'فرش', 'فرش دستبافت', 'سی پرشیا', 2450000000, 'سی پرشیا', 0, 0, 'book & stationary & art')]
(Background on this error at: https://sqlalche.me/e/20/9h9h)
2026-08-18 08:23:28,454 | WARNING | رکورد رد شد (id=7894215): DataError: (pyodbc.DataError) ('22003', '[22003] [Microsoft][ODBC Driver 18 for SQL Server][SQL Server]Arithmetic overflow error converting expression to data type int. (8115) (SQLExecDirectW); [22003] [Microsoft][ODBC Driver 18 for SQL Server][SQL Server]The statement has been terminated. (3621)')
[SQL: INSERT INTO products (id, title_fa, rate, rate_cnt, category1, category2, brand, price, seller, is_fake, min_price_last_month, sub_category) VALUES (?, ?, ?, ?, ?, ?, ?, ?, ?, ?, ?, ?)]
[parameters: (7894215, 'فرش دستباف پنج و نیم متری طرح هریس مدل حریر  HA یک جفت', 0, 0, 'فرش', 'فرش دستبافت', 'متفرقه', 2200000000, 'بوستان امید', 0, 0, 'book & stationary & art')]
(Background on this error at: https://sqlalche.me/e/20/9h9h)
2026-08-18 08:23:28,458 | WARNING | رکورد رد شد (id=8966117): DataError: (pyodbc.DataError) ('22003', '[22003] [Microsoft][ODBC Driver 18 for SQL Server][SQL Server]Arithmetic overflow error converting expression to data type int. (8115) (SQLExecDirectW); [22003] [Microsoft][ODBC Driver 18 for SQL Server][SQL Server]The statement has been terminated. (3621)')
[SQL: INSERT INTO products (id, title_fa, rate, rate_cnt, category1, category2, brand, price, seller, is_fake, min_price_last_month, sub_category) VALUES (?, ?, ?, ?, ?, ?, ?, ?, ?, ?, ?, ?)]
[parameters: (8966117, 'فرش دستباف 6 متری مدل لچک ترنج کد 322', 0, 0, 'فرش', 'فرش دستبافت', 'متفرقه', 2200000000, 'فرش پور معمار', 0, 0, 'book & stationary & art')]
(Background on this error at: https://sqlalche.me/e/20/9h9h)
2026-08-18 08:23:28,461 | WARNING | رکورد رد شد (id=7631407): DataError: (pyodbc.DataError) ('22003', '[22003] [Microsoft][ODBC Driver 18 for SQL Server][SQL Server]Arithmetic overflow error converting expression to data type int. (8115) (SQLExecDirectW); [22003] [Microsoft][ODBC Driver 18 for SQL Server][SQL Server]The statement has been terminated. (3621)')
[SQL: INSERT INTO products (id, title_fa, rate, rate_cnt, category1, category2, brand, price, seller, is_fake, min_price_last_month, sub_category) VALUES (?, ?, ?, ?, ?, ?, ?, ?, ?, ?, ?, ?)]
[parameters: (7631407, 'فرش دستباف سه متری طرح نوین فر تبریز مدل AA', 0, 0, 'فرش', 'فرش دستبافت', 'متفرقه', 2500000000, 'بوستان سنقر', 0, 0, 'book & stationary & art')]
(Background on this error at: https://sqlalche.me/e/20/9h9h)
2026-08-18 08:23:28,465 | WARNING | رکورد رد شد (id=4552599): DataError: (pyodbc.DataError) ('22003', '[22003] [Microsoft][ODBC Driver 18 for SQL Server][SQL Server]Arithmetic overflow error converting expression to data type int. (8115) (SQLExecDirectW); [22003] [Microsoft][ODBC Driver 18 for SQL Server][SQL Server]The statement has been terminated. (3621)')
[SQL: INSERT INTO products (id, title_fa, rate, rate_cnt, category1, category2, brand, price, seller, is_fake, min_price_last_month, sub_category) VALUES (?, ?, ?, ?, ?, ?, ?, ?, ?, ?, ?, ?)]
[parameters: (4552599, 'فرش دستباف سه متری سی پرشیا کد 172079\xa0یک جفت', 0, 0, 'فرش', 'فرش دستبافت', 'سی پرشیا', 2840000000, 'سی پرشیا', 0, 0, 'book & stationary & art')]
(Background on this error at: https://sqlalche.me/e/20/9h9h)
2026-08-18 08:23:28,468 | WARNING | رکورد رد شد (id=7996557): DataError: (pyodbc.DataError) ('22003', '[22003] [Microsoft][ODBC Driver 18 for SQL Server][SQL Server]Arithmetic overflow error converting expression to data type int. (8115) (SQLExecDirectW); [22003] [Microsoft][ODBC Driver 18 for SQL Server][SQL Server]The statement has been terminated. (3621)')
[SQL: INSERT INTO products (id, title_fa, rate, rate_cnt, category1, category2, brand, price, seller, is_fake, min_price_last_month, sub_category) VALUES (?, ?, ?, ?, ?, ?, ?, ?, ?, ?, ?, ?)]
[parameters: (7996557, 'فرش دستباف 9 متری مدل نایین D', 0, 0, 'فرش', 'فرش دستبافت', 'متفرقه', 2800000000, 'ماهک هوم', 0, 0, 'book & stationary & art')]
(Background on this error at: https://sqlalche.me/e/20/9h9h)
2026-08-18 08:23:28,473 | WARNING | رکورد رد شد (id=7996604): DataError: (pyodbc.DataError) ('22003', '[22003] [Microsoft][ODBC Driver 18 for SQL Server][SQL Server]Arithmetic overflow error converting expression to data type int. (8115) (SQLExecDirectW); [22003] [Microsoft][ODBC Driver 18 for SQL Server][SQL Server]The statement has been terminated. (3621)')
[SQL: INSERT INTO products (id, title_fa, rate, rate_cnt, category1, category2, brand, price, seller, is_fake, min_price_last_month, sub_category) VALUES (?, ?, ?, ?, ?, ?, ?, ?, ?, ?, ?, ?)]
[parameters: (7996604, 'فرش دستباف 9 متری مدل نایین D', 0, 0, 'فرش', 'فرش دستبافت', 'متفرقه', 2700000000, 'ماهک هوم', 0, 0, 'book & stationary & art')]
(Background on this error at: https://sqlalche.me/e/20/9h9h)
2026-08-18 08:23:28,477 | WARNING | رکورد رد شد (id=10785116): DataError: (pyodbc.DataError) ('22003', '[22003] [Microsoft][ODBC Driver 18 for SQL Server][SQL Server]Arithmetic overflow error converting expression to data type int. (8115) (SQLExecDirectW); [22003] [Microsoft][ODBC Driver 18 for SQL Server][SQL Server]The statement has been terminated. (3621)')
[SQL: INSERT INTO products (id, title_fa, rate, rate_cnt, category1, category2, brand, price, seller, is_fake, min_price_last_month, sub_category) VALUES (?, ?, ?, ?, ?, ?, ?, ?, ?, ?, ?, ?)]
[parameters: (10785116, 'فرش دستبافت چهار و نیم متری اصفهان داوری کد 1246', 0, 0, 'فرش', 'فرش دستبافت', 'متفرقه', 2300000000, 'گالری  هزار و یک فرش', 0, 0, 'book & stationary & art')]
(Background on this error at: https://sqlalche.me/e/20/9h9h)
2026-08-18 08:23:28,480 | WARNING | رکورد رد شد (id=12291380): DataError: (pyodbc.DataError) ('22003', '[22003] [Microsoft][ODBC Driver 18 for SQL Server][SQL Server]Arithmetic overflow error converting expression to data type int. (8115) (SQLExecDirectW); [22003] [Microsoft][ODBC Driver 18 for SQL Server][SQL Server]The statement has been terminated. (3621)')
[SQL: INSERT INTO products (id, title_fa, rate, rate_cnt, category1, category2, brand, price, seller, is_fake, min_price_last_month, sub_category) VALUES (?, ?, ?, ?, ?, ?, ?, ?, ?, ?, ?, ?)]
[parameters: (12291380, 'فرش دستباف شش متری سی پرشیا کد 102486', 0, 0, 'فرش', 'فرش دستبافت', 'سی پرشیا', 2690000000, 'سی پرشیا', 0, 0, 'book & stationary & art')]
(Background on this error at: https://sqlalche.me/e/20/9h9h)
2026-08-18 08:23:28,484 | WARNING | رکورد رد شد (id=4554542): DataError: (pyodbc.DataError) ('22003', '[22003] [Microsoft][ODBC Driver 18 for SQL Server][SQL Server]Arithmetic overflow error converting expression to data type int. (8115) (SQLExecDirectW); [22003] [Microsoft][ODBC Driver 18 for SQL Server][SQL Server]The statement has been terminated. (3621)')
[SQL: INSERT INTO products (id, title_fa, rate, rate_cnt, category1, category2, brand, price, seller, is_fake, min_price_last_month, sub_category) VALUES (?, ?, ?, ?, ?, ?, ?, ?, ?, ?, ?, ?)]
[parameters: (4554542, 'فرش دستباف شش متری سی پرشیا کد 172105', 0, 0, 'فرش', 'فرش دستبافت', 'سی پرشیا', 2350000000, 'سی پرشیا', 0, 0, 'book & stationary & art')]
(Background on this error at: https://sqlalche.me/e/20/9h9h)
2026-08-18 08:23:28,488 | WARNING | رکورد رد شد (id=4554457): DataError: (pyodbc.DataError) ('22003', '[22003] [Microsoft][ODBC Driver 18 for SQL Server][SQL Server]Arithmetic overflow error converting expression to data type int. (8115) (SQLExecDirectW); [22003] [Microsoft][ODBC Driver 18 for SQL Server][SQL Server]The statement has been terminated. (3621)')
[SQL: INSERT INTO products (id, title_fa, rate, rate_cnt, category1, category2, brand, price, seller, is_fake, min_price_last_month, sub_category) VALUES (?, ?, ?, ?, ?, ?, ?, ?, ?, ?, ?, ?)]
[parameters: (4554457, 'فرش دستباف شش و نیم متری سی پرشیا کد 172104', 0, 0, 'فرش', 'فرش دستبافت', 'سی پرشیا', 2150000000, 'سی پرشیا', 0, 0, 'book & stationary & art')]
(Background on this error at: https://sqlalche.me/e/20/9h9h)
2026-08-18 08:23:28,491 | WARNING | رکورد رد شد (id=12167218): DataError: (pyodbc.DataError) ('22003', '[22003] [Microsoft][ODBC Driver 18 for SQL Server][SQL Server]Arithmetic overflow error converting expression to data type int. (8115) (SQLExecDirectW); [22003] [Microsoft][ODBC Driver 18 for SQL Server][SQL Server]The statement has been terminated. (3621)')
[SQL: INSERT INTO products (id, title_fa, rate, rate_cnt, category1, category2, brand, price, seller, is_fake, min_price_last_month, sub_category) VALUES (?, ?, ?, ?, ?, ?, ?, ?, ?, ?, ?, ?)]
[parameters: (12167218, 'فرش دستبافت شش متری اصفهان داوری کد 1852', 0, 0, 'فرش', 'فرش دستبافت', 'متفرقه', 2950000000, 'گالری  هزار و یک فرش', 0, 0, 'book & stationary & art')]
(Background on this error at: https://sqlalche.me/e/20/9h9h)
2026-08-18 08:23:28,495 | WARNING | رکورد رد شد (id=9080907): DataError: (pyodbc.DataError) ('22003', '[22003] [Microsoft][ODBC Driver 18 for SQL Server][SQL Server]Arithmetic overflow error converting expression to data type int. (8115) (SQLExecDirectW); [22003] [Microsoft][ODBC Driver 18 for SQL Server][SQL Server]The statement has been terminated. (3621)')
[SQL: INSERT INTO products (id, title_fa, rate, rate_cnt, category1, category2, brand, price, seller, is_fake, min_price_last_month, sub_category) VALUES (?, ?, ?, ?, ?, ?, ?, ?, ?, ?, ?, ?)]
[parameters: (9080907, 'فرش دستباف 6 متری مدل نقش لچک ترنج جفت کد 354', 0, 0, 'فرش', 'فرش دستبافت', 'متفرقه', 4000000000, 'فرش پور معمار', 0, 0, 'book & stationary & art')]
(Background on this error at: https://sqlalche.me/e/20/9h9h)
2026-08-18 08:23:28,498 | WARNING | رکورد رد شد (id=5332719): DataError: (pyodbc.DataError) ('22003', '[22003] [Microsoft][ODBC Driver 18 for SQL Server][SQL Server]Arithmetic overflow error converting expression to data type int. (8115) (SQLExecDirectW); [22003] [Microsoft][ODBC Driver 18 for SQL Server][SQL Server]The statement has been terminated. (3621)')
[SQL: INSERT INTO products (id, title_fa, rate, rate_cnt, category1, category2, brand, price, seller, is_fake, min_price_last_month, sub_category) VALUES (?, ?, ?, ?, ?, ?, ?, ?, ?, ?, ?, ?)]
[parameters: (5332719, 'فرش دستباف شش و نیم متری سی پرشیا کد 102458', 0, 0, 'فرش', 'فرش دستبافت', 'سی پرشیا', 4650000000, 'سی پرشیا', 0, 0, 'book & stationary & art')]
(Background on this error at: https://sqlalche.me/e/20/9h9h)
2026-08-18 08:23:28,501 | WARNING | رکورد رد شد (id=7631308): DataError: (pyodbc.DataError) ('22003', '[22003] [Microsoft][ODBC Driver 18 for SQL Server][SQL Server]Arithmetic overflow error converting expression to data type int. (8115) (SQLExecDirectW); [22003] [Microsoft][ODBC Driver 18 for SQL Server][SQL Server]The statement has been terminated. (3621)')
[SQL: INSERT INTO products (id, title_fa, rate, rate_cnt, category1, category2, brand, price, seller, is_fake, min_price_last_month, sub_category) VALUES (?, ?, ?, ?, ?, ?, ?, ?, ?, ?, ?, ?)]
[parameters: (7631308, 'فرش دستباف سه متری طرح نوین فر تبریز مدل AA یک جفت', 0, 0, 'فرش', 'فرش دستبافت', 'متفرقه', 4000000000, 'بوستان سنقر', 0, 0, 'book & stationary & art')]
(Background on this error at: https://sqlalche.me/e/20/9h9h)
2026-08-18 08:23:28,505 | WARNING | رکورد رد شد (id=8557162): DataError: (pyodbc.DataError) ('22003', '[22003] [Microsoft][ODBC Driver 18 for SQL Server][SQL Server]Arithmetic overflow error converting expression to data type int. (8115) (SQLExecDirectW); [22003] [Microsoft][ODBC Driver 18 for SQL Server][SQL Server]The statement has been terminated. (3621)')
[SQL: INSERT INTO products (id, title_fa, rate, rate_cnt, category1, category2, brand, price, seller, is_fake, min_price_last_month, sub_category) VALUES (?, ?, ?, ?, ?, ?, ?, ?, ?, ?, ?, ?)]
[parameters: (8557162, 'فرش دستبافت نه و نیم متری اصفهان کیوانداریان کد 633', 0, 0, 'فرش', 'فرش دستبافت', 'متفرقه', 3800000000, 'گالری  هزار و یک فرش', 0, 0, 'book & stationary & art')]
(Background on this error at: https://sqlalche.me/e/20/9h9h)
2026-08-18 08:23:28,508 | WARNING | رکورد رد شد (id=5706110): DataError: (pyodbc.DataError) ('22003', '[22003] [Microsoft][ODBC Driver 18 for SQL Server][SQL Server]Arithmetic overflow error converting expression to data type int. (8115) (SQLExecDirectW); [22003] [Microsoft][ODBC Driver 18 for SQL Server][SQL Server]The statement has been terminated. (3621)')
[SQL: INSERT INTO products (id, title_fa, rate, rate_cnt, category1, category2, brand, price, seller, is_fake, min_price_last_month, sub_category) VALUES (?, ?, ?, ?, ?, ?, ?, ?, ?, ?, ?, ?)]
[parameters: (5706110, 'فرش دستباف یازده و نیم متری سی پرشیا کد 187319', 0, 0, 'فرش', 'فرش دستبافت', 'سی پرشیا', 3340000000, 'سی پرشیا', 0, 0, 'book & stationary & art')]
(Background on this error at: https://sqlalche.me/e/20/9h9h)
2026-08-18 08:23:28,511 | WARNING | رکورد رد شد (id=8931880): DataError: (pyodbc.DataError) ('22003', '[22003] [Microsoft][ODBC Driver 18 for SQL Server][SQL Server]Arithmetic overflow error converting expression to data type int. (8115) (SQLExecDirectW); [22003] [Microsoft][ODBC Driver 18 for SQL Server][SQL Server]The statement has been terminated. (3621)')
[SQL: INSERT INTO products (id, title_fa, rate, rate_cnt, category1, category2, brand, price, seller, is_fake, min_price_last_month, sub_category) VALUES (?, ?, ?, ?, ?, ?, ?, ?, ?, ?, ?, ?)]
[parameters: (8931880, 'فرش دستباف 6 متری مدل لچک ترنج کد 321 یک جفت', 0, 0, 'فرش', 'فرش دستبافت', 'متفرقه', 3200000000, 'فرش پور معمار', 0, 0, 'book & stationary & art')]
(Background on this error at: https://sqlalche.me/e/20/9h9h)
2026-08-18 08:23:28,514 | WARNING | رکورد رد شد (id=7996532): DataError: (pyodbc.DataError) ('22003', '[22003] [Microsoft][ODBC Driver 18 for SQL Server][SQL Server]Arithmetic overflow error converting expression to data type int. (8115) (SQLExecDirectW); [22003] [Microsoft][ODBC Driver 18 for SQL Server][SQL Server]The statement has been terminated. (3621)')
[SQL: INSERT INTO products (id, title_fa, rate, rate_cnt, category1, category2, brand, price, seller, is_fake, min_price_last_month, sub_category) VALUES (?, ?, ?, ?, ?, ?, ?, ?, ?, ?, ?, ?)]
[parameters: (7996532, 'فرش دستباف 9 متری مدل نایین D یک جفت', 0, 0, 'فرش', 'فرش دستبافت', 'متفرقه', 3800000000, 'ماهک هوم', 0, 0, 'book & stationary & art')]
(Background on this error at: https://sqlalche.me/e/20/9h9h)
2026-08-18 08:23:28,517 | WARNING | رکورد رد شد (id=11516849): DataError: (pyodbc.DataError) ('22003', '[22003] [Microsoft][ODBC Driver 18 for SQL Server][SQL Server]Arithmetic overflow error converting expression to data type int. (8115) (SQLExecDirectW); [22003] [Microsoft][ODBC Driver 18 for SQL Server][SQL Server]The statement has been terminated. (3621)')
[SQL: INSERT INTO products (id, title_fa, rate, rate_cnt, category1, category2, brand, price, seller, is_fake, min_price_last_month, sub_category) VALUES (?, ?, ?, ?, ?, ?, ?, ?, ?, ?, ?, ?)]
[parameters: (11516849, 'فرش دستبافت هجده متری مدل بختیاری کد 1782', 0, 0, 'فرش', 'فرش دستبافت', 'متفرقه', 3850000000, 'گالری  هزار و یک فرش', 0, 0, 'book & stationary & art')]
(Background on this error at: https://sqlalche.me/e/20/9h9h)
2026-08-18 08:23:28,519 | WARNING | رکورد رد شد (id=12027227): DataError: (pyodbc.DataError) ('22003', '[22003] [Microsoft][ODBC Driver 18 for SQL Server][SQL Server]Arithmetic overflow error converting expression to data type int. (8115) (SQLExecDirectW); [22003] [Microsoft][ODBC Driver 18 for SQL Server][SQL Server]The statement has been terminated. (3621)')
[SQL: INSERT INTO products (id, title_fa, rate, rate_cnt, category1, category2, brand, price, seller, is_fake, min_price_last_month, sub_category) VALUES (?, ?, ?, ?, ?, ?, ?, ?, ?, ?, ?, ?)]
[parameters: (12027227, 'فرش دستبافت شش و نیم متری مدل بیجار  کد 1752 یک جفت', 0, 0, 'فرش', 'فرش دستبافت', 'متفرقه', 3550000000, 'گالری  هزار و یک فرش', 0, 0, 'book & stationary & art')]
(Background on this error at: https://sqlalche.me/e/20/9h9h)
2026-08-18 08:23:28,522 | WARNING | رکورد رد شد (id=4547255): DataError: (pyodbc.DataError) ('22003', '[22003] [Microsoft][ODBC Driver 18 for SQL Server][SQL Server]Arithmetic overflow error converting expression to data type int. (8115) (SQLExecDirectW); [22003] [Microsoft][ODBC Driver 18 for SQL Server][SQL Server]The statement has been terminated. (3621)')
[SQL: INSERT INTO products (id, title_fa, rate, rate_cnt, category1, category2, brand, price, seller, is_fake, min_price_last_month, sub_category) VALUES (?, ?, ?, ?, ?, ?, ?, ?, ?, ?, ?, ?)]
[parameters: (4547255, 'فرش دستبافت هشت و نیم متری اصفهان حاج باقری کد 527', 0, 0, 'فرش', 'فرش دستبافت', 'متفرقه', 3950000000, 'گالری  هزار و یک فرش', 0, 0, 'book & stationary & art')]
(Background on this error at: https://sqlalche.me/e/20/9h9h)
2026-08-18 08:23:28,524 | WARNING | رکورد رد شد (id=8348751): DataError: (pyodbc.DataError) ('22003', '[22003] [Microsoft][ODBC Driver 18 for SQL Server][SQL Server]Arithmetic overflow error converting expression to data type int. (8115) (SQLExecDirectW); [22003] [Microsoft][ODBC Driver 18 for SQL Server][SQL Server]The statement has been terminated. (3621)')
[SQL: INSERT INTO products (id, title_fa, rate, rate_cnt, category1, category2, brand, price, seller, is_fake, min_price_last_month, sub_category) VALUES (?, ?, ?, ?, ?, ?, ?, ?, ?, ?, ?, ?)]
[parameters: (8348751, 'فرش دستبافت شش متری اصفهان حسینی کد 1147 یک جفت', 0, 0, 'فرش', 'فرش دستبافت', 'متفرقه', 4100000000, 'گالری  هزار و یک فرش', 0, 0, 'book & stationary & art')]
(Background on this error at: https://sqlalche.me/e/20/9h9h)
2026-08-18 08:23:28,527 | WARNING | رکورد رد شد (id=11523941): DataError: (pyodbc.DataError) ('22003', '[22003] [Microsoft][ODBC Driver 18 for SQL Server][SQL Server]Arithmetic overflow error converting expression to data type int. (8115) (SQLExecDirectW); [22003] [Microsoft][ODBC Driver 18 for SQL Server][SQL Server]The statement has been terminated. (3621)')
[SQL: INSERT INTO products (id, title_fa, rate, rate_cnt, category1, category2, brand, price, seller, is_fake, min_price_last_month, sub_category) VALUES (?, ?, ?, ?, ?, ?, ?, ?, ?, ?, ?, ?)]
[parameters: (11523941, 'فرش دستبافت سه و نیم متری طرح ماه و ستاره کد SH 31 یک جفت', 0, 0, 'فرش', 'فرش دستبافت', 'متفرقه', 3325000000, 'فرش حریر ایران زمین', 0, 0, 'book & stationary & art')]
(Background on this error at: https://sqlalche.me/e/20/9h9h)
2026-08-18 08:23:28,529 | WARNING | رکورد رد شد (id=7996586): DataError: (pyodbc.DataError) ('22003', '[22003] [Microsoft][ODBC Driver 18 for SQL Server][SQL Server]Arithmetic overflow error converting expression to data type int. (8115) (SQLExecDirectW); [22003] [Microsoft][ODBC Driver 18 for SQL Server][SQL Server]The statement has been terminated. (3621)')
[SQL: INSERT INTO products (id, title_fa, rate, rate_cnt, category1, category2, brand, price, seller, is_fake, min_price_last_month, sub_category) VALUES (?, ?, ?, ?, ?, ?, ?, ?, ?, ?, ?, ?)]
[parameters: (7996586, 'فرش دستباف 9 متری مدل نایین D یک جفت', 0, 0, 'فرش', 'فرش دستبافت', 'متفرقه', 3800000000, 'ماهک هوم', 0, 0, 'book & stationary & art')]
(Background on this error at: https://sqlalche.me/e/20/9h9h)
2026-08-18 08:23:28,532 | WARNING | رکورد رد شد (id=11533959): DataError: (pyodbc.DataError) ('22003', '[22003] [Microsoft][ODBC Driver 18 for SQL Server][SQL Server]Arithmetic overflow error converting expression to data type int. (8115) (SQLExecDirectW); [22003] [Microsoft][ODBC Driver 18 for SQL Server][SQL Server]The statement has been terminated. (3621)')
[SQL: INSERT INTO products (id, title_fa, rate, rate_cnt, category1, category2, brand, price, seller, is_fake, min_price_last_month, sub_category) VALUES (?, ?, ?, ?, ?, ?, ?, ?, ?, ?, ?, ?)]
[parameters: (11533959, 'فرش دستبافت سه متری طرح تبریز کد SH 99 یک جفت', 0, 0, 'فرش', 'فرش دستبافت', 'متفرقه', 3325000000, 'فرش حریر ایران زمین', 0, 0, 'book & stationary & art')]
(Background on this error at: https://sqlalche.me/e/20/9h9h)
2026-08-18 08:23:28,534 | WARNING | رکورد رد شد (id=11601024): DataError: (pyodbc.DataError) ('22003', '[22003] [Microsoft][ODBC Driver 18 for SQL Server][SQL Server]Arithmetic overflow error converting expression to data type int. (8115) (SQLExecDirectW); [22003] [Microsoft][ODBC Driver 18 for SQL Server][SQL Server]The statement has been terminated. (3621)')
[SQL: INSERT INTO products (id, title_fa, rate, rate_cnt, category1, category2, brand, price, seller, is_fake, min_price_last_month, sub_category) VALUES (?, ?, ?, ?, ?, ?, ?, ?, ?, ?, ?, ?)]
[parameters: (11601024, 'فرش دستبافت هفت متری اصفهان حاج باقری کد 1750', 0, 0, 'فرش', 'فرش دستبافت', 'متفرقه', 3600000000, 'گالری  هزار و یک فرش', 0, 0, 'book & stationary & art')]
(Background on this error at: https://sqlalche.me/e/20/9h9h)
2026-08-18 08:23:28,537 | WARNING | رکورد رد شد (id=10436006): DataError: (pyodbc.DataError) ('22003', '[22003] [Microsoft][ODBC Driver 18 for SQL Server][SQL Server]Arithmetic overflow error converting expression to data type int. (8115) (SQLExecDirectW); [22003] [Microsoft][ODBC Driver 18 for SQL Server][SQL Server]The statement has been terminated. (3621)')
[SQL: INSERT INTO products (id, title_fa, rate, rate_cnt, category1, category2, brand, price, seller, is_fake, min_price_last_month, sub_category) VALUES (?, ?, ?, ?, ?, ?, ?, ?, ?, ?, ?, ?)]
[parameters: (10436006, 'فرش دستبافت هفت متری اصفهان فریزاده کد 1621', 0, 0, 'فرش', 'فرش دستبافت', 'متفرقه', 3300000000, 'گالری  هزار و یک فرش', 0, 0, 'book & stationary & art')]
(Background on this error at: https://sqlalche.me/e/20/9h9h)
2026-08-18 08:23:28,539 | WARNING | رکورد رد شد (id=7552674): DataError: (pyodbc.DataError) ('22003', '[22003] [Microsoft][ODBC Driver 18 for SQL Server][SQL Server]Arithmetic overflow error converting expression to data type int. (8115) (SQLExecDirectW); [22003] [Microsoft][ODBC Driver 18 for SQL Server][SQL Server]The statement has been terminated. (3621)')
[SQL: INSERT INTO products (id, title_fa, rate, rate_cnt, category1, category2, brand, price, seller, is_fake, min_price_last_month, sub_category) VALUES (?, ?, ?, ?, ?, ?, ?, ?, ?, ?, ?, ?)]
[parameters: (7552674, 'فرش دستباف شش متری طرح ماهی مدل KH یک جفت', 0, 0, 'فرش', 'فرش دستبافت', 'متفرقه', 3900000000, 'ماهک هوم', 0, 0, 'book & stationary & art')]
(Background on this error at: https://sqlalche.me/e/20/9h9h)
2026-08-18 08:23:28,541 | WARNING | رکورد رد شد (id=11695589): DataError: (pyodbc.DataError) ('22003', '[22003] [Microsoft][ODBC Driver 18 for SQL Server][SQL Server]Arithmetic overflow error converting expression to data type int. (8115) (SQLExecDirectW); [22003] [Microsoft][ODBC Driver 18 for SQL Server][SQL Server]The statement has been terminated. (3621)')
[SQL: INSERT INTO products (id, title_fa, rate, rate_cnt, category1, category2, brand, price, seller, is_fake, min_price_last_month, sub_category) VALUES (?, ?, ?, ?, ?, ?, ?, ?, ?, ?, ?, ?)]
[parameters: (11695589, 'فرش دستبافت 6 متری نوین فر\xa0مدل\xa0تبریز', 0, 0, 'فرش', 'فرش دستبافت', 'متفرقه', 3890000000, 'فرش اسماعیلی', 0, 0, 'book & stationary & art')]
(Background on this error at: https://sqlalche.me/e/20/9h9h)
2026-08-18 08:23:28,544 | WARNING | رکورد رد شد (id=690019): DataError: (pyodbc.DataError) ('22003', '[22003] [Microsoft][ODBC Driver 18 for SQL Server][SQL Server]Arithmetic overflow error converting expression to data type int. (8115) (SQLExecDirectW); [22003] [Microsoft][ODBC Driver 18 for SQL Server][SQL Server]The statement has been terminated. (3621)')
[SQL: INSERT INTO products (id, title_fa, rate, rate_cnt, category1, category2, brand, price, seller, is_fake, min_price_last_month, sub_category) VALUES (?, ?, ?, ?, ?, ?, ?, ?, ?, ?, ?, ?)]
[parameters: (690019, 'فرش دستبافت تمام ابریشم شش متری گالری مدرن کد 30007', 86, 4, 'فرش', 'فرش دستبافت', 'متفرقه', 5500000000, 'منصوری کارپت', 0, 0, 'book & stationary & art')]
(Background on this error at: https://sqlalche.me/e/20/9h9h)
2026-08-18 08:23:28,547 | WARNING | رکورد رد شد (id=7509997): DataError: (pyodbc.DataError) ('22003', '[22003] [Microsoft][ODBC Driver 18 for SQL Server][SQL Server]Arithmetic overflow error converting expression to data type int. (8115) (SQLExecDirectW); [22003] [Microsoft][ODBC Driver 18 for SQL Server][SQL Server]The statement has been terminated. (3621)')
[SQL: INSERT INTO products (id, title_fa, rate, rate_cnt, category1, category2, brand, price, seller, is_fake, min_price_last_month, sub_category) VALUES (?, ?, ?, ?, ?, ?, ?, ?, ?, ?, ?, ?)]
[parameters: (7509997, 'فرش دستبافت شش متری مدل چله و گل کد h1112 یک جفت', 0, 0, 'فرش', 'فرش دستبافت', 'متفرقه', 6200000000, 'منصوری کارپت', 0, 0, 'book & stationary & art')]
(Background on this error at: https://sqlalche.me/e/20/9h9h)
2026-08-18 08:23:28,549 | WARNING | رکورد رد شد (id=8757341): DataError: (pyodbc.DataError) ('22003', '[22003] [Microsoft][ODBC Driver 18 for SQL Server][SQL Server]Arithmetic overflow error converting expression to data type int. (8115) (SQLExecDirectW); [22003] [Microsoft][ODBC Driver 18 for SQL Server][SQL Server]The statement has been terminated. (3621)')
[SQL: INSERT INTO products (id, title_fa, rate, rate_cnt, category1, category2, brand, price, seller, is_fake, min_price_last_month, sub_category) VALUES (?, ?, ?, ?, ?, ?, ?, ?, ?, ?, ?, ?)]
[parameters: (8757341, 'فرش دستبافت شش متری اصفهان آبتین کد 1237 یک جفت ', 0, 0, 'فرش', 'فرش دستبافت', 'متفرقه', 6500000000, 'گالری  هزار و یک فرش', 0, 0, 'book & stationary & art')]
(Background on this error at: https://sqlalche.me/e/20/9h9h)
2026-08-18 08:23:28,551 | WARNING | رکورد رد شد (id=7937930): DataError: (pyodbc.DataError) ('22003', '[22003] [Microsoft][ODBC Driver 18 for SQL Server][SQL Server]Arithmetic overflow error converting expression to data type int. (8115) (SQLExecDirectW); [22003] [Microsoft][ODBC Driver 18 for SQL Server][SQL Server]The statement has been terminated. (3621)')
[SQL: INSERT INTO products (id, title_fa, rate, rate_cnt, category1, category2, brand, price, seller, is_fake, min_price_last_month, sub_category) VALUES (?, ?, ?, ?, ?, ?, ?, ?, ?, ?, ?, ?)]
[parameters: (7937930, 'فرش دستبافت نه متری مدل اصفهان داوری کد 100', 0, 0, 'فرش', 'فرش دستبافت', 'متفرقه', 5000000000, 'گالری  هزار و یک فرش', 0, 0, 'book & stationary & art')]
(Background on this error at: https://sqlalche.me/e/20/9h9h)
2026-08-18 08:23:28,554 | WARNING | رکورد رد شد (id=7042694): DataError: (pyodbc.DataError) ('22003', '[22003] [Microsoft][ODBC Driver 18 for SQL Server][SQL Server]Arithmetic overflow error converting expression to data type int. (8115) (SQLExecDirectW); [22003] [Microsoft][ODBC Driver 18 for SQL Server][SQL Server]The statement has been terminated. (3621)')
[SQL: INSERT INTO products (id, title_fa, rate, rate_cnt, category1, category2, brand, price, seller, is_fake, min_price_last_month, sub_category) VALUES (?, ?, ?, ?, ?, ?, ?, ?, ?, ?, ?, ?)]
[parameters: (7042694, 'فرش دستبافت نه و نیم متری اصفهان آبتین کد 4', 0, 0, 'فرش', 'فرش دستبافت', 'متفرقه', 4800000000, 'گالری  هزار و یک فرش', 0, 0, 'book & stationary & art')]
(Background on this error at: https://sqlalche.me/e/20/9h9h)
2026-08-18 08:23:28,556 | WARNING | رکورد رد شد (id=12094409): DataError: (pyodbc.DataError) ('22003', '[22003] [Microsoft][ODBC Driver 18 for SQL Server][SQL Server]Arithmetic overflow error converting expression to data type int. (8115) (SQLExecDirectW); [22003] [Microsoft][ODBC Driver 18 for SQL Server][SQL Server]The statement has been terminated. (3621)')
[SQL: INSERT INTO products (id, title_fa, rate, rate_cnt, category1, category2, brand, price, seller, is_fake, min_price_last_month, sub_category) VALUES (?, ?, ?, ?, ?, ?, ?, ?, ?, ?, ?, ?)]
[parameters: (12094409, 'فرش دستبافت شش و نیم متری مدل اصفهان کد 1860 یک جفت', 0, 0, 'فرش', 'فرش دستبافت', 'متفرقه', 6950000000, 'گالری  هزار و یک فرش', 0, 0, 'book & stationary & art')]
(Background on this error at: https://sqlalche.me/e/20/9h9h)
2026-08-18 08:23:28,558 | WARNING | رکورد رد شد (id=11703119): DataError: (pyodbc.DataError) ('22003', '[22003] [Microsoft][ODBC Driver 18 for SQL Server][SQL Server]Arithmetic overflow error converting expression to data type int. (8115) (SQLExecDirectW); [22003] [Microsoft][ODBC Driver 18 for SQL Server][SQL Server]The statement has been terminated. (3621)')
[SQL: INSERT INTO products (id, title_fa, rate, rate_cnt, category1, category2, brand, price, seller, is_fake, min_price_last_month, sub_category) VALUES (?, ?, ?, ?, ?, ?, ?, ?, ?, ?, ?, ?)]
[parameters: (11703119, 'فرش دستبافت 3 متری مدل درخت زندگی یک جفت', 0, 0, 'فرش', 'فرش دستبافت', 'متفرقه', 4790000000, 'فرش اسماعیلی', 0, 0, 'book & stationary & art')]
(Background on this error at: https://sqlalche.me/e/20/9h9h)
2026-08-18 08:23:28,561 | WARNING | رکورد رد شد (id=9087014): DataError: (pyodbc.DataError) ('22003', '[22003] [Microsoft][ODBC Driver 18 for SQL Server][SQL Server]Arithmetic overflow error converting expression to data type int. (8115) (SQLExecDirectW); [22003] [Microsoft][ODBC Driver 18 for SQL Server][SQL Server]The statement has been terminated. (3621)')
[SQL: INSERT INTO products (id, title_fa, rate, rate_cnt, category1, category2, brand, price, seller, is_fake, min_price_last_month, sub_category) VALUES (?, ?, ?, ?, ?, ?, ?, ?, ?, ?, ?, ?)]
[parameters: (9087014, 'فرش دستباف 12 متری پورمعمار مدل شکارگاه کد 110', 0, 0, 'فرش', 'فرش دستبافت', 'متفرقه', 8499000000, 'فرش پور معمار', 0, 0, 'book & stationary & art')]
(Background on this error at: https://sqlalche.me/e/20/9h9h)
2026-08-18 08:23:28,564 | WARNING | رکورد رد شد (id=2179610): DataError: (pyodbc.DataError) ('22003', '[22003] [Microsoft][ODBC Driver 18 for SQL Server][SQL Server]Arithmetic overflow error converting expression to data type int. (8115) (SQLExecDirectW); [22003] [Microsoft][ODBC Driver 18 for SQL Server][SQL Server]The statement has been terminated. (3621)')
[SQL: INSERT INTO products (id, title_fa, rate, rate_cnt, category1, category2, brand, price, seller, is_fake, min_price_last_month, sub_category) VALUES (?, ?, ?, ?, ?, ?, ?, ?, ?, ?, ?, ?)]
[parameters: (2179610, 'فرش دستبافت شش متری مدل محرمات کد 2011', 0, 0, 'فرش', 'فرش دستبافت', 'متفرقه', 8499990000, 'دکراتیو', 0, 0, 'book & stationary & art')]
(Background on this error at: https://sqlalche.me/e/20/9h9h)
2026-08-18 08:23:28,566 | WARNING | رکورد رد شد (id=11695657): DataError: (pyodbc.DataError) ('22003', '[22003] [Microsoft][ODBC Driver 18 for SQL Server][SQL Server]Arithmetic overflow error converting expression to data type int. (8115) (SQLExecDirectW); [22003] [Microsoft][ODBC Driver 18 for SQL Server][SQL Server]The statement has been terminated. (3621)')
[SQL: INSERT INTO products (id, title_fa, rate, rate_cnt, category1, category2, brand, price, seller, is_fake, min_price_last_month, sub_category) VALUES (?, ?, ?, ?, ?, ?, ?, ?, ?, ?, ?, ?)]
[parameters: (11695657, 'فرش دستبافت 6 متری صفریان\xa0مدل تبریز یک جفت', 0, 0, 'فرش', 'فرش دستبافت', 'متفرقه', 8390000000, 'فرش اسماعیلی', 0, 0, 'book & stationary & art')]
(Background on this error at: https://sqlalche.me/e/20/9h9h)
2026-08-18 08:23:28,566 | INFO |   -> to_dict/clean: 0.11s | loop(10000): 0.02s | insert(0 ok, 51 failed): 0.17s | update(0): 0.00s | commit: 0.00s
2026-08-18 08:23:28,567 | INFO | چانک 70 | 10000 ردیف | clean: 0.01s | load: 0.30s | جمع کل: 700000 رکورد
2026-08-18 08:23:28,813 | INFO |   -> to_dict/clean: 0.16s | loop(10000): 0.02s | insert(0 ok, 0 failed): 0.00s | update(0): 0.00s | commit: 0.00s
2026-08-18 08:23:28,815 | INFO | چانک 71 | 10000 ردیف | clean: 0.01s | load: 0.18s | جمع کل: 710000 رکورد
2026-08-18 08:23:28,987 | INFO |   -> to_dict/clean: 0.12s | loop(10000): 0.02s | insert(0 ok, 0 failed): 0.00s | update(0): 0.00s | commit: 0.00s
2026-08-18 08:23:28,988 | INFO | چانک 72 | 10000 ردیف | clean: 0.00s | load: 0.13s | جمع کل: 720000 رکورد
2026-08-18 08:23:29,167 | INFO |   -> to_dict/clean: 0.12s | loop(10000): 0.02s | insert(0 ok, 0 failed): 0.00s | update(0): 0.00s | commit: 0.00s
2026-08-18 08:23:29,169 | INFO | چانک 73 | 10000 ردیف | clean: 0.01s | load: 0.14s | جمع کل: 730000 رکورد
2026-08-18 08:23:29,403 | INFO |   -> to_dict/clean: 0.16s | loop(10000): 0.02s | insert(0 ok, 0 failed): 0.00s | update(0): 0.00s | commit: 0.00s
2026-08-18 08:23:29,405 | INFO | چانک 74 | 10000 ردیف | clean: 0.01s | load: 0.18s | جمع کل: 740000 رکورد
2026-08-18 08:23:29,577 | INFO |   -> to_dict/clean: 0.11s | loop(10000): 0.02s | insert(0 ok, 0 failed): 0.00s | update(0): 0.00s | commit: 0.00s
2026-08-18 08:23:29,578 | INFO | چانک 75 | 10000 ردیف | clean: 0.00s | load: 0.13s | جمع کل: 750000 رکورد
2026-08-18 08:23:29,748 | INFO |   -> to_dict/clean: 0.11s | loop(10000): 0.02s | insert(0 ok, 0 failed): 0.00s | update(0): 0.00s | commit: 0.00s
2026-08-18 08:23:29,749 | INFO | چانک 76 | 10000 ردیف | clean: 0.00s | load: 0.13s | جمع کل: 760000 رکورد
2026-08-18 08:23:29,921 | INFO |   -> to_dict/clean: 0.12s | loop(10000): 0.02s | insert(0 ok, 0 failed): 0.00s | update(0): 0.00s | commit: 0.00s
2026-08-18 08:23:29,922 | INFO | چانک 77 | 10000 ردیف | clean: 0.00s | load: 0.13s | جمع کل: 770000 رکورد
2026-08-18 08:23:30,144 | INFO |   -> to_dict/clean: 0.14s | loop(10000): 0.02s | insert(0 ok, 0 failed): 0.00s | update(0): 0.00s | commit: 0.00s
2026-08-18 08:23:30,146 | INFO | چانک 78 | 10000 ردیف | clean: 0.01s | load: 0.16s | جمع کل: 780000 رکورد
2026-08-18 08:23:30,354 | INFO |   -> to_dict/clean: 0.13s | loop(10000): 0.02s | insert(0 ok, 0 failed): 0.00s | update(0): 0.00s | commit: 0.00s
2026-08-18 08:23:30,355 | INFO | چانک 79 | 10000 ردیف | clean: 0.01s | load: 0.15s | جمع کل: 790000 رکورد
2026-08-18 08:23:30,556 | INFO |   -> to_dict/clean: 0.14s | loop(10000): 0.02s | insert(0 ok, 0 failed): 0.00s | update(0): 0.00s | commit: 0.00s
2026-08-18 08:23:30,557 | INFO | چانک 80 | 10000 ردیف | clean: 0.01s | load: 0.16s | جمع کل: 800000 رکورد
2026-08-18 08:23:30,733 | INFO |   -> to_dict/clean: 0.12s | loop(10000): 0.02s | insert(0 ok, 0 failed): 0.00s | update(0): 0.00s | commit: 0.00s
2026-08-18 08:23:30,734 | INFO | چانک 81 | 10000 ردیف | clean: 0.01s | load: 0.14s | جمع کل: 810000 رکورد
2026-08-18 08:23:30,906 | INFO |   -> to_dict/clean: 0.11s | loop(10000): 0.02s | insert(0 ok, 0 failed): 0.00s | update(0): 0.00s | commit: 0.00s
2026-08-18 08:23:30,908 | INFO | چانک 82 | 10000 ردیف | clean: 0.01s | load: 0.13s | جمع کل: 820000 رکورد
2026-08-18 08:23:31,081 | INFO |   -> to_dict/clean: 0.12s | loop(10000): 0.02s | insert(0 ok, 0 failed): 0.00s | update(0): 0.00s | commit: 0.00s
2026-08-18 08:23:31,082 | INFO | چانک 83 | 10000 ردیف | clean: 0.01s | load: 0.13s | جمع کل: 830000 رکورد
2026-08-18 08:23:31,296 | INFO |   -> to_dict/clean: 0.16s | loop(10000): 0.02s | insert(0 ok, 0 failed): 0.00s | update(0): 0.00s | commit: 0.00s
2026-08-18 08:23:31,297 | INFO | چانک 84 | 10000 ردیف | clean: 0.01s | load: 0.17s | جمع کل: 840000 رکورد
2026-08-18 08:23:31,470 | INFO |   -> to_dict/clean: 0.12s | loop(10000): 0.02s | insert(0 ok, 0 failed): 0.00s | update(0): 0.00s | commit: 0.00s
2026-08-18 08:23:31,472 | INFO | چانک 85 | 10000 ردیف | clean: 0.01s | load: 0.13s | جمع کل: 850000 رکورد
2026-08-18 08:23:31,642 | INFO |   -> to_dict/clean: 0.12s | loop(10000): 0.02s | insert(0 ok, 0 failed): 0.00s | update(0): 0.00s | commit: 0.00s
2026-08-18 08:23:31,643 | INFO | چانک 86 | 10000 ردیف | clean: 0.01s | load: 0.13s | جمع کل: 860000 رکورد
2026-08-18 08:23:31,814 | INFO |   -> to_dict/clean: 0.11s | loop(10000): 0.02s | insert(0 ok, 0 failed): 0.00s | update(0): 0.00s | commit: 0.00s
2026-08-18 08:23:31,816 | INFO | چانک 87 | 10000 ردیف | clean: 0.01s | load: 0.13s | جمع کل: 870000 رکورد
2026-08-18 08:23:32,041 | INFO |   -> to_dict/clean: 0.17s | loop(10000): 0.02s | insert(0 ok, 0 failed): 0.00s | update(0): 0.00s | commit: 0.00s
2026-08-18 08:23:32,042 | INFO | چانک 88 | 10000 ردیف | clean: 0.01s | load: 0.19s | جمع کل: 880000 رکورد
2026-08-18 08:23:32,252 | INFO |   -> to_dict/clean: 0.15s | loop(10000): 0.02s | insert(0 ok, 0 failed): 0.00s | update(0): 0.00s | commit: 0.00s
2026-08-18 08:23:32,253 | INFO | چانک 89 | 10000 ردیف | clean: 0.00s | load: 0.16s | جمع کل: 890000 رکورد
2026-08-18 08:23:32,426 | INFO |   -> to_dict/clean: 0.11s | loop(10000): 0.02s | insert(0 ok, 0 failed): 0.00s | update(0): 0.00s | commit: 0.00s
2026-08-18 08:23:32,428 | INFO | چانک 90 | 10000 ردیف | clean: 0.01s | load: 0.13s | جمع کل: 900000 رکورد
2026-08-18 08:23:32,626 | INFO |   -> to_dict/clean: 0.14s | loop(10000): 0.02s | insert(0 ok, 0 failed): 0.00s | update(0): 0.00s | commit: 0.00s
2026-08-18 08:23:32,628 | INFO | چانک 91 | 10000 ردیف | clean: 0.01s | load: 0.16s | جمع کل: 910000 رکورد
2026-08-18 08:23:32,834 | WARNING | رکورد رد شد (id=11341147): DataError: (pyodbc.DataError) ('22003', '[22003] [Microsoft][ODBC Driver 18 for SQL Server][SQL Server]Arithmetic overflow error converting expression to data type int. (8115) (SQLExecDirectW); [22003] [Microsoft][ODBC Driver 18 for SQL Server][SQL Server]The statement has been terminated. (3621)')
[SQL: INSERT INTO products (id, title_fa, rate, rate_cnt, category1, category2, brand, price, seller, is_fake, min_price_last_month, sub_category) VALUES (?, ?, ?, ?, ?, ?, ?, ?, ?, ?, ?, ?)]
[parameters: (11341147, 'صندلی ماساژ نیکو\xa0مدل  G66', 0, 0, 'ماساژور', 'صندلی ماساژور', 'متفرقه', 2800000000, 'هوم دالاهو', 0, 1400000000, 'beauty')]
(Background on this error at: https://sqlalche.me/e/20/9h9h)
2026-08-18 08:23:32,837 | WARNING | رکورد رد شد (id=1003122): DataError: (pyodbc.DataError) ('22003', '[22003] [Microsoft][ODBC Driver 18 for SQL Server][SQL Server]Arithmetic overflow error converting expression to data type int. (8115) (SQLExecDirectW); [22003] [Microsoft][ODBC Driver 18 for SQL Server][SQL Server]The statement has been terminated. (3621)')
[SQL: INSERT INTO products (id, title_fa, rate, rate_cnt, category1, category2, brand, price, seller, is_fake, min_price_last_month, sub_category) VALUES (?, ?, ?, ?, ?, ?, ?, ?, ?, ?, ?, ?)]
[parameters: (1003122, 'صندلی ماساژور میوتو ایتالیا مدل G3', 0, 0, 'ماساژور', 'صندلی ماساژور', 'میوتو ایتالیا', 2698989000, 'کالاپزشکی کیمیا', 0, 0, 'beauty')]
(Background on this error at: https://sqlalche.me/e/20/9h9h)
2026-08-18 08:23:32,841 | WARNING | رکورد رد شد (id=12533212): DataError: (pyodbc.DataError) ('22003', '[22003] [Microsoft][ODBC Driver 18 for SQL Server][SQL Server]Arithmetic overflow error converting expression to data type int. (8115) (SQLExecDirectW); [22003] [Microsoft][ODBC Driver 18 for SQL Server][SQL Server]The statement has been terminated. (3621)')
[SQL: INSERT INTO products (id, title_fa, rate, rate_cnt, category1, category2, brand, price, seller, is_fake, min_price_last_month, sub_category) VALUES (?, ?, ?, ?, ?, ?, ?, ?, ?, ?, ?, ?)]
[parameters: (12533212, 'صندلی ماساژور پاناسیما مدل 1003D-T', 0, 0, 'ماساژور', 'صندلی ماساژور', 'متفرقه', 3100000000, 'سناتور قشم', 0, 0, 'beauty')]
(Background on this error at: https://sqlalche.me/e/20/9h9h)
2026-08-18 08:23:32,844 | WARNING | رکورد رد شد (id=5678569): DataError: (pyodbc.DataError) ('22003', '[22003] [Microsoft][ODBC Driver 18 for SQL Server][SQL Server]Arithmetic overflow error converting expression to data type int. (8115) (SQLExecDirectW); [22003] [Microsoft][ODBC Driver 18 for SQL Server][SQL Server]The statement has been terminated. (3621)')
[SQL: INSERT INTO products (id, title_fa, rate, rate_cnt, category1, category2, brand, price, seller, is_fake, min_price_last_month, sub_category) VALUES (?, ?, ?, ?, ?, ?, ?, ?, ?, ?, ?, ?)]
[parameters: (5678569, 'صندلی ماساژور بن کر مدل K20', 0, 0, 'ماساژور', 'صندلی ماساژور', 'بن کر', 3430000000, 'ایران کالا کریمان', 0, 0, 'beauty')]
(Background on this error at: https://sqlalche.me/e/20/9h9h)
2026-08-18 08:23:32,845 | INFO |   -> to_dict/clean: 0.14s | loop(10000): 0.02s | insert(0 ok, 4 failed): 0.02s | update(0): 0.00s | commit: 0.00s
2026-08-18 08:23:32,845 | INFO | چانک 92 | 10000 ردیف | clean: 0.01s | load: 0.18s | جمع کل: 920000 رکورد
2026-08-18 08:23:33,142 | INFO |   -> to_dict/clean: 0.22s | loop(10000): 0.02s | insert(0 ok, 0 failed): 0.00s | update(0): 0.00s | commit: 0.00s
2026-08-18 08:23:33,145 | INFO | چانک 93 | 10000 ردیف | clean: 0.00s | load: 0.24s | جمع کل: 930000 رکورد
2026-08-18 08:23:33,441 | INFO |   -> to_dict/clean: 0.21s | loop(10000): 0.02s | insert(0 ok, 0 failed): 0.00s | update(0): 0.00s | commit: 0.00s
2026-08-18 08:23:33,443 | INFO | چانک 94 | 10000 ردیف | clean: 0.01s | load: 0.23s | جمع کل: 940000 رکورد
2026-08-18 08:23:33,723 | INFO |   -> to_dict/clean: 0.18s | loop(10000): 0.02s | insert(0 ok, 0 failed): 0.00s | update(0): 0.00s | commit: 0.00s
2026-08-18 08:23:33,725 | INFO | چانک 95 | 10000 ردیف | clean: 0.01s | load: 0.21s | جمع کل: 950000 رکورد
2026-08-18 08:23:33,968 | INFO |   -> to_dict/clean: 0.17s | loop(10000): 0.01s | insert(0 ok, 0 failed): 0.00s | update(0): 0.00s | commit: 0.00s
2026-08-18 08:23:33,970 | INFO | چانک 96 | 10000 ردیف | clean: 0.01s | load: 0.19s | جمع کل: 960000 رکورد
2026-08-18 08:23:34,205 | INFO |   -> to_dict/clean: 0.16s | loop(10000): 0.02s | insert(0 ok, 0 failed): 0.00s | update(0): 0.00s | commit: 0.00s
2026-08-18 08:23:34,207 | INFO | چانک 97 | 10000 ردیف | clean: 0.01s | load: 0.18s | جمع کل: 970000 رکورد
2026-08-18 08:23:34,389 | INFO |   -> to_dict/clean: 0.12s | loop(10000): 0.02s | insert(0 ok, 0 failed): 0.00s | update(0): 0.00s | commit: 0.00s
2026-08-18 08:23:34,391 | INFO | چانک 98 | 10000 ردیف | clean: 0.00s | load: 0.14s | جمع کل: 980000 رکورد
2026-08-18 08:23:34,590 | INFO |   -> to_dict/clean: 0.13s | loop(10000): 0.02s | insert(0 ok, 0 failed): 0.00s | update(0): 0.00s | commit: 0.00s
2026-08-18 08:23:34,592 | INFO | چانک 99 | 10000 ردیف | clean: 0.01s | load: 0.15s | جمع کل: 990000 رکورد
2026-08-18 08:23:34,800 | INFO |   -> to_dict/clean: 0.13s | loop(10000): 0.02s | insert(0 ok, 0 failed): 0.00s | update(0): 0.00s | commit: 0.00s
2026-08-18 08:23:34,802 | INFO | چانک 100 | 10000 ردیف | clean: 0.01s | load: 0.15s | جمع کل: 1000000 رکورد
2026-08-18 08:23:35,006 | INFO |   -> to_dict/clean: 0.13s | loop(10000): 0.02s | insert(0 ok, 0 failed): 0.00s | update(0): 0.00s | commit: 0.00s
2026-08-18 08:23:35,008 | INFO | چانک 101 | 10000 ردیف | clean: 0.01s | load: 0.16s | جمع کل: 1010000 رکورد
2026-08-18 08:23:35,245 | INFO |   -> to_dict/clean: 0.17s | loop(10000): 0.03s | insert(0 ok, 0 failed): 0.00s | update(0): 0.00s | commit: 0.00s
2026-08-18 08:23:35,247 | INFO | چانک 102 | 10000 ردیف | clean: 0.01s | load: 0.19s | جمع کل: 1020000 رکورد
2026-08-18 08:23:35,519 | INFO |   -> to_dict/clean: 0.19s | loop(10000): 0.02s | insert(0 ok, 0 failed): 0.00s | update(0): 0.00s | commit: 0.00s
2026-08-18 08:23:35,521 | INFO | چانک 103 | 10000 ردیف | clean: 0.01s | load: 0.21s | جمع کل: 1030000 رکورد
2026-08-18 08:23:35,745 | INFO |   -> to_dict/clean: 0.13s | loop(10000): 0.02s | insert(0 ok, 0 failed): 0.00s | update(0): 0.00s | commit: 0.00s
2026-08-18 08:23:35,746 | INFO | چانک 104 | 10000 ردیف | clean: 0.01s | load: 0.15s | جمع کل: 1040000 رکورد
2026-08-18 08:23:35,927 | INFO |   -> to_dict/clean: 0.12s | loop(10000): 0.02s | insert(0 ok, 0 failed): 0.00s | update(0): 0.00s | commit: 0.00s
2026-08-18 08:23:35,928 | INFO | چانک 105 | 10000 ردیف | clean: 0.01s | load: 0.13s | جمع کل: 1050000 رکورد
2026-08-18 08:23:36,144 | INFO |   -> to_dict/clean: 0.14s | loop(10000): 0.03s | insert(0 ok, 0 failed): 0.00s | update(0): 0.00s | commit: 0.00s
2026-08-18 08:23:36,146 | INFO | چانک 106 | 10000 ردیف | clean: 0.01s | load: 0.16s | جمع کل: 1060000 رکورد
2026-08-18 08:23:36,373 | INFO |   -> to_dict/clean: 0.14s | loop(10000): 0.02s | insert(0 ok, 0 failed): 0.00s | update(0): 0.00s | commit: 0.00s
2026-08-18 08:23:36,375 | INFO | چانک 107 | 10000 ردیف | clean: 0.01s | load: 0.16s | جمع کل: 1070000 رکورد
2026-08-18 08:23:36,546 | INFO |   -> to_dict/clean: 0.12s | loop(10000): 0.02s | insert(0 ok, 0 failed): 0.00s | update(0): 0.00s | commit: 0.00s
2026-08-18 08:23:36,547 | INFO | چانک 108 | 10000 ردیف | clean: 0.00s | load: 0.13s | جمع کل: 1080000 رکورد
2026-08-18 08:23:36,721 | INFO |   -> to_dict/clean: 0.11s | loop(10000): 0.02s | insert(0 ok, 0 failed): 0.00s | update(0): 0.00s | commit: 0.00s
2026-08-18 08:23:36,723 | INFO | چانک 109 | 10000 ردیف | clean: 0.00s | load: 0.13s | جمع کل: 1090000 رکورد
2026-08-18 08:23:36,910 | INFO |   -> to_dict/clean: 0.12s | loop(10000): 0.02s | insert(0 ok, 0 failed): 0.00s | update(0): 0.00s | commit: 0.00s
2026-08-18 08:23:36,911 | INFO | چانک 110 | 10000 ردیف | clean: 0.00s | load: 0.13s | جمع کل: 1100000 رکورد
2026-08-18 08:23:37,089 | INFO |   -> to_dict/clean: 0.11s | loop(10000): 0.02s | insert(0 ok, 0 failed): 0.00s | update(0): 0.00s | commit: 0.00s
2026-08-18 08:23:37,091 | INFO | چانک 111 | 10000 ردیف | clean: 0.01s | load: 0.13s | جمع کل: 1110000 رکورد
2026-08-18 08:23:37,272 | INFO |   -> to_dict/clean: 0.11s | loop(10000): 0.02s | insert(0 ok, 0 failed): 0.00s | update(0): 0.00s | commit: 0.00s
2026-08-18 08:23:37,274 | INFO | چانک 112 | 10000 ردیف | clean: 0.01s | load: 0.13s | جمع کل: 1120000 رکورد
2026-08-18 08:23:37,452 | INFO |   -> to_dict/clean: 0.11s | loop(10000): 0.02s | insert(0 ok, 0 failed): 0.00s | update(0): 0.00s | commit: 0.00s
2026-08-18 08:23:37,454 | INFO | چانک 113 | 10000 ردیف | clean: 0.01s | load: 0.13s | جمع کل: 1130000 رکورد
2026-08-18 08:23:37,636 | INFO |   -> to_dict/clean: 0.11s | loop(10000): 0.02s | insert(0 ok, 0 failed): 0.00s | update(0): 0.00s | commit: 0.00s
2026-08-18 08:23:37,638 | INFO | چانک 114 | 10000 ردیف | clean: 0.01s | load: 0.13s | جمع کل: 1140000 رکورد
2026-08-18 08:23:37,822 | INFO |   -> to_dict/clean: 0.11s | loop(10000): 0.02s | insert(0 ok, 0 failed): 0.00s | update(0): 0.00s | commit: 0.00s
2026-08-18 08:23:37,823 | INFO | چانک 115 | 10000 ردیف | clean: 0.01s | load: 0.13s | جمع کل: 1150000 رکورد
2026-08-18 08:23:38,028 | INFO |   -> to_dict/clean: 0.13s | loop(10000): 0.03s | insert(0 ok, 0 failed): 0.00s | update(0): 0.00s | commit: 0.00s
2026-08-18 08:23:38,030 | INFO | چانک 116 | 10000 ردیف | clean: 0.01s | load: 0.16s | جمع کل: 1160000 رکورد
2026-08-18 08:23:38,218 | INFO |   -> to_dict/clean: 0.11s | loop(10000): 0.02s | insert(0 ok, 0 failed): 0.00s | update(0): 0.00s | commit: 0.00s
2026-08-18 08:23:38,220 | INFO | چانک 117 | 10000 ردیف | clean: 0.01s | load: 0.13s | جمع کل: 1170000 رکورد
2026-08-18 08:23:38,429 | INFO |   -> to_dict/clean: 0.14s | loop(10000): 0.03s | insert(0 ok, 0 failed): 0.00s | update(0): 0.00s | commit: 0.00s
2026-08-18 08:23:38,431 | INFO | چانک 118 | 10000 ردیف | clean: 0.01s | load: 0.17s | جمع کل: 1180000 رکورد
2026-08-18 08:23:38,653 | INFO |   -> to_dict/clean: 0.12s | loop(10000): 0.02s | insert(0 ok, 0 failed): 0.00s | update(0): 0.00s | commit: 0.00s
2026-08-18 08:23:38,655 | INFO | چانک 119 | 10000 ردیف | clean: 0.01s | load: 0.14s | جمع کل: 1190000 رکورد
2026-08-18 08:23:38,887 | INFO |   -> to_dict/clean: 0.17s | loop(10000): 0.02s | insert(0 ok, 0 failed): 0.00s | update(0): 0.00s | commit: 0.00s
2026-08-18 08:23:38,889 | INFO | چانک 120 | 10000 ردیف | clean: 0.01s | load: 0.19s | جمع کل: 1200000 رکورد
2026-08-18 08:23:39,065 | INFO |   -> to_dict/clean: 0.11s | loop(10000): 0.02s | insert(0 ok, 0 failed): 0.00s | update(0): 0.00s | commit: 0.00s
2026-08-18 08:23:39,067 | INFO | چانک 121 | 10000 ردیف | clean: 0.01s | load: 0.13s | جمع کل: 1210000 رکورد
2026-08-18 08:23:39,243 | INFO |   -> to_dict/clean: 0.11s | loop(10000): 0.02s | insert(0 ok, 0 failed): 0.00s | update(0): 0.00s | commit: 0.00s
2026-08-18 08:23:39,245 | INFO | چانک 122 | 10000 ردیف | clean: 0.01s | load: 0.13s | جمع کل: 1220000 رکورد
2026-08-18 08:23:39,445 | INFO |   -> to_dict/clean: 0.13s | loop(10000): 0.03s | insert(0 ok, 0 failed): 0.00s | update(0): 0.00s | commit: 0.00s
2026-08-18 08:23:39,447 | INFO | چانک 123 | 10000 ردیف | clean: 0.01s | load: 0.16s | جمع کل: 1230000 رکورد
2026-08-18 08:23:39,628 | INFO |   -> to_dict/clean: 0.12s | loop(10000): 0.02s | insert(0 ok, 0 failed): 0.00s | update(0): 0.00s | commit: 0.00s
2026-08-18 08:23:39,630 | INFO | چانک 124 | 10000 ردیف | clean: 0.00s | load: 0.13s | جمع کل: 1240000 رکورد
2026-08-18 08:23:39,847 | INFO |   -> to_dict/clean: 0.14s | loop(10000): 0.02s | insert(0 ok, 0 failed): 0.00s | update(0): 0.00s | commit: 0.00s
2026-08-18 08:23:39,849 | INFO | چانک 125 | 10000 ردیف | clean: 0.01s | load: 0.16s | جمع کل: 1250000 رکورد
2026-08-18 08:23:40,023 | INFO |   -> to_dict/clean: 0.12s | loop(10000): 0.02s | insert(0 ok, 0 failed): 0.00s | update(0): 0.00s | commit: 0.00s
2026-08-18 08:23:40,024 | INFO | چانک 126 | 10000 ردیف | clean: 0.01s | load: 0.13s | جمع کل: 1260000 رکورد
2026-08-18 08:23:40,200 | INFO |   -> to_dict/clean: 0.12s | loop(10000): 0.02s | insert(0 ok, 0 failed): 0.00s | update(0): 0.00s | commit: 0.00s
2026-08-18 08:23:40,202 | INFO | چانک 127 | 10000 ردیف | clean: 0.01s | load: 0.14s | جمع کل: 1270000 رکورد
2026-08-18 08:23:40,381 | INFO |   -> to_dict/clean: 0.12s | loop(10000): 0.02s | insert(0 ok, 0 failed): 0.00s | update(0): 0.00s | commit: 0.00s
2026-08-18 08:23:40,382 | INFO | چانک 128 | 10000 ردیف | clean: 0.01s | load: 0.14s | جمع کل: 1280000 رکورد
2026-08-18 08:23:40,449 | INFO |   -> to_dict/clean: 0.04s | loop(3496): 0.01s | insert(0 ok, 0 failed): 0.00s | update(0): 0.00s | commit: 0.00s
2026-08-18 08:23:40,450 | INFO | چانک 129 | 3496 ردیف | clean: 0.00s | load: 0.05s | جمع کل: 1283496 رکورد
2026-08-18 08:23:40,450 | INFO | پردازش تمام شد. مجموع رکوردهای بررسی‌شده: 1283496
2026-08-18 08:30:52,505 | INFO | checking resume safe
2026-08-18 08:31:22,807 | INFO | 948285 رکورد در 30.3 ثانیه بارگذاری شد.
2026-08-18 08:31:22,807 | INFO | Starting
2026-08-18 08:31:23,104 | INFO |   -> to_dict/clean: 0.16s | loop(10000): 0.02s | insert(0 ok, 0 failed): 0.00s | update(0): 0.00s | commit: 0.00s
2026-08-18 08:31:23,106 | INFO | چانک 1 | 10000 ردیف | clean: 0.01s | load: 0.18s | جمع کل: 10000 رکورد
2026-08-18 08:31:23,365 | INFO |   -> to_dict/clean: 0.16s | loop(10000): 0.02s | insert(0 ok, 0 failed): 0.00s | update(0): 0.00s | commit: 0.00s
2026-08-18 08:31:23,369 | INFO | چانک 2 | 10000 ردیف | clean: 0.01s | load: 0.19s | جمع کل: 20000 رکورد
2026-08-18 08:31:23,666 | INFO |   -> to_dict/clean: 0.19s | loop(10000): 0.03s | insert(0 ok, 0 failed): 0.00s | update(0): 0.00s | commit: 0.00s
2026-08-18 08:31:23,668 | INFO | چانک 3 | 10000 ردیف | clean: 0.01s | load: 0.22s | جمع کل: 30000 رکورد
2026-08-18 08:31:23,844 | INFO |   -> to_dict/clean: 0.12s | loop(10000): 0.02s | insert(0 ok, 0 failed): 0.00s | update(0): 0.00s | commit: 0.00s
2026-08-18 08:31:23,846 | INFO | چانک 4 | 10000 ردیف | clean: 0.01s | load: 0.13s | جمع کل: 40000 رکورد
2026-08-18 08:31:24,029 | INFO |   -> to_dict/clean: 0.12s | loop(10000): 0.02s | insert(0 ok, 0 failed): 0.00s | update(0): 0.00s | commit: 0.00s
2026-08-18 08:31:24,031 | INFO | چانک 5 | 10000 ردیف | clean: 0.01s | load: 0.14s | جمع کل: 50000 رکورد
2026-08-18 08:31:24,273 | INFO |   -> to_dict/clean: 0.18s | loop(10000): 0.02s | insert(0 ok, 0 failed): 0.00s | update(0): 0.00s | commit: 0.00s
2026-08-18 08:31:24,274 | INFO | چانک 6 | 10000 ردیف | clean: 0.01s | load: 0.20s | جمع کل: 60000 رکورد
2026-08-18 08:31:24,500 | INFO |   -> to_dict/clean: 0.16s | loop(10000): 0.02s | insert(0 ok, 0 failed): 0.00s | update(0): 0.00s | commit: 0.00s
2026-08-18 08:31:24,502 | INFO | چانک 7 | 10000 ردیف | clean: 0.01s | load: 0.18s | جمع کل: 70000 رکورد
2026-08-18 08:31:24,691 | INFO |   -> to_dict/clean: 0.12s | loop(10000): 0.02s | insert(0 ok, 0 failed): 0.00s | update(0): 0.00s | commit: 0.00s
2026-08-18 08:31:24,692 | INFO | چانک 8 | 10000 ردیف | clean: 0.01s | load: 0.14s | جمع کل: 80000 رکورد
2026-08-18 08:31:24,871 | INFO |   -> to_dict/clean: 0.12s | loop(10000): 0.02s | insert(0 ok, 0 failed): 0.00s | update(0): 0.00s | commit: 0.00s
2026-08-18 08:31:24,873 | INFO | چانک 9 | 10000 ردیف | clean: 0.01s | load: 0.14s | جمع کل: 90000 رکورد
2026-08-18 08:31:25,219 | INFO |   -> to_dict/clean: 0.24s | loop(10000): 0.02s | insert(0 ok, 0 failed): 0.00s | update(0): 0.00s | commit: 0.00s
2026-08-18 08:31:25,220 | INFO | چانک 10 | 10000 ردیف | clean: 0.01s | load: 0.26s | جمع کل: 100000 رکورد
2026-08-18 08:31:25,413 | INFO |   -> to_dict/clean: 0.12s | loop(10000): 0.03s | insert(0 ok, 0 failed): 0.00s | update(0): 0.00s | commit: 0.00s
2026-08-18 08:31:25,414 | INFO | چانک 11 | 10000 ردیف | clean: 0.01s | load: 0.15s | جمع کل: 110000 رکورد
2026-08-18 08:31:25,710 | INFO |   -> to_dict/clean: 0.23s | loop(10000): 0.02s | insert(0 ok, 0 failed): 0.00s | update(0): 0.00s | commit: 0.00s
2026-08-18 08:31:25,711 | INFO | چانک 12 | 10000 ردیف | clean: 0.01s | load: 0.25s | جمع کل: 120000 رکورد
2026-08-18 08:31:25,885 | INFO |   -> to_dict/clean: 0.11s | loop(10000): 0.02s | insert(0 ok, 0 failed): 0.00s | update(0): 0.00s | commit: 0.00s
2026-08-18 08:31:25,887 | INFO | چانک 13 | 10000 ردیف | clean: 0.01s | load: 0.13s | جمع کل: 130000 رکورد
2026-08-18 08:31:26,066 | INFO |   -> to_dict/clean: 0.12s | loop(10000): 0.02s | insert(0 ok, 0 failed): 0.00s | update(0): 0.00s | commit: 0.00s
2026-08-18 08:31:26,068 | INFO | چانک 14 | 10000 ردیف | clean: 0.01s | load: 0.14s | جمع کل: 140000 رکورد
2026-08-18 08:31:26,255 | INFO |   -> to_dict/clean: 0.12s | loop(10000): 0.02s | insert(0 ok, 0 failed): 0.00s | update(0): 0.00s | commit: 0.00s
2026-08-18 08:31:26,256 | INFO | چانک 15 | 10000 ردیف | clean: 0.01s | load: 0.15s | جمع کل: 150000 رکورد
2026-08-18 08:31:26,444 | INFO |   -> to_dict/clean: 0.12s | loop(10000): 0.02s | insert(1 ok, 0 failed): 0.01s | update(0): 0.00s | commit: 0.00s
2026-08-18 08:31:26,446 | INFO | چانک 16 | 10000 ردیف | clean: 0.01s | load: 0.15s | جمع کل: 160000 رکورد
2026-08-18 08:31:26,669 | INFO |   -> to_dict/clean: 0.16s | loop(10000): 0.02s | insert(0 ok, 0 failed): 0.00s | update(0): 0.00s | commit: 0.00s
2026-08-18 08:31:26,671 | INFO | چانک 17 | 10000 ردیف | clean: 0.01s | load: 0.18s | جمع کل: 170000 رکورد
2026-08-18 08:31:26,845 | INFO |   -> to_dict/clean: 0.12s | loop(10000): 0.02s | insert(0 ok, 0 failed): 0.00s | update(0): 0.00s | commit: 0.00s
2026-08-18 08:31:26,847 | INFO | چانک 18 | 10000 ردیف | clean: 0.01s | load: 0.14s | جمع کل: 180000 رکورد
2026-08-18 08:31:27,075 | INFO |   -> to_dict/clean: 0.14s | loop(10000): 0.02s | insert(0 ok, 0 failed): 0.00s | update(0): 0.00s | commit: 0.00s
2026-08-18 08:31:27,078 | INFO | چانک 19 | 10000 ردیف | clean: 0.01s | load: 0.16s | جمع کل: 190000 رکورد
2026-08-18 08:31:27,337 | INFO |   -> to_dict/clean: 0.17s | loop(10000): 0.02s | insert(0 ok, 0 failed): 0.00s | update(0): 0.00s | commit: 0.00s
2026-08-18 08:31:27,339 | INFO | چانک 20 | 10000 ردیف | clean: 0.01s | load: 0.19s | جمع کل: 200000 رکورد
2026-08-18 08:31:27,519 | INFO |   -> to_dict/clean: 0.12s | loop(10000): 0.02s | insert(0 ok, 0 failed): 0.00s | update(0): 0.00s | commit: 0.00s
2026-08-18 08:31:27,521 | INFO | چانک 21 | 10000 ردیف | clean: 0.01s | load: 0.14s | جمع کل: 210000 رکورد
2026-08-18 08:31:27,701 | INFO |   -> to_dict/clean: 0.12s | loop(10000): 0.02s | insert(0 ok, 0 failed): 0.00s | update(0): 0.00s | commit: 0.00s
2026-08-18 08:31:27,704 | INFO | چانک 22 | 10000 ردیف | clean: 0.01s | load: 0.14s | جمع کل: 220000 رکورد
2026-08-18 08:31:27,948 | INFO |   -> to_dict/clean: 0.15s | loop(10000): 0.05s | insert(0 ok, 0 failed): 0.00s | update(0): 0.00s | commit: 0.00s
2026-08-18 08:31:27,953 | INFO | چانک 23 | 10000 ردیف | clean: 0.01s | load: 0.21s | جمع کل: 230000 رکورد
2026-08-18 08:31:28,259 | INFO |   -> to_dict/clean: 0.18s | loop(10000): 0.02s | insert(0 ok, 0 failed): 0.00s | update(0): 0.00s | commit: 0.00s
2026-08-18 08:31:28,260 | INFO | چانک 24 | 10000 ردیف | clean: 0.01s | load: 0.20s | جمع کل: 240000 رکورد
2026-08-18 08:31:28,440 | INFO |   -> to_dict/clean: 0.12s | loop(10000): 0.02s | insert(0 ok, 0 failed): 0.00s | update(0): 0.00s | commit: 0.00s
2026-08-18 08:31:28,442 | INFO | چانک 25 | 10000 ردیف | clean: 0.01s | load: 0.14s | جمع کل: 250000 رکورد
2026-08-18 08:31:28,650 | INFO |   -> to_dict/clean: 0.12s | loop(10000): 0.03s | insert(0 ok, 0 failed): 0.00s | update(0): 0.00s | commit: 0.00s
2026-08-18 08:31:28,653 | INFO | چانک 26 | 10000 ردیف | clean: 0.01s | load: 0.15s | جمع کل: 260000 رکورد
2026-08-18 08:31:28,851 | INFO |   -> to_dict/clean: 0.12s | loop(10000): 0.02s | insert(0 ok, 0 failed): 0.00s | update(0): 0.00s | commit: 0.00s
2026-08-18 08:31:28,853 | INFO | چانک 27 | 10000 ردیف | clean: 0.01s | load: 0.14s | جمع کل: 270000 رکورد
2026-08-18 08:31:29,051 | INFO |   -> to_dict/clean: 0.12s | loop(10000): 0.02s | insert(0 ok, 0 failed): 0.00s | update(0): 0.00s | commit: 0.00s
2026-08-18 08:31:29,052 | INFO | چانک 28 | 10000 ردیف | clean: 0.01s | load: 0.14s | جمع کل: 280000 رکورد
2026-08-18 08:31:29,256 | INFO |   -> to_dict/clean: 0.14s | loop(10000): 0.02s | insert(0 ok, 0 failed): 0.00s | update(0): 0.00s | commit: 0.00s
2026-08-18 08:31:29,257 | INFO | چانک 29 | 10000 ردیف | clean: 0.01s | load: 0.16s | جمع کل: 290000 رکورد
2026-08-18 08:31:29,440 | INFO |   -> to_dict/clean: 0.12s | loop(10000): 0.02s | insert(0 ok, 0 failed): 0.00s | update(0): 0.00s | commit: 0.00s
2026-08-18 08:31:29,443 | INFO | چانک 30 | 10000 ردیف | clean: 0.01s | load: 0.14s | جمع کل: 300000 رکورد
2026-08-18 08:31:29,673 | INFO |   -> to_dict/clean: 0.14s | loop(10000): 0.02s | insert(0 ok, 0 failed): 0.00s | update(0): 0.00s | commit: 0.00s
2026-08-18 08:31:29,674 | INFO | چانک 31 | 10000 ردیف | clean: 0.01s | load: 0.16s | جمع کل: 310000 رکورد
2026-08-18 08:31:29,860 | INFO |   -> to_dict/clean: 0.12s | loop(10000): 0.02s | insert(0 ok, 0 failed): 0.00s | update(0): 0.00s | commit: 0.00s
2026-08-18 08:31:29,862 | INFO | چانک 32 | 10000 ردیف | clean: 0.01s | load: 0.14s | جمع کل: 320000 رکورد
2026-08-18 08:31:30,062 | INFO |   -> to_dict/clean: 0.12s | loop(10000): 0.02s | insert(2 ok, 0 failed): 0.01s | update(0): 0.00s | commit: 0.00s
2026-08-18 08:31:30,064 | INFO | چانک 33 | 10000 ردیف | clean: 0.01s | load: 0.16s | جمع کل: 330000 رکورد
2026-08-18 08:31:30,242 | INFO |   -> to_dict/clean: 0.12s | loop(10000): 0.02s | insert(0 ok, 0 failed): 0.00s | update(0): 0.00s | commit: 0.00s
2026-08-18 08:31:30,244 | INFO | چانک 34 | 10000 ردیف | clean: 0.01s | load: 0.14s | جمع کل: 340000 رکورد
2026-08-18 08:31:30,437 | INFO |   -> to_dict/clean: 0.12s | loop(10000): 0.02s | insert(0 ok, 0 failed): 0.00s | update(0): 0.00s | commit: 0.00s
2026-08-18 08:31:30,439 | INFO | چانک 35 | 10000 ردیف | clean: 0.01s | load: 0.14s | جمع کل: 350000 رکورد
2026-08-18 08:31:30,616 | INFO |   -> to_dict/clean: 0.12s | loop(10000): 0.02s | insert(0 ok, 0 failed): 0.00s | update(0): 0.00s | commit: 0.00s
2026-08-18 08:31:30,618 | INFO | چانک 36 | 10000 ردیف | clean: 0.01s | load: 0.13s | جمع کل: 360000 رکورد
2026-08-18 08:31:30,791 | INFO |   -> to_dict/clean: 0.12s | loop(10000): 0.02s | insert(0 ok, 0 failed): 0.00s | update(0): 0.00s | commit: 0.00s
2026-08-18 08:31:30,793 | INFO | چانک 37 | 10000 ردیف | clean: 0.01s | load: 0.13s | جمع کل: 370000 رکورد
2026-08-18 08:31:30,972 | INFO |   -> to_dict/clean: 0.12s | loop(10000): 0.02s | insert(0 ok, 0 failed): 0.00s | update(0): 0.00s | commit: 0.00s
2026-08-18 08:31:30,974 | INFO | چانک 38 | 10000 ردیف | clean: 0.01s | load: 0.14s | جمع کل: 380000 رکورد
2026-08-18 08:31:31,147 | INFO |   -> to_dict/clean: 0.12s | loop(10000): 0.02s | insert(0 ok, 0 failed): 0.00s | update(0): 0.00s | commit: 0.00s
2026-08-18 08:31:31,149 | INFO | چانک 39 | 10000 ردیف | clean: 0.01s | load: 0.13s | جمع کل: 390000 رکورد
2026-08-18 08:31:31,356 | INFO |   -> to_dict/clean: 0.15s | loop(10000): 0.02s | insert(0 ok, 0 failed): 0.00s | update(0): 0.00s | commit: 0.00s
2026-08-18 08:31:31,357 | INFO | چانک 40 | 10000 ردیف | clean: 0.01s | load: 0.17s | جمع کل: 400000 رکورد
2026-08-18 08:31:31,557 | INFO |   -> to_dict/clean: 0.13s | loop(10000): 0.02s | insert(0 ok, 0 failed): 0.00s | update(0): 0.00s | commit: 0.00s
2026-08-18 08:31:31,559 | INFO | چانک 41 | 10000 ردیف | clean: 0.01s | load: 0.15s | جمع کل: 410000 رکورد
2026-08-18 08:31:31,783 | INFO |   -> to_dict/clean: 0.14s | loop(10000): 0.03s | insert(0 ok, 0 failed): 0.00s | update(0): 0.00s | commit: 0.00s
2026-08-18 08:31:31,786 | INFO | چانک 42 | 10000 ردیف | clean: 0.01s | load: 0.17s | جمع کل: 420000 رکورد
2026-08-18 08:31:32,005 | INFO |   -> to_dict/clean: 0.15s | loop(10000): 0.02s | insert(0 ok, 0 failed): 0.00s | update(0): 0.00s | commit: 0.00s
2026-08-18 08:31:32,007 | INFO | چانک 43 | 10000 ردیف | clean: 0.01s | load: 0.17s | جمع کل: 430000 رکورد
2026-08-18 08:31:32,179 | INFO |   -> to_dict/clean: 0.12s | loop(10000): 0.02s | insert(0 ok, 0 failed): 0.00s | update(0): 0.00s | commit: 0.00s
2026-08-18 08:31:32,181 | INFO | چانک 44 | 10000 ردیف | clean: 0.01s | load: 0.13s | جمع کل: 440000 رکورد
2026-08-18 08:31:32,361 | INFO |   -> to_dict/clean: 0.12s | loop(10000): 0.02s | insert(0 ok, 0 failed): 0.00s | update(0): 0.00s | commit: 0.00s
2026-08-18 08:31:32,363 | INFO | چانک 45 | 10000 ردیف | clean: 0.01s | load: 0.14s | جمع کل: 450000 رکورد
2026-08-18 08:31:32,530 | INFO |   -> to_dict/clean: 0.11s | loop(10000): 0.02s | insert(0 ok, 0 failed): 0.00s | update(0): 0.00s | commit: 0.00s
2026-08-18 08:31:32,532 | INFO | چانک 46 | 10000 ردیف | clean: 0.01s | load: 0.13s | جمع کل: 460000 رکورد
2026-08-18 08:31:32,716 | INFO |   -> to_dict/clean: 0.12s | loop(10000): 0.02s | insert(0 ok, 0 failed): 0.00s | update(0): 0.00s | commit: 0.00s
2026-08-18 08:31:32,718 | INFO | چانک 47 | 10000 ردیف | clean: 0.01s | load: 0.14s | جمع کل: 470000 رکورد
2026-08-18 08:31:32,892 | INFO |   -> to_dict/clean: 0.12s | loop(10000): 0.02s | insert(0 ok, 0 failed): 0.00s | update(0): 0.00s | commit: 0.00s
2026-08-18 08:31:32,894 | INFO | چانک 48 | 10000 ردیف | clean: 0.01s | load: 0.14s | جمع کل: 480000 رکورد
2026-08-18 08:31:33,071 | INFO |   -> to_dict/clean: 0.12s | loop(10000): 0.02s | insert(0 ok, 0 failed): 0.00s | update(0): 0.00s | commit: 0.00s
2026-08-18 08:31:33,073 | INFO | چانک 49 | 10000 ردیف | clean: 0.01s | load: 0.14s | جمع کل: 490000 رکورد
2026-08-18 08:31:33,291 | INFO |   -> to_dict/clean: 0.15s | loop(10000): 0.02s | insert(0 ok, 0 failed): 0.00s | update(0): 0.00s | commit: 0.00s
2026-08-18 08:31:33,293 | INFO | چانک 50 | 10000 ردیف | clean: 0.01s | load: 0.17s | جمع کل: 500000 رکورد
2026-08-18 08:31:33,531 | INFO |   -> to_dict/clean: 0.17s | loop(10000): 0.03s | insert(0 ok, 0 failed): 0.00s | update(0): 0.00s | commit: 0.00s
2026-08-18 08:31:33,533 | INFO | چانک 51 | 10000 ردیف | clean: 0.01s | load: 0.20s | جمع کل: 510000 رکورد
2026-08-18 08:31:33,757 | INFO |   -> to_dict/clean: 0.13s | loop(10000): 0.02s | insert(0 ok, 0 failed): 0.00s | update(0): 0.00s | commit: 0.00s
2026-08-18 08:31:33,759 | INFO | چانک 52 | 10000 ردیف | clean: 0.01s | load: 0.14s | جمع کل: 520000 رکورد
2026-08-18 08:31:33,947 | INFO |   -> to_dict/clean: 0.13s | loop(10000): 0.02s | insert(0 ok, 0 failed): 0.00s | update(0): 0.00s | commit: 0.00s
2026-08-18 08:31:33,949 | INFO | چانک 53 | 10000 ردیف | clean: 0.01s | load: 0.14s | جمع کل: 530000 رکورد
2026-08-18 08:31:34,124 | INFO |   -> to_dict/clean: 0.12s | loop(10000): 0.02s | insert(0 ok, 0 failed): 0.00s | update(0): 0.00s | commit: 0.00s
2026-08-18 08:31:34,125 | INFO | چانک 54 | 10000 ردیف | clean: 0.01s | load: 0.13s | جمع کل: 540000 رکورد
2026-08-18 08:31:34,302 | INFO |   -> to_dict/clean: 0.12s | loop(10000): 0.02s | insert(0 ok, 0 failed): 0.00s | update(0): 0.00s | commit: 0.00s
2026-08-18 08:31:34,305 | INFO | چانک 55 | 10000 ردیف | clean: 0.00s | load: 0.14s | جمع کل: 550000 رکورد
2026-08-18 08:31:34,522 | INFO |   -> to_dict/clean: 0.12s | loop(10000): 0.02s | insert(0 ok, 0 failed): 0.00s | update(0): 0.00s | commit: 0.00s
2026-08-18 08:31:34,524 | INFO | چانک 56 | 10000 ردیف | clean: 0.01s | load: 0.14s | جمع کل: 560000 رکورد
2026-08-18 08:31:34,704 | INFO |   -> to_dict/clean: 0.12s | loop(10000): 0.02s | insert(0 ok, 0 failed): 0.00s | update(0): 0.00s | commit: 0.00s
2026-08-18 08:31:34,705 | INFO | چانک 57 | 10000 ردیف | clean: 0.01s | load: 0.14s | جمع کل: 570000 رکورد
2026-08-18 08:31:34,893 | INFO |   -> to_dict/clean: 0.12s | loop(10000): 0.02s | insert(0 ok, 0 failed): 0.00s | update(0): 0.00s | commit: 0.00s
2026-08-18 08:31:34,894 | INFO | چانک 58 | 10000 ردیف | clean: 0.01s | load: 0.14s | جمع کل: 580000 رکورد
2026-08-18 08:31:35,071 | INFO |   -> to_dict/clean: 0.12s | loop(10000): 0.02s | insert(0 ok, 0 failed): 0.00s | update(0): 0.00s | commit: 0.00s
2026-08-18 08:31:35,073 | INFO | چانک 59 | 10000 ردیف | clean: 0.01s | load: 0.14s | جمع کل: 590000 رکورد
2026-08-18 08:31:35,336 | INFO |   -> to_dict/clean: 0.19s | loop(10000): 0.03s | insert(0 ok, 0 failed): 0.00s | update(0): 0.00s | commit: 0.00s
2026-08-18 08:31:35,339 | INFO | چانک 60 | 10000 ردیف | clean: 0.01s | load: 0.22s | جمع کل: 600000 رکورد
2026-08-18 08:31:35,534 | INFO |   -> to_dict/clean: 0.11s | loop(10000): 0.02s | insert(0 ok, 0 failed): 0.00s | update(0): 0.00s | commit: 0.00s
2026-08-18 08:31:35,535 | INFO | چانک 61 | 10000 ردیف | clean: 0.01s | load: 0.13s | جمع کل: 610000 رکورد
2026-08-18 08:31:35,828 | INFO |   -> to_dict/clean: 0.23s | loop(10000): 0.02s | insert(0 ok, 0 failed): 0.00s | update(0): 0.00s | commit: 0.00s
2026-08-18 08:31:35,829 | INFO | چانک 62 | 10000 ردیف | clean: 0.01s | load: 0.25s | جمع کل: 620000 رکورد
2026-08-18 08:31:36,004 | INFO |   -> to_dict/clean: 0.12s | loop(10000): 0.02s | insert(0 ok, 0 failed): 0.00s | update(0): 0.00s | commit: 0.00s
2026-08-18 08:31:36,005 | INFO | چانک 63 | 10000 ردیف | clean: 0.01s | load: 0.13s | جمع کل: 630000 رکورد
2026-08-18 08:31:36,367 | INFO |   -> to_dict/clean: 0.19s | loop(10000): 0.02s | insert(9 ok, 0 failed): 0.01s | update(0): 0.00s | commit: 0.00s
2026-08-18 08:31:36,370 | INFO | چانک 64 | 10000 ردیف | clean: 0.01s | load: 0.22s | جمع کل: 640000 رکورد
2026-08-18 08:31:36,568 | INFO |   -> to_dict/clean: 0.11s | loop(10000): 0.02s | insert(0 ok, 0 failed): 0.00s | update(0): 0.00s | commit: 0.00s
2026-08-18 08:31:36,571 | INFO | چانک 65 | 10000 ردیف | clean: 0.01s | load: 0.13s | جمع کل: 650000 رکورد
2026-08-18 08:31:36,847 | INFO |   -> to_dict/clean: 0.17s | loop(10000): 0.02s | insert(0 ok, 0 failed): 0.00s | update(0): 0.00s | commit: 0.00s
2026-08-18 08:31:36,849 | INFO | چانک 66 | 10000 ردیف | clean: 0.01s | load: 0.19s | جمع کل: 660000 رکورد
2026-08-18 08:31:37,061 | INFO |   -> to_dict/clean: 0.14s | loop(10000): 0.02s | insert(0 ok, 0 failed): 0.00s | update(0): 0.00s | commit: 0.00s
2026-08-18 08:31:37,063 | INFO | چانک 67 | 10000 ردیف | clean: 0.01s | load: 0.16s | جمع کل: 670000 رکورد
2026-08-18 08:31:37,298 | INFO |   -> to_dict/clean: 0.16s | loop(10000): 0.02s | insert(0 ok, 0 failed): 0.00s | update(0): 0.00s | commit: 0.00s
2026-08-18 08:31:37,300 | INFO | چانک 68 | 10000 ردیف | clean: 0.01s | load: 0.18s | جمع کل: 680000 رکورد
2026-08-18 08:31:37,558 | INFO |   -> to_dict/clean: 0.18s | loop(10000): 0.03s | insert(0 ok, 0 failed): 0.00s | update(0): 0.00s | commit: 0.00s
2026-08-18 08:31:37,560 | INFO | چانک 69 | 10000 ردیف | clean: 0.01s | load: 0.22s | جمع کل: 690000 رکورد
2026-08-18 08:31:37,815 | INFO |   -> to_dict/clean: 0.13s | loop(10000): 0.02s | insert(51 ok, 0 failed): 0.01s | update(0): 0.00s | commit: 0.00s
2026-08-18 08:31:37,817 | INFO | چانک 70 | 10000 ردیف | clean: 0.01s | load: 0.17s | جمع کل: 700000 رکورد
2026-08-18 08:31:38,037 | INFO |   -> to_dict/clean: 0.13s | loop(10000): 0.02s | insert(0 ok, 0 failed): 0.00s | update(0): 0.00s | commit: 0.00s
2026-08-18 08:31:38,039 | INFO | چانک 71 | 10000 ردیف | clean: 0.01s | load: 0.15s | جمع کل: 710000 رکورد
2026-08-18 08:31:38,247 | INFO |   -> to_dict/clean: 0.13s | loop(10000): 0.02s | insert(0 ok, 0 failed): 0.00s | update(0): 0.00s | commit: 0.00s
2026-08-18 08:31:38,248 | INFO | چانک 72 | 10000 ردیف | clean: 0.00s | load: 0.15s | جمع کل: 720000 رکورد
2026-08-18 08:31:38,433 | INFO |   -> to_dict/clean: 0.12s | loop(10000): 0.02s | insert(0 ok, 0 failed): 0.00s | update(0): 0.00s | commit: 0.00s
2026-08-18 08:31:38,435 | INFO | چانک 73 | 10000 ردیف | clean: 0.01s | load: 0.14s | جمع کل: 730000 رکورد
2026-08-18 08:31:38,671 | INFO |   -> to_dict/clean: 0.16s | loop(10000): 0.03s | insert(0 ok, 0 failed): 0.00s | update(0): 0.00s | commit: 0.00s
2026-08-18 08:31:38,673 | INFO | چانک 74 | 10000 ردیف | clean: 0.01s | load: 0.20s | جمع کل: 740000 رکورد
2026-08-18 08:31:38,896 | INFO |   -> to_dict/clean: 0.15s | loop(10000): 0.02s | insert(0 ok, 0 failed): 0.00s | update(0): 0.00s | commit: 0.00s
2026-08-18 08:31:38,897 | INFO | چانک 75 | 10000 ردیف | clean: 0.01s | load: 0.17s | جمع کل: 750000 رکورد
2026-08-18 08:31:39,175 | INFO |   -> to_dict/clean: 0.21s | loop(10000): 0.03s | insert(0 ok, 0 failed): 0.00s | update(0): 0.00s | commit: 0.00s
2026-08-18 08:31:39,177 | INFO | چانک 76 | 10000 ردیف | clean: 0.01s | load: 0.24s | جمع کل: 760000 رکورد
2026-08-18 08:31:39,395 | INFO |   -> to_dict/clean: 0.12s | loop(10000): 0.02s | insert(0 ok, 0 failed): 0.00s | update(0): 0.00s | commit: 0.00s
2026-08-18 08:31:39,397 | INFO | چانک 77 | 10000 ردیف | clean: 0.01s | load: 0.14s | جمع کل: 770000 رکورد
2026-08-18 08:31:39,689 | INFO |   -> to_dict/clean: 0.21s | loop(10000): 0.02s | insert(0 ok, 0 failed): 0.00s | update(0): 0.00s | commit: 0.00s
2026-08-18 08:31:39,691 | INFO | چانک 78 | 10000 ردیف | clean: 0.01s | load: 0.23s | جمع کل: 780000 رکورد
2026-08-18 08:31:39,865 | INFO |   -> to_dict/clean: 0.12s | loop(10000): 0.02s | insert(0 ok, 0 failed): 0.00s | update(0): 0.00s | commit: 0.00s
2026-08-18 08:31:39,867 | INFO | چانک 79 | 10000 ردیف | clean: 0.00s | load: 0.14s | جمع کل: 790000 رکورد
2026-08-18 08:31:40,079 | INFO |   -> to_dict/clean: 0.12s | loop(10000): 0.02s | insert(0 ok, 0 failed): 0.00s | update(0): 0.00s | commit: 0.00s
2026-08-18 08:31:40,080 | INFO | چانک 80 | 10000 ردیف | clean: 0.01s | load: 0.14s | جمع کل: 800000 رکورد
2026-08-18 08:31:40,309 | INFO |   -> to_dict/clean: 0.17s | loop(10000): 0.02s | insert(0 ok, 0 failed): 0.00s | update(0): 0.00s | commit: 0.00s
2026-08-18 08:31:40,311 | INFO | چانک 81 | 10000 ردیف | clean: 0.01s | load: 0.19s | جمع کل: 810000 رکورد
2026-08-18 08:31:40,535 | INFO |   -> to_dict/clean: 0.17s | loop(10000): 0.02s | insert(0 ok, 0 failed): 0.00s | update(0): 0.00s | commit: 0.00s
2026-08-18 08:31:40,537 | INFO | چانک 82 | 10000 ردیف | clean: 0.01s | load: 0.18s | جمع کل: 820000 رکورد
2026-08-18 08:31:40,755 | INFO |   -> to_dict/clean: 0.15s | loop(10000): 0.02s | insert(0 ok, 0 failed): 0.00s | update(0): 0.00s | commit: 0.00s
2026-08-18 08:31:40,757 | INFO | چانک 83 | 10000 ردیف | clean: 0.01s | load: 0.17s | جمع کل: 830000 رکورد
2026-08-18 08:31:40,974 | INFO |   -> to_dict/clean: 0.16s | loop(10000): 0.02s | insert(0 ok, 0 failed): 0.00s | update(0): 0.00s | commit: 0.00s
2026-08-18 08:31:40,976 | INFO | چانک 84 | 10000 ردیف | clean: 0.00s | load: 0.18s | جمع کل: 840000 رکورد
2026-08-18 08:31:41,170 | INFO |   -> to_dict/clean: 0.14s | loop(10000): 0.02s | insert(0 ok, 0 failed): 0.00s | update(0): 0.00s | commit: 0.00s
2026-08-18 08:31:41,171 | INFO | چانک 85 | 10000 ردیف | clean: 0.00s | load: 0.15s | جمع کل: 850000 رکورد
2026-08-18 08:31:41,376 | INFO |   -> to_dict/clean: 0.15s | loop(10000): 0.02s | insert(0 ok, 0 failed): 0.00s | update(0): 0.00s | commit: 0.00s
2026-08-18 08:31:41,378 | INFO | چانک 86 | 10000 ردیف | clean: 0.01s | load: 0.17s | جمع کل: 860000 رکورد
2026-08-18 08:31:41,552 | INFO |   -> to_dict/clean: 0.12s | loop(10000): 0.02s | insert(0 ok, 0 failed): 0.00s | update(0): 0.00s | commit: 0.00s
2026-08-18 08:31:41,554 | INFO | چانک 87 | 10000 ردیف | clean: 0.01s | load: 0.13s | جمع کل: 870000 رکورد
2026-08-18 08:31:41,792 | INFO |   -> to_dict/clean: 0.17s | loop(10000): 0.02s | insert(0 ok, 0 failed): 0.00s | update(0): 0.00s | commit: 0.00s
2026-08-18 08:31:41,793 | INFO | چانک 88 | 10000 ردیف | clean: 0.01s | load: 0.18s | جمع کل: 880000 رکورد
2026-08-18 08:31:41,977 | INFO |   -> to_dict/clean: 0.12s | loop(10000): 0.02s | insert(0 ok, 0 failed): 0.00s | update(0): 0.00s | commit: 0.00s
2026-08-18 08:31:41,978 | INFO | چانک 89 | 10000 ردیف | clean: 0.01s | load: 0.14s | جمع کل: 890000 رکورد
2026-08-18 08:31:42,174 | INFO |   -> to_dict/clean: 0.14s | loop(10000): 0.02s | insert(0 ok, 0 failed): 0.00s | update(0): 0.00s | commit: 0.00s
2026-08-18 08:31:42,176 | INFO | چانک 90 | 10000 ردیف | clean: 0.01s | load: 0.16s | جمع کل: 900000 رکورد
2026-08-18 08:31:42,348 | INFO |   -> to_dict/clean: 0.12s | loop(10000): 0.02s | insert(0 ok, 0 failed): 0.00s | update(0): 0.00s | commit: 0.00s
2026-08-18 08:31:42,349 | INFO | چانک 91 | 10000 ردیف | clean: 0.00s | load: 0.13s | جمع کل: 910000 رکورد
2026-08-18 08:31:42,623 | INFO |   -> to_dict/clean: 0.20s | loop(10000): 0.03s | insert(4 ok, 0 failed): 0.01s | update(0): 0.00s | commit: 0.00s
2026-08-18 08:31:42,626 | INFO | چانک 92 | 10000 ردیف | clean: 0.01s | load: 0.24s | جمع کل: 920000 رکورد
2026-08-18 08:31:42,834 | INFO |   -> to_dict/clean: 0.12s | loop(10000): 0.01s | insert(0 ok, 0 failed): 0.00s | update(0): 0.00s | commit: 0.00s
2026-08-18 08:31:42,835 | INFO | چانک 93 | 10000 ردیف | clean: 0.01s | load: 0.14s | جمع کل: 930000 رکورد
2026-08-18 08:31:43,033 | INFO |   -> to_dict/clean: 0.14s | loop(10000): 0.01s | insert(0 ok, 0 failed): 0.00s | update(0): 0.00s | commit: 0.00s
2026-08-18 08:31:43,035 | INFO | چانک 94 | 10000 ردیف | clean: 0.00s | load: 0.16s | جمع کل: 940000 رکورد
2026-08-18 08:31:43,328 | INFO |   -> to_dict/clean: 0.23s | loop(10000): 0.02s | insert(0 ok, 0 failed): 0.00s | update(0): 0.00s | commit: 0.00s
2026-08-18 08:31:43,330 | INFO | چانک 95 | 10000 ردیف | clean: 0.01s | load: 0.25s | جمع کل: 950000 رکورد
2026-08-18 08:31:43,505 | INFO |   -> to_dict/clean: 0.11s | loop(10000): 0.02s | insert(0 ok, 0 failed): 0.00s | update(0): 0.00s | commit: 0.00s
2026-08-18 08:31:43,506 | INFO | چانک 96 | 10000 ردیف | clean: 0.00s | load: 0.13s | جمع کل: 960000 رکورد
2026-08-18 08:31:43,815 | INFO |   -> to_dict/clean: 0.23s | loop(10000): 0.02s | insert(0 ok, 0 failed): 0.00s | update(0): 0.00s | commit: 0.00s
2026-08-18 08:31:43,817 | INFO | چانک 97 | 10000 ردیف | clean: 0.01s | load: 0.24s | جمع کل: 970000 رکورد
2026-08-18 08:31:44,020 | INFO |   -> to_dict/clean: 0.14s | loop(10000): 0.02s | insert(0 ok, 0 failed): 0.00s | update(0): 0.00s | commit: 0.00s
2026-08-18 08:31:44,022 | INFO | چانک 98 | 10000 ردیف | clean: 0.01s | load: 0.16s | جمع کل: 980000 رکورد
2026-08-18 08:31:44,212 | INFO |   -> to_dict/clean: 0.12s | loop(10000): 0.03s | insert(0 ok, 0 failed): 0.00s | update(0): 0.00s | commit: 0.00s
2026-08-18 08:31:44,215 | INFO | چانک 99 | 10000 ردیف | clean: 0.01s | load: 0.15s | جمع کل: 990000 رکورد
2026-08-18 08:31:44,419 | INFO |   -> to_dict/clean: 0.12s | loop(10000): 0.02s | insert(0 ok, 0 failed): 0.00s | update(0): 0.00s | commit: 0.00s
2026-08-18 08:31:44,421 | INFO | چانک 100 | 10000 ردیف | clean: 0.00s | load: 0.14s | جمع کل: 1000000 رکورد
2026-08-18 08:31:44,708 | INFO |   -> to_dict/clean: 0.18s | loop(10000): 0.03s | insert(0 ok, 0 failed): 0.00s | update(0): 0.00s | commit: 0.00s
2026-08-18 08:31:44,710 | INFO | چانک 101 | 10000 ردیف | clean: 0.01s | load: 0.21s | جمع کل: 1010000 رکورد
2026-08-18 08:31:44,903 | INFO |   -> to_dict/clean: 0.12s | loop(10000): 0.02s | insert(0 ok, 0 failed): 0.00s | update(0): 0.00s | commit: 0.00s
2026-08-18 08:31:44,904 | INFO | چانک 102 | 10000 ردیف | clean: 0.01s | load: 0.13s | جمع کل: 1020000 رکورد
2026-08-18 08:31:45,080 | INFO |   -> to_dict/clean: 0.12s | loop(10000): 0.01s | insert(0 ok, 0 failed): 0.00s | update(0): 0.00s | commit: 0.00s
2026-08-18 08:31:45,081 | INFO | چانک 103 | 10000 ردیف | clean: 0.01s | load: 0.14s | جمع کل: 1030000 رکورد
2026-08-18 08:31:45,259 | INFO |   -> to_dict/clean: 0.12s | loop(10000): 0.02s | insert(0 ok, 0 failed): 0.00s | update(0): 0.00s | commit: 0.00s
2026-08-18 08:31:45,260 | INFO | چانک 104 | 10000 ردیف | clean: 0.00s | load: 0.14s | جمع کل: 1040000 رکورد
2026-08-18 08:31:45,442 | INFO |   -> to_dict/clean: 0.12s | loop(10000): 0.02s | insert(0 ok, 0 failed): 0.00s | update(0): 0.00s | commit: 0.00s
2026-08-18 08:31:45,443 | INFO | چانک 105 | 10000 ردیف | clean: 0.01s | load: 0.14s | جمع کل: 1050000 رکورد
2026-08-18 08:31:45,629 | INFO |   -> to_dict/clean: 0.13s | loop(10000): 0.02s | insert(0 ok, 0 failed): 0.00s | update(0): 0.00s | commit: 0.00s
2026-08-18 08:31:45,631 | INFO | چانک 106 | 10000 ردیف | clean: 0.00s | load: 0.15s | جمع کل: 1060000 رکورد
2026-08-18 08:31:45,804 | INFO |   -> to_dict/clean: 0.12s | loop(10000): 0.02s | insert(0 ok, 0 failed): 0.00s | update(0): 0.00s | commit: 0.00s
2026-08-18 08:31:45,806 | INFO | چانک 107 | 10000 ردیف | clean: 0.01s | load: 0.13s | جمع کل: 1070000 رکورد
2026-08-18 08:31:45,976 | INFO |   -> to_dict/clean: 0.12s | loop(10000): 0.02s | insert(0 ok, 0 failed): 0.00s | update(0): 0.00s | commit: 0.00s
2026-08-18 08:31:45,977 | INFO | چانک 108 | 10000 ردیف | clean: 0.01s | load: 0.13s | جمع کل: 1080000 رکورد
2026-08-18 08:31:46,155 | INFO |   -> to_dict/clean: 0.12s | loop(10000): 0.02s | insert(0 ok, 0 failed): 0.00s | update(0): 0.00s | commit: 0.00s
2026-08-18 08:31:46,156 | INFO | چانک 109 | 10000 ردیف | clean: 0.01s | load: 0.14s | جمع کل: 1090000 رکورد
2026-08-18 08:31:46,346 | INFO |   -> to_dict/clean: 0.13s | loop(10000): 0.02s | insert(0 ok, 0 failed): 0.00s | update(0): 0.00s | commit: 0.00s
2026-08-18 08:31:46,348 | INFO | چانک 110 | 10000 ردیف | clean: 0.00s | load: 0.15s | جمع کل: 1100000 رکورد
2026-08-18 08:31:46,523 | INFO |   -> to_dict/clean: 0.12s | loop(10000): 0.02s | insert(0 ok, 0 failed): 0.00s | update(0): 0.00s | commit: 0.00s
2026-08-18 08:31:46,525 | INFO | چانک 111 | 10000 ردیف | clean: 0.01s | load: 0.13s | جمع کل: 1110000 رکورد
2026-08-18 08:31:46,784 | INFO |   -> to_dict/clean: 0.20s | loop(10000): 0.02s | insert(0 ok, 0 failed): 0.00s | update(0): 0.00s | commit: 0.00s
2026-08-18 08:31:46,788 | INFO | چانک 112 | 10000 ردیف | clean: 0.01s | load: 0.22s | جمع کل: 1120000 رکورد
2026-08-18 08:31:47,017 | INFO |   -> to_dict/clean: 0.13s | loop(10000): 0.03s | insert(0 ok, 0 failed): 0.00s | update(0): 0.00s | commit: 0.00s
2026-08-18 08:31:47,020 | INFO | چانک 113 | 10000 ردیف | clean: 0.01s | load: 0.16s | جمع کل: 1130000 رکورد
2026-08-18 08:31:47,408 | INFO |   -> to_dict/clean: 0.28s | loop(10000): 0.02s | insert(0 ok, 0 failed): 0.00s | update(0): 0.00s | commit: 0.00s
2026-08-18 08:31:47,409 | INFO | چانک 114 | 10000 ردیف | clean: 0.01s | load: 0.31s | جمع کل: 1140000 رکورد
2026-08-18 08:31:47,676 | INFO |   -> to_dict/clean: 0.16s | loop(10000): 0.03s | insert(0 ok, 0 failed): 0.00s | update(0): 0.00s | commit: 0.00s
2026-08-18 08:31:47,678 | INFO | چانک 115 | 10000 ردیف | clean: 0.01s | load: 0.19s | جمع کل: 1150000 رکورد
2026-08-18 08:31:47,861 | INFO |   -> to_dict/clean: 0.11s | loop(10000): 0.02s | insert(0 ok, 0 failed): 0.00s | update(0): 0.00s | commit: 0.00s
2026-08-18 08:31:47,863 | INFO | چانک 116 | 10000 ردیف | clean: 0.01s | load: 0.13s | جمع کل: 1160000 رکورد
2026-08-18 08:31:48,041 | INFO |   -> to_dict/clean: 0.11s | loop(10000): 0.02s | insert(0 ok, 0 failed): 0.00s | update(0): 0.00s | commit: 0.00s
2026-08-18 08:31:48,043 | INFO | چانک 117 | 10000 ردیف | clean: 0.01s | load: 0.13s | جمع کل: 1170000 رکورد
2026-08-18 08:31:48,220 | INFO |   -> to_dict/clean: 0.11s | loop(10000): 0.02s | insert(0 ok, 0 failed): 0.00s | update(0): 0.00s | commit: 0.00s
2026-08-18 08:31:48,222 | INFO | چانک 118 | 10000 ردیف | clean: 0.01s | load: 0.13s | جمع کل: 1180000 رکورد
2026-08-18 08:31:48,528 | INFO |   -> to_dict/clean: 0.22s | loop(10000): 0.02s | insert(0 ok, 0 failed): 0.00s | update(0): 0.00s | commit: 0.00s
2026-08-18 08:31:48,529 | INFO | چانک 119 | 10000 ردیف | clean: 0.01s | load: 0.24s | جمع کل: 1190000 رکورد
2026-08-18 08:31:48,771 | INFO |   -> to_dict/clean: 0.16s | loop(10000): 0.02s | insert(0 ok, 0 failed): 0.00s | update(0): 0.00s | commit: 0.00s
2026-08-18 08:31:48,772 | INFO | چانک 120 | 10000 ردیف | clean: 0.01s | load: 0.18s | جمع کل: 1200000 رکورد
2026-08-18 08:31:49,038 | INFO |   -> to_dict/clean: 0.18s | loop(10000): 0.02s | insert(0 ok, 0 failed): 0.00s | update(0): 0.00s | commit: 0.00s
2026-08-18 08:31:49,039 | INFO | چانک 121 | 10000 ردیف | clean: 0.01s | load: 0.20s | جمع کل: 1210000 رکورد
2026-08-18 08:31:49,246 | INFO |   -> to_dict/clean: 0.13s | loop(10000): 0.02s | insert(0 ok, 0 failed): 0.00s | update(0): 0.00s | commit: 0.00s
2026-08-18 08:31:49,248 | INFO | چانک 122 | 10000 ردیف | clean: 0.01s | load: 0.15s | جمع کل: 1220000 رکورد
2026-08-18 08:31:49,491 | INFO |   -> to_dict/clean: 0.15s | loop(10000): 0.02s | insert(0 ok, 0 failed): 0.00s | update(0): 0.00s | commit: 0.00s
2026-08-18 08:31:49,492 | INFO | چانک 123 | 10000 ردیف | clean: 0.01s | load: 0.17s | جمع کل: 1230000 رکورد
2026-08-18 08:31:49,698 | INFO |   -> to_dict/clean: 0.15s | loop(10000): 0.02s | insert(0 ok, 0 failed): 0.00s | update(0): 0.00s | commit: 0.00s
2026-08-18 08:31:49,700 | INFO | چانک 124 | 10000 ردیف | clean: 0.01s | load: 0.17s | جمع کل: 1240000 رکورد
2026-08-18 08:31:49,874 | INFO |   -> to_dict/clean: 0.12s | loop(10000): 0.02s | insert(0 ok, 0 failed): 0.00s | update(0): 0.00s | commit: 0.00s
2026-08-18 08:31:49,875 | INFO | چانک 125 | 10000 ردیف | clean: 0.01s | load: 0.13s | جمع کل: 1250000 رکورد
2026-08-18 08:31:50,071 | INFO |   -> to_dict/clean: 0.13s | loop(10000): 0.03s | insert(0 ok, 0 failed): 0.00s | update(0): 0.00s | commit: 0.00s
2026-08-18 08:31:50,074 | INFO | چانک 126 | 10000 ردیف | clean: 0.00s | load: 0.16s | جمع کل: 1260000 رکورد
2026-08-18 08:31:50,267 | INFO |   -> to_dict/clean: 0.12s | loop(10000): 0.02s | insert(0 ok, 0 failed): 0.00s | update(0): 0.00s | commit: 0.00s
2026-08-18 08:31:50,268 | INFO | چانک 127 | 10000 ردیف | clean: 0.01s | load: 0.14s | جمع کل: 1270000 رکورد
2026-08-18 08:31:50,442 | INFO |   -> to_dict/clean: 0.12s | loop(10000): 0.02s | insert(0 ok, 0 failed): 0.00s | update(0): 0.00s | commit: 0.00s
2026-08-18 08:31:50,443 | INFO | چانک 128 | 10000 ردیف | clean: 0.01s | load: 0.13s | جمع کل: 1280000 رکورد
2026-08-18 08:31:50,522 | INFO |   -> to_dict/clean: 0.05s | loop(3496): 0.01s | insert(0 ok, 0 failed): 0.00s | update(0): 0.00s | commit: 0.00s
2026-08-18 08:31:50,523 | INFO | چانک 129 | 3496 ردیف | clean: 0.00s | load: 0.06s | جمع کل: 1283496 رکورد
2026-08-18 08:31:50,524 | INFO | Done! total: 1283496
