2026-08-19 11:49:46,494 | INFO | در حال بارگذاری رکوردهای موجود از دیتابیس...
2026-08-19 11:49:46,505 | INFO | 0 رکورد در 0.0 ثانیه بارگذاری شد.
2026-08-19 11:49:47,991 | INFO |   -> to_dict/clean: 0.11s | loop(9998): 0.02s | insert(9998): 1.22s | update(0): 0.00s | duplicates(0): 0.03s | commit: 0.03s
2026-08-19 11:52:29,566 | INFO | در حال بارگذاری رکوردهای موجود از دیتابیس...
2026-08-19 11:52:29,679 | INFO | 9998 رکورد در 0.1 ثانیه بارگذاری شد.
2026-08-19 11:52:29,896 | INFO |   -> to_dict/clean: 0.11s | loop(9998): 0.02s | insert(0): 0.00s | update(0): 0.00s | duplicates(9998): 0.00s | commit: 0.00s
2026-08-19 11:52:29,900 | ERROR | خطا در اجرای ETL
Traceback (most recent call last):
  File "c:\Users\w\Desktop\amoozesh_python\digikala\src\Back\ETL\run\run_comments.py", line 129, in <module>
    totals[key] += load_stats[key]
                   ~~~~~~~~~~^^^^^
TypeError: 'NoneType' object is not subscriptable
2026-08-19 11:53:32,526 | INFO | در حال بارگذاری رکوردهای موجود از دیتابیس...
2026-08-19 11:53:32,647 | INFO | 9998 رکورد در 0.1 ثانیه بارگذاری شد.
2026-08-19 11:53:32,891 | INFO |   -> to_dict/clean: 0.11s | loop(9998): 0.02s | insert(0): 0.00s | update(0): 0.00s | duplicates(9998): 0.00s | commit: 0.00s
2026-08-19 11:53:34,319 | INFO |   -> to_dict/clean: 0.11s | loop(9999): 0.07s | insert(9999): 1.12s | update(0): 0.00s | duplicates(0): 0.05s | commit: 0.05s
2026-08-19 11:53:35,443 | INFO |   -> to_dict/clean: 0.10s | loop(9999): 0.03s | insert(9999): 0.91s | update(0): 0.00s | duplicates(0): 0.01s | commit: 0.01s
2026-08-19 11:53:36,681 | INFO |   -> to_dict/clean: 0.11s | loop(10000): 0.03s | insert(10000): 1.01s | update(0): 0.00s | duplicates(0): 0.01s | commit: 0.01s
2026-08-19 11:53:37,956 | INFO |   -> to_dict/clean: 0.11s | loop(9998): 0.03s | insert(9998): 0.99s | update(0): 0.00s | duplicates(0): 0.01s | commit: 0.01s
2026-08-19 11:53:39,410 | INFO |   -> to_dict/clean: 0.19s | loop(9999): 0.03s | insert(9999): 1.13s | update(0): 0.00s | duplicates(0): 0.00s | commit: 0.00s
2026-08-19 11:53:40,765 | INFO |   -> to_dict/clean: 0.11s | loop(10000): 0.03s | insert(10000): 1.11s | update(0): 0.00s | duplicates(0): 0.00s | commit: 0.00s
2026-08-19 11:53:42,076 | INFO |   -> to_dict/clean: 0.11s | loop(9999): 0.03s | insert(9999): 1.08s | update(0): 0.00s | duplicates(0): 0.01s | commit: 0.01s
2026-08-19 11:53:43,171 | INFO |   -> to_dict/clean: 0.11s | loop(9999): 0.03s | insert(9999): 0.86s | update(0): 0.00s | duplicates(0): 0.01s | commit: 0.01s
2026-08-19 11:53:44,473 | INFO |   -> to_dict/clean: 0.13s | loop(9999): 0.03s | insert(9998): 0.99s | update(0): 0.00s | duplicates(1): 0.01s | commit: 0.01s
2026-08-19 11:53:45,537 | INFO |   -> to_dict/clean: 0.12s | loop(9999): 0.03s | insert(9998): 0.78s | update(0): 0.00s | duplicates(1): 0.00s | commit: 0.00s
2026-08-19 11:53:46,836 | INFO |   -> to_dict/clean: 0.12s | loop(9999): 0.03s | insert(9999): 1.04s | update(0): 0.00s | duplicates(0): 0.01s | commit: 0.01s
2026-08-19 11:53:48,022 | INFO |   -> to_dict/clean: 0.15s | loop(9998): 0.03s | insert(9998): 0.89s | update(0): 0.00s | duplicates(0): 0.00s | commit: 0.00s
2026-08-19 11:53:49,363 | INFO |   -> to_dict/clean: 0.12s | loop(10000): 0.02s | insert(9997): 1.09s | update(0): 0.00s | duplicates(3): 0.01s | commit: 0.01s
2026-08-19 11:53:50,615 | INFO |   -> to_dict/clean: 0.11s | loop(10000): 0.03s | insert(9999): 1.01s | update(0): 0.00s | duplicates(1): 0.00s | commit: 0.00s
2026-08-19 11:53:51,866 | INFO |   -> to_dict/clean: 0.12s | loop(10000): 0.03s | insert(10000): 0.99s | update(0): 0.00s | duplicates(0): 0.00s | commit: 0.00s
2026-08-19 11:53:53,139 | INFO |   -> to_dict/clean: 0.12s | loop(10000): 0.03s | insert(10000): 0.97s | update(0): 0.00s | duplicates(0): 0.05s | commit: 0.05s
2026-08-19 11:53:54,413 | INFO |   -> to_dict/clean: 0.11s | loop(10000): 0.03s | insert(9999): 1.03s | update(0): 0.00s | duplicates(1): 0.01s | commit: 0.01s
2026-08-19 11:53:55,801 | INFO |   -> to_dict/clean: 0.12s | loop(10000): 0.07s | insert(10000): 1.10s | update(0): 0.00s | duplicates(0): 0.00s | commit: 0.00s
2026-08-19 11:53:57,024 | INFO |   -> to_dict/clean: 0.11s | loop(10000): 0.03s | insert(10000): 0.98s | update(0): 0.00s | duplicates(0): 0.01s | commit: 0.01s
2026-08-19 11:53:57,027 | INFO | چانک 20 | جمع کل ورودی: 200000 | Insert: 189981 | Update: 0 | Duplicate: 10005
2026-08-19 11:53:58,287 | INFO |   -> to_dict/clean: 0.11s | loop(10000): 0.03s | insert(10000): 1.01s | update(0): 0.00s | duplicates(0): 0.02s | commit: 0.02s
2026-08-19 11:53:59,687 | INFO |   -> to_dict/clean: 0.11s | loop(9999): 0.03s | insert(9999): 1.06s | update(0): 0.00s | duplicates(0): 0.06s | commit: 0.06s
2026-08-19 11:54:00,958 | INFO |   -> to_dict/clean: 0.12s | loop(9999): 0.03s | insert(9999): 1.02s | update(0): 0.00s | duplicates(0): 0.01s | commit: 0.01s
2026-08-19 11:54:02,145 | INFO |   -> to_dict/clean: 0.12s | loop(9999): 0.03s | insert(9999): 0.93s | update(0): 0.00s | duplicates(0): 0.01s | commit: 0.01s
2026-08-19 11:54:03,279 | INFO |   -> to_dict/clean: 0.12s | loop(9998): 0.03s | insert(9998): 0.88s | update(0): 0.00s | duplicates(0): 0.01s | commit: 0.01s
2026-08-19 11:54:04,340 | INFO |   -> to_dict/clean: 0.12s | loop(9999): 0.04s | insert(9985): 0.81s | update(0): 0.00s | duplicates(14): 0.01s | commit: 0.01s
2026-08-19 11:54:05,679 | INFO |   -> to_dict/clean: 0.11s | loop(9998): 0.03s | insert(9998): 0.98s | update(0): 0.00s | duplicates(0): 0.06s | commit: 0.06s
2026-08-19 11:54:06,871 | INFO |   -> to_dict/clean: 0.11s | loop(9998): 0.02s | insert(9997): 0.91s | update(0): 0.00s | duplicates(1): 0.01s | commit: 0.01s
2026-08-19 11:54:08,195 | INFO |   -> to_dict/clean: 0.12s | loop(10000): 0.03s | insert(10000): 1.07s | update(0): 0.00s | duplicates(0): 0.01s | commit: 0.01s
2026-08-19 11:54:09,339 | INFO |   -> to_dict/clean: 0.11s | loop(10000): 0.03s | insert(10000): 0.90s | update(0): 0.00s | duplicates(0): 0.01s | commit: 0.01s
2026-08-19 11:54:10,637 | INFO |   -> to_dict/clean: 0.12s | loop(9998): 0.03s | insert(9996): 1.02s | update(0): 0.00s | duplicates(2): 0.01s | commit: 0.01s
2026-08-19 11:54:11,925 | INFO |   -> to_dict/clean: 0.13s | loop(9999): 0.03s | insert(9999): 0.97s | update(0): 0.00s | duplicates(0): 0.04s | commit: 0.04s
2026-08-19 11:54:13,162 | INFO |   -> to_dict/clean: 0.12s | loop(10000): 0.03s | insert(10000): 0.97s | update(0): 0.00s | duplicates(0): 0.01s | commit: 0.01s
2026-08-19 11:54:14,609 | INFO |   -> to_dict/clean: 0.12s | loop(10000): 0.03s | insert(9994): 1.18s | update(0): 0.00s | duplicates(6): 0.01s | commit: 0.01s
2026-08-19 11:54:15,855 | INFO |   -> to_dict/clean: 0.11s | loop(10000): 0.04s | insert(9996): 0.98s | update(0): 0.00s | duplicates(4): 0.00s | commit: 0.00s
2026-08-19 11:54:17,382 | INFO |   -> to_dict/clean: 0.12s | loop(9999): 0.03s | insert(9998): 1.27s | update(0): 0.00s | duplicates(1): 0.01s | commit: 0.01s
2026-08-19 11:54:18,774 | INFO |   -> to_dict/clean: 0.13s | loop(9998): 0.03s | insert(9998): 1.07s | update(0): 0.00s | duplicates(0): 0.04s | commit: 0.04s
2026-08-19 11:54:20,162 | INFO |   -> to_dict/clean: 0.12s | loop(9998): 0.02s | insert(9998): 1.12s | update(0): 0.00s | duplicates(0): 0.02s | commit: 0.02s
2026-08-19 11:54:21,628 | INFO |   -> to_dict/clean: 0.11s | loop(9998): 0.04s | insert(9998): 1.14s | update(0): 0.00s | duplicates(0): 0.01s | commit: 0.01s
2026-08-19 11:54:23,098 | INFO |   -> to_dict/clean: 0.13s | loop(9999): 0.04s | insert(9999): 1.18s | update(0): 0.00s | duplicates(0): 0.01s | commit: 0.01s
2026-08-19 11:54:23,103 | INFO | چانک 40 | جمع کل ورودی: 400000 | Insert: 389932 | Update: 0 | Duplicate: 10033
2026-08-19 11:54:24,691 | INFO |   -> to_dict/clean: 0.14s | loop(9999): 0.02s | insert(9999): 1.31s | update(0): 0.00s | duplicates(0): 0.01s | commit: 0.01s
2026-08-19 11:54:26,403 | INFO |   -> to_dict/clean: 0.30s | loop(9999): 0.03s | insert(9999): 1.21s | update(0): 0.00s | duplicates(0): 0.04s | commit: 0.04s
2026-08-19 11:54:27,694 | INFO |   -> to_dict/clean: 0.15s | loop(9999): 0.03s | insert(9977): 0.98s | update(0): 0.00s | duplicates(22): 0.01s | commit: 0.01s
2026-08-19 11:54:29,052 | INFO |   -> to_dict/clean: 0.12s | loop(10000): 0.04s | insert(10000): 1.06s | update(0): 0.00s | duplicates(0): 0.01s | commit: 0.01s
2026-08-19 11:54:30,491 | INFO |   -> to_dict/clean: 0.18s | loop(9998): 0.03s | insert(9995): 1.08s | update(0): 0.00s | duplicates(3): 0.01s | commit: 0.01s
2026-08-19 11:54:31,887 | INFO |   -> to_dict/clean: 0.13s | loop(9996): 0.03s | insert(9996): 1.11s | update(0): 0.00s | duplicates(0): 0.01s | commit: 0.01s
2026-08-19 11:54:33,322 | INFO |   -> to_dict/clean: 0.19s | loop(9999): 0.06s | insert(9997): 1.04s | update(0): 0.00s | duplicates(2): 0.01s | commit: 0.01s
2026-08-19 11:54:34,741 | INFO |   -> to_dict/clean: 0.13s | loop(9998): 0.04s | insert(9994): 1.13s | update(0): 0.00s | duplicates(4): 0.01s | commit: 0.01s
2026-08-19 11:54:36,178 | INFO |   -> to_dict/clean: 0.14s | loop(10000): 0.04s | insert(9999): 1.14s | update(0): 0.00s | duplicates(1): 0.01s | commit: 0.01s
2026-08-19 11:54:37,672 | INFO |   -> to_dict/clean: 0.14s | loop(9999): 0.03s | insert(9999): 1.14s | update(0): 0.00s | duplicates(0): 0.02s | commit: 0.02s
2026-08-19 11:54:39,214 | INFO |   -> to_dict/clean: 0.15s | loop(10000): 0.04s | insert(9999): 1.21s | update(0): 0.00s | duplicates(1): 0.01s | commit: 0.01s
2026-08-19 11:54:40,656 | INFO |   -> to_dict/clean: 0.12s | loop(9996): 0.03s | insert(9995): 1.17s | update(0): 0.00s | duplicates(1): 0.01s | commit: 0.01s
2026-08-19 11:54:42,044 | INFO |   -> to_dict/clean: 0.15s | loop(9999): 0.03s | insert(9999): 1.07s | update(0): 0.00s | duplicates(0): 0.01s | commit: 0.01s
2026-08-19 11:54:43,431 | INFO |   -> to_dict/clean: 0.14s | loop(9999): 0.03s | insert(9999): 1.10s | update(0): 0.00s | duplicates(0): 0.01s | commit: 0.01s
2026-08-19 11:54:44,941 | INFO |   -> to_dict/clean: 0.14s | loop(9997): 0.07s | insert(9997): 1.20s | update(0): 0.00s | duplicates(0): 0.01s | commit: 0.01s
2026-08-19 11:54:46,750 | INFO |   -> to_dict/clean: 0.28s | loop(10000): 0.03s | insert(10000): 1.33s | update(0): 0.00s | duplicates(0): 0.01s | commit: 0.01s
2026-08-19 11:54:48,466 | INFO |   -> to_dict/clean: 0.18s | loop(9998): 0.05s | insert(9998): 1.28s | update(0): 0.00s | duplicates(0): 0.01s | commit: 0.01s
2026-08-19 11:54:50,380 | INFO |   -> to_dict/clean: 0.24s | loop(10000): 0.06s | insert(10000): 1.47s | update(0): 0.00s | duplicates(0): 0.01s | commit: 0.01s
2026-08-19 11:54:52,123 | INFO |   -> to_dict/clean: 0.24s | loop(9999): 0.06s | insert(9999): 1.22s | update(0): 0.00s | duplicates(0): 0.01s | commit: 0.01s
2026-08-19 11:54:53,877 | INFO |   -> to_dict/clean: 0.22s | loop(9999): 0.05s | insert(9977): 1.26s | update(0): 0.00s | duplicates(22): 0.01s | commit: 0.01s
2026-08-19 11:54:53,882 | INFO | چانک 60 | جمع کل ورودی: 600000 | Insert: 589850 | Update: 0 | Duplicate: 10089
2026-08-19 11:54:55,835 | INFO |   -> to_dict/clean: 0.19s | loop(9999): 0.05s | insert(9997): 1.48s | update(0): 0.00s | duplicates(2): 0.01s | commit: 0.01s
2026-08-19 11:54:57,667 | INFO |   -> to_dict/clean: 0.25s | loop(9998): 0.05s | insert(9998): 1.34s | update(0): 0.00s | duplicates(0): 0.01s | commit: 0.01s
2026-08-19 11:54:59,280 | INFO |   -> to_dict/clean: 0.16s | loop(9999): 0.04s | insert(9999): 1.12s | update(0): 0.00s | duplicates(0): 0.11s | commit: 0.11s
2026-08-19 11:55:00,882 | INFO |   -> to_dict/clean: 0.18s | loop(10000): 0.06s | insert(9999): 1.19s | update(0): 0.00s | duplicates(1): 0.01s | commit: 0.01s
2026-08-19 11:55:02,641 | INFO |   -> to_dict/clean: 0.24s | loop(9999): 0.04s | insert(9995): 1.29s | update(0): 0.00s | duplicates(4): 0.01s | commit: 0.01s
2026-08-19 11:55:04,510 | INFO |   -> to_dict/clean: 0.24s | loop(10000): 0.06s | insert(10000): 1.38s | update(0): 0.00s | duplicates(0): 0.01s | commit: 0.01s
2026-08-19 11:55:06,222 | INFO |   -> to_dict/clean: 0.23s | loop(9998): 0.03s | insert(9998): 1.18s | update(0): 0.00s | duplicates(0): 0.04s | commit: 0.04s
2026-08-19 11:55:08,031 | INFO |   -> to_dict/clean: 0.19s | loop(10000): 0.06s | insert(9997): 1.36s | update(0): 0.00s | duplicates(3): 0.01s | commit: 0.01s
2026-08-19 11:55:10,049 | INFO |   -> to_dict/clean: 0.24s | loop(9999): 0.06s | insert(9998): 1.52s | update(0): 0.00s | duplicates(1): 0.01s | commit: 0.01s
2026-08-19 11:55:12,037 | INFO |   -> to_dict/clean: 0.23s | loop(9999): 0.08s | insert(9999): 1.46s | update(0): 0.00s | duplicates(0): 0.01s | commit: 0.01s
2026-08-19 11:55:13,802 | INFO |   -> to_dict/clean: 0.20s | loop(10000): 0.04s | insert(9999): 1.32s | update(0): 0.00s | duplicates(1): 0.00s | commit: 0.00s
2026-08-19 11:55:15,574 | INFO |   -> to_dict/clean: 0.17s | loop(9999): 0.04s | insert(9999): 1.33s | update(0): 0.00s | duplicates(0): 0.04s | commit: 0.04s
2026-08-19 11:55:16,914 | INFO |   -> to_dict/clean: 0.11s | loop(10000): 0.02s | insert(10000): 1.06s | update(0): 0.00s | duplicates(0): 0.00s | commit: 0.00s
2026-08-19 11:55:18,604 | INFO |   -> to_dict/clean: 0.24s | loop(9998): 0.06s | insert(9998): 1.19s | update(0): 0.00s | duplicates(0): 0.00s | commit: 0.00s
2026-08-19 11:55:20,174 | INFO |   -> to_dict/clean: 0.12s | loop(9998): 0.05s | insert(9998): 1.28s | update(0): 0.00s | duplicates(0): 0.00s | commit: 0.00s
2026-08-19 11:55:21,962 | INFO |   -> to_dict/clean: 0.17s | loop(9999): 0.03s | insert(9999): 1.34s | update(0): 0.00s | duplicates(0): 0.01s | commit: 0.01s
2026-08-19 11:55:23,618 | INFO |   -> to_dict/clean: 0.21s | loop(9996): 0.05s | insert(9968): 1.01s | update(0): 0.00s | duplicates(28): 0.06s | commit: 0.06s
2026-08-19 11:55:24,762 | INFO |   -> to_dict/clean: 0.10s | loop(9998): 0.03s | insert(9995): 0.90s | update(0): 0.00s | duplicates(3): 0.00s | commit: 0.00s
2026-08-19 11:55:26,187 | INFO |   -> to_dict/clean: 0.13s | loop(9998): 0.03s | insert(9997): 1.11s | update(0): 0.00s | duplicates(1): 0.01s | commit: 0.01s
2026-08-19 11:55:27,437 | INFO |   -> to_dict/clean: 0.15s | loop(9997): 0.03s | insert(9996): 0.94s | update(0): 0.00s | duplicates(1): 0.00s | commit: 0.00s
2026-08-19 11:55:27,440 | INFO | چانک 80 | جمع کل ورودی: 800000 | Insert: 789779 | Update: 0 | Duplicate: 10134
2026-08-19 11:55:28,817 | INFO |   -> to_dict/clean: 0.17s | loop(9997): 0.05s | insert(9997): 1.05s | update(0): 0.00s | duplicates(0): 0.01s | commit: 0.01s
2026-08-19 11:55:30,076 | INFO |   -> to_dict/clean: 0.12s | loop(10000): 0.03s | insert(9997): 0.98s | update(0): 0.00s | duplicates(3): 0.03s | commit: 0.03s
2026-08-19 11:55:31,330 | INFO |   -> to_dict/clean: 0.11s | loop(9999): 0.03s | insert(9999): 1.01s | update(0): 0.00s | duplicates(0): 0.00s | commit: 0.00s
2026-08-19 11:55:32,639 | INFO |   -> to_dict/clean: 0.11s | loop(9999): 0.02s | insert(9998): 1.04s | update(0): 0.00s | duplicates(1): 0.00s | commit: 0.00s
2026-08-19 11:55:33,841 | INFO |   -> to_dict/clean: 0.12s | loop(9997): 0.03s | insert(9996): 0.95s | update(1): 0.01s | duplicates(0): 0.00s | commit: 0.00s
2026-08-19 11:55:35,094 | INFO |   -> to_dict/clean: 0.11s | loop(9998): 0.03s | insert(9997): 1.01s | update(0): 0.00s | duplicates(1): 0.01s | commit: 0.01s
2026-08-19 11:55:36,476 | INFO |   -> to_dict/clean: 0.14s | loop(9998): 0.03s | insert(9997): 1.10s | update(0): 0.00s | duplicates(1): 0.01s | commit: 0.01s
2026-08-19 11:55:37,843 | INFO |   -> to_dict/clean: 0.11s | loop(10000): 0.03s | insert(10000): 1.13s | update(0): 0.00s | duplicates(0): 0.01s | commit: 0.01s
2026-08-19 11:55:39,195 | INFO |   -> to_dict/clean: 0.12s | loop(9998): 0.03s | insert(9998): 1.08s | update(0): 0.00s | duplicates(0): 0.01s | commit: 0.01s
2026-08-19 11:55:40,633 | INFO |   -> to_dict/clean: 0.11s | loop(10000): 0.02s | insert(10000): 1.16s | update(0): 0.00s | duplicates(0): 0.00s | commit: 0.00s
2026-08-19 11:55:41,951 | INFO |   -> to_dict/clean: 0.14s | loop(9999): 0.03s | insert(9999): 1.04s | update(0): 0.00s | duplicates(0): 0.00s | commit: 0.00s
2026-08-19 11:55:43,259 | INFO |   -> to_dict/clean: 0.11s | loop(10000): 0.03s | insert(10000): 1.08s | update(0): 0.00s | duplicates(0): 0.00s | commit: 0.00s
2026-08-19 11:55:44,447 | INFO |   -> to_dict/clean: 0.10s | loop(9999): 0.03s | insert(9999): 0.91s | update(0): 0.00s | duplicates(0): 0.00s | commit: 0.00s
2026-08-19 11:55:45,481 | INFO |   -> to_dict/clean: 0.11s | loop(10000): 0.03s | insert(9971): 0.77s | update(0): 0.00s | duplicates(29): 0.00s | commit: 0.00s
2026-08-19 11:55:46,772 | INFO |   -> to_dict/clean: 0.10s | loop(9999): 0.03s | insert(9998): 1.05s | update(0): 0.00s | duplicates(1): 0.01s | commit: 0.01s
2026-08-19 11:55:47,975 | INFO |   -> to_dict/clean: 0.11s | loop(9999): 0.03s | insert(9999): 0.87s | update(0): 0.00s | duplicates(0): 0.04s | commit: 0.04s
2026-08-19 11:55:49,084 | INFO |   -> to_dict/clean: 0.10s | loop(9997): 0.03s | insert(9997): 0.86s | update(0): 0.00s | duplicates(0): 0.01s | commit: 0.01s
2026-08-19 11:55:50,371 | INFO |   -> to_dict/clean: 0.11s | loop(9998): 0.03s | insert(9998): 1.04s | update(0): 0.00s | duplicates(0): 0.02s | commit: 0.02s
2026-08-19 11:55:51,659 | INFO |   -> to_dict/clean: 0.14s | loop(10000): 0.03s | insert(9996): 0.99s | update(0): 0.00s | duplicates(4): 0.01s | commit: 0.01s
2026-08-19 11:55:52,748 | INFO |   -> to_dict/clean: 0.11s | loop(9999): 0.03s | insert(9998): 0.84s | update(0): 0.00s | duplicates(1): 0.00s | commit: 0.00s
2026-08-19 11:55:52,751 | INFO | چانک 100 | جمع کل ورودی: 1000000 | Insert: 989713 | Update: 1 | Duplicate: 10175
2026-08-19 11:55:54,092 | INFO |   -> to_dict/clean: 0.11s | loop(9997): 0.12s | insert(9996): 0.97s | update(0): 0.00s | duplicates(1): 0.03s | commit: 0.03s
2026-08-19 11:55:55,323 | INFO |   -> to_dict/clean: 0.14s | loop(9998): 0.03s | insert(9994): 0.90s | update(1): 0.00s | duplicates(3): 0.08s | commit: 0.08s
2026-08-19 11:55:56,621 | INFO |   -> to_dict/clean: 0.17s | loop(9999): 0.03s | insert(9997): 0.99s | update(0): 0.00s | duplicates(2): 0.01s | commit: 0.01s
2026-08-19 11:55:57,947 | INFO |   -> to_dict/clean: 0.12s | loop(10000): 0.09s | insert(9999): 0.93s | update(0): 0.00s | duplicates(1): 0.01s | commit: 0.01s
2026-08-19 11:55:59,260 | INFO |   -> to_dict/clean: 0.11s | loop(9999): 0.03s | insert(9999): 1.06s | update(0): 0.00s | duplicates(0): 0.01s | commit: 0.01s
2026-08-19 11:56:00,663 | INFO |   -> to_dict/clean: 0.13s | loop(9999): 0.03s | insert(9999): 1.14s | update(0): 0.00s | duplicates(0): 0.01s | commit: 0.01s
2026-08-19 11:56:01,991 | INFO |   -> to_dict/clean: 0.11s | loop(9999): 0.03s | insert(9999): 1.06s | update(0): 0.00s | duplicates(0): 0.01s | commit: 0.01s
2026-08-19 11:56:03,294 | INFO |   -> to_dict/clean: 0.11s | loop(10000): 0.03s | insert(10000): 1.06s | update(0): 0.00s | duplicates(0): 0.01s | commit: 0.01s
2026-08-19 11:56:04,674 | INFO |   -> to_dict/clean: 0.11s | loop(10000): 0.02s | insert(10000): 1.15s | update(0): 0.00s | duplicates(0): 0.01s | commit: 0.01s
2026-08-19 11:56:05,812 | INFO |   -> to_dict/clean: 0.11s | loop(10000): 0.03s | insert(9974): 0.88s | update(0): 0.00s | duplicates(26): 0.01s | commit: 0.01s
2026-08-19 11:56:07,056 | INFO |   -> to_dict/clean: 0.11s | loop(10000): 0.02s | insert(9998): 0.98s | update(0): 0.00s | duplicates(2): 0.01s | commit: 0.01s
2026-08-19 11:56:08,406 | INFO |   -> to_dict/clean: 0.12s | loop(9999): 0.03s | insert(9997): 1.07s | update(0): 0.00s | duplicates(2): 0.01s | commit: 0.01s
2026-08-19 11:56:09,730 | INFO |   -> to_dict/clean: 0.11s | loop(9998): 0.03s | insert(9998): 1.02s | update(0): 0.00s | duplicates(0): 0.01s | commit: 0.01s
2026-08-19 11:56:10,970 | INFO |   -> to_dict/clean: 0.11s | loop(9999): 0.03s | insert(9999): 0.99s | update(0): 0.00s | duplicates(0): 0.00s | commit: 0.00s
2026-08-19 11:56:12,267 | INFO |   -> to_dict/clean: 0.11s | loop(10000): 0.03s | insert(9997): 1.05s | update(0): 0.00s | duplicates(3): 0.01s | commit: 0.01s
2026-08-19 11:56:13,728 | INFO |   -> to_dict/clean: 0.12s | loop(9998): 0.06s | insert(9997): 1.11s | update(0): 0.00s | duplicates(1): 0.00s | commit: 0.00s
2026-08-19 11:56:14,976 | INFO |   -> to_dict/clean: 0.11s | loop(9999): 0.03s | insert(9999): 0.99s | update(0): 0.00s | duplicates(0): 0.01s | commit: 0.01s
2026-08-19 11:56:16,417 | INFO |   -> to_dict/clean: 0.11s | loop(9999): 0.03s | insert(9998): 1.19s | update(0): 0.00s | duplicates(1): 0.00s | commit: 0.00s
2026-08-19 11:56:17,770 | INFO |   -> to_dict/clean: 0.10s | loop(9997): 0.03s | insert(9996): 1.04s | update(0): 0.00s | duplicates(1): 0.01s | commit: 0.01s
2026-08-19 11:56:19,021 | INFO |   -> to_dict/clean: 0.11s | loop(10000): 0.03s | insert(9999): 1.01s | update(1): 0.00s | duplicates(0): 0.01s | commit: 0.01s
2026-08-19 11:56:19,024 | INFO | چانک 120 | جمع کل ورودی: 1200000 | Insert: 1189648 | Update: 3 | Duplicate: 10218
2026-08-19 11:56:20,242 | INFO |   -> to_dict/clean: 0.11s | loop(10000): 0.03s | insert(9999): 0.99s | update(0): 0.00s | duplicates(1): 0.01s | commit: 0.01s
2026-08-19 11:56:21,417 | INFO |   -> to_dict/clean: 0.10s | loop(10000): 0.02s | insert(10000): 0.88s | update(0): 0.00s | duplicates(0): 0.01s | commit: 0.01s
2026-08-19 11:56:22,721 | INFO |   -> to_dict/clean: 0.11s | loop(9999): 0.03s | insert(9999): 1.03s | update(0): 0.00s | duplicates(0): 0.01s | commit: 0.01s
2026-08-19 11:56:24,088 | INFO |   -> to_dict/clean: 0.11s | loop(10000): 0.03s | insert(10000): 1.11s | update(0): 0.00s | duplicates(0): 0.01s | commit: 0.01s
2026-08-19 11:56:25,393 | INFO |   -> to_dict/clean: 0.11s | loop(9997): 0.03s | insert(9997): 1.04s | update(0): 0.00s | duplicates(0): 0.01s | commit: 0.01s
2026-08-19 11:56:26,628 | INFO |   -> to_dict/clean: 0.10s | loop(9999): 0.02s | insert(9999): 1.02s | update(0): 0.00s | duplicates(0): 0.00s | commit: 0.00s
2026-08-19 11:56:27,708 | INFO |   -> to_dict/clean: 0.11s | loop(9999): 0.03s | insert(9980): 0.84s | update(0): 0.00s | duplicates(19): 0.01s | commit: 0.01s
2026-08-19 11:56:28,802 | INFO |   -> to_dict/clean: 0.10s | loop(9995): 0.02s | insert(9995): 0.76s | update(0): 0.00s | duplicates(0): 0.01s | commit: 0.01s
2026-08-19 11:56:29,956 | INFO |   -> to_dict/clean: 0.11s | loop(9999): 0.03s | insert(9993): 0.89s | update(0): 0.00s | duplicates(6): 0.01s | commit: 0.01s
2026-08-19 11:56:31,685 | INFO |   -> to_dict/clean: 0.11s | loop(10000): 0.24s | insert(10000): 1.28s | update(0): 0.00s | duplicates(0): 0.00s | commit: 0.00s
2026-08-19 11:56:33,103 | INFO |   -> to_dict/clean: 0.13s | loop(10000): 0.03s | insert(10000): 1.02s | update(0): 0.00s | duplicates(0): 0.00s | commit: 0.00s
2026-08-19 11:56:34,508 | INFO |   -> to_dict/clean: 0.15s | loop(9998): 0.03s | insert(9993): 1.10s | update(0): 0.00s | duplicates(5): 0.01s | commit: 0.01s
2026-08-19 11:56:36,014 | INFO |   -> to_dict/clean: 0.15s | loop(10000): 0.04s | insert(9998): 1.18s | update(0): 0.00s | duplicates(2): 0.01s | commit: 0.01s
2026-08-19 11:56:37,333 | INFO |   -> to_dict/clean: 0.15s | loop(9999): 0.03s | insert(9999): 0.90s | update(0): 0.00s | duplicates(0): 0.02s | commit: 0.02s
2026-08-19 11:56:38,778 | INFO |   -> to_dict/clean: 0.13s | loop(10000): 0.04s | insert(9997): 1.18s | update(0): 0.00s | duplicates(3): 0.01s | commit: 0.01s
2026-08-19 11:56:40,700 | INFO |   -> to_dict/clean: 0.24s | loop(9999): 0.28s | insert(9995): 1.25s | update(0): 0.00s | duplicates(4): 0.00s | commit: 0.00s
2026-08-19 11:56:42,453 | INFO |   -> to_dict/clean: 0.19s | loop(10000): 0.04s | insert(9998): 1.34s | update(1): 0.00s | duplicates(1): 0.01s | commit: 0.01s
2026-08-19 11:56:44,063 | INFO |   -> to_dict/clean: 0.19s | loop(10000): 0.03s | insert(9996): 1.27s | update(0): 0.00s | duplicates(4): 0.00s | commit: 0.00s
2026-08-19 11:56:45,464 | INFO |   -> to_dict/clean: 0.11s | loop(10000): 0.08s | insert(10000): 0.98s | update(0): 0.00s | duplicates(0): 0.01s | commit: 0.01s
2026-08-19 11:56:46,713 | INFO |   -> to_dict/clean: 0.12s | loop(9998): 0.08s | insert(9998): 0.94s | update(0): 0.00s | duplicates(0): 0.01s | commit: 0.01s
2026-08-19 11:56:46,718 | INFO | چانک 140 | جمع کل ورودی: 1400000 | Insert: 1389584 | Update: 4 | Duplicate: 10263
2026-08-19 11:56:48,054 | INFO |   -> to_dict/clean: 0.12s | loop(9999): 0.03s | insert(9999): 1.10s | update(0): 0.00s | duplicates(0): 0.01s | commit: 0.01s
2026-08-19 11:56:49,372 | INFO |   -> to_dict/clean: 0.11s | loop(10000): 0.03s | insert(10000): 1.00s | update(0): 0.00s | duplicates(0): 0.01s | commit: 0.01s
2026-08-19 11:56:50,555 | INFO |   -> to_dict/clean: 0.12s | loop(10000): 0.03s | insert(10000): 0.95s | update(0): 0.00s | duplicates(0): 0.01s | commit: 0.01s
2026-08-19 11:56:51,663 | INFO |   -> to_dict/clean: 0.11s | loop(10000): 0.03s | insert(9985): 0.87s | update(0): 0.00s | duplicates(15): 0.01s | commit: 0.01s
2026-08-19 11:56:52,953 | INFO |   -> to_dict/clean: 0.10s | loop(9997): 0.03s | insert(9996): 0.97s | update(1): 0.00s | duplicates(0): 0.00s | commit: 0.00s
2026-08-19 11:56:54,021 | INFO |   -> to_dict/clean: 0.11s | loop(9999): 0.03s | insert(9991): 0.83s | update(0): 0.00s | duplicates(8): 0.01s | commit: 0.01s
2026-08-19 11:56:55,450 | INFO |   -> to_dict/clean: 0.11s | loop(10000): 0.03s | insert(9998): 1.18s | update(0): 0.00s | duplicates(2): 0.01s | commit: 0.01s
2026-08-19 11:56:56,588 | INFO |   -> to_dict/clean: 0.11s | loop(9999): 0.02s | insert(9998): 0.80s | update(0): 0.00s | duplicates(1): 0.01s | commit: 0.01s
2026-08-19 11:56:57,718 | INFO |   -> to_dict/clean: 0.11s | loop(9999): 0.03s | insert(9987): 0.88s | update(0): 0.00s | duplicates(12): 0.01s | commit: 0.01s
2026-08-19 11:56:59,140 | INFO |   -> to_dict/clean: 0.11s | loop(9997): 0.03s | insert(9996): 1.18s | update(0): 0.00s | duplicates(1): 0.01s | commit: 0.01s
2026-08-19 11:57:00,377 | INFO |   -> to_dict/clean: 0.16s | loop(10000): 0.03s | insert(10000): 0.89s | update(0): 0.00s | duplicates(0): 0.01s | commit: 0.01s
2026-08-19 11:57:01,591 | INFO |   -> to_dict/clean: 0.11s | loop(9998): 0.03s | insert(9993): 0.97s | update(1): 0.00s | duplicates(4): 0.01s | commit: 0.01s
2026-08-19 11:57:02,922 | INFO |   -> to_dict/clean: 0.12s | loop(10000): 0.03s | insert(9995): 1.09s | update(1): 0.00s | duplicates(4): 0.01s | commit: 0.01s
2026-08-19 11:57:04,195 | INFO |   -> to_dict/clean: 0.15s | loop(9998): 0.03s | insert(9995): 0.94s | update(0): 0.00s | duplicates(3): 0.01s | commit: 0.01s
2026-08-19 11:57:05,506 | INFO |   -> to_dict/clean: 0.11s | loop(9999): 0.03s | insert(9996): 1.06s | update(0): 0.00s | duplicates(3): 0.01s | commit: 0.01s
2026-08-19 11:57:07,026 | INFO |   -> to_dict/clean: 0.11s | loop(9999): 0.13s | insert(9999): 1.16s | update(0): 0.00s | duplicates(0): 0.01s | commit: 0.01s
2026-08-19 11:57:08,252 | INFO |   -> to_dict/clean: 0.12s | loop(9999): 0.03s | insert(9999): 0.96s | update(0): 0.00s | duplicates(0): 0.01s | commit: 0.01s
2026-08-19 11:57:09,585 | INFO |   -> to_dict/clean: 0.11s | loop(9999): 0.03s | insert(9999): 1.06s | update(0): 0.00s | duplicates(0): 0.04s | commit: 0.04s
2026-08-19 11:57:11,025 | INFO |   -> to_dict/clean: 0.12s | loop(9999): 0.07s | insert(9999): 1.02s | update(0): 0.00s | duplicates(0): 0.01s | commit: 0.01s
2026-08-19 11:57:12,264 | INFO |   -> to_dict/clean: 0.12s | loop(10000): 0.03s | insert(10000): 1.00s | update(0): 0.00s | duplicates(0): 0.01s | commit: 0.01s
2026-08-19 11:57:12,268 | INFO | چانک 160 | جمع کل ورودی: 1600000 | Insert: 1589509 | Update: 7 | Duplicate: 10316
2026-08-19 11:57:13,522 | INFO |   -> to_dict/clean: 0.12s | loop(9999): 0.04s | insert(9979): 0.99s | update(0): 0.00s | duplicates(20): 0.01s | commit: 0.01s
2026-08-19 11:57:14,922 | INFO |   -> to_dict/clean: 0.19s | loop(9999): 0.03s | insert(9992): 0.94s | update(0): 0.00s | duplicates(7): 0.08s | commit: 0.08s
2026-08-19 11:57:16,337 | INFO |   -> to_dict/clean: 0.12s | loop(9998): 0.03s | insert(9992): 1.07s | update(0): 0.00s | duplicates(6): 0.07s | commit: 0.07s
2026-08-19 11:57:17,621 | INFO |   -> to_dict/clean: 0.12s | loop(9998): 0.03s | insert(9998): 1.02s | update(0): 0.00s | duplicates(0): 0.01s | commit: 0.01s
2026-08-19 11:57:18,890 | INFO |   -> to_dict/clean: 0.12s | loop(10000): 0.03s | insert(9999): 0.91s | update(0): 0.00s | duplicates(1): 0.01s | commit: 0.01s
2026-08-19 11:57:20,101 | INFO |   -> to_dict/clean: 0.12s | loop(10000): 0.03s | insert(9990): 0.94s | update(0): 0.00s | duplicates(10): 0.03s | commit: 0.03s
2026-08-19 11:57:21,354 | INFO |   -> to_dict/clean: 0.12s | loop(9999): 0.02s | insert(9997): 0.95s | update(0): 0.00s | duplicates(2): 0.03s | commit: 0.03s
2026-08-19 11:57:22,588 | INFO |   -> to_dict/clean: 0.16s | loop(9999): 0.03s | insert(9999): 0.90s | update(0): 0.00s | duplicates(0): 0.01s | commit: 0.01s
2026-08-19 11:57:23,971 | INFO |   -> to_dict/clean: 0.13s | loop(10000): 0.03s | insert(9995): 1.12s | update(0): 0.00s | duplicates(5): 0.01s | commit: 0.01s
2026-08-19 11:57:25,409 | INFO |   -> to_dict/clean: 0.11s | loop(10000): 0.03s | insert(9996): 1.19s | update(1): 0.00s | duplicates(3): 0.01s | commit: 0.01s
2026-08-19 11:57:26,801 | INFO |   -> to_dict/clean: 0.16s | loop(10000): 0.03s | insert(9992): 1.03s | update(1): 0.00s | duplicates(7): 0.01s | commit: 0.01s
2026-08-19 11:57:28,044 | INFO |   -> to_dict/clean: 0.11s | loop(10000): 0.03s | insert(9999): 1.00s | update(0): 0.00s | duplicates(1): 0.01s | commit: 0.01s
2026-08-19 11:57:29,485 | INFO |   -> to_dict/clean: 0.11s | loop(10000): 0.12s | insert(10000): 0.99s | update(0): 0.00s | duplicates(0): 0.01s | commit: 0.01s
2026-08-19 11:57:30,804 | INFO |   -> to_dict/clean: 0.11s | loop(9999): 0.03s | insert(9999): 1.07s | update(0): 0.00s | duplicates(0): 0.01s | commit: 0.01s
2026-08-19 11:57:32,169 | INFO |   -> to_dict/clean: 0.12s | loop(10000): 0.03s | insert(10000): 1.12s | update(0): 0.00s | duplicates(0): 0.01s | commit: 0.01s
2026-08-19 11:57:33,523 | INFO |   -> to_dict/clean: 0.11s | loop(10000): 0.03s | insert(10000): 0.98s | update(0): 0.00s | duplicates(0): 0.01s | commit: 0.01s
2026-08-19 11:57:34,735 | INFO |   -> to_dict/clean: 0.13s | loop(9999): 0.03s | insert(9999): 0.97s | update(0): 0.00s | duplicates(0): 0.01s | commit: 0.01s
2026-08-19 11:57:35,890 | INFO |   -> to_dict/clean: 0.11s | loop(10000): 0.02s | insert(9952): 0.87s | update(0): 0.00s | duplicates(48): 0.01s | commit: 0.01s
2026-08-19 11:57:37,176 | INFO |   -> to_dict/clean: 0.16s | loop(9998): 0.03s | insert(9990): 0.92s | update(0): 0.00s | duplicates(8): 0.01s | commit: 0.01s
2026-08-19 11:57:38,487 | INFO |   -> to_dict/clean: 0.11s | loop(9998): 0.02s | insert(9997): 1.06s | update(0): 0.00s | duplicates(1): 0.01s | commit: 0.01s
2026-08-19 11:57:38,490 | INFO | چانک 180 | جمع کل ورودی: 1800000 | Insert: 1789374 | Update: 9 | Duplicate: 10435
2026-08-19 11:57:39,934 | INFO |   -> to_dict/clean: 0.11s | loop(10000): 0.03s | insert(9998): 1.17s | update(0): 0.00s | duplicates(2): 0.05s | commit: 0.05s
2026-08-19 11:57:41,343 | INFO |   -> to_dict/clean: 0.12s | loop(10000): 0.03s | insert(9985): 1.03s | update(0): 0.00s | duplicates(15): 0.01s | commit: 0.01s
2026-08-19 11:57:42,565 | INFO |   -> to_dict/clean: 0.11s | loop(9998): 0.03s | insert(9991): 0.97s | update(0): 0.00s | duplicates(7): 0.01s | commit: 0.01s
2026-08-19 11:57:43,973 | INFO |   -> to_dict/clean: 0.12s | loop(9999): 0.03s | insert(9999): 1.14s | update(0): 0.00s | duplicates(0): 0.01s | commit: 0.01s
2026-08-19 11:57:45,328 | INFO |   -> to_dict/clean: 0.11s | loop(9998): 0.03s | insert(9998): 1.00s | update(0): 0.00s | duplicates(0): 0.01s | commit: 0.01s
2026-08-19 11:57:46,623 | INFO |   -> to_dict/clean: 0.11s | loop(10000): 0.03s | insert(9994): 1.02s | update(1): 0.00s | duplicates(5): 0.04s | commit: 0.04s
2026-08-19 11:57:47,992 | INFO |   -> to_dict/clean: 0.11s | loop(9998): 0.03s | insert(9998): 1.13s | update(0): 0.00s | duplicates(0): 0.01s | commit: 0.01s
2026-08-19 11:57:49,320 | INFO |   -> to_dict/clean: 0.16s | loop(10000): 0.03s | insert(9992): 0.97s | update(0): 0.00s | duplicates(8): 0.01s | commit: 0.01s
2026-08-19 11:57:50,403 | INFO |   -> to_dict/clean: 0.11s | loop(9999): 0.03s | insert(9997): 0.84s | update(0): 0.00s | duplicates(2): 0.01s | commit: 0.01s
2026-08-19 11:57:51,671 | INFO |   -> to_dict/clean: 0.11s | loop(9995): 0.03s | insert(9995): 1.01s | update(0): 0.00s | duplicates(0): 0.02s | commit: 0.02s
2026-08-19 11:57:53,167 | INFO |   -> to_dict/clean: 0.15s | loop(10000): 0.03s | insert(10000): 1.06s | update(0): 0.00s | duplicates(0): 0.05s | commit: 0.05s
2026-08-19 11:57:54,423 | INFO |   -> to_dict/clean: 0.11s | loop(9998): 0.03s | insert(9998): 1.00s | update(0): 0.00s | duplicates(0): 0.01s | commit: 0.01s
2026-08-19 11:57:55,802 | INFO |   -> to_dict/clean: 0.11s | loop(10000): 0.03s | insert(10000): 1.12s | update(0): 0.00s | duplicates(0): 0.02s | commit: 0.02s
2026-08-19 11:57:57,161 | INFO |   -> to_dict/clean: 0.11s | loop(10000): 0.03s | insert(9942): 0.96s | update(0): 0.00s | duplicates(58): 0.01s | commit: 0.01s
2026-08-19 11:57:58,203 | INFO |   -> to_dict/clean: 0.10s | loop(9996): 0.03s | insert(9991): 0.76s | update(0): 0.00s | duplicates(5): 0.01s | commit: 0.01s
2026-08-19 11:57:59,615 | INFO |   -> to_dict/clean: 0.12s | loop(9999): 0.03s | insert(9997): 1.10s | update(0): 0.00s | duplicates(2): 0.05s | commit: 0.05s
2026-08-19 11:58:00,906 | INFO |   -> to_dict/clean: 0.11s | loop(9997): 0.03s | insert(9996): 0.93s | update(0): 0.00s | duplicates(1): 0.00s | commit: 0.00s
2026-08-19 11:58:01,912 | INFO |   -> to_dict/clean: 0.11s | loop(9998): 0.03s | insert(9993): 0.76s | update(0): 0.00s | duplicates(5): 0.01s | commit: 0.01s
2026-08-19 11:58:03,324 | INFO |   -> to_dict/clean: 0.11s | loop(9998): 0.03s | insert(9998): 1.18s | update(0): 0.00s | duplicates(0): 0.00s | commit: 0.00s
2026-08-19 11:58:04,838 | INFO |   -> to_dict/clean: 0.16s | loop(9998): 0.02s | insert(9988): 1.16s | update(0): 0.00s | duplicates(10): 0.01s | commit: 0.01s
2026-08-19 11:58:04,841 | INFO | چانک 200 | جمع کل ورودی: 2000000 | Insert: 1989224 | Update: 10 | Duplicate: 10555
2026-08-19 11:58:06,061 | INFO |   -> to_dict/clean: 0.12s | loop(9999): 0.03s | insert(9999): 0.94s | update(0): 0.00s | duplicates(0): 0.03s | commit: 0.03s
2026-08-19 11:58:07,568 | INFO |   -> to_dict/clean: 0.11s | loop(9999): 0.02s | insert(9996): 1.26s | update(1): 0.00s | duplicates(2): 0.01s | commit: 0.01s
2026-08-19 11:58:08,814 | INFO |   -> to_dict/clean: 0.16s | loop(9998): 0.03s | insert(9996): 0.90s | update(1): 0.00s | duplicates(1): 0.00s | commit: 0.00s
2026-08-19 11:58:10,024 | INFO |   -> to_dict/clean: 0.11s | loop(9999): 0.03s | insert(9987): 0.96s | update(0): 0.00s | duplicates(12): 0.01s | commit: 0.01s
2026-08-19 11:58:11,386 | INFO |   -> to_dict/clean: 0.12s | loop(9999): 0.03s | insert(9998): 1.11s | update(0): 0.00s | duplicates(1): 0.01s | commit: 0.01s
2026-08-19 11:58:12,747 | INFO |   -> to_dict/clean: 0.17s | loop(9999): 0.03s | insert(9999): 0.98s | update(0): 0.00s | duplicates(0): 0.03s | commit: 0.03s
2026-08-19 11:58:14,043 | INFO |   -> to_dict/clean: 0.12s | loop(9998): 0.03s | insert(9998): 1.04s | update(0): 0.00s | duplicates(0): 0.01s | commit: 0.01s
2026-08-19 11:58:15,610 | INFO |   -> to_dict/clean: 0.23s | loop(10000): 0.15s | insert(10000): 1.09s | update(0): 0.00s | duplicates(0): 0.01s | commit: 0.01s
2026-08-19 11:58:16,829 | INFO |   -> to_dict/clean: 0.11s | loop(10000): 0.03s | insert(10000): 0.99s | update(0): 0.00s | duplicates(0): 0.00s | commit: 0.00s
2026-08-19 11:58:18,113 | INFO |   -> to_dict/clean: 0.12s | loop(10000): 0.03s | insert(10000): 1.04s | update(0): 0.00s | duplicates(0): 0.00s | commit: 0.00s
2026-08-19 11:58:19,313 | INFO |   -> to_dict/clean: 0.11s | loop(10000): 0.04s | insert(9923): 0.78s | update(0): 0.00s | duplicates(77): 0.04s | commit: 0.04s
2026-08-19 11:58:20,491 | INFO |   -> to_dict/clean: 0.12s | loop(9999): 0.03s | insert(9996): 0.92s | update(0): 0.00s | duplicates(3): 0.01s | commit: 0.01s
2026-08-19 11:58:21,793 | INFO |   -> to_dict/clean: 0.11s | loop(9999): 0.03s | insert(9992): 1.04s | update(0): 0.00s | duplicates(7): 0.01s | commit: 0.01s
2026-08-19 11:58:23,278 | INFO |   -> to_dict/clean: 0.17s | loop(9998): 0.03s | insert(9993): 1.11s | update(0): 0.00s | duplicates(5): 0.01s | commit: 0.01s
2026-08-19 11:58:24,512 | INFO |   -> to_dict/clean: 0.11s | loop(10000): 0.03s | insert(9998): 0.98s | update(0): 0.00s | duplicates(2): 0.00s | commit: 0.00s
2026-08-19 11:58:25,949 | INFO |   -> to_dict/clean: 0.23s | loop(10000): 0.09s | insert(9983): 1.00s | update(0): 0.00s | duplicates(17): 0.03s | commit: 0.03s
2026-08-19 11:58:27,072 | INFO |   -> to_dict/clean: 0.11s | loop(9998): 0.03s | insert(9992): 0.84s | update(0): 0.00s | duplicates(6): 0.03s | commit: 0.03s
2026-08-19 11:58:28,336 | INFO |   -> to_dict/clean: 0.12s | loop(9999): 0.02s | insert(9999): 1.01s | update(0): 0.00s | duplicates(0): 0.01s | commit: 0.01s
2026-08-19 11:58:29,707 | INFO |   -> to_dict/clean: 0.17s | loop(10000): 0.03s | insert(9995): 1.01s | update(1): 0.00s | duplicates(4): 0.01s | commit: 0.01s
2026-08-19 11:58:30,921 | INFO |   -> to_dict/clean: 0.11s | loop(10000): 0.03s | insert(9996): 0.97s | update(2): 0.01s | duplicates(2): 0.01s | commit: 0.01s
2026-08-19 11:58:30,924 | INFO | چانک 220 | جمع کل ورودی: 2200000 | Insert: 2189064 | Update: 15 | Duplicate: 10694
2026-08-19 11:58:32,347 | INFO |   -> to_dict/clean: 0.12s | loop(9999): 0.03s | insert(9993): 1.15s | update(1): 0.00s | duplicates(5): 0.03s | commit: 0.03s
2026-08-19 11:58:33,884 | INFO |   -> to_dict/clean: 0.25s | loop(9999): 0.03s | insert(9994): 1.08s | update(0): 0.00s | duplicates(5): 0.00s | commit: 0.00s
2026-08-19 11:58:35,191 | INFO |   -> to_dict/clean: 0.11s | loop(9999): 0.03s | insert(9999): 1.04s | update(0): 0.00s | duplicates(0): 0.01s | commit: 0.01s
2026-08-19 11:58:36,405 | INFO |   -> to_dict/clean: 0.11s | loop(9999): 0.03s | insert(9999): 0.97s | update(0): 0.00s | duplicates(0): 0.01s | commit: 0.01s
2026-08-19 11:58:37,849 | INFO |   -> to_dict/clean: 0.18s | loop(9999): 0.03s | insert(9999): 1.06s | update(0): 0.00s | duplicates(0): 0.00s | commit: 0.00s
2026-08-19 11:58:39,126 | INFO |   -> to_dict/clean: 0.11s | loop(10000): 0.03s | insert(10000): 1.00s | update(0): 0.00s | duplicates(0): 0.03s | commit: 0.03s
2026-08-19 11:58:40,406 | INFO |   -> to_dict/clean: 0.24s | loop(10000): 0.09s | insert(10000): 0.86s | update(0): 0.00s | duplicates(0): 0.00s | commit: 0.00s
2026-08-19 11:58:41,510 | INFO |   -> to_dict/clean: 0.11s | loop(9998): 0.03s | insert(9934): 0.83s | update(0): 0.00s | duplicates(64): 0.01s | commit: 0.01s
2026-08-19 11:58:42,743 | INFO |   -> to_dict/clean: 0.11s | loop(9999): 0.03s | insert(9988): 0.98s | update(0): 0.00s | duplicates(11): 0.01s | commit: 0.01s
2026-08-19 11:58:44,129 | INFO |   -> to_dict/clean: 0.20s | loop(10000): 0.03s | insert(9996): 0.98s | update(0): 0.00s | duplicates(4): 0.00s | commit: 0.00s
2026-08-19 11:58:45,416 | INFO |   -> to_dict/clean: 0.11s | loop(9999): 0.03s | insert(9999): 1.04s | update(0): 0.00s | duplicates(0): 0.00s | commit: 0.00s
2026-08-19 11:58:46,587 | INFO |   -> to_dict/clean: 0.11s | loop(9998): 0.03s | insert(9997): 0.91s | update(0): 0.00s | duplicates(1): 0.01s | commit: 0.01s
2026-08-19 11:58:47,913 | INFO |   -> to_dict/clean: 0.11s | loop(9996): 0.03s | insert(9980): 0.95s | update(0): 0.00s | duplicates(16): 0.01s | commit: 0.01s
2026-08-19 11:58:49,284 | INFO |   -> to_dict/clean: 0.12s | loop(10000): 0.03s | insert(9998): 0.99s | update(0): 0.00s | duplicates(2): 0.13s | commit: 0.13s
2026-08-19 11:58:50,514 | INFO |   -> to_dict/clean: 0.11s | loop(9999): 0.03s | insert(9999): 0.98s | update(0): 0.00s | duplicates(0): 0.01s | commit: 0.01s
2026-08-19 11:58:51,890 | INFO |   -> to_dict/clean: 0.18s | loop(10000): 0.03s | insert(9994): 1.00s | update(0): 0.00s | duplicates(6): 0.01s | commit: 0.01s
2026-08-19 11:58:53,211 | INFO |   -> to_dict/clean: 0.12s | loop(9998): 0.03s | insert(9994): 1.06s | update(0): 0.00s | duplicates(4): 0.02s | commit: 0.02s
2026-08-19 11:58:54,612 | INFO |   -> to_dict/clean: 0.12s | loop(9999): 0.03s | insert(9987): 1.07s | update(4): 0.00s | duplicates(8): 0.07s | commit: 0.07s
2026-08-19 11:58:56,039 | INFO |   -> to_dict/clean: 0.17s | loop(10000): 0.03s | insert(9993): 1.05s | update(0): 0.00s | duplicates(7): 0.01s | commit: 0.01s
2026-08-19 11:58:57,249 | INFO |   -> to_dict/clean: 0.11s | loop(10000): 0.03s | insert(10000): 0.96s | update(0): 0.00s | duplicates(0): 0.01s | commit: 0.01s
2026-08-19 11:58:57,253 | INFO | چانک 240 | جمع کل ورودی: 2400000 | Insert: 2388907 | Update: 20 | Duplicate: 10827
2026-08-19 11:58:58,759 | INFO |   -> to_dict/clean: 0.11s | loop(9998): 0.03s | insert(9998): 1.27s | update(0): 0.00s | duplicates(0): 0.01s | commit: 0.01s
2026-08-19 11:59:00,124 | INFO |   -> to_dict/clean: 0.18s | loop(10000): 0.03s | insert(10000): 0.97s | update(0): 0.00s | duplicates(0): 0.01s | commit: 0.01s
2026-08-19 11:59:01,358 | INFO |   -> to_dict/clean: 0.11s | loop(10000): 0.02s | insert(10000): 1.00s | update(0): 0.00s | duplicates(0): 0.01s | commit: 0.01s
2026-08-19 11:59:02,675 | INFO |   -> to_dict/clean: 0.12s | loop(9999): 0.03s | insert(9893): 1.08s | update(0): 0.00s | duplicates(106): 0.01s | commit: 0.01s
2026-08-19 11:59:04,208 | INFO |   -> to_dict/clean: 0.11s | loop(10000): 0.03s | insert(9996): 1.06s | update(1): 0.00s | duplicates(3): 0.04s | commit: 0.04s
2026-08-19 11:59:06,014 | INFO |   -> to_dict/clean: 0.30s | loop(9999): 0.05s | insert(9992): 1.14s | update(0): 0.00s | duplicates(7): 0.00s | commit: 0.00s
2026-08-19 11:59:07,472 | INFO |   -> to_dict/clean: 0.21s | loop(9998): 0.03s | insert(9994): 1.01s | update(0): 0.00s | duplicates(4): 0.01s | commit: 0.01s
2026-08-19 11:59:08,662 | INFO |   -> to_dict/clean: 0.12s | loop(9999): 0.03s | insert(9999): 0.92s | update(0): 0.00s | duplicates(0): 0.01s | commit: 0.01s
2026-08-19 11:59:10,227 | INFO |   -> to_dict/clean: 0.12s | loop(9998): 0.03s | insert(9998): 1.28s | update(0): 0.00s | duplicates(0): 0.01s | commit: 0.01s
2026-08-19 11:59:11,741 | INFO |   -> to_dict/clean: 0.21s | loop(9999): 0.04s | insert(9985): 1.07s | update(0): 0.00s | duplicates(14): 0.01s | commit: 0.01s
2026-08-19 11:59:12,890 | INFO |   -> to_dict/clean: 0.11s | loop(9999): 0.03s | insert(9999): 0.87s | update(0): 0.00s | duplicates(0): 0.02s | commit: 0.02s
2026-08-19 11:59:14,413 | INFO |   -> to_dict/clean: 0.13s | loop(9998): 0.03s | insert(9994): 1.23s | update(0): 0.00s | duplicates(4): 0.01s | commit: 0.01s
2026-08-19 11:59:16,218 | INFO |   -> to_dict/clean: 0.34s | loop(9999): 0.04s | insert(9996): 1.06s | update(0): 0.00s | duplicates(3): 0.01s | commit: 0.01s
2026-08-19 11:59:17,540 | INFO |   -> to_dict/clean: 0.12s | loop(10000): 0.03s | insert(9990): 1.07s | update(0): 0.00s | duplicates(10): 0.01s | commit: 0.01s
2026-08-19 11:59:19,037 | INFO |   -> to_dict/clean: 0.13s | loop(9999): 0.03s | insert(9989): 1.22s | update(0): 0.00s | duplicates(10): 0.01s | commit: 0.01s
2026-08-19 11:59:20,633 | INFO |   -> to_dict/clean: 0.18s | loop(9999): 0.03s | insert(9999): 1.17s | update(0): 0.00s | duplicates(0): 0.00s | commit: 0.00s
2026-08-19 11:59:21,955 | INFO |   -> to_dict/clean: 0.13s | loop(9998): 0.03s | insert(9998): 1.04s | update(0): 0.00s | duplicates(0): 0.01s | commit: 0.01s
2026-08-19 11:59:23,248 | INFO |   -> to_dict/clean: 0.13s | loop(10000): 0.03s | insert(10000): 1.02s | update(0): 0.00s | duplicates(0): 0.02s | commit: 0.02s
2026-08-19 11:59:24,776 | INFO |   -> to_dict/clean: 0.20s | loop(9999): 0.03s | insert(9999): 1.11s | update(0): 0.00s | duplicates(0): 0.01s | commit: 0.01s
2026-08-19 11:59:26,385 | INFO |   -> to_dict/clean: 0.23s | loop(9995): 0.06s | insert(9995): 1.19s | update(0): 0.00s | duplicates(0): 0.02s | commit: 0.02s
2026-08-19 11:59:26,388 | INFO | چانک 260 | جمع کل ورودی: 2600000 | Insert: 2588721 | Update: 21 | Duplicate: 10988
2026-08-19 11:59:27,792 | INFO |   -> to_dict/clean: 0.16s | loop(9999): 0.03s | insert(9948): 1.04s | update(0): 0.00s | duplicates(51): 0.01s | commit: 0.01s
2026-08-19 11:59:29,132 | INFO |   -> to_dict/clean: 0.13s | loop(10000): 0.03s | insert(9999): 0.86s | update(0): 0.00s | duplicates(1): 0.01s | commit: 0.01s
2026-08-19 11:59:30,683 | INFO |   -> to_dict/clean: 0.20s | loop(9999): 0.05s | insert(9993): 1.18s | update(0): 0.00s | duplicates(6): 0.01s | commit: 0.01s
2026-08-19 11:59:32,492 | INFO |   -> to_dict/clean: 0.19s | loop(10000): 0.12s | insert(9999): 1.16s | update(0): 0.00s | duplicates(1): 0.01s | commit: 0.01s
2026-08-19 11:59:34,309 | INFO |   -> to_dict/clean: 0.23s | loop(10000): 0.05s | insert(10000): 1.33s | update(0): 0.00s | duplicates(0): 0.01s | commit: 0.01s
2026-08-19 11:59:36,355 | INFO |   -> to_dict/clean: 0.23s | loop(9998): 0.09s | insert(9985): 1.56s | update(0): 0.00s | duplicates(13): 0.01s | commit: 0.01s
2026-08-19 11:59:38,486 | INFO |   -> to_dict/clean: 0.25s | loop(9998): 0.07s | insert(9987): 1.39s | update(0): 0.00s | duplicates(11): 0.01s | commit: 0.01s
2026-08-19 11:59:40,298 | INFO |   -> to_dict/clean: 0.22s | loop(9997): 0.06s | insert(9997): 1.38s | update(0): 0.00s | duplicates(0): 0.01s | commit: 0.01s
2026-08-19 11:59:42,327 | INFO |   -> to_dict/clean: 0.14s | loop(10000): 0.04s | insert(9994): 1.67s | update(0): 0.00s | duplicates(6): 0.01s | commit: 0.01s
2026-08-19 11:59:44,289 | INFO |   -> to_dict/clean: 0.23s | loop(9999): 0.06s | insert(9989): 1.38s | update(2): 0.00s | duplicates(8): 0.01s | commit: 0.01s
2026-08-19 11:59:46,020 | INFO |   -> to_dict/clean: 0.20s | loop(10000): 0.06s | insert(9993): 1.27s | update(0): 0.00s | duplicates(7): 0.00s | commit: 0.00s
2026-08-19 11:59:48,031 | INFO |   -> to_dict/clean: 0.22s | loop(9999): 0.04s | insert(9994): 1.56s | update(0): 0.00s | duplicates(5): 0.01s | commit: 0.01s
2026-08-19 11:59:50,013 | INFO |   -> to_dict/clean: 0.18s | loop(10000): 0.06s | insert(10000): 1.29s | update(0): 0.00s | duplicates(0): 0.01s | commit: 0.01s
2026-08-19 11:59:51,891 | INFO |   -> to_dict/clean: 0.23s | loop(9998): 0.06s | insert(9998): 1.41s | update(0): 0.00s | duplicates(0): 0.00s | commit: 0.00s
2026-08-19 11:59:53,781 | INFO |   -> to_dict/clean: 0.18s | loop(9998): 0.05s | insert(9998): 1.45s | update(0): 0.00s | duplicates(0): 0.00s | commit: 0.00s
2026-08-19 11:59:55,893 | INFO |   -> to_dict/clean: 0.35s | loop(9999): 0.06s | insert(9999): 1.44s | update(0): 0.00s | duplicates(0): 0.03s | commit: 0.03s
2026-08-19 11:59:57,628 | INFO |   -> to_dict/clean: 0.21s | loop(9998): 0.06s | insert(9998): 1.32s | update(0): 0.00s | duplicates(0): 0.00s | commit: 0.00s
2026-08-19 11:59:59,454 | INFO |   -> to_dict/clean: 0.23s | loop(9997): 0.05s | insert(9938): 1.38s | update(0): 0.00s | duplicates(59): 0.00s | commit: 0.00s
2026-08-19 12:00:01,369 | INFO |   -> to_dict/clean: 0.18s | loop(9999): 0.06s | insert(9998): 1.31s | update(0): 0.00s | duplicates(1): 0.01s | commit: 0.01s
2026-08-19 12:00:03,349 | INFO |   -> to_dict/clean: 0.21s | loop(9998): 0.22s | insert(9990): 1.30s | update(0): 0.00s | duplicates(8): 0.00s | commit: 0.00s
2026-08-19 12:00:03,354 | INFO | چانک 280 | جمع کل ورودی: 2800000 | Insert: 2788518 | Update: 23 | Duplicate: 11165
2026-08-19 12:00:05,559 | INFO |   -> to_dict/clean: 0.17s | loop(10000): 0.18s | insert(9999): 1.37s | update(0): 0.00s | duplicates(1): 0.01s | commit: 0.01s
2026-08-19 12:00:07,395 | INFO |   -> to_dict/clean: 0.25s | loop(9999): 0.04s | insert(9997): 1.39s | update(0): 0.00s | duplicates(2): 0.00s | commit: 0.00s
2026-08-19 12:00:09,543 | INFO |   -> to_dict/clean: 0.21s | loop(9996): 0.05s | insert(9980): 1.70s | update(0): 0.00s | duplicates(16): 0.00s | commit: 0.00s
2026-08-19 12:00:11,595 | INFO |   -> to_dict/clean: 0.25s | loop(10000): 0.06s | insert(9998): 1.31s | update(0): 0.00s | duplicates(2): 0.01s | commit: 0.01s
2026-08-19 12:00:13,029 | INFO |   -> to_dict/clean: 0.16s | loop(9999): 0.03s | insert(9998): 1.12s | update(0): 0.00s | duplicates(1): 0.01s | commit: 0.01s
2026-08-19 12:00:14,733 | INFO |   -> to_dict/clean: 0.12s | loop(10000): 0.04s | insert(9997): 1.36s | update(0): 0.00s | duplicates(3): 0.03s | commit: 0.03s
2026-08-19 12:00:16,269 | INFO |   -> to_dict/clean: 0.24s | loop(9999): 0.05s | insert(9991): 1.01s | update(1): 0.00s | duplicates(7): 0.01s | commit: 0.01s
2026-08-19 12:00:17,671 | INFO |   -> to_dict/clean: 0.16s | loop(9999): 0.04s | insert(9994): 1.10s | update(1): 0.00s | duplicates(4): 0.00s | commit: 0.00s
2026-08-19 12:00:19,785 | INFO |   -> to_dict/clean: 0.23s | loop(10000): 0.06s | insert(9997): 1.66s | update(1): 0.00s | duplicates(2): 0.00s | commit: 0.00s
2026-08-19 12:00:21,722 | INFO |   -> to_dict/clean: 0.25s | loop(10000): 0.06s | insert(10000): 1.31s | update(0): 0.00s | duplicates(0): 0.00s | commit: 0.00s
2026-08-19 12:00:23,699 | INFO |   -> to_dict/clean: 0.23s | loop(10000): 0.06s | insert(10000): 1.47s | update(0): 0.00s | duplicates(0): 0.04s | commit: 0.04s
2026-08-19 12:00:25,625 | INFO |   -> to_dict/clean: 0.15s | loop(9999): 0.06s | insert(9999): 1.56s | update(0): 0.00s | duplicates(0): 0.00s | commit: 0.00s
2026-08-19 12:00:27,738 | INFO |   -> to_dict/clean: 0.30s | loop(9998): 0.05s | insert(9998): 1.42s | update(0): 0.00s | duplicates(0): 0.01s | commit: 0.01s
2026-08-19 12:00:29,379 | INFO |   -> to_dict/clean: 0.14s | loop(9999): 0.05s | insert(9999): 1.33s | update(0): 0.00s | duplicates(0): 0.00s | commit: 0.00s
2026-08-19 12:00:31,545 | INFO |   -> to_dict/clean: 0.24s | loop(10000): 0.06s | insert(9938): 1.65s | update(0): 0.00s | duplicates(62): 0.00s | commit: 0.00s
2026-08-19 12:00:33,322 | INFO |   -> to_dict/clean: 0.24s | loop(10000): 0.03s | insert(9995): 1.06s | update(0): 0.00s | duplicates(5): 0.05s | commit: 0.05s
2026-08-19 12:00:35,036 | INFO |   -> to_dict/clean: 0.22s | loop(9999): 0.06s | insert(9998): 1.26s | update(0): 0.00s | duplicates(1): 0.01s | commit: 0.01s
2026-08-19 12:00:37,257 | INFO |   -> to_dict/clean: 0.47s | loop(10000): 0.32s | insert(9997): 1.17s | update(0): 0.00s | duplicates(3): 0.01s | commit: 0.01s
2026-08-19 12:00:39,159 | INFO |   -> to_dict/clean: 0.19s | loop(9999): 0.05s | insert(9997): 1.53s | update(0): 0.00s | duplicates(2): 0.02s | commit: 0.02s
2026-08-19 12:00:41,546 | INFO |   -> to_dict/clean: 0.24s | loop(10000): 0.06s | insert(9984): 1.85s | update(0): 0.00s | duplicates(16): 0.01s | commit: 0.01s
2026-08-19 12:00:41,550 | INFO | چانک 300 | جمع کل ورودی: 3000000 | Insert: 2988374 | Update: 26 | Duplicate: 11292
2026-08-19 12:00:44,104 | INFO |   -> to_dict/clean: 0.45s | loop(9999): 0.06s | insert(9999): 1.60s | update(0): 0.00s | duplicates(0): 0.01s | commit: 0.01s
2026-08-19 12:00:46,409 | INFO |   -> to_dict/clean: 0.27s | loop(9999): 0.07s | insert(9998): 1.69s | update(0): 0.00s | duplicates(1): 0.01s | commit: 0.01s
2026-08-19 12:00:48,785 | INFO |   -> to_dict/clean: 0.27s | loop(10000): 0.07s | insert(9995): 1.83s | update(0): 0.00s | duplicates(5): 0.00s | commit: 0.00s
2026-08-19 12:00:51,013 | INFO |   -> to_dict/clean: 0.36s | loop(10000): 0.06s | insert(9993): 1.48s | update(0): 0.00s | duplicates(7): 0.01s | commit: 0.01s
2026-08-19 12:00:53,113 | INFO |   -> to_dict/clean: 0.25s | loop(10000): 0.05s | insert(9986): 1.57s | update(1): 0.00s | duplicates(13): 0.00s | commit: 0.00s
2026-08-19 12:00:55,466 | INFO |   -> to_dict/clean: 0.25s | loop(9999): 0.06s | insert(9997): 1.80s | update(0): 0.00s | duplicates(2): 0.00s | commit: 0.00s
2026-08-19 12:00:57,731 | INFO |   -> to_dict/clean: 0.40s | loop(9996): 0.05s | insert(9996): 1.44s | update(0): 0.00s | duplicates(0): 0.00s | commit: 0.00s
2026-08-19 12:00:59,887 | INFO |   -> to_dict/clean: 0.30s | loop(10000): 0.07s | insert(10000): 1.51s | update(0): 0.00s | duplicates(0): 0.00s | commit: 0.00s
2026-08-19 12:01:02,008 | INFO |   -> to_dict/clean: 0.25s | loop(10000): 0.06s | insert(10000): 1.62s | update(0): 0.00s | duplicates(0): 0.00s | commit: 0.00s
2026-08-19 12:01:04,556 | INFO |   -> to_dict/clean: 0.40s | loop(9999): 0.07s | insert(9999): 1.74s | update(0): 0.00s | duplicates(0): 0.01s | commit: 0.01s
2026-08-19 12:01:06,646 | INFO |   -> to_dict/clean: 0.25s | loop(10000): 0.06s | insert(10000): 1.58s | update(0): 0.00s | duplicates(0): 0.01s | commit: 0.01s
2026-08-19 12:01:09,205 | INFO |   -> to_dict/clean: 0.25s | loop(9997): 0.31s | insert(9910): 1.71s | update(0): 0.00s | duplicates(87): 0.04s | commit: 0.04s
2026-08-19 12:01:11,359 | INFO |   -> to_dict/clean: 0.29s | loop(10000): 0.07s | insert(9991): 1.48s | update(1): 0.00s | duplicates(8): 0.01s | commit: 0.01s
2026-08-19 12:01:13,804 | INFO |   -> to_dict/clean: 0.26s | loop(9998): 0.06s | insert(9998): 1.90s | update(0): 0.00s | duplicates(0): 0.00s | commit: 0.00s
2026-08-19 12:01:16,466 | INFO |   -> to_dict/clean: 0.65s | loop(9999): 0.08s | insert(9998): 1.52s | update(0): 0.00s | duplicates(1): 0.01s | commit: 0.01s
2026-08-19 12:01:18,731 | INFO |   -> to_dict/clean: 0.28s | loop(9998): 0.06s | insert(9995): 1.64s | update(0): 0.00s | duplicates(3): 0.01s | commit: 0.01s
2026-08-19 12:01:21,268 | INFO |   -> to_dict/clean: 0.26s | loop(9999): 0.06s | insert(9984): 1.97s | update(0): 0.00s | duplicates(15): 0.00s | commit: 0.00s
2026-08-19 12:01:24,072 | INFO |   -> to_dict/clean: 0.27s | loop(9997): 0.07s | insert(9997): 1.84s | update(0): 0.00s | duplicates(0): 0.02s | commit: 0.02s
2026-08-19 12:01:26,332 | INFO |   -> to_dict/clean: 0.31s | loop(9999): 0.07s | insert(9997): 1.60s | update(0): 0.00s | duplicates(2): 0.02s | commit: 0.02s
2026-08-19 12:01:28,428 | INFO |   -> to_dict/clean: 0.23s | loop(9999): 0.06s | insert(9987): 1.66s | update(0): 0.00s | duplicates(12): 0.01s | commit: 0.01s
2026-08-19 12:01:28,433 | INFO | چانک 320 | جمع کل ورودی: 3200000 | Insert: 3188194 | Update: 28 | Duplicate: 11448
2026-08-19 12:01:30,575 | INFO |   -> to_dict/clean: 0.42s | loop(10000): 0.03s | insert(9992): 1.39s | update(1): 0.00s | duplicates(7): 0.01s | commit: 0.01s
2026-08-19 12:01:32,499 | INFO |   -> to_dict/clean: 0.19s | loop(9998): 0.05s | insert(9992): 1.51s | update(1): 0.00s | duplicates(5): 0.00s | commit: 0.00s
2026-08-19 12:01:34,512 | INFO |   -> to_dict/clean: 0.20s | loop(9997): 0.04s | insert(9994): 1.57s | update(0): 0.00s | duplicates(3): 0.01s | commit: 0.01s
2026-08-19 12:01:36,580 | INFO |   -> to_dict/clean: 0.38s | loop(9998): 0.06s | insert(9998): 1.27s | update(0): 0.00s | duplicates(0): 0.05s | commit: 0.05s
2026-08-19 12:01:38,376 | INFO |   -> to_dict/clean: 0.24s | loop(10000): 0.05s | insert(10000): 1.38s | update(0): 0.00s | duplicates(0): 0.01s | commit: 0.01s
2026-08-19 12:01:40,592 | INFO |   -> to_dict/clean: 0.20s | loop(10000): 0.06s | insert(10000): 1.83s | update(0): 0.00s | duplicates(0): 0.01s | commit: 0.01s
2026-08-19 12:01:42,763 | INFO |   -> to_dict/clean: 0.41s | loop(10000): 0.04s | insert(10000): 1.42s | update(0): 0.00s | duplicates(0): 0.01s | commit: 0.01s
2026-08-19 12:01:44,390 | INFO |   -> to_dict/clean: 0.20s | loop(10000): 0.03s | insert(10000): 1.26s | update(0): 0.00s | duplicates(0): 0.01s | commit: 0.01s
2026-08-19 12:01:46,318 | INFO |   -> to_dict/clean: 0.23s | loop(10000): 0.06s | insert(9904): 1.46s | update(0): 0.00s | duplicates(96): 0.01s | commit: 0.01s
2026-08-19 12:01:48,262 | INFO |   -> to_dict/clean: 0.22s | loop(10000): 0.06s | insert(9988): 1.23s | update(0): 0.00s | duplicates(12): 0.00s | commit: 0.00s
2026-08-19 12:01:50,026 | INFO |   -> to_dict/clean: 0.16s | loop(10000): 0.06s | insert(9994): 1.36s | update(0): 0.00s | duplicates(6): 0.00s | commit: 0.00s
2026-08-19 12:01:52,071 | INFO |   -> to_dict/clean: 0.42s | loop(10000): 0.13s | insert(9999): 1.29s | update(0): 0.00s | duplicates(1): 0.00s | commit: 0.00s
2026-08-19 12:01:53,859 | INFO |   -> to_dict/clean: 0.20s | loop(9998): 0.03s | insert(9992): 1.36s | update(0): 0.00s | duplicates(6): 0.01s | commit: 0.01s
2026-08-19 12:01:55,678 | INFO |   -> to_dict/clean: 0.17s | loop(10000): 0.06s | insert(9989): 1.45s | update(0): 0.00s | duplicates(11): 0.01s | commit: 0.01s
2026-08-19 12:01:57,646 | INFO |   -> to_dict/clean: 0.19s | loop(9999): 0.05s | insert(9999): 1.24s | update(0): 0.00s | duplicates(0): 0.01s | commit: 0.01s
2026-08-19 12:01:59,339 | INFO |   -> to_dict/clean: 0.21s | loop(10000): 0.06s | insert(9996): 1.29s | update(0): 0.00s | duplicates(4): 0.00s | commit: 0.00s
2026-08-19 12:02:01,415 | INFO |   -> to_dict/clean: 0.19s | loop(10000): 0.06s | insert(9994): 1.70s | update(0): 0.00s | duplicates(6): 0.00s | commit: 0.00s
2026-08-19 12:02:03,458 | INFO |   -> to_dict/clean: 0.41s | loop(9999): 0.05s | insert(9990): 1.27s | update(2): 0.00s | duplicates(7): 0.00s | commit: 0.00s
2026-08-19 12:02:05,154 | INFO |   -> to_dict/clean: 0.20s | loop(9998): 0.06s | insert(9997): 1.28s | update(1): 0.00s | duplicates(0): 0.00s | commit: 0.00s
2026-08-19 12:02:07,201 | INFO |   -> to_dict/clean: 0.21s | loop(9998): 0.06s | insert(9998): 1.57s | update(0): 0.00s | duplicates(0): 0.01s | commit: 0.01s
2026-08-19 12:02:07,207 | INFO | چانک 340 | جمع کل ورودی: 3400000 | Insert: 3388010 | Update: 33 | Duplicate: 11612
2026-08-19 12:02:09,248 | INFO |   -> to_dict/clean: 0.33s | loop(10000): 0.06s | insert(10000): 1.33s | update(0): 0.00s | duplicates(0): 0.00s | commit: 0.00s
2026-08-19 12:02:10,967 | INFO |   -> to_dict/clean: 0.21s | loop(10000): 0.05s | insert(10000): 1.32s | update(0): 0.00s | duplicates(0): 0.01s | commit: 0.01s
2026-08-19 12:02:13,068 | INFO |   -> to_dict/clean: 0.21s | loop(10000): 0.04s | insert(10000): 1.65s | update(0): 0.00s | duplicates(0): 0.01s | commit: 0.01s
2026-08-19 12:02:15,039 | INFO |   -> to_dict/clean: 0.31s | loop(9999): 0.04s | insert(9999): 1.31s | update(0): 0.00s | duplicates(0): 0.01s | commit: 0.01s
2026-08-19 12:02:16,493 | INFO |   -> to_dict/clean: 0.18s | loop(10000): 0.04s | insert(9971): 1.09s | update(0): 0.00s | duplicates(29): 0.01s | commit: 0.01s
2026-08-19 12:02:18,917 | INFO |   -> to_dict/clean: 0.24s | loop(9999): 0.49s | insert(9999): 1.46s | update(0): 0.00s | duplicates(0): 0.01s | commit: 0.01s
2026-08-19 12:02:20,555 | INFO |   -> to_dict/clean: 0.22s | loop(9999): 0.05s | insert(9991): 1.14s | update(0): 0.00s | duplicates(8): 0.00s | commit: 0.00s
2026-08-19 12:02:22,697 | INFO |   -> to_dict/clean: 0.26s | loop(9998): 0.06s | insert(9994): 1.66s | update(0): 0.00s | duplicates(4): 0.00s | commit: 0.00s
2026-08-19 12:02:24,416 | INFO |   -> to_dict/clean: 0.28s | loop(9999): 0.03s | insert(9997): 1.13s | update(0): 0.00s | duplicates(2): 0.00s | commit: 0.00s
2026-08-19 12:02:25,767 | INFO |   -> to_dict/clean: 0.13s | loop(10000): 0.05s | insert(9982): 1.00s | update(0): 0.00s | duplicates(18): 0.00s | commit: 0.00s
2026-08-19 12:02:27,415 | INFO |   -> to_dict/clean: 0.19s | loop(9997): 0.03s | insert(9984): 1.26s | update(0): 0.00s | duplicates(13): 0.00s | commit: 0.00s
2026-08-19 12:02:29,203 | INFO |   -> to_dict/clean: 0.18s | loop(9997): 0.06s | insert(9996): 1.31s | update(0): 0.00s | duplicates(1): 0.01s | commit: 0.01s
2026-08-19 12:02:31,032 | INFO |   -> to_dict/clean: 0.20s | loop(10000): 0.06s | insert(10000): 1.39s | update(0): 0.00s | duplicates(0): 0.00s | commit: 0.00s
2026-08-19 12:02:33,147 | INFO |   -> to_dict/clean: 0.20s | loop(9999): 0.04s | insert(9986): 1.69s | update(2): 0.00s | duplicates(11): 0.00s | commit: 0.00s
2026-08-19 12:02:34,878 | INFO |   -> to_dict/clean: 0.35s | loop(9998): 0.03s | insert(9994): 1.08s | update(0): 0.00s | duplicates(4): 0.00s | commit: 0.00s
2026-08-19 12:02:36,583 | INFO |   -> to_dict/clean: 0.15s | loop(10000): 0.04s | insert(9990): 1.36s | update(3): 0.00s | duplicates(7): 0.03s | commit: 0.03s
2026-08-19 12:02:38,559 | INFO |   -> to_dict/clean: 0.25s | loop(9999): 0.05s | insert(9999): 1.54s | update(0): 0.00s | duplicates(0): 0.00s | commit: 0.00s
2026-08-19 12:02:40,531 | INFO |   -> to_dict/clean: 0.34s | loop(10000): 0.03s | insert(10000): 1.31s | update(0): 0.00s | duplicates(0): 0.00s | commit: 0.00s
2026-08-19 12:02:42,515 | INFO |   -> to_dict/clean: 0.25s | loop(10000): 0.06s | insert(10000): 1.52s | update(0): 0.00s | duplicates(0): 0.00s | commit: 0.00s
2026-08-19 12:02:44,385 | INFO |   -> to_dict/clean: 0.23s | loop(9997): 0.06s | insert(9997): 1.41s | update(0): 0.00s | duplicates(0): 0.00s | commit: 0.00s
2026-08-19 12:02:44,389 | INFO | چانک 360 | جمع کل ورودی: 3600000 | Insert: 3587889 | Update: 38 | Duplicate: 11709
2026-08-19 12:02:46,449 | INFO |   -> to_dict/clean: 0.39s | loop(10000): 0.06s | insert(10000): 1.32s | update(0): 0.00s | duplicates(0): 0.00s | commit: 0.00s
2026-08-19 12:02:48,196 | INFO |   -> to_dict/clean: 0.18s | loop(10000): 0.06s | insert(9974): 1.33s | update(0): 0.00s | duplicates(26): 0.01s | commit: 0.01s
2026-08-19 12:02:50,366 | INFO |   -> to_dict/clean: 0.48s | loop(9999): 0.22s | insert(9994): 1.24s | update(0): 0.00s | duplicates(5): 0.01s | commit: 0.01s
2026-08-19 12:02:52,208 | INFO |   -> to_dict/clean: 0.20s | loop(9999): 0.06s | insert(9994): 1.43s | update(0): 0.00s | duplicates(5): 0.01s | commit: 0.01s
2026-08-19 12:02:54,305 | INFO |   -> to_dict/clean: 0.18s | loop(9999): 0.06s | insert(9998): 1.68s | update(1): 0.00s | duplicates(0): 0.01s | commit: 0.01s
2026-08-19 12:02:56,312 | INFO |   -> to_dict/clean: 0.22s | loop(10000): 0.07s | insert(9998): 1.22s | update(0): 0.00s | duplicates(2): 0.01s | commit: 0.01s
2026-08-19 12:02:58,128 | INFO |   -> to_dict/clean: 0.22s | loop(10000): 0.05s | insert(9981): 1.37s | update(0): 0.00s | duplicates(19): 0.01s | commit: 0.01s
2026-08-19 12:03:00,280 | INFO |   -> to_dict/clean: 0.17s | loop(9997): 0.04s | insert(9997): 1.77s | update(0): 0.00s | duplicates(0): 0.01s | commit: 0.01s
2026-08-19 12:03:02,335 | INFO |   -> to_dict/clean: 0.42s | loop(10000): 0.03s | insert(10000): 1.29s | update(0): 0.00s | duplicates(0): 0.01s | commit: 0.01s
2026-08-19 12:03:04,046 | INFO |   -> to_dict/clean: 0.17s | loop(10000): 0.05s | insert(9995): 1.36s | update(0): 0.00s | duplicates(5): 0.00s | commit: 0.00s
2026-08-19 12:03:06,090 | INFO |   -> to_dict/clean: 0.20s | loop(10000): 0.05s | insert(9993): 1.66s | update(2): 0.00s | duplicates(5): 0.00s | commit: 0.00s
2026-08-19 12:03:08,220 | INFO |   -> to_dict/clean: 0.37s | loop(10000): 0.07s | insert(9995): 1.44s | update(0): 0.00s | duplicates(5): 0.00s | commit: 0.00s
2026-08-19 12:03:09,875 | INFO |   -> to_dict/clean: 0.16s | loop(9998): 0.05s | insert(9985): 1.27s | update(0): 0.00s | duplicates(13): 0.00s | commit: 0.00s
2026-08-19 12:03:12,200 | INFO |   -> to_dict/clean: 0.47s | loop(10000): 0.38s | insert(10000): 1.29s | update(0): 0.00s | duplicates(0): 0.00s | commit: 0.00s
2026-08-19 12:03:13,846 | INFO |   -> to_dict/clean: 0.16s | loop(10000): 0.04s | insert(10000): 1.26s | update(0): 0.00s | duplicates(0): 0.01s | commit: 0.01s
2026-08-19 12:03:15,915 | INFO |   -> to_dict/clean: 0.17s | loop(9999): 0.06s | insert(9999): 1.68s | update(0): 0.00s | duplicates(0): 0.01s | commit: 0.01s
2026-08-19 12:03:18,060 | INFO |   -> to_dict/clean: 0.22s | loop(10000): 0.04s | insert(10000): 1.41s | update(0): 0.00s | duplicates(0): 0.00s | commit: 0.00s
2026-08-19 12:03:19,663 | INFO |   -> to_dict/clean: 0.22s | loop(10000): 0.05s | insert(9999): 1.18s | update(0): 0.00s | duplicates(1): 0.01s | commit: 0.01s
2026-08-19 12:03:21,613 | INFO |   -> to_dict/clean: 0.20s | loop(10000): 0.07s | insert(9969): 1.48s | update(0): 0.00s | duplicates(31): 0.01s | commit: 0.01s
2026-08-19 12:03:23,670 | INFO |   -> to_dict/clean: 0.22s | loop(9998): 0.04s | insert(9998): 1.22s | update(0): 0.00s | duplicates(0): 0.00s | commit: 0.00s
2026-08-19 12:03:23,675 | INFO | چانک 380 | جمع کل ورودی: 3800000 | Insert: 3787758 | Update: 41 | Duplicate: 11826
2026-08-19 12:03:25,451 | INFO |   -> to_dict/clean: 0.20s | loop(9998): 0.04s | insert(9998): 1.38s | update(0): 0.00s | duplicates(0): 0.00s | commit: 0.00s
2026-08-19 12:03:27,350 | INFO |   -> to_dict/clean: 0.21s | loop(9999): 0.05s | insert(9997): 1.45s | update(0): 0.00s | duplicates(2): 0.01s | commit: 0.01s
2026-08-19 12:03:29,401 | INFO |   -> to_dict/clean: 0.40s | loop(10000): 0.06s | insert(10000): 1.24s | update(0): 0.00s | duplicates(0): 0.01s | commit: 0.01s
2026-08-19 12:03:30,917 | INFO |   -> to_dict/clean: 0.18s | loop(10000): 0.03s | insert(9976): 1.15s | update(2): 0.00s | duplicates(22): 0.01s | commit: 0.01s
2026-08-19 12:03:32,577 | INFO |   -> to_dict/clean: 0.17s | loop(9998): 0.04s | insert(9942): 1.29s | update(0): 0.00s | duplicates(56): 0.00s | commit: 0.00s
2026-08-19 12:03:34,466 | INFO |   -> to_dict/clean: 0.31s | loop(9999): 0.03s | insert(9990): 1.27s | update(3): 0.00s | duplicates(6): 0.00s | commit: 0.00s
2026-08-19 12:03:36,063 | INFO |   -> to_dict/clean: 0.20s | loop(9997): 0.06s | insert(9996): 1.20s | update(0): 0.00s | duplicates(1): 0.00s | commit: 0.00s
2026-08-19 12:03:38,232 | INFO |   -> to_dict/clean: 0.23s | loop(9999): 0.05s | insert(9999): 1.74s | update(0): 0.00s | duplicates(0): 0.00s | commit: 0.00s
2026-08-19 12:03:40,323 | INFO |   -> to_dict/clean: 0.42s | loop(9998): 0.06s | insert(9998): 1.28s | update(0): 0.00s | duplicates(0): 0.01s | commit: 0.01s
2026-08-19 12:03:42,059 | INFO |   -> to_dict/clean: 0.17s | loop(10000): 0.04s | insert(10000): 1.39s | update(0): 0.00s | duplicates(0): 0.00s | commit: 0.00s
2026-08-19 12:03:44,210 | INFO |   -> to_dict/clean: 0.22s | loop(10000): 0.06s | insert(10000): 1.72s | update(0): 0.00s | duplicates(0): 0.00s | commit: 0.00s
2026-08-19 12:03:46,217 | INFO |   -> to_dict/clean: 0.35s | loop(9997): 0.06s | insert(9997): 1.30s | update(0): 0.00s | duplicates(0): 0.01s | commit: 0.01s
2026-08-19 12:03:47,794 | INFO |   -> to_dict/clean: 0.15s | loop(9998): 0.05s | insert(9973): 1.20s | update(0): 0.00s | duplicates(25): 0.00s | commit: 0.00s
2026-08-19 12:03:50,082 | INFO |   -> to_dict/clean: 0.16s | loop(10000): 0.40s | insert(10000): 1.15s | update(0): 0.00s | duplicates(0): 0.01s | commit: 0.01s
2026-08-19 12:03:51,785 | INFO |   -> to_dict/clean: 0.15s | loop(9999): 0.04s | insert(9993): 1.22s | update(0): 0.00s | duplicates(6): 0.01s | commit: 0.01s
2026-08-19 12:03:53,862 | INFO |   -> to_dict/clean: 0.23s | loop(9997): 0.05s | insert(9997): 1.46s | update(0): 0.00s | duplicates(0): 0.02s | commit: 0.02s
2026-08-19 12:03:55,943 | INFO |   -> to_dict/clean: 0.17s | loop(9999): 0.06s | insert(9996): 1.27s | update(0): 0.00s | duplicates(3): 0.02s | commit: 0.02s
2026-08-19 12:03:57,732 | INFO |   -> to_dict/clean: 0.16s | loop(9999): 0.05s | insert(9989): 1.31s | update(0): 0.00s | duplicates(10): 0.01s | commit: 0.01s
2026-08-19 12:03:59,620 | INFO |   -> to_dict/clean: 0.17s | loop(9999): 0.06s | insert(9975): 1.42s | update(0): 0.00s | duplicates(24): 0.01s | commit: 0.01s
2026-08-19 12:04:01,580 | INFO |   -> to_dict/clean: 0.22s | loop(10000): 0.04s | insert(9993): 1.15s | update(0): 0.00s | duplicates(7): 0.01s | commit: 0.01s
2026-08-19 12:04:01,585 | INFO | چانک 400 | جمع کل ورودی: 4000000 | Insert: 3987567 | Update: 46 | Duplicate: 11988
2026-08-19 12:04:03,262 | INFO |   -> to_dict/clean: 0.27s | loop(9999): 0.07s | insert(9162): 1.08s | update(0): 0.00s | duplicates(837): 0.01s | commit: 0.01s
2026-08-19 12:04:05,235 | INFO |   -> to_dict/clean: 0.20s | loop(9998): 0.07s | insert(9959): 1.49s | update(0): 0.00s | duplicates(39): 0.01s | commit: 0.01s
2026-08-19 12:04:07,099 | INFO |   -> to_dict/clean: 0.19s | loop(9999): 0.06s | insert(9951): 1.08s | update(0): 0.00s | duplicates(48): 0.01s | commit: 0.01s
2026-08-19 12:04:08,821 | INFO |   -> to_dict/clean: 0.22s | loop(9998): 0.06s | insert(9971): 1.20s | update(0): 0.00s | duplicates(27): 0.01s | commit: 0.01s
2026-08-19 12:04:10,741 | INFO |   -> to_dict/clean: 0.23s | loop(9998): 0.05s | insert(9942): 1.40s | update(0): 0.00s | duplicates(56): 0.01s | commit: 0.01s
2026-08-19 12:04:12,578 | INFO |   -> to_dict/clean: 0.38s | loop(9999): 0.06s | insert(9977): 1.07s | update(0): 0.00s | duplicates(22): 0.01s | commit: 0.01s
2026-08-19 12:04:14,100 | INFO |   -> to_dict/clean: 0.25s | loop(10000): 0.06s | insert(9959): 1.03s | update(0): 0.00s | duplicates(41): 0.01s | commit: 0.01s
2026-08-19 12:04:16,050 | INFO |   -> to_dict/clean: 0.19s | loop(10000): 0.05s | insert(9976): 1.57s | update(0): 0.00s | duplicates(24): 0.01s | commit: 0.01s
2026-08-19 12:04:18,243 | INFO |   -> to_dict/clean: 0.23s | loop(10000): 0.06s | insert(10000): 1.45s | update(0): 0.00s | duplicates(0): 0.01s | commit: 0.01s
2026-08-19 12:04:19,979 | INFO |   -> to_dict/clean: 0.18s | loop(9999): 0.03s | insert(9999): 1.31s | update(0): 0.00s | duplicates(0): 0.01s | commit: 0.01s
2026-08-19 12:04:22,231 | INFO |   -> to_dict/clean: 0.48s | loop(9999): 0.26s | insert(9999): 1.28s | update(0): 0.00s | duplicates(0): 0.01s | commit: 0.01s
2026-08-19 12:04:23,792 | INFO |   -> to_dict/clean: 0.14s | loop(9999): 0.05s | insert(9999): 1.14s | update(0): 0.00s | duplicates(0): 0.01s | commit: 0.01s
2026-08-19 12:04:25,706 | INFO |   -> to_dict/clean: 0.13s | loop(10000): 0.03s | insert(10000): 1.52s | update(0): 0.00s | duplicates(0): 0.01s | commit: 0.01s
2026-08-19 12:04:27,635 | INFO |   -> to_dict/clean: 0.29s | loop(9999): 0.06s | insert(9999): 1.17s | update(0): 0.00s | duplicates(0): 0.01s | commit: 0.01s
2026-08-19 12:04:29,347 | INFO |   -> to_dict/clean: 0.21s | loop(10000): 0.06s | insert(10000): 1.17s | update(0): 0.00s | duplicates(0): 0.01s | commit: 0.01s
2026-08-19 12:04:31,488 | INFO |   -> to_dict/clean: 0.18s | loop(10000): 0.06s | insert(10000): 1.67s | update(0): 0.00s | duplicates(0): 0.01s | commit: 0.01s
2026-08-19 12:04:33,485 | INFO |   -> to_dict/clean: 0.20s | loop(10000): 0.05s | insert(10000): 1.06s | update(0): 0.00s | duplicates(0): 0.01s | commit: 0.01s
2026-08-19 12:04:35,115 | INFO |   -> to_dict/clean: 0.22s | loop(9999): 0.06s | insert(9999): 1.14s | update(0): 0.00s | duplicates(0): 0.01s | commit: 0.01s
2026-08-19 12:04:37,299 | INFO |   -> to_dict/clean: 0.24s | loop(9999): 0.24s | insert(9999): 1.10s | update(0): 0.00s | duplicates(0): 0.01s | commit: 0.01s
2026-08-19 12:04:38,568 | INFO |   -> to_dict/clean: 0.12s | loop(9999): 0.05s | insert(9999): 0.90s | update(0): 0.00s | duplicates(0): 0.00s | commit: 0.00s
2026-08-19 12:04:38,571 | INFO | چانک 420 | جمع کل ورودی: 4200000 | Insert: 4186457 | Update: 46 | Duplicate: 13082
2026-08-19 12:04:40,342 | INFO |   -> to_dict/clean: 0.11s | loop(10000): 0.05s | insert(10000): 1.38s | update(0): 0.00s | duplicates(0): 0.01s | commit: 0.01s
2026-08-19 12:04:42,226 | INFO |   -> to_dict/clean: 0.29s | loop(10000): 0.05s | insert(10000): 1.25s | update(0): 0.00s | duplicates(0): 0.01s | commit: 0.01s
2026-08-19 12:04:43,931 | INFO |   -> to_dict/clean: 0.16s | loop(9999): 0.06s | insert(9999): 1.30s | update(0): 0.00s | duplicates(0): 0.01s | commit: 0.01s
2026-08-19 12:04:46,063 | INFO |   -> to_dict/clean: 0.18s | loop(10000): 0.54s | insert(10000): 1.27s | update(0): 0.00s | duplicates(0): 0.00s | commit: 0.00s
2026-08-19 12:04:47,667 | INFO |   -> to_dict/clean: 0.21s | loop(9999): 0.03s | insert(9999): 1.21s | update(0): 0.00s | duplicates(0): 0.01s | commit: 0.01s
2026-08-19 12:04:49,301 | INFO |   -> to_dict/clean: 0.23s | loop(9998): 0.07s | insert(9998): 1.19s | update(0): 0.00s | duplicates(0): 0.01s | commit: 0.01s
2026-08-19 12:04:51,296 | INFO |   -> to_dict/clean: 0.13s | loop(9998): 0.21s | insert(9998): 1.19s | update(0): 0.00s | duplicates(0): 0.02s | commit: 0.02s
2026-08-19 12:04:52,722 | INFO |   -> to_dict/clean: 0.17s | loop(10000): 0.04s | insert(10000): 1.06s | update(0): 0.00s | duplicates(0): 0.02s | commit: 0.02s
2026-08-19 12:04:54,708 | INFO |   -> to_dict/clean: 0.21s | loop(10000): 0.06s | insert(10000): 1.51s | update(0): 0.00s | duplicates(0): 0.03s | commit: 0.03s
2026-08-19 12:04:56,657 | INFO |   -> to_dict/clean: 0.19s | loop(10000): 0.06s | insert(10000): 1.11s | update(0): 0.00s | duplicates(0): 0.02s | commit: 0.02s
2026-08-19 12:04:58,377 | INFO |   -> to_dict/clean: 0.25s | loop(10000): 0.07s | insert(10000): 1.26s | update(0): 0.00s | duplicates(0): 0.01s | commit: 0.01s
2026-08-19 12:05:00,583 | INFO |   -> to_dict/clean: 0.21s | loop(9999): 0.06s | insert(9999): 1.79s | update(0): 0.00s | duplicates(0): 0.01s | commit: 0.01s
2026-08-19 12:05:02,598 | INFO |   -> to_dict/clean: 0.21s | loop(9998): 0.04s | insert(9998): 1.17s | update(0): 0.00s | duplicates(0): 0.01s | commit: 0.01s
2026-08-19 12:05:04,194 | INFO |   -> to_dict/clean: 0.22s | loop(10000): 0.06s | insert(10000): 1.16s | update(0): 0.00s | duplicates(0): 0.00s | commit: 0.00s
2026-08-19 12:05:06,247 | INFO |   -> to_dict/clean: 0.17s | loop(10000): 0.04s | insert(10000): 1.69s | update(0): 0.00s | duplicates(0): 0.01s | commit: 0.01s
2026-08-19 12:05:08,374 | INFO |   -> to_dict/clean: 0.17s | loop(9998): 0.06s | insert(9998): 1.39s | update(0): 0.00s | duplicates(0): 0.01s | commit: 0.01s
2026-08-19 12:05:10,173 | INFO |   -> to_dict/clean: 0.21s | loop(10000): 0.06s | insert(10000): 1.39s | update(0): 0.00s | duplicates(0): 0.01s | commit: 0.01s
2026-08-19 12:05:12,215 | INFO |   -> to_dict/clean: 0.17s | loop(9999): 0.04s | insert(9999): 1.65s | update(0): 0.00s | duplicates(0): 0.02s | commit: 0.02s
2026-08-19 12:05:14,145 | INFO |   -> to_dict/clean: 0.17s | loop(9997): 0.06s | insert(9997): 1.35s | update(0): 0.00s | duplicates(0): 0.00s | commit: 0.00s
2026-08-19 12:05:15,876 | INFO |   -> to_dict/clean: 0.20s | loop(10000): 0.04s | insert(10000): 1.36s | update(0): 0.00s | duplicates(0): 0.01s | commit: 0.01s
2026-08-19 12:05:15,881 | INFO | چانک 440 | جمع کل ورودی: 4400000 | Insert: 4386442 | Update: 46 | Duplicate: 13082
2026-08-19 12:05:17,724 | INFO |   -> to_dict/clean: 0.18s | loop(10000): 0.03s | insert(10000): 1.45s | update(0): 0.00s | duplicates(0): 0.03s | commit: 0.03s
2026-08-19 12:05:19,645 | INFO |   -> to_dict/clean: 0.41s | loop(10000): 0.05s | insert(10000): 1.22s | update(0): 0.00s | duplicates(0): 0.02s | commit: 0.02s
2026-08-19 12:05:21,588 | INFO |   -> to_dict/clean: 0.22s | loop(9999): 0.06s | insert(9999): 1.48s | update(0): 0.00s | duplicates(0): 0.01s | commit: 0.01s
2026-08-19 12:05:23,574 | INFO |   -> to_dict/clean: 0.23s | loop(10000): 0.05s | insert(10000): 1.53s | update(0): 0.00s | duplicates(0): 0.01s | commit: 0.01s
2026-08-19 12:05:25,909 | INFO |   -> to_dict/clean: 0.44s | loop(9998): 0.06s | insert(9998): 1.43s | update(0): 0.00s | duplicates(0): 0.01s | commit: 0.01s
2026-08-19 12:05:27,552 | INFO |   -> to_dict/clean: 0.18s | loop(9997): 0.03s | insert(9997): 1.30s | update(0): 0.00s | duplicates(0): 0.01s | commit: 0.01s
2026-08-19 12:05:30,155 | INFO |   -> to_dict/clean: 0.21s | loop(9998): 0.41s | insert(9998): 1.81s | update(0): 0.00s | duplicates(0): 0.01s | commit: 0.01s
2026-08-19 12:05:31,895 | INFO |   -> to_dict/clean: 0.18s | loop(9999): 0.03s | insert(9999): 1.38s | update(0): 0.00s | duplicates(0): 0.01s | commit: 0.01s
2026-08-19 12:05:33,703 | INFO |   -> to_dict/clean: 0.19s | loop(10000): 0.04s | insert(10000): 1.39s | update(0): 0.00s | duplicates(0): 0.01s | commit: 0.01s
2026-08-19 12:05:36,444 | INFO |   -> to_dict/clean: 0.19s | loop(9999): 0.54s | insert(9999): 1.43s | update(0): 0.00s | duplicates(0): 0.00s | commit: 0.00s
2026-08-19 12:05:38,198 | INFO |   -> to_dict/clean: 0.24s | loop(10000): 0.06s | insert(10000): 1.33s | update(0): 0.00s | duplicates(0): 0.00s | commit: 0.00s
2026-08-19 12:05:39,918 | INFO |   -> to_dict/clean: 0.20s | loop(9999): 0.03s | insert(9999): 1.39s | update(0): 0.00s | duplicates(0): 0.00s | commit: 0.00s
2026-08-19 12:05:41,877 | INFO |   -> to_dict/clean: 0.20s | loop(10000): 0.06s | insert(10000): 1.23s | update(0): 0.00s | duplicates(0): 0.00s | commit: 0.00s
2026-08-19 12:05:43,340 | INFO |   -> to_dict/clean: 0.17s | loop(9999): 0.06s | insert(9999): 1.09s | update(0): 0.00s | duplicates(0): 0.01s | commit: 0.01s
2026-08-19 12:05:44,986 | INFO |   -> to_dict/clean: 0.16s | loop(9999): 0.03s | insert(9999): 1.35s | update(0): 0.00s | duplicates(0): 0.00s | commit: 0.00s
2026-08-19 12:05:46,572 | INFO |   -> to_dict/clean: 0.17s | loop(10000): 0.03s | insert(10000): 1.11s | update(0): 0.00s | duplicates(0): 0.00s | commit: 0.00s
2026-08-19 12:05:48,150 | INFO |   -> to_dict/clean: 0.12s | loop(9999): 0.03s | insert(9999): 1.25s | update(0): 0.00s | duplicates(0): 0.00s | commit: 0.00s
2026-08-19 12:05:50,230 | INFO |   -> to_dict/clean: 0.19s | loop(10000): 0.04s | insert(10000): 1.67s | update(0): 0.00s | duplicates(0): 0.02s | commit: 0.02s
2026-08-19 12:05:52,513 | INFO |   -> to_dict/clean: 0.47s | loop(9998): 0.07s | insert(9998): 1.42s | update(0): 0.00s | duplicates(0): 0.02s | commit: 0.02s
2026-08-19 12:05:54,177 | INFO |   -> to_dict/clean: 0.19s | loop(10000): 0.06s | insert(10000): 1.27s | update(0): 0.00s | duplicates(0): 0.01s | commit: 0.01s
2026-08-19 12:05:54,180 | INFO | چانک 460 | جمع کل ورودی: 4600000 | Insert: 4586426 | Update: 46 | Duplicate: 13082
2026-08-19 12:05:56,281 | INFO |   -> to_dict/clean: 0.18s | loop(9996): 0.04s | insert(9996): 1.75s | update(0): 0.00s | duplicates(0): 0.01s | commit: 0.01s
2026-08-19 12:05:58,304 | INFO |   -> to_dict/clean: 0.37s | loop(10000): 0.07s | insert(10000): 1.30s | update(0): 0.00s | duplicates(0): 0.00s | commit: 0.00s
2026-08-19 12:06:00,012 | INFO |   -> to_dict/clean: 0.16s | loop(9999): 0.06s | insert(9999): 1.37s | update(0): 0.00s | duplicates(0): 0.01s | commit: 0.01s
2026-08-19 12:06:02,558 | INFO |   -> to_dict/clean: 0.20s | loop(10000): 0.60s | insert(10000): 1.56s | update(0): 0.00s | duplicates(0): 0.00s | commit: 0.00s
2026-08-19 12:06:04,204 | INFO |   -> to_dict/clean: 0.18s | loop(10000): 0.04s | insert(10000): 1.28s | update(0): 0.00s | duplicates(0): 0.00s | commit: 0.00s
2026-08-19 12:06:06,019 | INFO |   -> to_dict/clean: 0.16s | loop(9999): 0.03s | insert(9999): 1.45s | update(0): 0.00s | duplicates(0): 0.01s | commit: 0.01s
2026-08-19 12:06:08,539 | INFO |   -> to_dict/clean: 0.20s | loop(9999): 0.24s | insert(9999): 1.59s | update(0): 0.00s | duplicates(0): 0.01s | commit: 0.01s
2026-08-19 12:06:10,426 | INFO |   -> to_dict/clean: 0.24s | loop(9999): 0.06s | insert(9999): 1.38s | update(0): 0.00s | duplicates(0): 0.01s | commit: 0.01s
2026-08-19 12:06:12,506 | INFO |   -> to_dict/clean: 0.18s | loop(10000): 0.06s | insert(10000): 1.69s | update(0): 0.00s | duplicates(0): 0.01s | commit: 0.01s
2026-08-19 12:06:14,694 | INFO |   -> to_dict/clean: 0.39s | loop(10000): 0.06s | insert(10000): 1.37s | update(0): 0.00s | duplicates(0): 0.01s | commit: 0.01s
2026-08-19 12:06:16,534 | INFO |   -> to_dict/clean: 0.24s | loop(10000): 0.08s | insert(10000): 1.34s | update(0): 0.00s | duplicates(0): 0.01s | commit: 0.01s
2026-08-19 12:06:19,035 | INFO |   -> to_dict/clean: 0.22s | loop(9998): 0.63s | insert(9998): 1.52s | update(0): 0.00s | duplicates(0): 0.01s | commit: 0.01s
2026-08-19 12:06:20,707 | INFO |   -> to_dict/clean: 0.23s | loop(10000): 0.05s | insert(10000): 1.22s | update(0): 0.00s | duplicates(0): 0.01s | commit: 0.01s
2026-08-19 12:06:22,617 | INFO |   -> to_dict/clean: 0.19s | loop(9999): 0.06s | insert(9999): 1.40s | update(0): 0.00s | duplicates(0): 0.06s | commit: 0.06s
2026-08-19 12:06:25,115 | INFO |   -> to_dict/clean: 0.15s | loop(9999): 0.21s | insert(9999): 1.58s | update(0): 0.00s | duplicates(0): 0.01s | commit: 0.01s
2026-08-19 12:06:26,804 | INFO |   -> to_dict/clean: 0.18s | loop(9999): 0.06s | insert(9999): 1.28s | update(0): 0.00s | duplicates(0): 0.01s | commit: 0.01s
2026-08-19 12:06:28,962 | INFO |   -> to_dict/clean: 0.19s | loop(9998): 0.05s | insert(9998): 1.71s | update(0): 0.00s | duplicates(0): 0.01s | commit: 0.01s
2026-08-19 12:06:31,287 | INFO |   -> to_dict/clean: 0.44s | loop(9998): 0.07s | insert(9998): 1.37s | update(0): 0.00s | duplicates(0): 0.00s | commit: 0.00s
2026-08-19 12:06:33,096 | INFO |   -> to_dict/clean: 0.24s | loop(10000): 0.06s | insert(10000): 1.34s | update(0): 0.00s | duplicates(0): 0.00s | commit: 0.00s
2026-08-19 12:06:35,181 | INFO |   -> to_dict/clean: 0.17s | loop(9999): 0.05s | insert(9999): 1.67s | update(0): 0.00s | duplicates(0): 0.00s | commit: 0.00s
2026-08-19 12:06:35,186 | INFO | چانک 480 | جمع کل ورودی: 4800000 | Insert: 4786408 | Update: 46 | Duplicate: 13082
2026-08-19 12:06:37,315 | INFO |   -> to_dict/clean: 0.25s | loop(9999): 0.05s | insert(9999): 1.16s | update(0): 0.00s | duplicates(0): 0.01s | commit: 0.01s
2026-08-19 12:06:38,857 | INFO |   -> to_dict/clean: 0.22s | loop(9999): 0.06s | insert(9998): 1.14s | update(0): 0.00s | duplicates(1): 0.01s | commit: 0.01s
2026-08-19 12:06:41,219 | INFO |   -> to_dict/clean: 0.57s | loop(10000): 0.24s | insert(9999): 1.38s | update(0): 0.00s | duplicates(1): 0.00s | commit: 0.00s
2026-08-19 12:06:42,969 | INFO |   -> to_dict/clean: 0.18s | loop(9999): 0.06s | insert(9997): 1.39s | update(0): 0.00s | duplicates(2): 0.00s | commit: 0.00s
2026-08-19 12:06:44,998 | INFO |   -> to_dict/clean: 0.20s | loop(9999): 0.05s | insert(9999): 1.60s | update(0): 0.00s | duplicates(0): 0.01s | commit: 0.01s
2026-08-19 12:06:47,196 | INFO |   -> to_dict/clean: 0.39s | loop(9998): 0.06s | insert(9998): 1.41s | update(0): 0.00s | duplicates(0): 0.00s | commit: 0.00s
2026-08-19 12:06:48,885 | INFO |   -> to_dict/clean: 0.14s | loop(9999): 0.07s | insert(9999): 1.32s | update(0): 0.00s | duplicates(0): 0.00s | commit: 0.00s
2026-08-19 12:06:50,684 | INFO |   -> to_dict/clean: 0.11s | loop(10000): 0.04s | insert(10000): 1.48s | update(0): 0.00s | duplicates(0): 0.01s | commit: 0.01s
2026-08-19 12:06:52,322 | INFO |   -> to_dict/clean: 0.33s | loop(9998): 0.03s | insert(9998): 0.95s | update(0): 0.00s | duplicates(0): 0.00s | commit: 0.00s
2026-08-19 12:06:53,683 | INFO |   -> to_dict/clean: 0.12s | loop(9999): 0.03s | insert(9999): 1.06s | update(0): 0.00s | duplicates(0): 0.00s | commit: 0.00s
2026-08-19 12:06:55,568 | INFO |   -> to_dict/clean: 0.26s | loop(10000): 0.04s | insert(10000): 1.41s | update(0): 0.00s | duplicates(0): 0.01s | commit: 0.01s
2026-08-19 12:06:57,564 | INFO |   -> to_dict/clean: 0.15s | loop(9998): 0.04s | insert(9998): 1.13s | update(0): 0.00s | duplicates(0): 0.00s | commit: 0.00s
2026-08-19 12:06:59,166 | INFO |   -> to_dict/clean: 0.21s | loop(9999): 0.06s | insert(9999): 1.07s | update(0): 0.00s | duplicates(0): 0.00s | commit: 0.00s
2026-08-19 12:07:01,690 | INFO |   -> to_dict/clean: 0.24s | loop(10000): 0.22s | insert(10000): 1.49s | update(0): 0.00s | duplicates(0): 0.01s | commit: 0.01s
2026-08-19 12:07:03,516 | INFO |   -> to_dict/clean: 0.25s | loop(9998): 0.06s | insert(9998): 1.33s | update(0): 0.00s | duplicates(0): 0.01s | commit: 0.01s
2026-08-19 12:07:05,677 | INFO |   -> to_dict/clean: 0.23s | loop(9999): 0.03s | insert(9999): 1.74s | update(0): 0.00s | duplicates(0): 0.01s | commit: 0.01s
2026-08-19 12:07:07,878 | INFO |   -> to_dict/clean: 0.37s | loop(9998): 0.03s | insert(9998): 1.34s | update(0): 0.00s | duplicates(0): 0.01s | commit: 0.01s
2026-08-19 12:07:09,688 | INFO |   -> to_dict/clean: 0.17s | loop(9998): 0.07s | insert(9998): 1.38s | update(0): 0.00s | duplicates(0): 0.01s | commit: 0.01s
2026-08-19 12:07:12,465 | INFO |   -> to_dict/clean: 0.68s | loop(9999): 0.30s | insert(9999): 1.62s | update(0): 0.00s | duplicates(0): 0.01s | commit: 0.01s
2026-08-19 12:07:14,219 | INFO |   -> to_dict/clean: 0.20s | loop(9997): 0.06s | insert(9997): 1.32s | update(0): 0.00s | duplicates(0): 0.01s | commit: 0.01s
2026-08-19 12:07:14,222 | INFO | چانک 500 | جمع کل ورودی: 5000000 | Insert: 4986380 | Update: 46 | Duplicate: 13086
2026-08-19 12:07:16,489 | INFO |   -> to_dict/clean: 0.21s | loop(9999): 0.05s | insert(9999): 1.80s | update(0): 0.00s | duplicates(0): 0.00s | commit: 0.00s
2026-08-19 12:07:18,770 | INFO |   -> to_dict/clean: 0.24s | loop(10000): 0.05s | insert(10000): 1.36s | update(0): 0.00s | duplicates(0): 0.01s | commit: 0.01s
2026-08-19 12:07:20,518 | INFO |   -> to_dict/clean: 0.20s | loop(9998): 0.04s | insert(9998): 1.27s | update(0): 0.00s | duplicates(0): 0.01s | commit: 0.01s
2026-08-19 12:07:22,726 | INFO |   -> to_dict/clean: 0.25s | loop(9999): 0.07s | insert(9999): 1.66s | update(0): 0.00s | duplicates(0): 0.01s | commit: 0.01s
2026-08-19 12:07:24,782 | INFO |   -> to_dict/clean: 0.16s | loop(9998): 0.05s | insert(9998): 1.23s | update(0): 0.00s | duplicates(0): 0.01s | commit: 0.01s
2026-08-19 12:07:26,614 | INFO |   -> to_dict/clean: 0.22s | loop(10000): 0.06s | insert(10000): 1.36s | update(0): 0.00s | duplicates(0): 0.01s | commit: 0.01s
2026-08-19 12:07:28,659 | INFO |   -> to_dict/clean: 0.25s | loop(9999): 0.07s | insert(9985): 1.53s | update(1): 0.00s | duplicates(13): 0.01s | commit: 0.01s
2026-08-19 12:07:30,593 | INFO |   -> to_dict/clean: 0.20s | loop(9998): 0.05s | insert(9998): 1.24s | update(0): 0.00s | duplicates(0): 0.01s | commit: 0.01s
2026-08-19 12:07:32,254 | INFO |   -> to_dict/clean: 0.24s | loop(9997): 0.07s | insert(9997): 1.21s | update(0): 0.00s | duplicates(0): 0.01s | commit: 0.01s
2026-08-19 12:07:34,345 | INFO |   -> to_dict/clean: 0.15s | loop(9999): 0.06s | insert(9999): 1.70s | update(0): 0.00s | duplicates(0): 0.00s | commit: 0.00s
2026-08-19 12:07:36,398 | INFO |   -> to_dict/clean: 0.46s | loop(9998): 0.04s | insert(9998): 1.16s | update(0): 0.00s | duplicates(0): 0.01s | commit: 0.01s
2026-08-19 12:07:38,052 | INFO |   -> to_dict/clean: 0.18s | loop(9999): 0.06s | insert(9999): 1.28s | update(0): 0.00s | duplicates(0): 0.01s | commit: 0.01s
2026-08-19 12:07:40,127 | INFO |   -> to_dict/clean: 0.19s | loop(9999): 0.05s | insert(9999): 1.72s | update(0): 0.00s | duplicates(0): 0.01s | commit: 0.01s
2026-08-19 12:07:42,334 | INFO |   -> to_dict/clean: 0.39s | loop(9998): 0.06s | insert(9998): 1.40s | update(0): 0.00s | duplicates(0): 0.01s | commit: 0.01s
2026-08-19 12:07:44,150 | INFO |   -> to_dict/clean: 0.17s | loop(9997): 0.06s | insert(9997): 1.44s | update(0): 0.00s | duplicates(0): 0.01s | commit: 0.01s
2026-08-19 12:07:46,664 | INFO |   -> to_dict/clean: 0.52s | loop(10000): 0.32s | insert(10000): 1.55s | update(0): 0.00s | duplicates(0): 0.01s | commit: 0.01s
2026-08-19 12:07:48,349 | INFO |   -> to_dict/clean: 0.23s | loop(10000): 0.06s | insert(10000): 1.23s | update(0): 0.00s | duplicates(0): 0.01s | commit: 0.01s
2026-08-19 12:07:50,083 | INFO |   -> to_dict/clean: 0.15s | loop(9999): 0.07s | insert(9999): 1.39s | update(0): 0.00s | duplicates(0): 0.01s | commit: 0.01s
2026-08-19 12:07:52,746 | INFO |   -> to_dict/clean: 0.22s | loop(9999): 0.30s | insert(9999): 1.60s | update(0): 0.00s | duplicates(0): 0.01s | commit: 0.01s
2026-08-19 12:07:54,741 | INFO |   -> to_dict/clean: 0.21s | loop(9999): 0.06s | insert(9999): 1.32s | update(0): 0.00s | duplicates(0): 0.22s | commit: 0.22s
2026-08-19 12:07:54,745 | INFO | چانک 520 | جمع کل ورودی: 5200000 | Insert: 5186341 | Update: 47 | Duplicate: 13099
2026-08-19 12:07:56,533 | INFO |   -> to_dict/clean: 0.19s | loop(9999): 0.04s | insert(9999): 1.44s | update(0): 0.00s | duplicates(0): 0.01s | commit: 0.01s
2026-08-19 12:07:58,151 | INFO |   -> to_dict/clean: 0.12s | loop(9999): 0.03s | insert(9999): 1.11s | update(0): 0.00s | duplicates(0): 0.01s | commit: 0.01s
2026-08-19 12:07:59,685 | INFO |   -> to_dict/clean: 0.17s | loop(9998): 0.03s | insert(9998): 1.21s | update(0): 0.00s | duplicates(0): 0.01s | commit: 0.01s
2026-08-19 12:08:01,955 | INFO |   -> to_dict/clean: 0.17s | loop(9999): 0.07s | insert(9999): 1.85s | update(0): 0.00s | duplicates(0): 0.01s | commit: 0.01s
2026-08-19 12:08:03,980 | INFO |   -> to_dict/clean: 0.16s | loop(9997): 0.04s | insert(9997): 1.40s | update(0): 0.00s | duplicates(0): 0.01s | commit: 0.01s
2026-08-19 12:08:05,680 | INFO |   -> to_dict/clean: 0.15s | loop(10000): 0.04s | insert(10000): 1.35s | update(0): 0.00s | duplicates(0): 0.01s | commit: 0.01s
2026-08-19 12:08:07,854 | INFO |   -> to_dict/clean: 0.26s | loop(9999): 0.06s | insert(9999): 1.67s | update(0): 0.00s | duplicates(0): 0.01s | commit: 0.01s
2026-08-19 12:08:09,862 | INFO |   -> to_dict/clean: 0.13s | loop(10000): 0.03s | insert(10000): 1.24s | update(0): 0.00s | duplicates(0): 0.00s | commit: 0.00s
2026-08-19 12:08:11,360 | INFO |   -> to_dict/clean: 0.16s | loop(10000): 0.06s | insert(10000): 1.12s | update(0): 0.00s | duplicates(0): 0.01s | commit: 0.01s
2026-08-19 12:08:13,395 | INFO |   -> to_dict/clean: 0.20s | loop(9999): 0.06s | insert(9999): 1.63s | update(0): 0.00s | duplicates(0): 0.01s | commit: 0.01s
2026-08-19 12:08:15,329 | INFO |   -> to_dict/clean: 0.21s | loop(10000): 0.06s | insert(10000): 1.16s | update(0): 0.00s | duplicates(0): 0.01s | commit: 0.01s
2026-08-19 12:08:17,703 | INFO |   -> to_dict/clean: 0.37s | loop(9999): 0.06s | insert(9999): 1.77s | update(0): 0.00s | duplicates(0): 0.01s | commit: 0.01s
2026-08-19 12:08:19,935 | INFO |   -> to_dict/clean: 0.25s | loop(9999): 0.07s | insert(9999): 1.70s | update(0): 0.00s | duplicates(0): 0.01s | commit: 0.01s
2026-08-19 12:08:22,168 | INFO |   -> to_dict/clean: 0.42s | loop(9999): 0.05s | insert(9999): 1.34s | update(0): 0.00s | duplicates(0): 0.01s | commit: 0.01s
2026-08-19 12:08:23,867 | INFO |   -> to_dict/clean: 0.18s | loop(10000): 0.04s | insert(10000): 1.31s | update(0): 0.00s | duplicates(0): 0.01s | commit: 0.01s
2026-08-19 12:08:25,987 | INFO |   -> to_dict/clean: 0.21s | loop(9998): 0.03s | insert(9998): 1.73s | update(0): 0.00s | duplicates(0): 0.01s | commit: 0.01s
2026-08-19 12:08:28,338 | INFO |   -> to_dict/clean: 0.37s | loop(9995): 0.06s | insert(9988): 1.48s | update(0): 0.00s | duplicates(7): 0.01s | commit: 0.01s
2026-08-19 12:08:30,172 | INFO |   -> to_dict/clean: 0.20s | loop(9999): 0.07s | insert(9997): 1.40s | update(0): 0.00s | duplicates(2): 0.01s | commit: 0.01s
2026-08-19 12:08:32,436 | INFO |   -> to_dict/clean: 0.16s | loop(9999): 0.04s | insert(9972): 1.87s | update(1): 0.00s | duplicates(26): 0.01s | commit: 0.01s
2026-08-19 12:08:34,624 | INFO |   -> to_dict/clean: 0.46s | loop(10000): 0.06s | insert(9998): 1.26s | update(0): 0.00s | duplicates(2): 0.04s | commit: 0.04s
2026-08-19 12:08:34,628 | INFO | چانک 540 | جمع کل ورودی: 5400000 | Insert: 5386281 | Update: 48 | Duplicate: 13136
2026-08-19 12:08:36,350 | INFO |   -> to_dict/clean: 0.15s | loop(10000): 0.05s | insert(9998): 1.36s | update(0): 0.00s | duplicates(2): 0.01s | commit: 0.01s
2026-08-19 12:08:38,983 | INFO |   -> to_dict/clean: 0.66s | loop(9998): 0.55s | insert(9997): 1.28s | update(0): 0.00s | duplicates(1): 0.01s | commit: 0.01s
2026-08-19 12:08:40,786 | INFO |   -> to_dict/clean: 0.22s | loop(10000): 0.05s | insert(9995): 1.37s | update(0): 0.00s | duplicates(5): 0.01s | commit: 0.01s
2026-08-19 12:08:43,031 | INFO |   -> to_dict/clean: 0.23s | loop(9999): 0.06s | insert(9988): 1.72s | update(1): 0.00s | duplicates(10): 0.01s | commit: 0.01s
2026-08-19 12:08:45,151 | INFO |   -> to_dict/clean: 0.25s | loop(9999): 0.07s | insert(9994): 1.10s | update(0): 0.00s | duplicates(5): 0.01s | commit: 0.01s
2026-08-19 12:08:46,706 | INFO |   -> to_dict/clean: 0.18s | loop(9999): 0.06s | insert(9999): 1.10s | update(0): 0.00s | duplicates(0): 0.01s | commit: 0.01s
2026-08-19 12:08:49,127 | INFO |   -> to_dict/clean: 0.24s | loop(9998): 0.05s | insert(9980): 1.94s | update(3): 0.01s | duplicates(15): 0.01s | commit: 0.01s
2026-08-19 12:08:51,123 | INFO |   -> to_dict/clean: 0.24s | loop(10000): 0.06s | insert(9999): 1.01s | update(0): 0.00s | duplicates(1): 0.01s | commit: 0.01s
2026-08-19 12:08:52,678 | INFO |   -> to_dict/clean: 0.18s | loop(9998): 0.06s | insert(9998): 1.14s | update(0): 0.00s | duplicates(0): 0.01s | commit: 0.01s
2026-08-19 12:08:54,777 | INFO |   -> to_dict/clean: 0.24s | loop(9997): 0.03s | insert(9997): 1.65s | update(0): 0.00s | duplicates(0): 0.01s | commit: 0.01s
2026-08-19 12:08:56,840 | INFO |   -> to_dict/clean: 0.19s | loop(9999): 0.05s | insert(9999): 1.37s | update(0): 0.00s | duplicates(0): 0.01s | commit: 0.01s
2026-08-19 12:08:58,754 | INFO |   -> to_dict/clean: 0.22s | loop(9999): 0.05s | insert(9999): 1.43s | update(0): 0.00s | duplicates(0): 0.01s | commit: 0.01s
2026-08-19 12:09:00,855 | INFO |   -> to_dict/clean: 0.23s | loop(9998): 0.05s | insert(9998): 1.61s | update(0): 0.00s | duplicates(0): 0.01s | commit: 0.01s
2026-08-19 12:09:02,762 | INFO |   -> to_dict/clean: 0.30s | loop(9999): 0.03s | insert(9999): 1.21s | update(0): 0.00s | duplicates(0): 0.01s | commit: 0.01s
2026-08-19 12:09:04,343 | INFO |   -> to_dict/clean: 0.22s | loop(10000): 0.03s | insert(10000): 1.20s | update(0): 0.00s | duplicates(0): 0.00s | commit: 0.00s
2026-08-19 12:09:06,354 | INFO |   -> to_dict/clean: 0.14s | loop(9999): 0.10s | insert(9999): 1.63s | update(0): 0.00s | duplicates(0): 0.01s | commit: 0.01s
2026-08-19 12:09:08,666 | INFO |   -> to_dict/clean: 0.49s | loop(10000): 0.04s | insert(10000): 1.44s | update(0): 0.00s | duplicates(0): 0.01s | commit: 0.01s
2026-08-19 12:09:10,612 | INFO |   -> to_dict/clean: 0.20s | loop(9999): 0.06s | insert(9999): 1.45s | update(0): 0.00s | duplicates(0): 0.03s | commit: 0.03s
2026-08-19 12:09:13,337 | INFO |   -> to_dict/clean: 0.59s | loop(9999): 0.27s | insert(9999): 1.69s | update(0): 0.00s | duplicates(0): 0.01s | commit: 0.01s
2026-08-19 12:09:15,498 | INFO |   -> to_dict/clean: 0.21s | loop(9998): 0.47s | insert(9998): 1.30s | update(0): 0.00s | duplicates(0): 0.02s | commit: 0.02s
2026-08-19 12:09:15,501 | INFO | چانک 560 | جمع کل ورودی: 5600000 | Insert: 5586216 | Update: 52 | Duplicate: 13175
2026-08-19 12:09:17,624 | INFO |   -> to_dict/clean: 0.13s | loop(9998): 0.05s | insert(9998): 1.79s | update(0): 0.00s | duplicates(0): 0.06s | commit: 0.06s
2026-08-19 12:09:19,903 | INFO |   -> to_dict/clean: 0.43s | loop(10000): 0.03s | insert(10000): 1.36s | update(0): 0.00s | duplicates(0): 0.03s | commit: 0.03s
2026-08-19 12:09:21,591 | INFO |   -> to_dict/clean: 0.21s | loop(10000): 0.04s | insert(10000): 1.23s | update(0): 0.00s | duplicates(0): 0.02s | commit: 0.02s
2026-08-19 12:09:23,890 | INFO |   -> to_dict/clean: 0.21s | loop(10000): 0.05s | insert(10000): 1.87s | update(0): 0.00s | duplicates(0): 0.01s | commit: 0.01s
2026-08-19 12:09:26,050 | INFO |   -> to_dict/clean: 0.22s | loop(9999): 0.06s | insert(9999): 1.21s | update(0): 0.00s | duplicates(0): 0.01s | commit: 0.01s
2026-08-19 12:09:27,563 | INFO |   -> to_dict/clean: 0.19s | loop(10000): 0.03s | insert(10000): 1.11s | update(0): 0.00s | duplicates(0): 0.01s | commit: 0.01s
2026-08-19 12:09:29,805 | INFO |   -> to_dict/clean: 0.25s | loop(9998): 0.06s | insert(9998): 1.74s | update(0): 0.00s | duplicates(0): 0.01s | commit: 0.01s
2026-08-19 12:09:31,896 | INFO |   -> to_dict/clean: 0.14s | loop(9999): 0.05s | insert(9999): 1.23s | update(0): 0.00s | duplicates(0): 0.02s | commit: 0.02s
2026-08-19 12:09:33,694 | INFO |   -> to_dict/clean: 0.22s | loop(9997): 0.05s | insert(9997): 1.31s | update(0): 0.00s | duplicates(0): 0.01s | commit: 0.01s
2026-08-19 12:09:35,865 | INFO |   -> to_dict/clean: 0.27s | loop(9998): 0.05s | insert(9998): 1.64s | update(0): 0.00s | duplicates(0): 0.01s | commit: 0.01s
2026-08-19 12:09:38,066 | INFO |   -> to_dict/clean: 0.39s | loop(9998): 0.05s | insert(9998): 1.34s | update(0): 0.00s | duplicates(0): 0.01s | commit: 0.01s
2026-08-19 12:09:39,820 | INFO |   -> to_dict/clean: 0.18s | loop(9998): 0.04s | insert(9998): 1.35s | update(0): 0.00s | duplicates(0): 0.01s | commit: 0.01s
2026-08-19 12:09:42,102 | INFO |   -> to_dict/clean: 0.23s | loop(9998): 0.06s | insert(9998): 1.83s | update(0): 0.00s | duplicates(0): 0.01s | commit: 0.01s
2026-08-19 12:09:44,456 | INFO |   -> to_dict/clean: 0.23s | loop(10000): 0.06s | insert(10000): 1.41s | update(0): 0.00s | duplicates(0): 0.01s | commit: 0.01s
2026-08-19 12:09:46,108 | INFO |   -> to_dict/clean: 0.20s | loop(9998): 0.06s | insert(9998): 1.21s | update(0): 0.00s | duplicates(0): 0.01s | commit: 0.01s
2026-08-19 12:09:48,909 | INFO |   -> to_dict/clean: 0.58s | loop(10000): 0.29s | insert(10000): 1.73s | update(0): 0.00s | duplicates(0): 0.01s | commit: 0.01s
2026-08-19 12:09:50,835 | INFO |   -> to_dict/clean: 0.23s | loop(9997): 0.05s | insert(9997): 1.42s | update(0): 0.00s | duplicates(0): 0.01s | commit: 0.01s
2026-08-19 12:09:53,165 | INFO |   -> to_dict/clean: 0.24s | loop(9997): 0.05s | insert(9997): 1.85s | update(0): 0.00s | duplicates(0): 0.01s | commit: 0.01s
2026-08-19 12:09:55,449 | INFO |   -> to_dict/clean: 0.52s | loop(9999): 0.06s | insert(9999): 1.30s | update(0): 0.00s | duplicates(0): 0.01s | commit: 0.01s
2026-08-19 12:09:57,158 | INFO |   -> to_dict/clean: 0.17s | loop(9998): 0.03s | insert(9998): 1.32s | update(0): 0.00s | duplicates(0): 0.01s | commit: 0.01s
2026-08-19 12:09:57,163 | INFO | چانک 580 | جمع کل ورودی: 5800000 | Insert: 5786188 | Update: 52 | Duplicate: 13175
2026-08-19 12:09:59,271 | INFO |   -> to_dict/clean: 0.16s | loop(9997): 0.04s | insert(9997): 1.61s | update(0): 0.00s | duplicates(0): 0.01s | commit: 0.01s
2026-08-19 12:10:01,462 | INFO |   -> to_dict/clean: 0.25s | loop(9999): 0.05s | insert(9999): 1.26s | update(0): 0.00s | duplicates(0): 0.01s | commit: 0.01s
2026-08-19 12:10:03,021 | INFO |   -> to_dict/clean: 0.19s | loop(9999): 0.04s | insert(9999): 1.14s | update(0): 0.00s | duplicates(0): 0.01s | commit: 0.01s
2026-08-19 12:10:05,464 | INFO |   -> to_dict/clean: 0.21s | loop(9997): 0.06s | insert(9997): 1.97s | update(0): 0.00s | duplicates(0): 0.01s | commit: 0.01s
2026-08-19 12:10:08,250 | INFO |   -> to_dict/clean: 0.69s | loop(9999): 0.08s | insert(9999): 1.50s | update(0): 0.00s | duplicates(0): 0.01s | commit: 0.01s
2026-08-19 12:10:10,012 | INFO |   -> to_dict/clean: 0.19s | loop(10000): 0.04s | insert(10000): 1.34s | update(0): 0.00s | duplicates(0): 0.01s | commit: 0.01s
2026-08-19 12:10:12,290 | INFO |   -> to_dict/clean: 0.20s | loop(9999): 0.04s | insert(9999): 1.90s | update(0): 0.00s | duplicates(0): 0.01s | commit: 0.01s
2026-08-19 12:10:15,262 | INFO |   -> to_dict/clean: 0.37s | loop(9999): 0.09s | insert(9999): 1.91s | update(0): 0.00s | duplicates(0): 0.01s | commit: 0.01s
2026-08-19 12:10:17,213 | INFO |   -> to_dict/clean: 0.25s | loop(10000): 0.05s | insert(10000): 1.44s | update(0): 0.00s | duplicates(0): 0.01s | commit: 0.01s
2026-08-19 12:10:20,012 | INFO |   -> to_dict/clean: 0.26s | loop(9998): 0.30s | insert(9998): 1.54s | update(0): 0.00s | duplicates(0): 0.00s | commit: 0.00s
2026-08-19 12:10:22,265 | INFO |   -> to_dict/clean: 0.23s | loop(10000): 0.05s | insert(10000): 1.76s | update(0): 0.00s | duplicates(0): 0.01s | commit: 0.01s
2026-08-19 12:10:25,241 | INFO |   -> to_dict/clean: 0.40s | loop(10000): 0.06s | insert(10000): 2.08s | update(0): 0.00s | duplicates(0): 0.01s | commit: 0.01s
2026-08-19 12:10:27,501 | INFO |   -> to_dict/clean: 0.25s | loop(9999): 0.06s | insert(9999): 1.16s | update(0): 0.00s | duplicates(0): 0.01s | commit: 0.01s
2026-08-19 12:10:30,296 | INFO |   -> to_dict/clean: 0.23s | loop(9999): 0.06s | insert(9999): 2.27s | update(0): 0.00s | duplicates(0): 0.01s | commit: 0.01s
2026-08-19 12:10:34,107 | INFO |   -> to_dict/clean: 0.86s | loop(9999): 0.38s | insert(9999): 2.18s | update(0): 0.00s | duplicates(0): 0.01s | commit: 0.01s
2026-08-19 12:10:37,613 | INFO |   -> to_dict/clean: 0.81s | loop(10000): 0.12s | insert(10000): 2.30s | update(0): 0.00s | duplicates(0): 0.01s | commit: 0.01s
2026-08-19 12:10:40,715 | INFO |   -> to_dict/clean: 0.25s | loop(9999): 0.06s | insert(9999): 2.45s | update(0): 0.00s | duplicates(0): 0.07s | commit: 0.07s
2026-08-19 12:10:43,279 | INFO |   -> to_dict/clean: 0.23s | loop(9999): 0.07s | insert(9999): 1.45s | update(0): 0.00s | duplicates(0): 0.02s | commit: 0.02s
2026-08-19 12:10:45,114 | INFO |   -> to_dict/clean: 0.18s | loop(9998): 0.05s | insert(9998): 1.44s | update(0): 0.00s | duplicates(0): 0.02s | commit: 0.02s
2026-08-19 12:10:47,597 | INFO |   -> to_dict/clean: 0.25s | loop(9999): 0.06s | insert(9999): 1.91s | update(0): 0.00s | duplicates(0): 0.01s | commit: 0.01s
2026-08-19 12:10:47,602 | INFO | چانک 600 | جمع کل ورودی: 6000000 | Insert: 5986167 | Update: 52 | Duplicate: 13175
2026-08-19 12:10:49,634 | INFO |   -> to_dict/clean: 0.23s | loop(9998): 0.06s | insert(9998): 1.20s | update(0): 0.00s | duplicates(0): 0.01s | commit: 0.01s
2026-08-19 12:10:51,366 | INFO |   -> to_dict/clean: 0.26s | loop(9999): 0.06s | insert(9999): 1.18s | update(0): 0.00s | duplicates(0): 0.01s | commit: 0.01s
2026-08-19 12:10:53,618 | INFO |   -> to_dict/clean: 0.25s | loop(9998): 0.06s | insert(9998): 1.70s | update(0): 0.00s | duplicates(0): 0.01s | commit: 0.01s
2026-08-19 12:10:55,775 | INFO |   -> to_dict/clean: 0.39s | loop(9997): 0.06s | insert(9997): 1.22s | update(0): 0.00s | duplicates(0): 0.01s | commit: 0.01s
2026-08-19 12:10:57,403 | INFO |   -> to_dict/clean: 0.19s | loop(9999): 0.06s | insert(9999): 1.19s | update(0): 0.00s | duplicates(0): 0.01s | commit: 0.01s
2026-08-19 12:11:00,152 | INFO |   -> to_dict/clean: 0.23s | loop(9998): 0.04s | insert(9998): 1.63s | update(0): 0.00s | duplicates(0): 0.59s | commit: 0.59s
2026-08-19 12:11:02,200 | INFO |   -> to_dict/clean: 0.20s | loop(9998): 0.05s | insert(9998): 1.02s | update(0): 0.00s | duplicates(0): 0.01s | commit: 0.01s
2026-08-19 12:11:03,769 | INFO |   -> to_dict/clean: 0.16s | loop(9999): 0.05s | insert(9999): 1.13s | update(0): 0.00s | duplicates(0): 0.01s | commit: 0.01s
2026-08-19 12:11:06,259 | INFO |   -> to_dict/clean: 0.17s | loop(9997): 0.32s | insert(9997): 1.31s | update(0): 0.00s | duplicates(0): 0.01s | commit: 0.01s
2026-08-19 12:11:07,962 | INFO |   -> to_dict/clean: 0.16s | loop(10000): 0.06s | insert(10000): 1.24s | update(0): 0.00s | duplicates(0): 0.03s | commit: 0.03s
2026-08-19 12:11:09,833 | INFO |   -> to_dict/clean: 0.17s | loop(9997): 0.04s | insert(9997): 1.44s | update(0): 0.00s | duplicates(0): 0.01s | commit: 0.01s
2026-08-19 12:11:12,088 | INFO |   -> to_dict/clean: 0.18s | loop(9999): 0.05s | insert(9999): 1.22s | update(0): 0.00s | duplicates(0): 0.01s | commit: 0.01s
2026-08-19 12:11:13,746 | INFO |   -> to_dict/clean: 0.19s | loop(9998): 0.05s | insert(9998): 1.20s | update(0): 0.00s | duplicates(0): 0.01s | commit: 0.01s
2026-08-19 12:11:15,524 | INFO |   -> to_dict/clean: 0.11s | loop(9997): 0.05s | insert(9997): 1.41s | update(0): 0.00s | duplicates(0): 0.01s | commit: 0.01s
2026-08-19 12:11:17,339 | INFO |   -> to_dict/clean: 0.11s | loop(9997): 0.05s | insert(9997): 1.20s | update(0): 0.00s | duplicates(0): 0.01s | commit: 0.01s
2026-08-19 12:11:18,474 | INFO |   -> to_dict/clean: 0.10s | loop(6287): 0.03s | insert(6287): 0.78s | update(0): 0.00s | duplicates(0): 0.01s | commit: 0.01s
2026-08-19 12:11:18,478 | INFO | ==================================================
2026-08-19 12:11:18,479 | INFO | گزارش نهایی وضعیت پردازش
2026-08-19 12:11:18,479 | INFO | ==================================================
2026-08-19 12:11:18,479 | INFO | کل رکوردهای خام خوانده‌شده: 6156289
2026-08-19 12:11:18,480 | INFO | حذف‌شده (id یا body خالی): 637
2026-08-19 12:11:18,480 | INFO | rate نامعتبر: 1
2026-08-19 12:11:18,481 | INFO | true_to_size_rate نامعتبر: 0
2026-08-19 12:11:18,481 | INFO | likes نامعتبر: 0
2026-08-19 12:11:18,481 | INFO | dislikes نامعتبر: 0
2026-08-19 12:11:18,481 | INFO | دوپلیکیت نادیده‌گرفته‌شده: 13175
2026-08-19 12:11:18,482 | INFO | رکورد Insert شده: 6142425
2026-08-19 12:11:18,482 | INFO | رکورد Update شده: 52
